{"type":"FeatureCollection","features":[{"type":"Feature","properties":{"role":"median","scenario":"ssp245","month":"march","start_year":2031,"end_year":2040,"threshold_percent":15},"geometry":{"type":"MultiPolygon","coordinates":[[[[-110.0,68.0],[-110.0,68.07701179938687],[-109.91392981699994,68.08832428600005],[-109.87584387899994,68.13226959800005],[-110.0,68.10334768865319],[-110.0,68.63309691767085],[-109.62462317599994,68.64166901200008],[-109.02855383999992,68.72675202000005],[-109.0,68.7359392562321],[-109.0,68.0],[-109.31729236695173,68.0],[-109.31680253799993,68.02993398600006],[-109.48387610599991,68.09931061400005],[-109.50658118399991,68.08510976800005],[-109.47179114499994,68.05036041900007],[-109.54751542899993,68.05719635600008],[-109.36487486055528,68.0],[-110.0,68.0]],[[-109.64317786399994,68.24262116100005],[-109.85602779899995,68.15961334800005],[-109.78197180899991,68.14264557500007],[-109.56798255099994,68.24957916900007],[-109.64317786399994,68.24262116100005]]],[[[-113.6192113919999,68.84540436400005],[-113.66812089799993,68.81537506700005],[-113.45201575399994,68.70160553600005],[-113.44391842399995,68.64655182500007],[-113.35049394399994,68.59153880400004],[-113.10342363199993,68.53701406500005],[-113.0391332669999,68.49494049700007],[-113.29808508999992,68.49103424700007],[-113.24400794199994,68.45441315300008],[-112.74901282499991,68.46308014500005],[-112.60240637899994,68.50775788000004],[-112.29670162699995,68.52553945500006],[-112.0,68.53260528166678],[-112.0,68.0],[-113.0,68.0],[-114.0,68.0],[-114.0,68.34005280179122],[-113.90538489499994,68.39980703300006],[-113.96715247299994,68.44082265800006],[-114.0,68.40522017724018],[-114.0,69.0],[-113.57098915944056,69.0],[-113.57188880099994,68.96515534100007],[-113.67210852799991,68.90989817900004],[-113.6192113919999,68.84540436400005]],[[-112.71780054099992,68.15592047600006],[-112.7461299659999,68.16762650300006],[-112.89046701599995,68.17347977300005],[-112.91225559799994,68.14488428200008],[-112.78970056399993,68.13009472700008],[-112.71780054099992,68.15592047600006]],[[-113.96743730399993,68.61212799700007],[-113.79576575399994,68.58173248900005],[-113.7620336579999,68.59780508000006],[-113.8352758449999,68.61444733300004],[-113.96743730399993,68.61212799700007]]],[[[-90.95604407499991,69.35936107000003],[-91.0,69.32921515745427],[-91.0,69.34636694010612],[-90.95604407499991,69.35936107000003]]],[[[-96.73964535499994,71.85236237200007],[-96.6775522559999,71.83966705900008],[-96.7383839609999,71.82855866100005],[-96.73765153999994,71.79905833500004],[-96.58876644799994,71.82074616100005],[-96.50132341499994,71.93146393400008],[-96.76694841499994,71.92226797100005],[-96.62632341499994,71.96320221600007],[-96.54075212499993,71.95453522300005],[-96.51134854905375,72.0],[-96.0,72.0],[-96.0,71.40770050121901],[-96.13353430899991,71.41417064000007],[-96.30553137899994,71.30329010600008],[-96.50690670499995,71.27789948100008],[-96.43114173099991,71.26426829600007],[-96.45909583199995,71.19537995000007],[-96.37588456899994,71.16058991100005],[-96.45872962099992,71.17145416900007],[-96.56151282499991,71.12706126500007],[-96.45872962099992,71.08612702000005],[-96.41063391799992,71.11969635600008],[-96.37604732999995,71.09410228100006],[-96.49998938699991,71.04515208500004],[-96.5110788038369,71.0],[-97.0,71.0],[-97.0,70.0],[-98.0,70.0],[-99.0,70.0],[-99.0,69.14221892788764],[-99.00670325399994,69.13906484600005],[-99.29295813699991,69.16111888200004],[-99.46129309799994,69.13458893400008],[-99.59727942599994,69.02667877800008],[-99.46304277299993,68.95107656500005],[-99.44115149599992,68.89935944200005],[-99.19225012899994,68.82977936400005],[-99.04234778599994,68.86591217700004],[-99.12661699099993,68.92064036700003],[-99.01878821499992,68.90924713700008],[-99.0,68.92675149085008],[-99.0,68.06696278069882],[-99.08336341099994,68.05719635600008],[-99.02063529024743,68.0],[-100.0,68.0],[-101.0,68.0],[-102.0,68.0],[-103.0,68.0],[-103.0,68.80629750529678],[-102.96589107999995,68.79865143400008],[-102.71401933499993,68.83974844000005],[-102.74913489499994,68.89948151200008],[-102.52306067599994,68.86554596600007],[-102.39565995999993,68.91693756700005],[-102.40713456899994,68.95473867400005],[-102.16734778599994,68.95302969000005],[-102.06421151547532,69.0],[-102.04871354867683,69.0],[-101.96450761599993,68.96963125200006],[-101.84679114499994,68.98834870000007],[-101.82367390676548,69.0],[-101.0,69.0],[-100.62258401971857,69.0],[-100.63133704299992,68.99567291900007],[-100.57974199099993,68.94798411700003],[-100.63036048099991,68.87470123900005],[-100.60334225199995,68.75556061400005],[-100.47118079299992,68.79975006700005],[-100.44701087099992,68.77655670800004],[-100.49478105399993,68.76288483300004],[-100.39240475199995,68.71507396000004],[-100.31041419199994,68.77033112200007],[-100.22105872299994,68.77033112200007],[-100.17756100199995,68.80337148600006],[-100.20677649599992,68.85228099200003],[-100.1712133449999,68.86481354400007],[-100.18008378799993,68.89325592700004],[-100.12486731699994,68.90692780200004],[-100.30915279899995,68.96588776200008],[-100.3222757574648,69.0],[-100.2128496011333,69.0],[-100.19762122299994,68.98191966400003],[-100.02183997299994,68.94037506700005],[-99.98631751199991,69.02960846600007],[-100.0,69.0401711564526],[-100.0,70.0],[-100.0,71.0],[-99.0,71.0],[-98.0,71.0],[-98.0,71.65753607951095],[-97.76381527699994,71.64590078300006],[-97.68528337499993,71.61839427300004],[-97.4612436619999,71.61737702000005],[-97.21189470399992,71.66648997600004],[-97.0828663829999,71.70311107000003],[-96.96156918299994,71.80683014500005],[-96.8294077239999,71.81313711100006],[-96.73964535499994,71.85236237200007]],[[-102.35191809799994,68.68720123900005],[-101.84479732999995,68.57111237200007],[-101.79898027299993,68.62738678600005],[-101.82494055899991,68.65302155200004],[-101.69399980399993,68.65387604400007],[-101.69395911399994,68.77033112200007],[-102.02464758999992,68.82379791900007],[-102.06460527299993,68.76430898600006],[-102.35191809799994,68.68720123900005]],[[-100.12096106699994,68.27863190300008],[-100.09068762899994,68.29059479400007],[-100.09068762899994,68.37250397300005],[-100.23403886599993,68.32404205900008],[-100.12096106699994,68.27863190300008]]],[[[-124.79474850199989,70.01048411700003],[-124.82531031003778,70.0],[-125.0,70.0],[-125.02284150109152,70.0],[-124.99274654899995,70.01048411700003],[-124.81407630099994,70.01585521000004],[-124.79474850199989,70.01048411700003]]],[[[-124.6848852199999,70.02411530200004],[-124.6500606501632,70.0],[-124.72256183310328,70.0],[-124.6848852199999,70.02411530200004]]],[[[-90.79775956899994,69.36619700700004],[-90.58551998599995,69.42084381700005],[-90.70278886599993,69.45433177300004],[-90.56159420499995,69.42829010600008],[-90.35252844999991,69.43732330900008],[-90.31175696499992,69.45433177300004],[-90.36978105399993,69.44468821800007],[-90.43687903599994,69.49315013200004],[-90.68431555899991,69.53888580900008],[-90.75328528599994,69.51911041900007],[-90.75059973899994,69.48969147300005],[-90.88780676999994,69.48969147300005],[-90.89769446499992,69.53685130400004],[-91.0,69.52549709586849],[-91.0,70.0],[-92.0,70.0],[-92.0,70.00384446125368],[-91.9429418609999,70.02411530200004],[-92.0,70.04591789366198],[-92.0,70.12430849814179],[-91.99547278599994,70.12303294500003],[-91.51097571499992,70.16132233300004],[-91.64098059799994,70.23407623900005],[-91.69652258999992,70.20225657800006],[-91.73070227799991,70.30467357000003],[-91.68907630099994,70.31834544500003],[-91.72321529899995,70.35578034100007],[-91.78624426999994,70.33649323100008],[-91.87852942599994,70.36473216400003],[-91.90534420499995,70.33991120000007],[-91.8535863919999,70.30467357000003],[-91.92076575399994,70.29930247600004],[-91.95864824099993,70.25775788000004],[-91.99962317599994,70.30316803600005],[-92.0,70.30317458176968],[-92.0,70.32315182768953],[-91.99071204299992,70.32514069200005],[-91.97642981699994,70.36676666900007],[-92.0,70.37612234712026],[-92.0,71.0],[-92.8753680102418,71.0],[-92.85411536399994,71.04515208500004],[-92.88621985599991,71.07066478100006],[-92.8587133449999,71.15863678600005],[-92.93724524599992,71.22333405200004],[-92.94786536399994,71.29490794500003],[-92.99746660099993,71.31891510600008],[-92.99063066299993,71.35712311400005],[-93.0,71.35868265835595],[-93.0,72.0],[-93.0,72.76625900532764],[-92.38487708199995,72.70990631700005],[-92.09581458199995,72.74624258000006],[-91.85765540299991,72.84796784100007],[-91.65165443965421,73.0],[-91.0,73.0],[-91.0,73.45357344216474],[-90.92125403599994,73.49811432500007],[-90.98338782499991,73.55955638200004],[-90.78636633999992,73.55683014500005],[-90.37319902299993,73.79238515800006],[-90.37889563699991,73.85838450700004],[-90.32542883999992,73.87547435100004],[-90.26414954299992,73.84479401200008],[-90.19570878799993,73.90224844000005],[-90.99388587099992,74.00592682500007],[-91.57237708199995,74.03314850500004],[-91.8145238919999,74.02875397300005],[-92.04474758661125,74.0],[-92.28901342523343,74.0],[-92.43016516799992,74.06240469000005],[-92.64281165299991,74.10297272300005],[-92.74705969999991,74.08510976800005],[-92.79995683499993,74.13182200700004],[-93.0,74.15135269563073],[-93.0,75.0],[-93.46715564946689,75.0],[-93.53453528599994,75.04466380400004],[-93.64240475199995,75.03994375200006],[-93.49156653599994,75.07404205900008],[-93.51203365799995,75.09516022300005],[-93.46226966099994,75.13507721600007],[-93.58031165299991,75.20502350500004],[-93.49937903599994,75.26801178600005],[-93.80003821499992,75.30744049700007],[-93.6492406889999,75.32786692900004],[-93.67650305899991,75.36204661700003],[-93.98741614499994,75.43927643400008],[-94.0,75.44438303543573],[-94.0,76.0],[-93.0,76.0],[-92.5854792559281,76.0],[-92.41283118399991,75.92645905200004],[-92.12682044199994,75.87384674700007],[-92.10472571499992,75.81452057500007],[-92.17568925699993,75.75250885600008],[-92.01183020699995,75.66372304900005],[-92.07945716099994,75.62897370000007],[-92.00438391799992,75.60162995000007],[-92.19579016799992,75.55670807500007],[-92.38076738199993,75.45612213700008],[-92.46304277299993,75.37567780200004],[-92.32652747299994,75.37567780200004],[-92.42894446499992,75.34153880400004],[-92.47052975199995,75.29315827000005],[-92.45685787699995,75.25218333500004],[-92.50401770699995,75.21800364800004],[-92.28229732999995,75.14081452000005],[-92.05589758999992,75.15322500200006],[-92.11424719999991,75.13613515800006],[-92.01183020699995,75.10138580900008],[-92.23033606699994,75.07404205900008],[-92.20238196499992,75.06728750200006],[-92.22411048099991,75.03245677300004],[-92.06114661399994,74.96283600500004],[-92.07945716099994,74.93691640800006],[-92.01183020699995,74.90961334800005],[-92.0137426419999,74.85504791900007],[-92.06273352799991,74.80341217700004],[-91.80577551999994,74.73826732000003],[-91.88084876199991,74.71161530200004],[-91.66600501199991,74.72675202000005],[-91.62083899599992,74.71161530200004],[-91.68907630099994,74.68366120000007],[-91.51349850199995,74.64472077000005],[-91.3684789699999,74.64858633000006],[-91.33946692599994,74.68878815300008],[-91.37376868399991,74.70408763200004],[-91.33043372299994,74.72093333500004],[-91.29527747299994,74.70522695500006],[-91.28563391799992,74.63589101800005],[-91.09943600199995,74.62905508000006],[-91.23037675699993,74.73826732000003],[-91.09943600199995,74.75250885600008],[-90.78677324099993,74.88963450700004],[-90.75682532499991,74.88287995000007],[-90.75682532499991,74.83441803600005],[-91.0249731109999,74.70408763200004],[-90.90550696499992,74.68695709800005],[-90.84618079299992,74.72528717700004],[-90.72329667899993,74.73826732000003],[-90.76366126199991,74.71775950700004],[-90.73009192599994,74.66315338700008],[-90.5637914699999,74.60858795800004],[-90.31175696499992,74.62905508000006],[-90.37319902299993,74.60175202000005],[-90.11074785099993,74.55467357000003],[-90.00865637899994,74.59064362200007],[-89.91852779899995,74.52728913000004],[-89.43443762899994,74.55329010600008],[-89.38182532499991,74.58771393400008],[-89.14736894399994,74.60789622600004],[-89.0989477199999,74.68707916900007],[-89.27025305899991,74.75873444200005],[-89.06029212099992,74.72223541900007],[-89.01016191299993,74.78607819200005],[-89.0989477199999,74.84072500200006],[-89.0,74.81037862421472],[-89.0,74.0],[-89.0,73.26655486830194],[-89.05121822799993,73.25169505400004],[-89.0,73.24088893262824],[-89.0,73.21841858078018],[-89.04120846299992,73.21893952000005],[-89.14753170499995,73.18622467700004],[-89.18089758999992,73.15550364800004],[-89.12568111899992,73.14809804900005],[-89.21845455599993,73.13174062700006],[-89.31187903599994,73.05247630400004],[-89.2149145169999,73.01325104400007],[-89.30146236899992,73.01862213700008],[-89.33013454824429,73.0],[-90.0,73.0],[-90.0,72.02623816486224],[-90.0039770169999,72.02460358300004],[-90.0,72.00637015485806],[-90.0,72.0],[-90.0,71.98871375909131],[-90.11860104099992,71.92885976800005],[-90.0,71.87386582372821],[-90.0,71.62720097588101],[-90.04491126199991,71.59666575700004],[-90.0,71.56426304991322],[-90.0,71.52100592817156],[-90.01020260299993,71.51752350500004],[-90.0,71.5000736375799],[-90.0,71.45854314979105],[-90.0039770169999,71.45604075700004],[-90.0,71.45296385257775],[-90.0,71.0],[-89.29439162673427,71.0],[-89.18842525899993,70.96259186400005],[-89.44908606699994,70.90802643400008],[-89.29845130099994,70.77741120000007],[-89.01024329299992,70.66095612200007],[-89.0,70.64941421240516],[-89.0,70.0],[-88.0,70.0],[-87.1302741783154,70.0],[-87.08421790299991,69.98940664300005],[-87.05358997939075,70.0],[-87.0,70.0],[-86.92317404066519,70.0],[-86.77692623599995,69.97125885600008],[-86.50352942599994,69.98590729400007],[-86.48380335625673,70.0],[-86.0,70.0],[-85.80272570746313,70.0],[-85.78290768099993,69.99518463700008],[-85.74019396423722,70.0],[-85.29962822967141,70.0],[-85.23460852799991,69.99624258000006],[-85.2517438511385,70.0],[-85.0,70.0],[-85.0,69.80887069768453],[-85.02928626199991,69.80646393400008],[-85.05577551999994,69.77708567900004],[-85.32017981699994,69.84699127800008],[-85.56322180899991,69.85809967700004],[-85.59019934799994,69.83234284100007],[-85.37075761599993,69.82489655200004],[-85.33315995999993,69.79136790600006],[-85.39167232999995,69.75604889500005],[-85.39785722599993,69.78534577000005],[-85.5144750639999,69.77024974200003],[-85.44001217399995,69.71190013200004],[-85.54409745999993,69.65350983300004],[-85.38536536399994,69.56419505400004],[-85.48033606699994,69.56419505400004],[-85.53156490799995,69.52598704600007],[-85.53404700399994,69.46332428600005],[-85.34439042899993,69.44135163000004],[-85.41201738199993,69.44810618700006],[-85.38524329299992,69.41868724200003],[-85.50829016799992,69.40778229400007],[-85.44001217399995,69.36619700700004],[-85.45628821499992,69.34760163000004],[-85.33698482999995,69.31842682500007],[-85.48818925699993,69.32636139500005],[-85.47350012899994,69.27680084800005],[-85.39159094999991,69.21539948100008],[-85.20661373599995,69.18805573100008],[-85.3164770169999,69.15391673400006],[-85.27025305899991,69.13788483300004],[-85.01227779899995,69.18048737200007],[-85.0,69.17748836845615],[-85.0,69.17045214901209],[-85.13829505099994,69.12665436400005],[-85.0,69.13709604932947],[-85.0,69.12857450665555],[-85.02847245999993,69.11920807500007],[-85.0,69.10891760900205],[-85.0,69.0],[-86.0,69.0],[-86.0,68.01425775582776],[-86.03491597787746,68.0],[-86.10716919033982,68.0],[-86.13060462099992,68.01605866100005],[-86.12997619005087,68.0],[-86.39717539125316,68.0],[-86.43541419199994,68.09813060100004],[-86.40782630099994,68.20774974200003],[-86.68691972599993,68.31037018400008],[-86.74771074099993,68.28701406500005],[-86.89513098899994,68.19513580900008],[-86.89785722599993,68.13788483300004],[-86.98737545499995,68.08429596600007],[-86.84788977799991,68.02216217700004],[-86.83999394150507,68.0],[-87.0,68.0],[-87.0,67.33123842486587],[-87.07770748599995,67.35765208500004],[-87.0,67.28964452547038],[-87.0,67.25814424983683],[-87.07066809799994,67.26337311400005],[-87.11412512899994,67.17894114800004],[-87.13719641799992,67.22882721600007],[-87.22813880099994,67.22809479400007],[-87.28929602799991,67.09760163000004],[-87.32778886599993,67.17328522300005],[-87.37218176999994,67.18012116100005],[-87.51618404899995,67.11871979400007],[-87.50194251199991,67.19379303600005],[-87.36294511599993,67.26719798400006],[-87.44737708199995,67.26386139500005],[-87.48379472599993,67.36310455900008],[-87.9407445949999,67.60468170800004],[-88.0,67.62426857601703],[-88.0,68.0],[-88.0,68.2261088432092],[-87.94375566299993,68.20087311400005],[-87.8445531889999,68.25580475500004],[-87.79222571499992,68.33124420800004],[-87.8308813139999,68.46869538000004],[-87.94131425699993,68.58763255400004],[-87.92650305899991,68.68720123900005],[-88.0,68.78008369839601],[-88.0,69.0],[-88.46478154232462,69.0],[-88.7285863919999,69.08392975500004],[-88.84569251199991,69.13963450700004],[-88.94196529899995,69.23358795800004],[-89.19871985599991,69.27806224200003],[-89.33169511599993,69.24949778900003],[-89.44155839799993,69.15391673400006],[-89.70531165299991,69.02020905200004],[-89.71810422350276,69.0],[-90.0,69.0],[-90.67362673882467,69.0],[-90.70897376199991,69.00718821800007],[-90.67064368399991,69.08820221600007],[-91.0,69.20286267406912],[-91.0,69.287219015314],[-90.91510982999995,69.30414459800005],[-90.96971594999991,69.27000560100004],[-90.80524654899995,69.25633372600004],[-90.79775956899994,69.36619700700004]],[[-90.15469316299993,69.13963450700004],[-90.23298092399995,69.11920807500007],[-90.26398678299995,69.14712148600006],[-90.27676347599993,69.11399974200003],[-90.23420162699995,69.07050202000005],[-90.12743079299992,69.05776601800005],[-90.18203691299993,69.11920807500007],[-90.15469316299993,69.13963450700004]],[[-90.73668372299994,69.36522044500003],[-90.77700761599993,69.32868073100008],[-90.77725175699993,69.27680084800005],[-90.65599524599992,69.34979889500005],[-90.6817113919999,69.31098053600005],[-90.65440833199995,69.31098053600005],[-90.6953832669999,69.28367747600004],[-90.64818274599992,69.26312897300005],[-90.68541419199994,69.22907135600008],[-90.62022864499994,69.25633372600004],[-90.59056555899991,69.20014069200005],[-90.45628821499992,69.23419830900008],[-90.4973852199999,69.24266185100004],[-90.47081458199995,69.27887604400007],[-90.61896725199995,69.37636953300006],[-90.73668372299994,69.36522044500003]],[[-90.40339107999995,69.30019765800006],[-90.40794837099992,69.27680084800005],[-90.32762610599991,69.23895905200004],[-90.1472875639999,69.37299225500004],[-90.19570878799993,69.38605377800008],[-90.20189368399991,69.44814687700006],[-90.25035559799994,69.42829010600008],[-90.23932857999995,69.39459870000007],[-90.30235755099994,69.43537018400008],[-90.50674394399994,69.36664459800005],[-90.51036536399994,69.33144765800006],[-90.40339107999995,69.30019765800006]]],[[[-98.95885169199994,79.72817617400005],[-98.84019934799994,79.66986725500004],[-98.65135657499991,79.79222239800004],[-98.69570878799993,79.86774323100008],[-98.77505449099993,79.90468984600005],[-98.70596269399994,79.96698639500005],[-98.76949434016649,80.0],[-97.0,80.0],[-96.65004652479436,80.0],[-96.5579320949999,79.94855377800008],[-96.13687089799993,79.91168854400007],[-96.3902074859999,79.88499583500004],[-96.37726803299995,79.90497467700004],[-96.40640214799993,79.91331614800004],[-96.56126868399991,79.90509674700007],[-96.61611894399994,79.88499583500004],[-96.58877519399994,79.85712311400005],[-96.3902074859999,79.86448802300004],[-96.49323482999995,79.83722565300008],[-96.2852270169999,79.80646393400008],[-96.23814856699994,79.74339427300004],[-96.0,79.68702715154498],[-96.0,79.0],[-97.0,79.0],[-98.0,79.0],[-98.0,78.81406523558513],[-98.14907792899993,78.81867096600007],[-98.36188717399995,78.76618073100008],[-98.31554114499994,78.74725983300004],[-98.37018795499995,78.72679271000004],[-98.31554114499994,78.70636627800008],[-98.31607011599993,78.64622630400004],[-98.0249731109999,78.55255768400008],[-98.3399145169999,78.54364655200004],[-98.32298743399991,78.52073802300004],[-98.40282141799992,78.51300690300008],[-98.40729732999995,78.48818594000005],[-98.21666419199994,78.41518789300005],[-98.03502356699994,78.39850495000007],[-98.09024003799993,78.36994049700007],[-98.01390540299991,78.33637116100005],[-98.06847083199995,78.30849844000005],[-98.0,78.29454195433529],[-98.0,78.0],[-97.49613885852379,78.0],[-97.0,77.92584677424416],[-97.0,77.92248475618067],[-97.1238500639999,77.87714264500005],[-97.08901933499993,77.84979889500005],[-97.10334225199995,77.80817291900007],[-97.0,77.80120210905872],[-97.0,77.0],[-97.0,76.0],[-97.0,75.50707584621898],[-97.05492102799991,75.49921295800004],[-97.0,75.4558870622775],[-97.0,75.0],[-96.61429530179262,75.0],[-96.61611894399994,74.99152252800008],[-96.42346155224948,75.0],[-96.3298148736227,75.0],[-96.33169511599993,74.97825755400004],[-96.39761308499993,74.98529694200005],[-96.40379798099991,74.93691640800006],[-96.26667232999995,74.90961334800005],[-96.20579993399991,74.93065013200004],[-96.16236030310287,75.0],[-96.09284448938834,75.0],[-96.14313717399995,74.95799388200004],[-96.05455481699994,74.97272370000007],[-96.0332738919999,74.95058828300006],[-96.13687089799993,74.93691640800006],[-95.87002519399994,74.85496653900003],[-95.92467200399994,74.83441803600005],[-95.89757239499994,74.82587311400005],[-95.7390844389999,74.82078685100004],[-95.71890214799993,74.84658437700006],[-95.67642167899993,74.81891510600008],[-95.51488196499992,74.81411367400005],[-95.49205481699994,74.79975006700005],[-95.54662024599992,74.77301666900007],[-95.51134192599994,74.74359772300005],[-95.45173092399995,74.74510325700004],[-95.48021399599992,74.78131745000007],[-95.46043860599991,74.80426666900007],[-95.38280188699991,74.80719635600008],[-95.46471106699994,74.77985260600008],[-95.44245357999995,74.77293528900003],[-95.30540930899991,74.80548737200007],[-95.05382239499994,74.73143138200004],[-95.08861243399991,74.69049713700008],[-95.06696529899995,74.68207428600005],[-95.0,74.6736732866461],[-95.0,74.03988095912707],[-95.24864661399994,74.00991445500006],[-95.26629211579052,74.0],[-96.0,74.0],[-96.0,73.0],[-96.63547252398288,73.0],[-96.56826738199993,73.05247630400004],[-96.65086829299992,73.14183177300004],[-96.75942949099993,73.11456940300008],[-96.72598222599993,73.16233958500004],[-96.80919348899994,73.19208405200004],[-97.0,73.15291244053212],[-97.0,73.62428633631448],[-96.99473161799995,73.62592194200005],[-96.93821306299992,73.68683502800008],[-96.95640153999994,73.73729075700004],[-97.0,73.75753503509326],[-97.0,74.0],[-97.76978259770276,74.0],[-97.64321855399993,74.07221100500004],[-97.72524980399993,74.12164948100008],[-98.17300370999993,74.09772370000007],[-98.95030161027489,74.0],[-99.0,74.0],[-100.0,74.0],[-101.0,74.0],[-101.0,73.80362817607102],[-101.0049448339999,73.80239492400005],[-101.02919613599994,73.77871328300006],[-101.0,73.77493320393818],[-101.0,73.76596408766349],[-101.11855160499994,73.72406647300005],[-101.0161753029999,73.71723053600005],[-101.0479135839999,73.68256256700005],[-101.0,73.67910499148843],[-101.0,73.60380309447649],[-101.22983903999994,73.60614655200004],[-101.26938982099995,73.56004466400003],[-101.43715511999994,73.55341217700004],[-101.53159685199995,73.49555084800005],[-101.62563168299994,73.49135976800005],[-101.56321306299992,73.44953034100007],[-101.31484066699994,73.40045807500007],[-101.28896176099994,73.36005280200004],[-101.02919613599994,73.32623932500007],[-101.03159685199995,73.30243561400005],[-101.0,73.29523398910766],[-101.0,73.0],[-101.77766770961267,73.0],[-101.76283871399994,73.01898834800005],[-101.9813038829999,73.06610748900005],[-101.9478159279999,73.09345123900005],[-102.28293962499993,73.08722565300008],[-102.48476254199994,73.04124583500004],[-102.56785173499992,72.99477773600006],[-102.60203142199992,72.91217682500007],[-102.7559620859999,72.81232330900008],[-102.75034685199995,72.76390208500004],[-102.71498715199994,72.75202057500007],[-102.7422902109999,72.73037344000005],[-102.61423845399992,72.66132233300004],[-102.39280290699992,72.57953522300005],[-102.0,72.49990171436403],[-102.0,72.0],[-101.0,72.0],[-100.32969723164726,72.0],[-100.11863298499992,71.89423248900005],[-100.0,71.87800089963092],[-100.0,71.0],[-101.0,71.0],[-101.0,70.1674084502183],[-101.0222875639999,70.18622467700004],[-101.12604732999995,70.19546133000006],[-101.14317786399994,70.16038646000004],[-101.23940995999993,70.13800690300008],[-101.37425696499992,70.17690664300005],[-101.40074622299994,70.13434479400007],[-101.52944902299993,70.11286041900007],[-101.64745032499991,70.20441315300008],[-101.59496008999992,70.27732982000003],[-101.79027258999992,70.30556875200006],[-101.85244706899994,70.26170482000003],[-101.92015540299991,70.26373932500007],[-102.0,70.29524199185394],[-102.0,71.0],[-103.0,71.0],[-104.0,71.0],[-104.0,72.0],[-104.88519976485142,72.0],[-104.88565019399994,72.00088125200006],[-104.94884192599994,72.05878327000005],[-105.0,72.06837712739048],[-105.0,72.13863510416128],[-104.96251380099994,72.16242096600007],[-104.96629798099991,72.19354889500005],[-105.0,72.2197179501873],[-105.0,73.0],[-105.0,73.0238641438911],[-104.98131262899994,73.03571198100008],[-104.99038652299993,73.07977936400005],[-104.76183020699995,73.17300039300005],[-104.73656165299991,73.18964264500005],[-104.74982662699995,73.21747467700004],[-104.57266191299993,73.33218008000006],[-104.58633378799993,73.38519928600005],[-104.55162512899994,73.42645905200004],[-104.57949785099993,73.44969310100004],[-104.4895727199999,73.53229401200008],[-104.50084387899994,73.56720612200007],[-104.68089758999992,73.62982819200005],[-104.82457434799994,73.63816966400003],[-105.0,73.70557206877189],[-105.0,74.0],[-106.0,74.0],[-107.0,74.0],[-108.0,74.0],[-108.0,73.60632488713958],[-108.08763587099992,73.59064362200007],[-108.0,73.54941440849052],[-108.0,73.34885771986688],[-108.08763587099992,73.35415273600006],[-108.01317298099991,73.31317780200004],[-108.1565649079999,73.30634186400005],[-108.1187231109999,73.26878489800004],[-108.0,73.23132278701262],[-108.0,73.19697096408518],[-108.16494706899994,73.20612213700008],[-108.29832923099991,73.13377513200004],[-108.1565649079999,73.05247630400004],[-108.2346899079999,73.04291413000004],[-108.16187412639961,73.0],[-109.0,73.0],[-110.0,73.0],[-110.57490611253479,73.0],[-110.73570716099994,73.00136953300006],[-110.73607911368511,73.0],[-111.0,73.0],[-112.0,73.0],[-112.91132084151029,73.0],[-113.01500403599994,73.01601797100005],[-113.14019108225293,73.0],[-114.0,73.0],[-114.04164811305026,73.0],[-113.95836341099994,73.14012278900003],[-114.02269446499992,73.21185944200005],[-114.26512610599991,73.33567942900004],[-114.5842992829999,73.38458893400008],[-115.0,73.30753807274473],[-115.0,74.0],[-116.0,74.0],[-116.63582960176636,74.0],[-116.86701412699995,74.08755117400005],[-117.41649329299992,74.23248932500007],[-118.0659887359999,74.28070709800005],[-118.7254125639999,74.22077057500007],[-118.88316809799994,74.17869700700004],[-118.79552161399994,74.12759023600006],[-118.80508378799993,74.10138580900008],[-118.95189368399991,74.01756419500003],[-119.116135796029,74.0],[-119.18417169682964,74.0],[-119.13963782499991,74.06769440300008],[-119.06924394399994,74.09052155200004],[-119.07677161399994,74.11994049700007],[-119.13467363199993,74.12872955900008],[-119.0979711579999,74.16429271000004],[-119.14435787699995,74.20905182500007],[-119.47988847599993,74.22614166900007],[-119.62120520699995,74.13434479400007],[-119.74693762899994,74.09731679900005],[-119.73013261599993,74.04645416900007],[-119.76524817599994,74.03534577000005],[-119.82201087099992,74.05540599200003],[-119.81798255099994,74.10431549700007],[-119.68504798099991,74.16571686400005],[-119.64745032499991,74.19521719000005],[-119.66222083199995,74.22500234600005],[-119.51829993399991,74.23114655200004],[-119.85952714799993,74.23651764500005],[-120.1565649079999,74.27899811400005],[-120.97752844999991,74.42357005400004],[-121.01158606699994,74.47040436400005],[-121.1323949859999,74.50995514500005],[-121.58079993399991,74.55585358300004],[-122.62319902299993,74.46308014500005],[-123.3035375639999,74.44940827000005],[-124.75568600199989,74.34857819200005],[-124.78726152299993,74.33421458500004],[-124.60293535099993,74.31370677300004],[-124.69391842399995,74.27570221600007],[-124.54564368399991,74.26512278900003],[-124.43907630099994,74.13556549700007],[-124.46580969999991,74.07416413000004],[-124.38385982999989,74.03937409100007],[-124.36333442281392,74.0],[-125.0,74.0],[-125.0,73.0],[-125.0,72.86020287222054],[-125.11343339799993,72.86749909100007],[-125.02749589799993,72.82656484600005],[-125.0,72.79150207743882],[-125.0,72.7305635735645],[-125.02065995999993,72.70302969000005],[-125.0,72.70302969000005],[-125.0,72.67934362285598],[-125.10260982999989,72.63471100500004],[-125.0,72.6142563039129],[-125.0,72.5678759439687],[-125.06065833199995,72.56561920800004],[-125.29918372299994,72.48908112200007],[-125.36314856699994,72.43886953300006],[-125.34284420499989,72.42251211100006],[-125.43838456899994,72.41567617400005],[-125.39061438699991,72.40200429900005],[-125.52037512899994,72.32290273600006],[-125.53237870999993,72.29840729400007],[-125.48737545499989,72.31024811400005],[-125.4905492829999,72.27789948100008],[-125.6792699859999,72.23065827000005],[-125.65664628799993,72.19375234600005],[-125.56940670499989,72.17544179900005],[-125.75206458199995,72.14769114800004],[-125.79527747299994,72.11395905200004],[-125.72020423099991,72.09349192900004],[-125.74156653599994,72.02484772300005],[-125.87755286399994,71.96401601800005],[-124.95889238199993,71.96662018400008],[-124.94029700399994,71.94989655200004],[-125.25340735599991,71.95571523600006],[-124.6616918609999,71.80463288000004],[-124.06456458199995,71.70038483300004],[-124.0,71.67605493172663],[-124.0,71.0],[-123.0,71.0],[-122.0,71.0],[-121.0,71.0],[-120.0,71.0],[-120.0,72.0],[-119.0,72.0],[-119.0,71.94995137844175],[-119.07603919199994,71.91885000200006],[-119.13760331899994,71.77435944200005],[-119.05089270699995,71.62677643400008],[-119.0,71.61303578587264],[-119.0,71.0],[-118.41103554957671,71.0],[-118.42149817599994,70.99054596600007],[-118.27476966099994,70.87840403900003],[-118.0,70.79694891658075],[-118.0,70.0],[-117.42645132317692,70.0],[-117.44204667899993,69.98940664300005],[-117.38121497299994,69.95123932500007],[-117.23599199099993,69.75600820500006],[-117.0,69.69223760789367],[-117.0,69.0],[-117.8171275525522,69.0],[-118.04088294199994,69.02460358300004],[-118.47691809799994,69.12946198100008],[-118.66637122299994,69.22549062700006],[-120.0,69.3552445566917],[-120.0,70.0],[-121.0,70.0],[-122.0,70.0],[-123.0,70.0],[-124.0,70.0],[-124.44093364699147,70.0],[-124.50674394399994,70.01048411700003],[-124.37026933499993,70.04169342700004],[-124.37279212099992,70.08364492400005],[-124.44391842399995,70.11115143400008],[-124.38385982999989,70.14020416900007],[-124.40811113199993,70.15542226800005],[-124.70201575399994,70.15127187700006],[-124.75377356699994,70.12661367400005],[-124.6848852199999,70.11286041900007],[-124.74010169199994,70.09243398600006],[-124.50674394399994,70.10602448100008],[-124.58242753799993,70.08559804900005],[-124.46499589799993,70.08665599200003],[-124.41734778599994,70.05145905200004],[-124.52798417899993,70.06098053600005],[-124.56200110599991,70.03717682500007],[-124.52721106699994,70.03717682500007],[-124.54556230399993,70.01894765800006],[-124.5999242829999,70.02187734600005],[-124.67125403599994,70.07880280200004],[-124.95921790299991,70.03717682500007],[-124.85619055899991,70.03717682500007],[-124.89639238199993,70.02431875200006],[-125.04796301999994,70.03034088700008],[-124.98766028599994,70.04555898600006],[-124.98346920499989,70.07827383000006],[-125.01382402299993,70.08559804900005],[-125.20620683499993,70.00307851800005],[-125.20400909190143,70.0],[-126.0,70.0],[-126.85148643637729,70.0],[-126.88463294199994,70.01048411700003],[-127.13646399599992,70.25287506700005],[-127.44517981699994,70.40591054900005],[-127.9915258449999,70.59292226800005],[-128.16344153599994,70.49551015800006],[-128.2005102199999,70.40086497600004],[-128.14073645699995,70.37466054900005],[-127.90623938699991,70.39411041900007],[-127.95840410099993,70.34821198100008],[-128.11107337099992,70.36676666900007],[-128.03237870999993,70.29368724200003],[-127.5152074859999,70.22211334800005],[-128.11107337099992,70.18866608300004],[-128.3372289699999,70.12982819200005],[-128.37022864499994,70.09739817900004],[-128.3269438351694,70.0],[-129.0,70.0],[-129.57625332214457,70.0],[-129.49522864499994,70.03034088700008],[-129.55728105399993,70.04401276200008],[-129.44058183499993,70.06826406500005],[-129.4064835279999,70.12116120000007],[-129.46816972599993,70.09076569200005],[-129.49941972599993,70.11774323100008],[-129.4549047519999,70.14704010600008],[-129.63296464799993,70.16754791900007],[-129.5920304029999,70.19546133000006],[-129.65347245999993,70.22211334800005],[-129.67393958199995,70.26992422100005],[-129.83096269399994,70.20229726800005],[-129.7900284499999,70.18121979400007],[-129.9317113919999,70.07611725500004],[-129.9925024079999,70.07514069200005],[-129.95368404899995,70.10272858300004],[-130.09850012899994,70.07880280200004],[-130.09821529899995,70.11286041900007],[-130.18687903599994,70.05255768400008],[-130.1599828769999,70.10602448100008],[-130.3381241529999,70.08559804900005],[-130.29092363199993,70.10602448100008],[-130.3850805329999,70.16567617400005],[-130.41982988199993,70.13621653900003],[-130.50438391799992,70.13886139500005],[-130.5237524079999,70.12661367400005],[-130.4827367829999,70.12034739800004],[-130.5197647779999,70.10480377800008],[-130.5380753249999,70.15289948100008],[-130.46157792899993,70.17495351800005],[-130.51528886599993,70.17719147300005],[-130.6608780589999,70.13646067900004],[-130.6638891269999,70.09808991100005],[-130.7229711579999,70.07859935100004],[-130.7470596999999,70.08999258000006],[-130.72280839799993,70.13202545800004],[-130.91722571499992,70.07501862200007],[-130.8936254549999,70.10602448100008],[-131.02399654899995,70.03034088700008],[-130.9278051419999,70.03034088700008],[-130.9990128249999,70.01211172100005],[-131.0077129678299,70.0],[-132.0,70.0],[-133.0,70.0],[-134.0,70.0],[-135.0,70.0],[-136.0,70.0],[-136.0,69.0],[-137.0,69.0],[-137.44991023690352,69.0],[-138.0955297519999,69.14012278900003],[-138.31236731699994,69.22947825700004],[-138.35704505099994,69.30467357000003],[-138.4270727199999,69.30158112200007],[-138.45177161399994,69.28367747600004],[-138.3977758449999,69.29791901200008],[-138.44493567599994,69.23525625200006],[-138.6026098299999,69.24266185100004],[-138.76646887899994,69.35911692900004],[-138.9939672519999,69.42218659100007],[-139.0,69.42586981140435],[-139.0,69.58654256231259],[-138.8701065749999,69.59210846600007],[-138.92100989499994,69.61701080900008],[-139.0,69.63228089311482],[-139.0,70.0],[-140.0,70.0],[-141.0,70.0],[-142.0,70.0],[-142.60461958140928,70.0],[-142.60081946499992,70.01312897300005],[-143.2356664699999,70.11823151200008],[-143.3002823559999,70.11664459800005],[-143.2763565749999,70.05145905200004],[-143.29751542899993,70.04340241100005],[-143.35411536399994,70.10561758000006],[-143.5105688139999,70.09666575700004],[-143.55068925699993,70.12661367400005],[-143.57652747299994,70.09393952000005],[-144.06403561099992,70.08559804900005],[-144.02306067599991,70.05145905200004],[-144.06318186476625,70.0],[-144.07000455499784,70.0],[-144.06403561099992,70.04401276200008],[-144.12954667899993,70.06769440300008],[-144.38613847599993,70.04401276200008],[-144.53286719325845,70.0],[-145.0,70.0],[-145.30072295232947,70.0],[-145.21540279899992,70.04401276200008],[-145.3685196609999,70.03363678600005],[-145.5204971999999,70.09243398600006],[-145.6138809889999,70.07135651200008],[-145.88019771999993,70.17495351800005],[-145.87267005099991,70.15281810100004],[-146.8487849599999,70.19342682500007],[-147.12368730399993,70.16754791900007],[-147.6795955069999,70.21222565300008],[-147.8061417309999,70.23647695500006],[-147.7986954419999,70.29043203300006],[-147.8427628249999,70.30752187700006],[-147.96222896999993,70.30141836100006],[-148.2232559889999,70.35932038000004],[-148.38141842399992,70.31248607000003],[-148.51183020699992,70.31834544500003],[-148.5181778639999,70.36920807500007],[-148.68244381399992,70.42011139500005],[-148.96454830599993,70.42926666900007],[-149.04450436099992,70.46857330900008],[-149.3444718089999,70.51007721600007],[-149.4913223949999,70.49705638200004],[-149.4639786449999,70.51072825700004],[-149.4885147779999,70.52301666900007],[-149.88971920499992,70.51276276200008],[-150.0,70.47915822077024],[-150.0,80.0],[-100.17208994555702,80.0],[-100.13853919199994,79.94989655200004],[-100.18008378799993,79.91168854400007],[-100.07022050699993,79.87815989800004],[-99.58360755099994,79.89866771000004],[-99.3118383449999,79.84837474200003],[-99.29564368399991,79.81610748900005],[-99.33653723899994,79.80927155200004],[-99.30304928299995,79.78880442900004],[-99.33039303299995,79.76829661700003],[-98.95885169199994,79.72817617400005]],[[-102.09117591099994,75.78725820500006],[-102.23582923099991,75.74567291900007],[-102.00926673099991,75.70465729400007],[-102.10606848899994,75.69798411700003],[-102.24673417899993,75.72443268400008],[-102.56187903599994,75.72553131700005],[-102.5852758449999,75.71149323100008],[-102.53062903599994,75.69847239800004],[-102.68765214799993,75.67796458500004],[-102.66714433499993,75.65009186400005],[-102.7019750639999,75.63580963700008],[-102.63304602799991,75.61591217700004],[-102.82140051999994,75.63739655200004],[-102.8816625639999,75.61782461100006],[-102.72862708199995,75.57436758000006],[-102.77611243399991,75.54498932500007],[-102.6858617829999,75.53668854400007],[-102.63341223899994,75.49811432500007],[-102.40029863199993,75.54022858300004],[-101.44937089799993,75.60765208500004],[-101.36115475199995,75.57831452000005],[-101.0,75.60636487322783],[-101.0,75.0],[-100.01386837055502,75.0],[-99.64541581899994,74.97601959800005],[-99.42593339799993,74.99152252800008],[-99.44148947471113,75.0],[-99.40434844280276,75.0],[-99.40550696499992,74.99896881700005],[-99.35882173530547,75.0],[-99.0,75.0],[-98.78595071708793,75.0],[-98.7891332669999,74.99896881700005],[-98.75023352799991,74.98843008000006],[-98.40617303618366,75.0],[-98.0,75.0],[-98.0,75.01365861424533],[-97.97581946499992,75.01447174700007],[-97.94432532499991,75.05255768400008],[-97.97325598899994,75.11196523600006],[-98.0,75.12073095454487],[-98.0,75.15649045169373],[-97.81285559799994,75.11310455900008],[-97.56883704299992,75.14980703300006],[-97.80223548099991,75.19757721600007],[-97.73330644399994,75.21124909100007],[-97.8977758449999,75.30548737200007],[-97.91148841099994,75.26650625200006],[-98.0,75.27940411538468],[-98.0,75.27989839176279],[-97.89098059799994,75.32786692900004],[-97.93053137899994,75.33954498900005],[-98.0,75.31063319311951],[-98.0,75.37152129487693],[-97.87999426999994,75.37433502800008],[-98.0,75.39321564420239],[-98.0,75.41668026985063],[-97.77428137899994,75.42413971600007],[-98.0,75.44705493318345],[-98.0,75.46489607709852],[-97.94562740799995,75.47134023600006],[-98.0,75.47902231977909],[-98.0,75.49720411367464],[-97.92369544199994,75.51959870000007],[-97.77383378799993,75.46015045800004],[-97.74742591099994,75.47540924700007],[-97.76121985599991,75.50006745000007],[-97.8562719389999,75.54767487200007],[-97.72423255099994,75.57221100500004],[-97.47948157499991,75.49237702000005],[-97.49876868399991,75.45453522300005],[-97.47227942599994,75.42450592700004],[-97.28087317599994,75.40302155200004],[-97.37340247299994,75.44163646000004],[-97.42487545499995,75.51972077000005],[-97.37751217399995,75.67983633000006],[-97.93936113199993,75.74567291900007],[-97.66763261599993,75.80243561400005],[-97.57022050699993,75.86522044500003],[-97.65453040299991,75.98212311400005],[-97.58242753799993,76.08917877800008],[-97.50145423099991,76.14378489800004],[-97.50674394399994,76.19065989800004],[-97.78856360599991,76.32225169500003],[-97.73306230399993,76.39557526200008],[-97.66844641799992,76.42035553600005],[-97.69920813699991,76.46564362200007],[-97.66510982999995,76.48615143400008],[-98.0,76.52634523454947],[-98.0,77.0],[-99.0,77.0],[-100.0,77.0],[-101.0,77.0],[-102.0,77.0],[-102.0,76.42001177074184],[-102.03514563699991,76.41278717700004],[-102.05768795499995,76.39671458500004],[-102.0,76.38144960528687],[-102.0,76.36301909729039],[-102.09862219999991,76.34902578300006],[-102.05211341099994,76.32306549700007],[-102.19481360599991,76.29433828300006],[-102.05768795499995,76.28001536700003],[-102.1675512359999,76.23908112200007],[-102.0,76.23005816816102],[-102.0,76.0],[-101.74693511585579,76.0],[-101.70995032499991,75.98969147300005],[-101.57465260437081,76.0],[-101.36496550754289,76.0],[-101.58946692599994,75.92450592700004],[-101.55060787699995,75.86981842700004],[-101.37181555899991,75.85179271000004],[-101.3274633449999,75.81793854400007],[-101.35875403599994,75.77973053600005],[-101.0,75.80774027940637],[-101.0,75.79803282199944],[-101.27578691299993,75.74567291900007],[-101.44591223899994,75.76410553600005],[-101.47484290299991,75.77358633000006],[-101.4544164699999,75.81452057500007],[-101.83299719999991,75.90582916900007],[-102.26227779899995,75.86981842700004],[-102.37413489499994,75.81049225500004],[-102.32583574099993,75.78375885600008],[-102.11896725199995,75.79950592700004],[-102.09117591099994,75.78725820500006]],[[-112.17552649599992,78.37738678600005],[-112.0,78.3496663604492],[-112.0,78.03308297101333],[-112.29752410701957,78.0],[-113.0,78.0],[-113.0,77.90049405120702],[-113.14110266799992,77.92251211100006],[-113.24128170499989,77.90497467700004],[-113.21328691299993,77.89077383000006],[-113.32315019399994,77.80817291900007],[-113.30557206899994,77.77684153900003],[-113.18602454299992,77.73993561400005],[-113.22667395699995,77.73444245000007],[-113.20677649599992,77.69379303600005],[-113.25426184799994,77.67161692900004],[-113.08975175699993,77.62323639500005],[-113.24128170499989,77.58226146000004],[-113.16588294199994,77.51508209800005],[-113.03506425699993,77.51845937700006],[-113.0,77.49768451761645],[-113.0,77.0],[-114.0,77.0],[-115.0,77.0],[-115.0,76.48499818478159],[-115.02147376199991,76.47907135600008],[-115.51231848899994,76.45620351800005],[-115.91331946499992,76.34902578300006],[-115.8518774079999,76.32225169500003],[-115.92699133999992,76.28685130400004],[-115.77944902299993,76.23729075700004],[-115.27928626199991,76.23704661700003],[-115.0,76.18216144519867],[-115.0,76.17287713754946],[-116.0,76.19951007099577],[-116.0,76.66947661900971],[-115.89281165299991,76.69843170800004],[-116.0,76.792920855402],[-116.0,76.90407832362654],[-115.90709387899994,76.89704010600008],[-115.73204505099994,76.94855377800008],[-116.0,76.99950374229931],[-116.0,77.0],[-116.0026099077538,77.0],[-116.22166907499991,77.04165273600006],[-116.28990637899994,77.11188385600008],[-116.40054277299993,77.13727448100008],[-116.30182857999989,77.14826080900008],[-116.24722245999993,77.19594961100006],[-115.9278051419999,77.21234772300005],[-115.39256751199991,77.30792877800008],[-115.44782467399995,77.34886302300004],[-115.77651933499993,77.42983633000006],[-116.08665930899991,77.46027252800008],[-116.12559973899994,77.47239817900004],[-116.06411699099993,77.48672109600005],[-116.42723548099991,77.54816315300008],[-116.40672766799992,77.56240469000005],[-116.90074622299994,77.53636302300004],[-116.92813066299993,77.52765534100007],[-116.75682532499991,77.51337311400005],[-117.15404212099992,77.45872630400004],[-116.99400794199994,77.39956289300005],[-116.64696204299992,77.39044830900008],[-116.8108617829999,77.34267812700006],[-116.77733313699991,77.32904694200005],[-116.81309973899994,77.31659577000005],[-117.18138587099992,77.34886302300004],[-117.0100805329999,77.30170319200005],[-117.03921464799993,77.29279205900008],[-117.23110917899993,77.28571198100008],[-117.47435462099992,77.33588288000004],[-117.9622289699999,77.37002187700006],[-117.8523656889999,77.39044830900008],[-119.16270911399994,77.32489655200004],[-119.28970292899993,77.28880442900004],[-119.38731848899994,77.19253164300005],[-119.8269750639999,77.09857819200005],[-119.83665930899991,77.06525299700007],[-119.92235266799992,77.04726797100005],[-119.93081620999993,77.02008698100008],[-120.0911352199999,77.00560130400004],[-120.09148530158807,77.0],[-121.0,77.0],[-122.0,77.0],[-122.0,76.42411816477028],[-122.40322831899994,76.40420156500005],[-122.6172582669999,76.34320709800005],[-122.64964758999992,76.30052317900004],[-122.63438880099994,76.27260976800005],[-122.71108964799993,76.23163483300004],[-122.74697831899994,76.23016998900005],[-122.83165442599994,76.23729075700004],[-122.86172441299993,76.18235911700003],[-122.92467200399994,76.18895091400003],[-122.94448808499993,76.17767975500004],[-122.91030839799993,76.15717194200005],[-123.04067949099993,76.08828359600005],[-122.92540442599994,76.09707265800006],[-122.82835852799991,76.15428294500003],[-122.60582434799994,76.17426178600005],[-122.49258378799993,76.14350006700005],[-122.70490475199995,76.11562734600005],[-122.48298092399995,76.10236237200007],[-122.52611243399991,76.06159088700008],[-122.6980688139999,76.02065664300005],[-122.56029212099992,76.02680084800005],[-122.5979711579999,76.00336334800005],[-122.73155676999994,75.97842031500005],[-122.42589270699995,75.93280670800004],[-122.13573157499991,75.97842031500005],[-122.1499731109999,76.03363678600005],[-122.12547766799992,76.04120514500005],[-122.0,76.04302073858142],[-122.0,76.0],[-121.57056405603564,76.0],[-121.49486243399991,75.98761627800008],[-121.29967200399994,75.91079336100006],[-121.25869706899994,75.96539948100008],[-121.11839074987455,76.0],[-121.02425338699011,76.0],[-120.98436438699991,75.98582591400003],[-121.01414954299992,75.95038483300004],[-120.95348059799994,75.95819733300004],[-120.96445671719681,76.0],[-120.65572919224422,76.0],[-120.59618079299992,75.98688385600008],[-120.53379503125421,76.0],[-120.43937340842454,76.0],[-120.44985917899993,75.98212311400005],[-120.38849850199995,75.97223541900007],[-120.45368404899995,75.93402741100005],[-120.48900305899991,75.84707265800006],[-120.38744055899991,75.80670807500007],[-120.25967363199993,75.83274974200003],[-120.16087805899991,75.89834219000005],[-120.04434160099993,75.84267812700006],[-119.86294511599993,75.85911692900004],[-119.70201575399994,75.92177969000005],[-119.6070043609999,75.91693756700005],[-119.70323645699995,75.94428131700005],[-119.63532467399995,75.99555084800005],[-119.48595130099994,75.97492096600007],[-119.48827465449371,76.0],[-119.0,76.0],[-118.13609125667655,76.0],[-118.17446855399993,75.97223541900007],[-118.62120520699995,75.92206452000005],[-118.99205481699994,75.76154205900008],[-119.3321020169999,75.66079336100006],[-119.40904700399994,75.60162995000007],[-118.61392167899993,75.50372955900008],[-118.20238196499992,75.60162995000007],[-118.27065995999993,75.61591217700004],[-118.0,75.71181608852211],[-118.0,75.0],[-117.0,75.0],[-116.0,75.0],[-115.89340882336211,75.0],[-115.71544348899994,74.97036367400005],[-115.58433997299994,74.99542877800008],[-115.5794971518634,75.0],[-115.18654749737794,75.0],[-115.05768795499989,74.96674225500004],[-114.85495879763184,75.0],[-114.0,75.0],[-114.0,74.80016327553429],[-114.43980872299994,74.68366120000007],[-114.39232337099992,74.63930898600006],[-114.17349199099993,74.56696198100008],[-114.0,74.5227368039506],[-114.0,74.0],[-113.0,74.0],[-112.0,74.0],[-111.0,74.0],[-111.0,74.61661518563642],[-110.58901933499993,74.72528717700004],[-110.66612708199995,74.79132721600007],[-110.34398352799991,74.79657623900005],[-110.31468665299991,74.80719635600008],[-110.41087805899991,74.82762278900003],[-110.30785071499992,74.85219961100006],[-110.06981360599991,74.82363515800006],[-109.88385982999995,74.87055084800005],[-109.53233801999994,74.86701080900008],[-109.38988196499992,74.90338776200008],[-109.41030839799993,74.90961334800005],[-109.35716712099992,74.94672272300005],[-108.9786122594773,75.0],[-108.54246783301582,75.0],[-108.51219641799992,74.97846100500004],[-108.80703691299993,74.98529694200005],[-108.41661536399994,74.91705963700008],[-107.94424394399994,74.93691640800006],[-108.01878821499992,74.95058828300006],[-107.94713294199994,74.97211334800005],[-107.97762346764327,75.0],[-107.7031267922101,75.0],[-107.68626868399991,74.98224518400008],[-107.23102779899995,74.92011139500005],[-107.0051977199999,74.92381419500003],[-106.76951501185692,75.0],[-106.0,75.0],[-106.0,75.12936085136727],[-105.83950761599993,75.18329498900005],[-105.93944251199991,75.21466705900008],[-105.88451087099992,75.26650625200006],[-105.66136633999992,75.35521067900004],[-105.7090551419999,75.41974518400008],[-105.59312903599994,75.46507396000004],[-105.7508031889999,75.49237702000005],[-105.49364173099991,75.56549713700008],[-105.46336829299992,75.61591217700004],[-105.39513098899994,75.64325592700004],[-105.46336829299992,75.73261139500005],[-105.42243404899995,75.74567291900007],[-105.46654212099992,75.85773346600007],[-105.60680091099994,75.93744538000004],[-105.75991777299993,75.99017975500004],[-106.33983313699991,76.06159088700008],[-106.63174394399994,76.05853913000004],[-106.78454923037268,76.0],[-107.0,76.0],[-107.65970347183006,76.0],[-107.73070227799991,76.03900788000004],[-107.88902747299994,76.06777578300006],[-108.0,76.06280995666471],[-108.0,77.0],[-109.0,77.0],[-110.0,77.0],[-110.0,77.9313471280779],[-109.78685462099992,77.94977448100008],[-109.67625891799992,77.97699616100005],[-109.58153235599991,78.05410390800006],[-109.69717363199993,78.09735748900005],[-110.0,78.09928856286633],[-110.0,78.3245005528852],[-109.96043860599991,78.32908763200004],[-109.82323157499991,78.29539622600004],[-109.40868079299992,78.30988190300008],[-109.32510331899994,78.37384674700007],[-109.35570227799991,78.39105866100005],[-109.31411699099993,78.41087474200003],[-109.33433997299994,78.42837148600006],[-109.25951087099992,78.45929596600007],[-109.26646887899994,78.49359772300005],[-109.3196508449999,78.49579498900005],[-109.40689042899993,78.55902741100005],[-109.8401586579999,78.63629791900007],[-109.88727779899995,78.67593008000006],[-110.0,78.6948162760742],[-110.0,79.0],[-111.0,79.0],[-112.0,79.0],[-112.0,78.55337774281162],[-112.15005449099993,78.55703359600005],[-112.68203691299993,78.49827708500004],[-113.21422278599994,78.40656159100007],[-113.2207738919999,78.36371491100005],[-113.33617102799991,78.33637116100005],[-113.24828040299991,78.28497955900008],[-113.06151282499991,78.27435944200005],[-112.17552649599992,78.37738678600005]],[[-104.0,75.05415267093154],[-104.0,75.0],[-103.0,75.0],[-103.0,75.76931872193825],[-102.6048070949999,75.77260976800005],[-102.50450598899994,75.79905833500004],[-102.38866126199991,75.89036692900004],[-101.98131262899994,75.95172760600008],[-102.21467037699995,75.99266185100004],[-103.0,75.91083423041144],[-103.0,75.95326765986711],[-102.35594641799992,76.01312897300005],[-102.31851152299993,76.04413483300004],[-102.44383704299992,76.08991120000007],[-103.11302649599992,76.05036041900007],[-103.39810082550935,76.0],[-104.0,76.0],[-104.0,75.40653780959761],[-104.1309301419999,75.43561432500007],[-104.40322831899994,75.43260325700004],[-104.70225989499994,75.33315664300005],[-104.77065995999993,75.27952708500004],[-104.6887914699999,75.26650625200006],[-104.92955481699994,75.14109935100004],[-104.59585527299993,75.04946523600006],[-104.22948157499991,75.01886627800008],[-104.0,75.05415267093154]],[[-104.0,76.04811871854581],[-103.81143144399994,76.03363678600005],[-102.83763587099992,76.08063385600008],[-102.62621008999992,76.15717194200005],[-102.53062903599994,76.15717194200005],[-102.5852758449999,76.18447500200006],[-102.54157467399995,76.23135000200006],[-102.7266332669999,76.31561920800004],[-104.0,76.23778908978927],[-104.0,76.3273496903164],[-103.3362524079999,76.33173248900005],[-103.01040605399993,76.42348867400005],[-103.07005774599992,76.46458567900004],[-103.23424231699994,76.47361888200004],[-103.24937903599994,76.50657786700003],[-103.57974199099993,76.52684153900003],[-103.5579320949999,76.56806061400005],[-103.79613196499992,76.62311432500007],[-103.88296464799993,76.57786692900004],[-104.0,76.57131664576279],[-104.0,76.59945449720935],[-103.92471269399994,76.64008209800005],[-104.0,76.66298096519681],[-104.0,77.0],[-105.0,77.0],[-105.0,76.0],[-104.0,76.0],[-104.0,76.04811871854581]],[[-105.0,77.17320602529456],[-104.79116777299993,77.10993073100008],[-104.4500219389999,77.15176015800006],[-104.37108313699991,77.23476797100005],[-104.39720618399991,77.27326080900008],[-104.47647050699993,77.28742096600007],[-104.42125403599994,77.30792877800008],[-104.74852454299992,77.41766998900005],[-105.0,77.41479926443543],[-105.0,77.46384236088872],[-104.95201575399994,77.48700592700004],[-104.99608313699991,77.53709544500003],[-105.0,77.53851707229563],[-105.0,78.0],[-106.0,78.0],[-106.0,77.74901569382102],[-106.09365800699993,77.72964101800005],[-106.0,77.6885720583992],[-106.0,77.0],[-105.0,77.0],[-105.0,77.17320602529456]],[[-104.0,78.0],[-103.0,78.0],[-102.0,78.0],[-101.0,78.0],[-100.8020315521529,78.0],[-100.61628170499995,77.90062083500004],[-100.61001542899993,77.86395905200004],[-99.93858801999994,77.78290436400005],[-99.79674231699994,77.81940338700008],[-99.18224036399994,77.84369538000004],[-99.02904212099992,77.88271719000005],[-99.10383053299995,77.96588776200008],[-98.97008216099994,78.00405508000006],[-98.94615637899994,78.06891510600008],[-99.0,78.08484442547483],[-99.0,79.0],[-100.0,79.0],[-101.0,79.0],[-101.38001864621313,79.0],[-101.64842688699991,79.08100006700005],[-101.91030839799993,79.09121328300006],[-102.42076575399994,79.01422760600008],[-102.40842535842756,79.0],[-102.65906918439356,79.0],[-102.61876380099994,79.09674713700008],[-102.89370683499993,79.17186107000003],[-102.92784583199995,79.21344635600008],[-102.87946529899995,79.23330312700006],[-103.72158769399994,79.36334870000007],[-105.15684973899994,79.29987213700008],[-105.45689856699994,79.32929108300004],[-105.48387610599991,79.30219147300005],[-105.42552649599992,79.28510163000004],[-105.56078040299991,79.23550039300005],[-105.62783769399994,79.16502513200004],[-105.60704505099994,79.05540599200003],[-105.56346594999991,79.02594635600008],[-105.40249589799993,79.01288483300004],[-104.95335852799991,79.05385976800005],[-104.6785375639999,79.01113515800006],[-104.69980605879536,79.0],[-105.0,79.0],[-105.0,78.84283293208472],[-105.03184973899994,78.82615794500003],[-105.0,78.81448988292053],[-105.0,78.51973681991683],[-105.04637610599991,78.50478750200006],[-105.0,78.45018772550871],[-105.0,78.0],[-104.0,78.0]],[[-136.00626708499993,69.09028059900004],[-136.0668381819999,69.12853045500003],[-136.24774165299993,69.17172226500008],[-136.17731438999994,69.11649350700003],[-136.22191015599992,69.10568475800005],[-136.00626708499993,69.09028059900004]],[[-124.95921790299991,70.16754791900007],[-125.08458411399994,70.16486237200007],[-125.12368730399993,70.12661367400005],[-125.06615149599992,70.12079498900005],[-125.09634355399993,70.14020416900007],[-125.00780188699991,70.13617584800005],[-124.95921790299991,70.16754791900007]],[[-149.23627682199992,70.55329010600008],[-149.31318111899992,70.54486725500004],[-149.01569576699993,70.48493073100008],[-148.8196915359999,70.46979401200008],[-149.23627682199992,70.55329010600008]],[[-128.3444718089999,70.54486725500004],[-128.24205481699994,70.57160065300008],[-128.2412817049999,70.59943268400008],[-128.1370336579999,70.57538483300004],[-128.08372962099992,70.61318594000005],[-128.2346085279999,70.66095612200007],[-128.3444718089999,70.54486725500004]],[[-125.90908769399994,71.96434153900003],[-125.99693762899994,71.97703685100004],[-125.98843339799993,71.97040436400005],[-125.90908769399994,71.96434153900003]],[[-120.99111894399994,75.76300690300008],[-120.9024145169999,75.82510000200006],[-120.86827551999994,75.91693756700005],[-120.99795488199993,75.93060944200005],[-121.04369055899991,75.90827057500007],[-120.99795488199993,75.86981842700004],[-121.02261308499993,75.82347239800004],[-121.29344641799992,75.75995514500005],[-121.0921117829999,75.73411692900004],[-120.99111894399994,75.76300690300008]],[[-102.49889075399994,77.78237539300005],[-102.41331946499992,77.76044342700004],[-102.44871985599991,77.73993561400005],[-101.7905981109999,77.67938873900005],[-101.55797278599994,77.73069896000004],[-100.93199622299994,77.74453359600005],[-101.21434485599991,77.84072500200006],[-101.72520911399994,77.90648021000004],[-102.44847571499992,77.88129303600005],[-102.53062903599994,77.83612702000005],[-102.49889075399994,77.78237539300005]],[[-114.32725989499994,78.08079661700003],[-114.67967688699991,78.03449127800008],[-114.79507402299993,77.98285553600005],[-115.11823482999989,77.95966217700004],[-114.51610266799992,77.76044342700004],[-114.65269934799994,77.76788971600007],[-114.62132727799991,77.75682200700004],[-114.30068925699993,77.71328359600005],[-114.16258704299992,77.70673248900005],[-113.57701575399994,77.81500885600008],[-113.73729407499991,77.90167877800008],[-113.95132402299993,77.91885000200006],[-114.11461341099994,78.00043366100005],[-114.25780188699991,77.98944733300004],[-114.35098222599993,78.03473541900007],[-114.2827856109999,78.06207916900007],[-114.32725989499994,78.08079661700003]],[[-97.50304114499994,74.62303294500003],[-97.79478919199994,74.49188873900005],[-97.63621985599991,74.45994700700004],[-97.37706458199995,74.51235586100006],[-97.26036536399994,74.59796784100007],[-97.50304114499994,74.62303294500003]],[[-95.34959876199991,74.49591705900008],[-95.25560462099992,74.51878489800004],[-95.36229407499991,74.59080638200004],[-95.56322180899991,74.64288971600007],[-95.7122289699999,74.63202545800004],[-95.75210527299993,74.61448802300004],[-95.73281816299993,74.58746979400007],[-95.87002519399994,74.58124420800004],[-95.7176000639999,74.53253815300008],[-95.34959876199991,74.49591705900008]]],[[[-110.9180395169999,75.23236725500004],[-111.0,75.22004525720001],[-111.0,75.25055460767976],[-110.9180395169999,75.23236725500004]]],[[[-86.0,76.0],[-86.0,75.53138378923825],[-86.1516820949999,75.50877513200004],[-86.0,75.48330531920968],[-86.0,75.4215751095088],[-86.61803137899994,75.36888255400004],[-86.36481686099995,75.43036530200004],[-86.57990475199995,75.47760651200008],[-86.77782141799992,75.47601959800005],[-87.0,75.54296407472388],[-87.0,76.0],[-86.0,76.0]]],[[[-110.0,76.0],[-110.0,75.90588555958168],[-110.05459550699993,75.89647044500003],[-110.0,75.88149181913076],[-110.0,75.5436123080277],[-110.06826738199993,75.54767487200007],[-110.41869055899991,75.53986237200007],[-110.51357988199993,75.57330963700008],[-111.0,75.53937647173086],[-111.0,76.0],[-112.0,76.0],[-112.0672245390474,76.0],[-112.11803137899994,76.01239655200004],[-112.36461341099994,76.03363678600005],[-112.52574622299994,76.12099844000005],[-112.42564856699994,76.17084381700005],[-112.75462805899991,76.20498281500005],[-112.9942113919999,76.27326080900008],[-113.0,76.27314504992724],[-113.0,77.0],[-112.0,77.0],[-111.0,77.0],[-110.0,77.0],[-110.0,76.47433955487098],[-110.3836156889999,76.43085358300004],[-110.39720618399991,76.39671458500004],[-110.32835852799991,76.34149811400005],[-110.3836156889999,76.30052317900004],[-110.14696204299992,76.27631256700005],[-110.0,76.22700591908166],[-110.0,76.0]]],[[[-91.17951412699995,77.39419179900005],[-91.0,77.33284539514607],[-91.0,77.0],[-92.0,77.0],[-93.0,77.0],[-93.0,78.0],[-92.0,78.0],[-91.0,78.0],[-91.0,77.64112964146878],[-91.16869055899991,77.61749909100007],[-91.20929928299995,77.57538483300004],[-91.18199622299994,77.54071686400005],[-91.20929928299995,77.52020905200004],[-91.16832434799994,77.45254140800006],[-91.20205644399994,77.41966380400004],[-91.17951412699995,77.39419179900005]]],[[[-88.49461829299992,77.11412181200006],[-88.54409745999993,77.10252513200004],[-88.39321855399993,77.10252513200004],[-88.8704356999667,77.0],[-89.0,77.0],[-90.0,77.0],[-90.0,77.22472920810374],[-89.79088294199994,77.27069733300004],[-89.65713456899994,77.32416413000004],[-89.66128495999993,77.35635000200006],[-89.71593176999994,77.37002187700006],[-89.69481360599991,77.39044830900008],[-89.71593176999994,77.45872630400004],[-89.77574622299994,77.48639557500007],[-90.0,77.54708311997952],[-90.0,78.0],[-89.0,78.0],[-88.0,78.0],[-88.0,77.82680208410794],[-88.04222571499992,77.82273997600004],[-88.2219539049999,77.86286041900007],[-88.1052546869999,77.81504954600007],[-88.23501542899993,77.77411530200004],[-88.15330969999991,77.74237702000005],[-88.21149654899995,77.65033600500004],[-88.0,77.60497440824514],[-88.0,77.1281615721075],[-88.49461829299992,77.11412181200006]]],[[[-95.1187231109999,78.45465729400007],[-95.46108964799993,78.51113515800006],[-95.69981848899994,78.52610911700003],[-95.90697180899991,78.48725006700005],[-96.0,78.49938462804643],[-96.0,79.0],[-95.0,79.0],[-94.16528698839183,79.0],[-94.29352779899995,78.98688385600008],[-93.8745824859999,78.83397044500003],[-93.5469457669999,78.83856842700004],[-93.03844153599994,78.76776764500005],[-93.16258704299992,78.73989492400005],[-93.56615149599992,78.78628164300005],[-93.81309973899994,78.76776764500005],[-93.53937740799995,78.67841217700004],[-93.37368730399993,78.68829987200007],[-93.34752356699994,78.67841217700004],[-93.47175045499995,78.65176015800006],[-93.28172766799992,78.59471263200004],[-93.0,78.62069201728602],[-93.0,78.0],[-94.0,78.0],[-95.0,78.0],[-95.00824559769971,78.0],[-94.88931230399993,78.06207916900007],[-94.92418372299994,78.08673737200007],[-94.88931230399993,78.10927969000005],[-95.10903886599993,78.19236888200004],[-95.40322831899994,78.23334381700005],[-94.82787024599992,78.36371491100005],[-95.1187231109999,78.45465729400007]]],[[[-78.99010169199994,56.262600002000056],[-79.0,56.24823030887109],[-79.0,56.38306168845303],[-78.98021399599992,56.39203522300005],[-78.99010169199994,56.262600002000056]]],[[[-65.27594298276979,63.0],[-65.25977691237313,63.0],[-65.12116451699995,62.92475006700005],[-65.14745032499991,62.98061758000006],[-65.12865149599992,62.99982330900008],[-65.08710689999992,62.94745514500005],[-65.0,62.91345226839457],[-65.0,62.70673310392768],[-65.19013424399992,62.87689850500004],[-65.18329830599993,62.92129140800006],[-65.28526770699995,62.984076239000046],[-65.27594298276979,63.0]]],[[[-91.9429418609999,62.541083075000074],[-91.88805091099994,62.620428778000075],[-91.96800696499992,62.65501536700003],[-92.0,62.65746990349239],[-92.0,62.86050397825762],[-91.39427649599992,62.786810614000046],[-91.35387122299994,62.801214911000045],[-91.42218990799995,62.822251695000034],[-91.31240800699993,62.830511786000045],[-91.03111731699994,62.95140208500004],[-90.78380286399994,62.94505442900004],[-90.72329667899993,62.973089911000045],[-90.75365149599992,62.99982330900008],[-90.75328571053193,63.0],[-90.0,63.0],[-90.0,63.77902530013979],[-89.97423255099994,63.778550523000035],[-89.96589107999995,63.813340562000064],[-90.0,63.83552424758454],[-90.0,63.987761087395185],[-89.99526933499993,63.989569403000075],[-89.95230058499993,63.963731187000064],[-89.99644934799994,63.932074286000045],[-89.95921790299991,63.918402411000045],[-89.81334387899994,63.94603099200003],[-89.83901933499993,63.98802317900004],[-89.90835684362065,64.0],[-89.56229904248724,64.0],[-89.48253333199995,63.95258209800005],[-89.5477947816004,64.0],[-89.30842792488761,64.0],[-89.24974524599992,63.96556224200003],[-89.27478077296752,64.0],[-89.23550570125288,64.0],[-89.12559973899994,63.96556224200003],[-89.14736894399994,63.95258209800005],[-89.04930579299992,63.94635651200008],[-89.02318274599992,63.95258209800005],[-89.08975175699993,63.96190013200004],[-89.13349440937264,64.0],[-89.01784704373414,64.0],[-89.0027563139999,63.993475653000075],[-88.9589730932556,64.0],[-88.86479785885327,64.0],[-88.73460852799991,63.972357489000046],[-88.65215837901164,64.0],[-88.0,64.0],[-87.0,64.0],[-87.0,65.0],[-86.22375659484504,65.0],[-86.15933183499993,64.93943919500003],[-86.21397864499994,64.89105866100005],[-86.17300370999993,64.82957591400003],[-86.23818925699993,64.81256745000007],[-86.41942298099991,64.59686920800004],[-86.38296464799993,64.54580312700006],[-86.40575110599991,64.43854401200008],[-86.34373938699991,64.41128164300005],[-86.37535559799994,64.37457916900007],[-86.36481686099995,64.30882396000004],[-86.29588782499991,64.26788971600007],[-86.29881751199991,64.21865469000005],[-86.19595292899993,64.16474030200004],[-86.19286048099991,64.10342031500005],[-86.89590410099993,63.93024323100008],[-87.17735755099994,63.73041413000004],[-87.22378495999993,63.660142320000034],[-87.17540442599994,63.58502838700008],[-87.12376868399991,63.56362539300005],[-86.86815344999991,63.561753648000035],[-86.63231360599991,63.66453685100004],[-86.21397864499994,63.65086497600004],[-86.0,63.6805308499371],[-86.0,63.0],[-85.0,63.0],[-84.0,63.0],[-84.0,62.0],[-83.0,62.0],[-82.0,62.0],[-82.0,62.682272209855206],[-81.93980872299994,62.71161530200004],[-81.92373613199993,62.74591705900008],[-81.96475175699993,62.801214911000045],[-81.86237545499995,62.92475006700005],[-82.0,62.95043975500396],[-82.0,63.0],[-81.0,63.0],[-81.0,63.45655301847059],[-80.98558508999992,63.45571523600006],[-80.93407141799992,63.47955963700008],[-80.91808020699995,63.53009674700007],[-80.5977270169999,63.63686758000006],[-80.46642005099994,63.72728099200003],[-80.18333899599992,63.767564195000034],[-80.20445716099994,63.81537506700005],[-80.6746313139999,63.89398834800005],[-80.70470130099994,63.918402411000045],[-80.57705644399994,63.89793528900003],[-80.4968969389999,63.917669989000046],[-80.54881751199991,63.93317291900007],[-80.52188066299993,63.96971263200004],[-80.54381262899994,63.98493073100008],[-80.69709225199995,64.01634349200003],[-80.88878333199995,64.12262604400007],[-80.95116126199991,64.13007233300004],[-80.93065344999991,64.10342031500005],[-80.97911536399994,64.06867096600007],[-80.90371660099993,64.01080963700008],[-80.93065344999991,63.993475653000075],[-81.40982011599993,64.08226146000004],[-81.39883378799993,64.10150788000004],[-81.45079505099994,64.08226146000004],[-81.43028723899994,64.05499909100007],[-81.45653235599991,64.03778717700004],[-81.97413795781661,64.0],[-81.99084233155607,64.0],[-81.9500219389999,64.06806061400005],[-81.60659745999993,64.13410065300008],[-81.60846920499995,64.20962148600006],[-81.77464758999992,64.30923086100006],[-81.75251217399995,64.38397858300004],[-81.77131100199995,64.51203034100007],[-82.0,64.63445290903778],[-82.0,65.0],[-83.0,65.0],[-83.0,66.0],[-83.0,66.20409548835396],[-82.90444902299993,66.26837799700007],[-83.0,66.27573462695466],[-83.0,66.55234022296025],[-82.99864661399994,66.55516185100004],[-82.59089107999995,66.57086823100008],[-82.55435136599993,66.62523021000004],[-82.3816625639999,66.69647858300004],[-82.37315833199995,66.72764720300006],[-82.15656490799995,66.71397532800006],[-82.17617753799993,66.78086985900006],[-82.0821020169999,66.83409251500007],[-82.09166419199994,66.85797760600008],[-82.01317298099991,66.90574778900003],[-82.03433183499993,66.92723216400003],[-81.95490475199995,66.97679271000004],[-81.52237693629954,67.0],[-81.0,67.0],[-81.0,68.0],[-81.0,69.0],[-81.0,69.73975195241806],[-80.9512426419999,69.71503327000005],[-80.79352779899995,69.74713776200008],[-80.7703344389999,69.78229401200008],[-81.0,69.87742082279615],[-81.0,70.0],[-80.38690500707396,70.0],[-80.3665258449999,69.99404531500005],[-80.19057449324839,70.0],[-80.06433311652299,70.0],[-80.01154537699995,69.94562409100007],[-80.0,69.94972644139925],[-80.0,69.73733224143294],[-80.06541907499991,69.75429922100005],[-80.15029863199993,69.72337474200003],[-80.12254798099991,69.75971100500004],[-80.20604407499991,69.80068594000005],[-80.50064042899993,69.78742096600007],[-80.46117102799991,69.73444245000007],[-80.3758031889999,69.71503327000005],[-80.42418372299994,69.70197174700007],[-80.40274003799993,69.67015208500004],[-80.49380449099993,69.72760651200008],[-80.71837317599994,69.75600820500006],[-80.81403561099995,69.69452545800004],[-80.76065019399994,69.66795482000003],[-80.49681555899991,69.66754791900007],[-80.35155188699991,69.61603424700007],[-80.33421790299991,69.55805084800005],[-80.23802649599992,69.62628815300008],[-80.21035722599993,69.61871979400007],[-80.23062089799993,69.54083893400008],[-80.0,69.50038622449114],[-80.0,69.0],[-79.29400597745276,69.0],[-79.32583574099993,68.96991608300004],[-79.42300370999993,68.92739492400005],[-79.38817298099991,68.90696849200003],[-79.39671790299991,68.86322663000004],[-79.26817786399994,68.83226146000004],[-78.84658769399994,68.90790436400005],[-78.70693210717718,69.0],[-78.0,69.0],[-77.0,69.0],[-77.0,68.04930527245571],[-77.2122289699999,67.87042877800008],[-77.32266191299993,67.70799388200004],[-77.22329667899993,67.54328034100007],[-77.25804602799991,67.52277252800008],[-77.25059973899994,67.45384349200003],[-77.17804928299995,67.42552317900004],[-77.07591712099992,67.28628164300005],[-77.0,67.25171136259736],[-77.0,67.0],[-76.0,67.0],[-75.0,67.0],[-75.0,68.0],[-74.77292602815292,68.0],[-74.77013098899994,67.96417877800008],[-74.64024817599994,67.85667552300004],[-74.40233313699991,67.77887604400007],[-73.4094945949999,67.77602773600006],[-73.35826575399994,67.83808014500005],[-73.40607662699995,67.86196523600006],[-73.43342037699995,67.93427155200004],[-73.41291256399995,67.96841054900005],[-73.44615637899994,67.99298737200007],[-73.52429877728484,68.0],[-73.0,68.0],[-73.0,67.0],[-74.0,67.0],[-74.0,66.32913748534276],[-74.34540768099993,66.22581614800004],[-74.47215735599991,66.14858633000006],[-74.42035885299993,66.08344147300005],[-74.27123194303657,66.0],[-75.0,66.0],[-75.0,65.39298347376263],[-75.10505123599995,65.39614492400005],[-75.08397376199991,65.30272044500003],[-75.19318600199995,65.25629303600005],[-75.54979407499991,65.27708567900004],[-75.62055416599992,65.34341054900005],[-75.71540279899995,65.30878327000005],[-75.94908606699994,65.32245514500005],[-75.90815182199992,65.26097239800004],[-75.75072180899991,65.23639557500007],[-75.70893307199992,65.21381256700005],[-75.71821041599992,65.19155508000006],[-75.56212317599994,65.16893138200004],[-75.36314856699994,65.00763580900008],[-75.27021236899992,65.04938385600008],[-75.25389563699991,65.10862864800004],[-75.19871985599991,65.10569896000004],[-75.19493567599994,65.07265859600005],[-75.29051673099991,65.00092194200005],[-75.2899297299159,65.0],[-75.4331999205476,65.0],[-75.4407445949999,65.00771719000005],[-75.41864986899992,65.03046295800004],[-75.52391516799992,65.11009349200003],[-75.73932857999995,65.15916575700004],[-75.75731360599991,65.21381256700005],[-75.79792232999995,65.23232656500005],[-76.67686926999994,65.41107819200005],[-77.08954830599993,65.41600169500003],[-77.27179928299995,65.45962148600006],[-77.2363988919999,65.47386302300004],[-77.39159094999991,65.47308991100005],[-77.43565833199995,65.45962148600006],[-77.29169674399992,65.38141510600008],[-77.45612545499995,65.38507721600007],[-77.51414954299992,65.32611725500004],[-77.31281490799995,65.20014069200005],[-77.48643958199995,65.14809804900005],[-77.62946529899995,65.14842357000003],[-77.96361243399991,65.05194733300004],[-78.12059485599991,64.97418854400007],[-78.14557857999995,64.95184967700004],[-78.1328832669999,64.90371328300006],[-78.06562252499992,64.85008372600004],[-78.07310950399994,64.81590403900003],[-78.17463131399995,64.76805247600004],[-78.18297278599994,64.72589752800008],[-78.29902096299992,64.70673248900005],[-78.15562903599994,64.69928620000007],[-78.1966039699999,64.65143463700008],[-78.12836666599992,64.59003327000005],[-78.18219967399995,64.57965729400007],[-78.06562252499992,64.54157135600008],[-78.0774633449999,64.51727936400005],[-78.0,64.4802201952244],[-78.0,64.43831162054732],[-78.01097571499992,64.42820872600004],[-78.0,64.42782440128427],[-78.0,64.0],[-78.0,63.48192547675845],[-78.18635006399995,63.49323151200008],[-78.37981091199993,63.455132752000054],[-78.44054470599991,63.51938713000004],[-78.54427181499995,63.44918435000005],[-78.50918535099993,63.374986070000034],[-78.0,63.11714470091103],[-78.0,63.0],[-78.0,62.580625792075395],[-78.1133520169999,62.574652411000045],[-78.0,62.563813534878285],[-78.0,62.39788817815843],[-78.02403723899994,62.391791083000044],[-78.15489661399994,62.297308661000045],[-78.13695227799991,62.01349518400008],[-78.09398352799991,61.97687409100007],[-78.08482825399994,61.88804759300007],[-78.0,61.73352731998892],[-78.0,61.0],[-78.0,60.97057239826982],[-78.16551673099991,60.868353583000044],[-78.19652258999992,60.792669989000046],[-78.0,60.822884255036264],[-78.0,60.0],[-78.0,59.240732638342],[-78.10655676999994,59.20990631700005],[-78.08665930899991,59.161444403000075],[-78.1555883449999,59.15521881700005],[-78.13141842399995,59.10789622600004],[-78.22325598899994,59.10809967700004],[-78.21003170499995,59.05345286700003],[-78.28526770699995,59.052801825000074],[-78.2793676419999,59.01715729400007],[-78.30647237168102,59.0],[-79.0,59.0],[-79.0,58.0],[-78.0,58.0],[-77.1308657154194,58.0],[-77.0,57.86819336881017],[-77.0,57.0],[-77.0,56.0],[-78.0,56.0],[-78.96578263847518,56.0],[-78.93639075399994,56.02448151200008],[-79.0,56.01760585233604],[-79.0,56.01901783623305],[-78.95067298099991,56.037543036000045],[-78.95067298099991,56.07851797100005],[-79.0,56.063197428146076],[-79.0,56.22135667408459],[-78.95750891799992,56.277411200000074],[-78.88182532499991,56.32558828300006],[-78.95221920499995,56.32245514500005],[-78.90904700399994,56.345404364000046],[-78.93614661399994,56.43024323100008],[-79.0,56.43377281505043],[-79.0,57.0],[-80.0,57.0],[-80.0,56.31432395946183],[-80.0598852199999,56.30442942900004],[-80.10496985599991,56.200506903000075],[-80.0,56.20178456303915],[-80.0,56.0],[-85.0,56.0],[-86.0,56.0],[-87.0,56.0],[-87.35579743224372,56.0],[-87.35513261599993,56.003607489000046],[-87.48827063699991,56.01703522300005],[-87.5008031889999,56.04486725500004],[-87.57900956899994,56.046210028000075],[-87.61856035099993,56.00275299700007],[-87.58922278599994,56.07982005400004],[-87.7090551419999,56.16002024900007],[-87.97956295499995,56.44285716400003],[-88.0,56.44871959323535],[-88.0,57.0],[-89.0,57.0],[-89.9331255811364,57.0],[-89.9629613919999,57.003973700000074],[-90.40929114499994,57.187486070000034],[-90.58551998599995,57.22992584800005],[-91.03111731699994,57.26463450700004],[-92.0,57.06704909531116],[-92.0,58.0],[-92.78943749420169,58.0],[-92.80776933499993,58.07575104400007],[-93.0,58.341945170658754],[-93.0,59.0],[-94.0,59.0],[-94.72053462007027,59.0],[-94.72370357999995,59.00421784100007],[-94.8074438139999,59.01813385600008],[-94.8040258449999,59.06305573100008],[-94.99917558499993,59.052801825000074],[-94.96727454299992,59.085923570000034],[-94.79312089799993,59.093817450000074],[-94.77220618399991,59.298041083000044],[-94.66014563699991,59.35875071800007],[-94.73851477799991,59.347723700000074],[-94.72423255099994,59.44383372600004],[-94.79312089799993,59.525824286000045],[-94.75902258999992,59.56675853100006],[-94.82188880099994,59.65033600500004],[-94.77330481699994,59.78961823100008],[-94.82135982999995,59.948106187000064],[-94.80429885005299,60.0],[-94.0,60.0],[-94.0,61.0],[-93.0,61.0],[-93.0,61.86681719012534],[-92.96397864499994,61.88939036700003],[-93.0,61.90642072558783],[-93.0,62.0],[-92.0,62.0],[-92.0,62.53295301910085],[-91.98346920499995,62.53160228100006],[-91.9429418609999,62.541083075000074]],[[-92.85066130099995,61.947699207000085],[-92.87496630999993,61.93867827000008],[-92.77187474599992,61.93505477800005],[-92.85066130099995,61.947699207000085]],[[-91.6707250639999,62.67104726800005],[-91.68907630099994,62.67084381700005],[-91.57510331899994,62.62441640800006],[-91.6707250639999,62.67104726800005]],[[-91.27135169199994,62.69196198100008],[-90.98399817599994,62.66400788000004],[-91.04482988199993,62.68256256700005],[-91.27135169199994,62.69196198100008]],[[-78.67076575399994,56.443060614000046],[-78.75763912699995,56.434800523000035],[-78.82502193899995,56.35834381700005],[-78.82896887899994,56.26902903900003],[-78.93639075399994,56.11945221600007],[-78.67568925699993,56.18154531500005],[-78.65526282499991,56.23615143400008],[-78.67076575399994,56.443060614000046]],[[-78.75300045499995,56.65729401200008],[-78.73989824099993,56.66697825700004],[-78.85094153599994,56.67267487200007],[-78.75300045499995,56.65729401200008]],[[-78.38101152299993,57.32880280200004],[-78.48078365799995,57.291449286000045],[-78.41539466099994,57.279282945000034],[-78.33649654899995,57.30516185100004],[-78.38101152299993,57.32880280200004]],[[-78.41706295499995,57.36497630400004],[-78.51699785099993,57.35602448100008],[-78.49974524599992,57.35036855700008],[-78.41706295499995,57.36497630400004]],[[-79.77993730399993,57.527777411000045],[-79.81167558499993,57.485256252000056],[-79.85098222599993,57.48651764500005],[-79.79295813699991,57.42853424700007],[-79.77993730399993,57.511053778000075],[-79.72276770699995,57.50189850500004],[-79.69640051999994,57.52948639500005],[-79.73717200399994,57.62201569200005],[-79.82567298099991,57.539048570000034],[-79.77993730399993,57.527777411000045]],[[-78.50580807199992,57.539129950000074],[-78.54072018099993,57.54323965100008],[-78.54413814999992,57.537949937000064],[-78.52574622299994,57.52476634300007],[-78.50580807199992,57.539129950000074]],[[-79.64671790299991,57.90131256700005],[-79.64834550699993,57.91856517100007],[-79.65367591099994,57.91311269700003],[-79.64671790299991,57.90131256700005]],[[-80.75816809799994,58.41978587400007],[-80.8105769519999,58.41120026200008],[-80.7988582019999,58.41079336100006],[-80.75816809799994,58.41978587400007]],[[-80.60789954299992,59.04987213700008],[-80.57994544199994,59.05723704600007],[-80.59048417899993,59.06468333500004],[-80.60789954299992,59.04987213700008]],[[-80.58287512899994,59.09833405200004],[-80.53856360599991,59.09467194200005],[-80.56993567599994,59.10561758000006],[-80.58287512899994,59.09833405200004]],[[-80.62417558499993,59.26357656500005],[-80.63666744699992,59.23655833500004],[-80.61465410099993,59.25214264500005],[-80.62417558499993,59.26357656500005]],[[-80.42731686099995,59.252061265000066],[-80.40420488199993,59.27240631700005],[-80.41470292899993,59.27138906500005],[-80.42731686099995,59.252061265000066]],[[-80.60073808499993,59.28204987200007],[-80.57453365799995,59.288723049000055],[-80.5847875639999,59.30056386900009],[-80.6291804679999,59.29446035400008],[-80.60073808499993,59.28204987200007]],[[-80.30231686099995,59.39362213700008],[-80.31794186099995,59.37877024900007],[-80.29161536399994,59.39162832200003],[-80.30231686099995,59.39362213700008]],[[-80.25934811099995,59.37604401200008],[-80.2551570299999,59.414129950000074],[-80.27627519399994,59.39976634300007],[-80.25934811099995,59.37604401200008]],[[-80.54222571499992,59.37132396000004],[-80.46715247299994,59.46466705900008],[-80.4707738919999,59.49103424700007],[-80.55329342399995,59.450100002000056],[-80.51915442599994,59.44383372600004],[-80.54222571499992,59.37132396000004]],[[-80.67426510299993,59.461004950000074],[-80.67084713399993,59.46133047100005],[-80.62181555899991,59.49677155200004],[-80.67426510299993,59.461004950000074]],[[-80.29649817599994,59.57562897300005],[-80.3386531239999,59.54710521000004],[-80.30060787699995,59.563747463000084],[-80.29649817599994,59.57562897300005]],[[-80.51854407499991,59.69472890800006],[-80.58055579299992,59.669256903000075],[-80.58824622299994,59.66156647300005],[-80.55150305899991,59.64940013200004],[-80.51854407499991,59.69472890800006]],[[-80.30003821499992,59.676662502000056],[-80.34219316299993,59.619574286000045],[-80.25617428299995,59.62669505400004],[-80.15607662699995,59.682847398000035],[-80.1492406889999,59.710150458000044],[-80.22496497299994,59.73126862200007],[-80.2454320949999,59.676662502000056],[-80.30003821499992,59.676662502000056]],[[-80.44367428299995,59.64817942900004],[-80.37026933499993,59.70872630400004],[-80.43871008999992,59.677435614000046],[-80.44367428299995,59.64817942900004]],[[-80.04295813699991,59.87775299700007],[-80.12877356699994,59.827460028000075],[-80.17983964799993,59.74876536700003],[-80.07315019399994,59.802069403000075],[-80.10826575399994,59.76479726800005],[-80.01891028599994,59.77220286700003],[-79.88170325399994,59.861029364000046],[-80.04295813699991,59.87775299700007]],[[-79.8875219389999,59.88239166900007],[-79.88255774599992,59.87958405200004],[-79.87421627499992,59.89431386900009],[-79.8875219389999,59.88239166900007]],[[-79.91527258999992,59.92531972900008],[-79.92174231699994,59.92942942900004],[-79.94090735599991,59.90574778900003],[-79.91527258999992,59.92531972900008]],[[-79.86440995999993,59.934027411000045],[-79.83934485599991,59.95840078300006],[-79.89789791599992,59.905137437000064],[-79.86440995999993,59.934027411000045]],[[-78.24372311099995,60.834865627000056],[-78.61607825399994,60.77643463700008],[-78.69611568899995,60.714097398000035],[-78.27847245999993,60.772772528000075],[-78.34056555899991,60.772772528000075],[-78.22325598899994,60.81313711100006],[-78.24372311099995,60.834865627000056]],[[-80.18039832699992,61.77425658900006],[-79.9500219389999,61.683294989000046],[-79.85440019399994,61.58218008000006],[-79.75885982999995,61.58218008000006],[-79.5633073759999,61.74239703500007],[-79.51829993399991,61.848089911000045],[-79.38638261599993,62.00218333500004],[-79.32599850199995,61.98843008000006],[-79.32774817599994,62.07046133000006],[-79.26952063699991,62.14520905200004],[-79.28246008999992,62.26992422100005],[-79.53970292899993,62.417629299000055],[-79.55858313699991,62.42039622600004],[-79.61107337099992,62.417629299000055],[-79.70360266799992,62.376654364000046],[-79.72398841099994,62.40289948100008],[-79.83079993399991,62.41079336100006],[-79.9345649139999,62.378049640000086],[-80.21497305199995,62.137658473000045],[-80.28555253799993,61.93036530200004],[-80.26109121799993,61.856298441000035],[-80.18039832699992,61.77425658900006]],[[-81.4688207669999,64.19155508000006],[-81.38255774599992,64.21320221600007],[-81.44204667899993,64.23822663000004],[-81.53677324099993,64.22321198100008],[-81.4688207669999,64.19155508000006]],[[-79.18346106699994,68.22166575700004],[-79.0442602199999,68.16620514500005],[-78.82998613199993,68.25267161700003],[-78.81041419199994,68.28449127800008],[-78.94131425699993,68.35358307500007],[-79.15611731699994,68.34454987200007],[-79.18321692599994,68.31907786700003],[-79.18346106699994,68.22166575700004]],[[-78.97057044199994,68.47492096600007],[-78.78408769399994,68.44586823100008],[-78.61424719999991,68.50629303600005],[-78.72419186099995,68.52334219000005],[-78.65664628799993,68.56313711100006],[-78.50527910099993,68.54547760600008],[-78.46344967399995,68.61953359600005],[-78.88630123599995,68.65888092700004],[-78.66885331899994,68.58478424700007],[-78.93553626199991,68.52187734600005],[-78.97057044199994,68.47492096600007]],[[-80.07100557699994,69.38358312400004],[-80.12426368799993,69.39333197700006],[-80.20103765899995,69.42770454600003],[-80.20770979399992,69.40806662800009],[-80.13129082599994,69.36250101400003],[-80.07100557699994,69.38358312400004]],[[-78.00544186099995,56.28929271000004],[-78.00389563699991,56.30109284100007],[-78.08088131399995,56.29014720300006],[-78.00544186099995,56.28929271000004]],[[-77.84984290299991,56.31525299700007],[-77.94896399599992,56.313381252000056],[-77.98009192599994,56.28660716400003],[-77.88463294199994,56.30353424700007],[-77.84984290299991,56.31525299700007]],[[-77.77940833199995,56.34434642100007],[-77.78050696499992,56.32575104400007],[-77.76207434799994,56.33771393400008],[-77.77940833199995,56.34434642100007]],[[-77.74673417899993,56.370347398000035],[-77.75446529899995,56.36741771000004],[-77.7520238919999,56.35923899900007],[-77.74673417899993,56.370347398000035]],[[-77.77452551999994,56.37950267100007],[-77.7976374989999,56.36538320500006],[-77.7637426419999,56.36367422100005],[-77.77452551999994,56.37950267100007]],[[-77.53701738199993,56.39704010600008],[-77.53538977799991,56.37954336100006],[-77.50255286399994,56.38646067900004],[-77.48704993399991,56.44212474200003],[-77.53701738199993,56.39704010600008]],[[-78.06338456899994,56.54645416900007],[-78.0581355459999,56.54104238500008],[-78.05243893099993,56.54604726800005],[-78.06338456899994,56.54645416900007]],[[-78.11742102799991,56.56948476800005],[-78.12022864499994,56.563788153000075],[-78.09508216099994,56.56797923400006],[-78.11742102799991,56.56948476800005]],[[-78.4338679679999,56.69969310100004],[-78.34760494699992,56.69086334800005],[-78.42524166599992,56.705064195000034],[-78.4338679679999,56.69969310100004]],[[-78.32555091099994,57.20766836100006],[-78.38194739499994,57.17446523600006],[-78.32433020699995,57.171861070000034],[-78.26838131399995,57.19863515800006],[-78.32555091099994,57.20766836100006]],[[-78.16572018099993,60.750881252000056],[-78.08161373599995,60.77737051000008],[-78.12165279899995,60.78733958500004],[-78.16572018099993,60.750881252000056]]],[[[-83.13090893412374,64.0],[-83.08454342399995,63.958197333000044],[-82.86864173099991,63.98680247600004],[-82.53392493399991,63.97304922100005],[-82.37092037699995,63.91303131700005],[-82.3762914699999,63.82843659100007],[-82.51773027299993,63.796576239000046],[-82.55093339799993,63.75731028900003],[-82.4817602199999,63.685207424000055],[-82.31891842399995,63.659409898000035],[-82.28750566299993,63.68504466400003],[-82.26016191299993,63.66453685100004],[-82.07461503799993,63.691839911000045],[-82.0,63.66864990610833],[-82.0,63.0],[-83.0,63.0],[-84.0,63.0],[-84.0,63.65631720899452],[-83.78392493399991,63.76850006700005],[-83.63377844999991,63.77098216400003],[-83.59593665299991,63.82221100500004],[-83.6511938139999,63.86937083500004],[-83.60456295499995,63.93036530200004],[-83.67172641641851,64.0],[-83.13090893412374,64.0]]],[[[-72.00837154899995,63.753973700000074],[-72.0,63.76040171144327],[-72.0,63.75431870423802],[-72.00837154899995,63.753973700000074]]],[[[-66.91681881399995,65.04930247600004],[-66.81135006399995,65.06256745000007],[-66.79271399599992,65.09027741100005],[-66.8274633449999,65.09027741100005],[-66.75877844999991,65.11570872600004],[-66.72504635299993,65.18585846600007],[-66.83702551999994,65.14590078300006],[-66.90623938699991,65.07123444200005],[-67.0,65.067106260518],[-67.0,65.11009349200003],[-66.96153723899994,65.11009349200003],[-66.93732662699995,65.24115631700005],[-66.99449622299994,65.20132070500006],[-67.0,65.20508084289393],[-67.0,65.30720983298862],[-66.96784715399991,65.28303024200005],[-66.9029544359999,65.34502933500005],[-66.92456464799994,65.36489784500003],[-67.0,65.32796533347083],[-67.0,65.9682954195128],[-66.92946670399994,65.94983440500005],[-66.92157402999993,65.97527494600007],[-66.9638708889999,65.99697261600005],[-67.0,65.99676085714255],[-67.0,66.0],[-66.0,66.0],[-66.0,65.0],[-66.53882308199321,65.0],[-66.53937740799995,65.01337311400005],[-66.68219967399995,65.04417552300004],[-66.69404049399992,65.01772695500006],[-66.67747521993738,65.0],[-66.76388978922387,65.0],[-66.78648841099994,65.03506094000005],[-66.75922604099992,65.06915924700007],[-66.85126705599993,65.03611888200004],[-66.91681881399995,65.04930247600004]]],[[[-77.8335261709999,76.89085521000004],[-77.9023738269999,76.91819896000004],[-77.88923092399995,76.94977448100008],[-78.0,76.98990172451585],[-78.0,77.0],[-78.0,77.4820099467504],[-77.94212805899991,77.51341380400004],[-77.97647050699993,77.56024811400005],[-77.71621660099993,77.60960521000004],[-77.91274980399993,77.67503489800004],[-78.0,77.67686190480232],[-78.0,77.69921239219732],[-77.98745683499993,77.70246002800008],[-78.0,77.70842317212482],[-78.0,77.7460804338739],[-77.94212805899991,77.76048411700003],[-77.98070227799991,77.81671784100007],[-78.0,77.82078153120672],[-78.0,77.96400048045663],[-77.88052324099993,77.94273509300007],[-77.15379798099991,77.94867584800005],[-76.88068600199995,77.90501536700003],[-76.53897050699993,77.94566478100006],[-76.4638972649999,77.99095286700003],[-76.39443823659931,78.0],[-76.13164404052982,78.0],[-75.93399003799993,77.95860423400006],[-75.83961423618123,78.0],[-75.0,78.0],[-75.0,78.55412403874844],[-74.6325984369999,78.58966705900008],[-74.8728328119999,78.64427317900004],[-74.83185787699995,78.65794505400004],[-74.86628170499995,78.67711009300007],[-74.84487870999993,78.69896067900004],[-74.7219539049999,78.71263255400004],[-74.83185787699995,78.74730052300004],[-74.7629695299999,78.76780833500004],[-74.78620357999995,78.78270091400003],[-74.9063207669999,78.78831614800004],[-74.7776179679999,78.80548737200007],[-74.77375240799995,78.83482493700006],[-75.0,78.84935668750786],[-75.0,79.0],[-74.0,79.0],[-73.0,79.0],[-73.0,78.164317905372],[-73.05724036399994,78.15827057500007],[-73.0,78.15674723115838],[-73.0,78.0],[-72.31801252257104,78.0],[-72.22801673099991,77.95966217700004],[-72.24168860599991,77.93854401200008],[-72.0,77.90266241513248],[-72.0,77.44464027241155],[-72.23424231699994,77.45872630400004],[-72.57681230399993,77.41160716400003],[-72.09752356699994,77.33901601800005],[-72.13182532499991,77.32160065300008],[-72.0,77.31968451440022],[-72.0,77.0],[-71.30967564691724,77.0],[-71.09715735599991,76.93178945500006],[-71.12144934799994,76.95087311400005],[-71.08283443899995,76.96588776200008],[-70.67878170499995,76.93862539300005],[-70.98721269399994,76.89704010600008],[-70.52110755099994,76.78717682500007],[-70.05016028599994,76.89203522300005],[-70.0,76.91232907919539],[-70.0,76.84966235633877],[-70.10338294199994,76.80145905200004],[-70.0,76.77299753501731],[-70.0,76.57137463355421],[-70.0344945949999,76.56806061400005],[-70.0,76.56475199689721],[-70.0,76.0],[-69.0,76.0],[-68.0,76.0],[-67.25361717197029,76.0],[-67.09756425699993,75.98948802300004],[-66.48843339799993,75.90985748900005],[-66.45128333199995,75.92377350500004],[-66.66991138391509,76.0],[-66.0,76.0],[-65.0,76.0],[-64.0,76.0],[-63.0,76.0],[-62.0,76.0],[-61.0,76.0],[-60.114357278652584,76.0],[-60.139515753999945,75.98582591400003],[-59.98863684799994,75.96539948100008],[-60.01659094999991,75.93744538000004],[-59.9934789699999,75.92914459800005],[-59.755848761999914,75.97223541900007],[-59.59142005099994,75.91693756700005],[-59.796864386999914,75.84186432500007],[-59.81468665299991,75.81948476800005],[-59.77293860599991,75.80141836100006],[-59.640288865999935,75.81244538000004],[-59.50365149599992,75.86676666900007],[-59.27220618399991,75.88011302300004],[-59.139515753999945,75.84186432500007],[-59.30337480399993,75.81452057500007],[-59.22150631399995,75.80093008000006],[-59.282866990999935,75.76609935100004],[-59.098866339999915,75.77537669500003],[-59.05703691299993,75.74371979400007],[-59.07681230399993,75.71149323100008],[-59.04161536399994,75.70136139500005],[-59.0,75.7056586056575],[-59.0,75.0],[-58.0,75.0],[-58.0,74.0],[-57.0,74.0],[-57.0,73.0],[-56.0,73.0],[-56.0,72.76511408131556],[-56.000111456999946,72.76508209800005],[-56.0,72.76499838067002],[-56.0,72.74085084577463],[-56.22598222599993,72.70990631700005],[-56.17821204299992,72.66889069200005],[-56.062163865999935,72.65521881700005],[-56.0,72.65780257015554],[-56.0,72.0],[-56.0,71.0],[-55.0,71.0],[-55.0,70.482880055003],[-55.027455206999946,70.48627350500004],[-55.0,70.41765411194964],[-55.0,70.0],[-55.0,69.0],[-54.0,69.0],[-53.0,69.0],[-53.0,68.64407525678425],[-53.02574622299994,68.64248281500005],[-53.121937628999945,68.57111237200007],[-53.0,68.58681640696845],[-53.0,68.49319371704895],[-53.05060787699995,68.47858307500007],[-53.0,68.45433727730571],[-53.0,68.44005204818754],[-53.22500566299993,68.43390534100007],[-53.207915818999936,68.39980703300006],[-53.091786261999914,68.36102936400005],[-53.0,68.36594082657086],[-53.0,68.33654774522927],[-53.08849036399994,68.31785716400003],[-53.24791419199994,68.35285065300008],[-53.38947506399995,68.33152903900003],[-53.334868943999936,68.30418528900003],[-53.375843878999945,68.29677969000005],[-53.339507615999935,68.27187734600005],[-53.22008216099994,68.30939362200007],[-53.07359778599994,68.28754303600005],[-53.0,68.29721025452406],[-53.0,68.17637332016436],[-53.11481686099995,68.19863515800006],[-53.30797278599994,68.18650950700004],[-53.45775305899991,68.15277741100005],[-53.26598059799994,68.16705963700008],[-53.28400631399995,68.13007233300004],[-53.11156165299991,68.17841217700004],[-53.080962693999936,68.15961334800005],[-53.162953253999945,68.12604401200008],[-53.0,68.07042756992458],[-53.0,68.05032809726833],[-53.04124915299991,68.06305573100008],[-53.17658443899995,68.04608795800004],[-53.25914466099994,68.02301666900007],[-53.25914466099994,68.0],[-54.0,68.0],[-54.0,67.0],[-54.0,66.0],[-54.0,65.0],[-55.0,65.0],[-56.0,65.0],[-56.0,64.0],[-57.0,64.0],[-58.0,64.0],[-58.0,63.0],[-59.0,63.0],[-59.0,62.0],[-59.0,61.0],[-59.0,60.0],[-58.0,60.0],[-58.0,59.0],[-58.0,58.0],[-58.0,57.0],[-57.0,57.0],[-56.0,57.0],[-56.0,56.0],[-60.0,56.0],[-61.0,56.0],[-61.0,56.02237053645422],[-60.940663214999915,56.01894765800006],[-61.0,56.04028930855643],[-61.0,56.05056816254881],[-60.94078528599994,56.09218984600005],[-61.0,56.109834634610685],[-61.0,57.0],[-61.0,58.0],[-62.0,58.0],[-62.0,59.0],[-63.0,59.0],[-63.0,60.0],[-64.0,60.0],[-64.0,61.0],[-65.0,61.0],[-65.0,60.11791005313285],[-65.00104732999995,60.11627838700008],[-65.06309973899994,60.10431549700007],[-65.02497311099995,60.08075592700004],[-65.04605058499993,60.054754950000074],[-65.12857011599993,60.046576239000046],[-65.08664050259127,60.0],[-66.0,60.0],[-66.0,59.0],[-67.0,59.0],[-67.0,58.44292434659231],[-67.00617428299995,58.43650950700004],[-67.08063717399995,58.42218659100007],[-67.08690344999991,58.36277903900003],[-67.16022701699995,58.38023509300007],[-67.56786048099991,58.23041413000004],[-67.66242428299995,58.11595286700003],[-67.64183508999992,58.04913971600007],[-67.69642335138427,58.0],[-67.71676642391506,58.0],[-67.67027747299994,58.07212962400007],[-67.70173092399995,58.141465562000064],[-67.64801998599995,58.23615143400008],[-67.67552649599992,58.27948639500005],[-67.73232988199993,58.28510163000004],[-67.67544511599993,58.42344798400006],[-67.73851477799991,58.469183661000045],[-67.78697669199994,58.470038153000075],[-67.82079016799992,58.39923737200007],[-67.80064856699994,58.29869212400007],[-67.86270097599993,58.23725006700005],[-67.95327714799993,58.21198151200008],[-67.99925696499992,58.141058661000045],[-68.0,58.14072752079147],[-68.0,58.20081688000666],[-67.90025794199994,58.255845445000034],[-67.86270097599993,58.30927155200004],[-67.92365475199995,58.40497467700004],[-67.88975989499994,58.49872467700004],[-67.96515865799995,58.518418687000064],[-67.95352128799993,58.54437897300005],[-68.0,58.575388708203654],[-68.0,59.0],[-68.98268253581539,59.0],[-68.9954867859999,59.01634455000004],[-69.0,59.015989468426284],[-69.0,60.0],[-69.0,61.0],[-69.47954738659404,61.0],[-69.53661048099991,61.07969798400006],[-69.65103105399993,61.06427643400008],[-69.67582906084284,61.0],[-69.93072064281012,61.0],[-69.92194070399995,61.01312434400006],[-69.95672484599993,61.034980026000085],[-70.00727031215946,61.0],[-70.09875936746036,61.0],[-70.10338294199994,61.01984284100007],[-70.16006425699993,61.02167389500005],[-70.11021887899994,61.06012604400007],[-70.15534420499995,61.08763255400004],[-70.24673417899993,61.07379791900007],[-70.32510331899994,61.10040924700007],[-70.34292558499993,61.067572333000044],[-70.42552649599992,61.08808014500005],[-70.40440833199995,61.06012604400007],[-70.44318600199995,61.058294989000046],[-70.42552649599992,61.026597398000035],[-70.5266820949999,61.06541575700004],[-70.56891842399995,61.04649485900006],[-70.53538977799991,61.01231517100007],[-70.66771399599992,61.02684153900003],[-70.6582738919999,61.053941148000035],[-70.7617895169999,61.08580149900007],[-70.78990637899994,61.054754950000074],[-70.93944251199991,61.07379791900007],[-70.93537350199995,61.106634833000044],[-71.0,61.12234654640451],[-71.0,62.0],[-72.0,62.0],[-72.60416169899169,62.0],[-72.59797115799995,62.04767487200007],[-72.66616777299993,62.06134674700007],[-72.62913977799991,62.116888739000046],[-72.73448645699995,62.150091864000046],[-72.82384192599994,62.13580963700008],[-72.78286699099993,62.10911692900004],[-72.94737708199995,62.122748114000046],[-72.89899654899995,62.14325592700004],[-73.19603430899991,62.26056549700007],[-73.20954342399995,62.31281159100007],[-73.57144120999993,62.39484284100007],[-73.67072506399995,62.482123114000046],[-73.87218176999994,62.46478913000004],[-73.99791419199994,62.36737702000005],[-74.0,62.36705051676315],[-74.0,62.61159165714349],[-73.96471106699994,62.609442450000074],[-74.0,62.65150485095208],[-74.0,63.0],[-75.0,63.0],[-75.0,62.266111143815216],[-75.00609290299991,62.26898834800005],[-75.15330969999991,62.23200104400007],[-75.15050208199995,62.28497955900008],[-75.32774817599994,62.31745026200008],[-75.4934789699999,62.29588450700004],[-75.57506262899994,62.24567291900007],[-75.89378821499992,62.163763739000046],[-75.59215247299994,62.27301666900007],[-75.94904537699995,62.355536200000074],[-76.09854081899994,62.34564850500004],[-76.14989173099991,62.38707103100006],[-76.62686113199993,62.46165599200003],[-76.75772050699993,62.51080963700008],[-76.96983801999994,62.54344310100004],[-77.0,62.540442310406426],[-77.0,63.0],[-77.0,63.41668728671119],[-76.98208574099993,63.40729401200008],[-76.70197506399995,63.36969635600008],[-76.63878333199995,63.41950104400007],[-76.65477454299992,63.438666083000044],[-76.54491126199991,63.46653880400004],[-76.68887285099993,63.48582591400003],[-76.61782792899993,63.52167389500005],[-77.0,63.645938623949554],[-77.0,64.0],[-76.0,64.0],[-75.0,64.0],[-74.0,64.0],[-73.0,64.0],[-72.76346212101801,64.0],[-72.73424231699994,63.96987539300005],[-72.65880286399994,63.98672109600005],[-72.67942526945521,64.0],[-72.59855066848195,64.0],[-72.61200924399992,63.94953034100007],[-72.66624915299991,63.932074286000045],[-72.64032955599993,63.89520905200004],[-72.66624915299991,63.85639069200005],[-72.59809322799993,63.86713288000004],[-72.46080481699994,63.82221100500004],[-72.53595943899995,63.80170319200005],[-72.51317298099991,63.78974030200004],[-72.3782445949999,63.782538153000075],[-72.36884518099993,63.81102122600004],[-72.4055883449999,63.82843659100007],[-72.31000729099992,63.90420156500005],[-72.25792395699995,63.884019273000035],[-72.27538001199991,63.92475006700005],[-72.24176998599995,63.959418036000045],[-72.20917721299992,63.900824286000045],[-72.09032141799992,63.91095612200007],[-72.22065182199992,63.86937083500004],[-72.27363033799992,63.80927155200004],[-72.24852454299992,63.767564195000034],[-72.36461341099994,63.76072825700004],[-72.32445227799991,63.744208075000074],[-72.31757564999992,63.67885976800005],[-72.21381588399993,63.67763906500005],[-72.20063229099992,63.78042226800005],[-72.1309301419999,63.723944403000075],[-72.06297766799992,63.732855536000045],[-72.04161536399994,63.67072174700007],[-72.0,63.69529353674802],[-72.0,63.442539029551746],[-72.14232337099992,63.44830963700008],[-72.01520748599995,63.397650458000044],[-72.0,63.41641381171939],[-72.0,63.0],[-71.15203376067,63.0],[-71.15802975199995,62.99359772300005],[-71.05134029899995,62.98729075700004],[-71.02197717326575,63.0],[-71.0,63.0],[-70.94255058903266,63.0],[-70.9395238919999,62.973089911000045],[-71.04194088399993,62.95880768400008],[-70.76825924399992,62.93154531500005],[-70.89854895699995,62.91787344000005],[-70.82966061099995,62.89679596600007],[-70.49323482999995,62.86660390800006],[-70.2403051419999,62.75409577000005],[-70.06977291599992,62.74762604400007],[-70.0,62.776207981784566],[-70.0,62.0],[-69.0,62.0],[-68.0,62.0],[-67.0,62.0],[-66.73266933299988,62.0],[-66.69774329299992,61.96507396000004],[-66.61518307199992,61.96507396000004],[-66.65607662699995,61.94782135600008],[-66.64313717399995,61.92413971600007],[-66.53978430899991,61.90302155200004],[-66.27448482999995,61.85809967700004],[-66.06309973899994,61.87494538000004],[-65.94884192599994,61.90875885600008],[-65.98827063699991,61.96165599200003],[-66.10348539682352,62.0],[-66.0,62.0],[-66.0,62.168000717512506],[-65.93000240799995,62.19782135600008],[-65.98713131399995,62.24209219000005],[-66.0,62.239591157232645],[-66.0,62.983794165248845],[-65.94420325399994,62.97931549700007],[-65.95726477799991,62.99982330900008],[-65.9566169824787,63.0],[-65.879271681802,63.0],[-65.96349036399994,62.937486070000034],[-65.87584387899994,62.928941148000035],[-65.78815670499995,62.87319570500006],[-65.82685299399992,62.92837148600006],[-65.74205481699994,62.97638580900008],[-65.7461483943942,63.0],[-65.6836410749904,63.0],[-65.68354244699992,62.99982330900008],[-65.75243079299992,62.92475006700005],[-65.66588294199994,62.91225820500006],[-65.64061438699991,62.84198639500005],[-65.60383053299995,62.82514069200005],[-65.47748775899993,62.822251695000034],[-65.45697994699992,62.848944403000075],[-65.39863033799992,62.82916901200008],[-65.32725989499994,62.91787344000005],[-65.34089107999995,62.85578034100007],[-65.25153561099995,62.83535390800006],[-65.35590572799993,62.82526276200008],[-65.37507076699995,62.78693268400008],[-65.24469967399995,62.78009674700007],[-65.31615149599992,62.745021877000056],[-65.35456295499995,62.68451569200005],[-65.26520748599995,62.69818756700005],[-65.29999752499992,62.67829010600008],[-65.24596106699994,62.60586172100005],[-65.16962643099993,62.568426825000074],[-65.0,62.62146381524564],[-65.0,62.59520904526432],[-65.14159094999991,62.55414459800005],[-65.11440995999993,62.53847890800006],[-65.0,62.53475466677972],[-65.0,62.0],[-64.0,62.0],[-64.0,63.0],[-64.78048778860027,63.0],[-64.81261145699995,63.05072663000004],[-64.7649633449999,63.05508047100005],[-64.86790930899991,63.09601471600007],[-64.7512914699999,63.10224030200004],[-64.90208899599992,63.15403880400004],[-64.86054439999992,63.171128648000035],[-65.0,63.175885405321],[-65.0,63.202444425279445],[-64.99067135299993,63.20026276200008],[-64.97777258999992,63.22793203300006],[-65.0,63.23006622774236],[-65.0,63.287218970428135],[-64.90208899599992,63.23940664300005],[-64.94648189999992,63.359808661000045],[-65.0,63.39321633145771],[-65.0,63.59710288732092],[-64.98749752499992,63.60309479400007],[-65.0,63.61141685485882],[-65.0,63.6520046018998],[-64.9426977199999,63.63271719000005],[-64.93171139199995,63.57135651200008],[-64.83690344999991,63.50385163000004],[-64.79967200399994,63.397650458000044],[-64.75873775899993,63.38336823100008],[-64.77171790299991,63.32880280200004],[-64.71711178299995,63.28099192900004],[-64.64203854099992,63.23940664300005],[-64.53681393099993,63.255194403000075],[-64.48436438699991,63.28778717700004],[-64.62775631399995,63.32135651200008],[-64.51142330599993,63.314439195000034],[-64.52228756399995,63.376654364000046],[-64.60594641799992,63.38540273600006],[-64.63520260299993,63.41815827000005],[-64.50755774599992,63.42206452000005],[-64.55260169199994,63.47280508000006],[-64.52513587099992,63.500433661000045],[-64.55943762899994,63.562201239000046],[-64.53815670499995,63.56989166900007],[-64.58678137899994,63.60248444200005],[-64.52607174399992,63.61408112200007],[-64.52232825399994,63.66909414300005],[-64.70677649599992,63.76227448100008],[-64.7900360178526,63.768023859960124],[-64.70274817599994,63.78705475500004],[-64.45767167899993,63.677394924000055],[-64.40111243399991,63.68821849200003],[-64.38805091099994,63.732855536000045],[-64.42223059799994,63.781236070000034],[-64.50108801999994,63.751166083000044],[-64.61339270699995,63.78750234600005],[-64.50475012899994,63.84271881700005],[-64.60716712099992,63.84271881700005],[-64.56257076699995,63.90859609600005],[-64.61384029899995,63.886053778000075],[-64.64370683499993,63.91543203300006],[-64.72899329299992,63.90265534100007],[-64.73078365799995,63.86937083500004],[-64.77847245999993,63.86318594000005],[-64.75121008999992,63.82843659100007],[-64.81261145699995,63.883693752000056],[-64.91649329299992,63.82367584800005],[-64.79372797793673,63.7682788035048],[-64.92951412699995,63.77765534100007],[-64.99144446499992,63.82843659100007],[-64.89277096299992,63.868394273000035],[-64.89525305899991,63.897365627000056],[-64.64667721299992,63.975490627000056],[-64.66612708199995,64.03261953300006],[-64.69477291599992,64.04608795800004],[-64.7512914699999,64.00722890800006],[-64.83580481699994,64.02326080900008],[-64.96357174399992,63.97304922100005],[-64.92255611899992,64.01406484600005],[-65.0,64.01631280341742],[-65.0,64.204955056235],[-64.9912955769999,64.19319186700005],[-64.87830309299994,64.22957797200007],[-64.93754360699995,64.24421977900005],[-64.88446014699991,64.26371383800006],[-64.9868067619999,64.29008803000005],[-64.9653635059999,64.30970681700006],[-65.0,64.31748373882888],[-65.0,65.0],[-64.0,65.0],[-63.82579505099994,65.0],[-63.82579505099994,64.98663971600007],[-63.756296352999925,64.96588776200008],[-63.62390034174816,65.0],[-63.612159769914726,65.0],[-63.60517330599993,64.96548086100006],[-63.66193600199995,64.94562409100007],[-63.63459225199995,64.93113841400003],[-63.65510006399995,64.91836172100005],[-63.53502356699994,64.89850495000007],[-63.504343227999925,64.95994700700004],[-63.53160559799994,64.97296784100007],[-63.47269828191627,65.0],[-63.0,65.0],[-63.0,65.5939314971348],[-62.95966549399992,65.58999258000006],[-62.896555141999954,65.64081452000005],[-62.91466223899994,65.72402578300006],[-62.96308346299992,65.75507233300004],[-62.93211829299992,65.76056549700007],[-62.87608801999994,65.72394440300008],[-62.86005611899992,65.64520905200004],[-62.8196508449999,65.61041901200008],[-62.73066158799992,65.59308502800008],[-62.729074673999946,65.62099844000005],[-62.67516028599994,65.63906484600005],[-62.65717525899993,65.58877187700006],[-62.59801184799994,65.67487213700008],[-62.81977291599992,65.73200104400007],[-62.84638424399992,65.76870351800005],[-62.60224361899992,65.72333405200004],[-62.57176673099991,65.76260000200006],[-62.82591712099992,65.84320709800005],[-62.81220455599993,65.86432526200008],[-62.87364661399994,65.88475169500003],[-62.87079830599993,65.90814850500004],[-62.644602016999954,65.81077708500004],[-62.53779049399992,65.81854889500005],[-62.510324673999946,65.79328034100007],[-62.29149329299992,65.82269928600005],[-62.369577602999925,65.86810944200005],[-62.35973059799994,65.91209544500003],[-62.45600338399993,65.92572663000004],[-62.38707434799994,65.93256256700005],[-62.428903774999924,65.97870514500005],[-62.623023821854844,66.0],[-62.360504053449404,66.0],[-62.318796352999925,65.98094310100004],[-62.13981331680177,66.0],[-62.0,66.0],[-61.0,66.0],[-61.0,67.0],[-62.0,67.0],[-62.0360228855983,67.0],[-62.00409908799992,67.03681061400005],[-62.09003658799992,67.05975983300004],[-62.27118893099993,67.04718659100007],[-62.29828854099992,67.02252838700008],[-62.29407796371349,67.0],[-63.0,67.0],[-63.22871167163499,67.0],[-63.22345943899995,67.01691315300008],[-63.28083248599995,67.11082591400003],[-63.058664516999954,67.16583893400008],[-62.97691809799994,67.22186920800004],[-63.002023891999954,67.28799062700006],[-63.16364498599995,67.33755117400005],[-63.20946204299992,67.31671784100007],[-63.16791744699992,67.29621002800008],[-63.22057044199994,67.25714752800008],[-63.29137122299994,67.24774811400005],[-63.20348059799994,67.29877350500004],[-63.29649817599994,67.30565013200004],[-63.412098761999914,67.21771881700005],[-63.39818274599992,67.15623607000003],[-63.439442511999914,67.12128327000005],[-63.73700924399992,67.02928294500003],[-63.751538289014455,67.0],[-63.793521661363286,67.0],[-63.76805579299992,67.02594635600008],[-63.539051886999914,67.11115143400008],[-63.45588131399995,67.17670319200005],[-63.44908606699994,67.22797272300005],[-63.88849850199995,67.24160390800006],[-63.96186275899993,67.18797435100004],[-64.0,67.18445376705944],[-64.0,67.2359572378705],[-63.962961391999954,67.27570221600007],[-64.0,67.2721621439797],[-64.0,67.31141787465243],[-63.90839596299992,67.30683014500005],[-64.0,67.32984740320684],[-64.0,67.33318706851779],[-63.94159908799992,67.36102936400005],[-63.99714107999995,67.45384349200003],[-64.0,67.45384137453968],[-64.0,67.51397698937636],[-63.982411261999914,67.50674062700006],[-63.757476365999935,67.52277252800008],[-63.95470130099994,67.65497467700004],[-64.0,67.58679427051605],[-64.0,68.0],[-64.74831083201674,68.0],[-64.74970455599993,68.00071849200003],[-65.02501380099994,68.05719635600008],[-65.16820227799991,68.03115469000005],[-65.15466337425617,68.0],[-65.97464544491865,68.0],[-65.8548070949999,68.08100006700005],[-65.90265865799995,68.08510976800005],[-65.86713619699992,68.11058177300004],[-65.92817135299993,68.16478099200003],[-65.96344967399995,68.14594147300005],[-65.95575924399992,68.04238515800006],[-66.12432501777452,68.0],[-66.24041255395817,68.0],[-66.18317623599995,68.01618073100008],[-66.24836178299995,68.08510976800005],[-66.47801673099991,68.07762278900003],[-66.33409583199995,68.09593333500004],[-66.31354732999995,68.12913646000004],[-66.58141028599994,68.14838288000004],[-66.66791744699992,68.00800202000005],[-66.69766854806677,68.0],[-66.72766264657416,68.0],[-66.67723548099991,68.05036041900007],[-66.69318600199995,68.14545319200005],[-66.90660559799994,68.06468333500004],[-66.93163001199991,68.01984284100007],[-66.97142493399991,68.03668854400007],[-66.95750891799992,68.07501862200007],[-66.8274633449999,68.13226959800005],[-66.84479732999995,68.16152578300006],[-66.77904212099992,68.21426015800006],[-66.78815670499995,68.24941640800006],[-67.06529700399994,68.29612864800004],[-67.29364986899992,68.24213288000004],[-67.27476966099994,68.19525788000004],[-67.37970943899995,68.12881094000005],[-67.60212154899995,68.16705963700008],[-67.38508053299995,68.15420156500005],[-67.32774817599994,68.18691640800006],[-67.31700598899994,68.25535716400003],[-67.23896236899992,68.29677969000005],[-67.01244055899991,68.31785716400003],[-67.0325414699999,68.32664622600004],[-67.21979732999995,68.36066315300008],[-67.33519446499992,68.32404205900008],[-67.33141028599994,68.34959544500003],[-67.40351314999992,68.35512929900005],[-67.53636633999992,68.30817291900007],[-67.56114661399994,68.25580475500004],[-67.68224036399994,68.24152252800008],[-67.57477779899995,68.27692291900007],[-67.57477779899995,68.31785716400003],[-67.52696692599994,68.34454987200007],[-67.7493383449999,68.31769440300008],[-67.85138912699995,68.26162344000005],[-67.87616939999992,68.28339264500005],[-67.79389400899993,68.33771393400008],[-67.40314693899995,68.39695872600004],[-67.02245032499991,68.36155833500004],[-66.89366614499994,68.42243073100008],[-66.80016028599994,68.40599192900004],[-66.78803463399993,68.43154531500005],[-66.66356360599991,68.44082265800006],[-66.86335201699995,68.46649811400005],[-66.98875891799992,68.44350820500006],[-67.12909908799992,68.48236725500004],[-67.09434973899994,68.45441315300008],[-67.12470455599993,68.41331614800004],[-67.34142005099994,68.41347890800006],[-67.19054114499994,68.43390534100007],[-67.24168860599991,68.49087148600006],[-67.27314205599993,68.45441315300008],[-67.32868404899995,68.50145091400003],[-67.37616939999992,68.47492096600007],[-67.54857337099992,68.49225495000007],[-67.57477779899995,68.48859284100007],[-67.55077063699991,68.42788320500006],[-67.60627193899995,68.38410065300008],[-67.62999426999994,68.49310944200005],[-67.49225826699995,68.53009674700007],[-67.66413326699995,68.56468333500004],[-67.85895748599995,68.55023834800005],[-67.89631100199995,68.43390534100007],[-67.95836341099994,68.39980703300006],[-67.90758216099994,68.45612213700008],[-67.93342037699995,68.56004466400003],[-68.0,68.53019727656454],[-68.0,68.74044706967088],[-67.66344153599994,68.70140208500004],[-68.0,68.75322780329674],[-68.0,68.78484274643542],[-67.87775631399995,68.77118561400005],[-67.77338619699992,68.78400299700007],[-68.0,68.82037912647606],[-68.0,68.85598953620908],[-67.99901282499991,68.85590241100005],[-67.97264563699991,68.86591217700004],[-68.0,68.87558019871248],[-68.0,68.9725404443824],[-67.95983874154437,69.0],[-67.0,69.0],[-67.0,69.17788239074217],[-66.97752844999991,69.17694733300004],[-66.74225826699995,69.13686758000006],[-66.64936275899993,69.22215403900003],[-66.78803463399993,69.34003327000005],[-67.0,69.39997534128884],[-67.0,70.0],[-67.30842628304416,70.0],[-67.54609127499992,70.14760976800005],[-67.80854244699992,70.26373932500007],[-68.0,70.3115087440799],[-68.0,71.0],[-69.0,71.0],[-70.0,71.0],[-70.57662924152052,71.0],[-70.62144934799994,71.06932200700004],[-70.86164303299995,71.10907623900005],[-71.20185299399992,71.00698476800005],[-71.20800487431812,71.0],[-71.34874273233004,71.0],[-71.34349524599992,71.00763580900008],[-71.85973059799994,71.07855866100005],[-72.0,71.0496744922226],[-72.0,71.09181161599837],[-71.86095130099994,71.11347077000005],[-71.47052975199995,71.06565989800004],[-71.34357662699995,71.16803620000007],[-71.11705481699994,71.27045319200005],[-71.54430091099994,71.50511302300004],[-72.0,71.57765001642723],[-72.0,72.0],[-73.0,72.0],[-74.0,72.0],[-74.15416181380077,72.0],[-74.2422582669999,72.07990143400008],[-75.06318111899992,72.12824127800008],[-75.19603430899991,72.02423737200007],[-75.40726300695734,72.0],[-75.58811183045951,72.0],[-75.58539791599992,72.00409577000005],[-75.22227942599994,72.06928131700005],[-75.65770423099991,72.12433502800008],[-76.0,72.06034251943184],[-76.0,72.0928531711514],[-75.63914954299992,72.14508698100008],[-75.24596106699994,72.12848541900007],[-74.94172115799995,72.25739166900007],[-75.15339107999995,72.41567617400005],[-75.19835364499994,72.49762604400007],[-75.93989010299993,72.59223053600005],[-76.0,72.5751397281471],[-76.0,73.0],[-76.26647405949983,73.0],[-76.32518469999991,73.03266022300005],[-76.2774145169999,73.05247630400004],[-76.31895911399994,73.05996328300006],[-76.24327551999994,73.09345123900005],[-76.63426673099991,73.16982656500005],[-76.58356686099995,73.21922435100004],[-76.72740637899994,73.27777741100005],[-76.75035559799994,73.29889557500007],[-76.70197506399995,73.30634186400005],[-76.71442623599995,73.32249583500004],[-77.0,73.35438097768619],[-77.0,74.0],[-78.0,74.0],[-79.0,74.0],[-80.0,74.0],[-81.0,74.0],[-81.0,74.57583130549821],[-80.54185950399994,74.56354401200008],[-80.21751868399991,74.58746979400007],[-80.23180091099994,74.60175202000005],[-80.15623938699991,74.63686758000006],[-80.19701087099992,74.64264557500007],[-80.1765844389999,74.66315338700008],[-80.20474199099993,74.69733307500007],[-80.12877356699994,74.71775950700004],[-80.2454320949999,74.75873444200005],[-80.10081946499992,74.79352448100008],[-80.12254798099991,74.81395091400003],[-80.10081946499992,74.82762278900003],[-80.41055253799993,74.90180084800005],[-80.31314042899993,74.94155508000006],[-80.26203365799995,74.87938060100004],[-80.19017493399991,74.89594147300005],[-80.1966039699999,74.94342682500007],[-80.14586341099994,74.92023346600007],[-80.16673743399991,74.86334870000007],[-79.90904700399994,74.81395091400003],[-79.33429928299995,74.90338776200008],[-79.56017005099994,74.99152252800008],[-79.50499426999994,74.99896881700005],[-79.77993730399993,75.03245677300004],[-80.05931555899991,74.96092357000003],[-80.24913489499994,74.95351797100005],[-80.2761938139999,74.96857330900008],[-80.1765844389999,74.98529694200005],[-80.24838090522083,75.0],[-80.0,75.0],[-80.0,75.09368134354615],[-79.96865800699993,75.09747955900008],[-79.93553626199991,75.14126211100006],[-79.83364824099993,75.17316315300008],[-79.62848873599995,75.18024323100008],[-79.5169164699999,75.22923411700003],[-79.44351152299993,75.28701406500005],[-79.61485755099994,75.30369700700004],[-79.53258216099994,75.32733795800004],[-79.49132239499994,75.38251373900005],[-79.68309485599991,75.43773021000004],[-79.57384192599994,75.45148346600007],[-79.64981035099993,75.46979401200008],[-80.0,75.46751724938392],[-80.0,75.53140695843877],[-79.9500219389999,75.54022858300004],[-80.0,75.5429304988228],[-80.0,76.0],[-79.39016538968846,76.0],[-79.58348548099991,75.94814687700006],[-79.60118567599994,75.90326569200005],[-79.7520238919999,75.88279857000003],[-79.58690344999991,75.86155833500004],[-79.56639563699991,75.84495677300004],[-79.59373938699991,75.82135651200008],[-79.43814042899993,75.79535553600005],[-79.34044348899994,75.82880280200004],[-79.42983964799993,75.84808991100005],[-79.27916419199994,75.87653229400007],[-79.04662024599992,75.87616608300004],[-79.02521725199995,75.86981842700004],[-79.07359778599994,75.84808991100005],[-78.89647376199991,75.84259674700007],[-78.87498938699991,75.85553620000007],[-79.14806067599994,75.92495351800005],[-79.17601477799991,75.95795319200005],[-79.05139769145981,76.0],[-79.0,76.0],[-78.0,76.0],[-78.0,76.63722309143286],[-77.7707820299999,76.66429271000004],[-77.8127742179999,76.68809642100007],[-77.7663874989999,76.72789134300007],[-77.78978430899991,76.77631256700005],[-77.71621660099993,76.82196686400005],[-77.89492753799993,76.86912669500003],[-77.8335261709999,76.89085521000004]],[[-72.38422098299992,62.03239929400007],[-72.46240092199992,62.03665243000006],[-72.3281161079999,62.01603765900006],[-72.38422098299992,62.03239929400007]],[[-72.47443600199995,63.705511786000045],[-72.78286699099993,63.66453685100004],[-72.59972083199995,63.64667389500005],[-72.54271399599992,63.66453685100004],[-72.5911352199999,63.67763906500005],[-72.54039466099994,63.694525458000044],[-72.47130286399994,63.67560455900008],[-72.47443600199995,63.705511786000045]],[[-77.85260982999995,77.77924225500004],[-77.59658769399994,77.81659577000005],[-77.57274329299992,77.85663483300004],[-77.95628821499992,77.83612702000005],[-77.85260982999995,77.77924225500004]],[[-74.70360266799992,78.72687409100007],[-74.33112545499995,78.67841217700004],[-74.16706295499995,78.72679271000004],[-74.31558183499993,78.75629303600005],[-74.64305579299992,78.77830638200004],[-74.70360266799992,78.72687409100007]],[[-67.6618649799999,58.327191387000084],[-67.63593720999995,58.29103717700008],[-67.53084201999991,58.29689722300009],[-67.55828973799993,58.41100254200006],[-67.6365571959999,58.40222478900006],[-67.6618649799999,58.327191387000084]],[[-67.9601258749999,60.332559856000046],[-67.84704416299991,60.416407553000056],[-67.82649431599992,60.46566278600005],[-67.9991310769999,60.585889412000085],[-68.24130644199994,60.585605927000074],[-68.41658549999994,60.307530186000065],[-68.43903429499994,60.25933281600004],[-68.41938190299993,60.20967631800005],[-68.32096725199995,60.197129027000074],[-68.06123732399993,60.29412336300004],[-67.97284732199995,60.290296099000045],[-67.9601258749999,60.332559856000046]],[[-65.42918860599991,61.66225820500006],[-65.48424231699994,61.62250397300005],[-65.48582923099991,61.599310614000046],[-65.3762914699999,61.54824453300006],[-65.19310462099992,61.502386786000045],[-65.16079667899993,61.458970445000034],[-65.08698482999995,61.45799388200004],[-65.12108313699991,61.43695709800005],[-65.07579505099994,61.41860586100006],[-64.92247473899994,61.402777411000045],[-64.97716223899994,61.37909577000005],[-64.97541256399995,61.34935130400004],[-64.91502844999991,61.36180247600004],[-64.87511145699995,61.33071523600006],[-64.67926998599995,61.49526601800005],[-64.71703040299991,61.51325104400007],[-64.68228105399993,61.53375885600008],[-64.72337805899991,61.550482489000046],[-64.64997311099995,61.604722398000035],[-64.73753821499992,61.615668036000045],[-64.72325598899994,61.63613515800006],[-64.79214433499993,61.62250397300005],[-64.71703040299991,61.66347890800006],[-65.04662024599992,61.69765859600005],[-65.42918860599991,61.66225820500006]],[[-65.79149329299992,61.87250397300005],[-65.94640051999994,61.80109284100007],[-65.81354732999995,61.75971100500004],[-65.77220618399991,61.78701406500005],[-65.69151770699995,61.75039297100005],[-65.72329667899993,61.84430573100008],[-65.78453528599994,61.83112213700008],[-65.75234941299993,61.85586172100005],[-65.79149329299992,61.87250397300005]],[[-65.06651770699995,61.93036530200004],[-65.11318925699993,61.94403717700004],[-65.24120032499991,61.92039622600004],[-65.2551977199999,61.89085521000004],[-65.22203528599994,61.83454010600008],[-65.14732825399994,61.78392161700003],[-64.92992102799991,61.72711823100008],[-64.82787024599992,61.76117584800005],[-64.89195716099994,61.83283112200007],[-64.95010331899994,61.82111237200007],[-64.97777258999992,61.89687734600005],[-65.0188695949999,61.85614655200004],[-65.06651770699995,61.93036530200004]],[[-71.15729732999995,62.80345286700003],[-70.99697831899994,62.811712958000044],[-70.90733801999994,62.77484772300005],[-70.77399654899995,62.77130768400008],[-70.79271399599992,62.744208075000074],[-70.92516028599994,62.74591705900008],[-70.81708156699995,62.67324603800006],[-70.79067833699992,62.602832403000036],[-70.73338782499991,62.595770575000074],[-70.72789466099994,62.55341217700004],[-70.64464270699995,62.568426825000074],[-70.36198192499995,62.52686493200008],[-70.17705041499994,62.58998812200008],[-70.27496364099994,62.65736525300008],[-70.37330199699994,62.66655719100004],[-70.32666003299994,62.68651160400003],[-70.49249324199991,62.76695743400006],[-70.78864498599995,62.84153880400004],[-71.23595130099994,62.886419989000046],[-71.19741777299993,62.85024648600006],[-71.03506425699993,62.82916901200008],[-71.17967688699991,62.81484609600005],[-71.15729732999995,62.80345286700003]],[[-64.05972245999993,63.27480703300006],[-64.08641516799992,63.33502838700008],[-64.29255123599995,63.438666083000044],[-64.25157630099994,63.44489166900007],[-64.30553137899994,63.48582591400003],[-64.28189042899993,63.51630280200004],[-64.35488847599993,63.668850002000056],[-64.39492753799993,63.67763906500005],[-64.49791419199994,63.61676666900007],[-64.38805091099994,63.48582591400003],[-64.42223059799994,63.47280508000006],[-64.27920488199993,63.341131903000075],[-64.05972245999993,63.27480703300006]],[[-64.0911717429999,63.48646979600005],[-64.0434301379999,63.56314675500005],[-64.13730843299993,63.61804039800006],[-64.1686679579999,63.60457708000007],[-64.0911717429999,63.48646979600005]],[[-64.25656607299993,63.76163359800006],[-64.17420067599994,63.80567614600005],[-64.21724374399992,63.842612957000085],[-64.33399378999991,63.84482888000008],[-64.34285968699993,63.76929604900005],[-64.26110485799995,63.723886975000084],[-64.25656607299993,63.76163359800006]],[[-62.48570716099994,65.72370026200008],[-62.44163977799991,65.69301992400005],[-62.46955318899995,65.66502513200004],[-62.31126868399991,65.66502513200004],[-62.3391820949999,65.61790599200003],[-62.26622473899994,65.66380442900004],[-62.20885169199994,65.60952383000006],[-62.202015753999945,65.64520905200004],[-62.13438880099994,65.65452708500004],[-62.1438695949999,65.68768952000005],[-62.202015753999945,65.68618398600006],[-62.16787675699993,65.70600006700005],[-62.29820716099994,65.71344635600008],[-62.25723222599993,65.74823639500005],[-62.38703365799995,65.72772858300004],[-62.469634568999936,65.74884674700007],[-62.48570716099994,65.72370026200008]],[[-62.74689693899995,67.01805247600004],[-62.73985755099994,67.04637278900003],[-62.67100989499994,67.04612864800004],[-62.373931443999936,67.16583893400008],[-62.63898678299995,67.17841217700004],[-62.61290442599994,67.14541250200006],[-62.79987545499995,67.10248444200005],[-62.821929490999935,67.05841705900008],[-62.90151933499993,67.06342194200005],[-62.74689693899995,67.01805247600004]],[[-63.593006964999915,67.31049225500004],[-63.58531653599994,67.34186432500007],[-63.63158118399991,67.35610586100006],[-63.83315995999993,67.28998444200005],[-63.46084550699993,67.27024974200003],[-63.360218878999945,67.29621002800008],[-63.47630774599992,67.34088776200008],[-63.593006964999915,67.31049225500004]],[[-66.32774817599994,68.23590729400007],[-66.49689693899995,68.24396393400008],[-66.66112219999991,68.20945872600004],[-66.27057857999995,68.16144440300008],[-66.26325436099995,68.22215403900003],[-66.18309485599991,68.26264069200005],[-66.29637610599991,68.26947663000004],[-66.32774817599994,68.23590729400007]]],[[[-73.78966223899994,67.99510325700004],[-73.81252939188305,68.0],[-73.77319219788886,68.0],[-73.78966223899994,67.99510325700004]]],[[[-80.07750403599994,69.63686758000006],[-80.0,69.62122038975362],[-80.0,69.58195120077353],[-80.07750403599994,69.63686758000006]]],[[[-84.56920325399994,73.11456940300008],[-84.0,73.06459627016227],[-84.0,73.04257274231419],[-84.45885169199994,73.06244538000004],[-85.0,73.12780724509022],[-85.0,73.19516464565679],[-84.56920325399994,73.11456940300008]]],[[[-84.63133704299992,73.29999420800004],[-84.79723059799994,73.39093659100007],[-85.0,73.3466191182862],[-85.0,73.6557434528113],[-84.9519750639999,73.66766998900005],[-84.8367406889999,73.74518463700008],[-85.0,73.78574012747667],[-85.0,74.0],[-85.0,74.70048184181694],[-84.95718339799993,74.68109772300005],[-84.99437415299991,74.64887116100005],[-84.98745683499993,74.57440827000005],[-84.9148656889999,74.51235586100006],[-84.25829016799992,74.50649648600006],[-84.04393469999991,74.54315827000005],[-83.62035071499992,74.54555898600006],[-83.49351966099994,74.57782623900005],[-83.44566809799994,74.66315338700008],[-83.32217363199993,74.76215241100005],[-83.5020238919999,74.83002350500004],[-83.56248938699991,74.89232005400004],[-83.49168860599991,74.90949127800008],[-83.35879472599993,74.85635000200006],[-83.07848059799994,74.81582265800006],[-83.03750566299993,74.77610911700003],[-83.11774654899995,74.73749420800004],[-83.1172582669999,74.66937897300005],[-83.0,74.59930941910619],[-83.0,74.0],[-84.0,74.0],[-84.0,73.50654867594153],[-84.00751705599993,73.50495026200008],[-84.0,73.50387792876107],[-84.0,73.45880460845729],[-84.18219967399995,73.47768789300005],[-84.65802975199995,73.39508698100008],[-84.57258053299995,73.32200755400004],[-84.34264075399994,73.23126862200007],[-84.63133704299992,73.29999420800004]]],[[[-71.17853756399995,79.91636790600006],[-71.45962480399993,79.89874909100007],[-71.3760066399999,79.94232819200005],[-70.7053523429999,79.99156321800007],[-70.6932786524487,80.0],[-70.0,80.0],[-69.0,80.0],[-68.0,80.0],[-67.0,80.0],[-66.0,80.0],[-65.05157055704231,80.0],[-65.0,79.9798032303583],[-65.0,79.92827813160129],[-65.04662024599992,79.89866771000004],[-65.0,79.86575930088901],[-65.0,79.86429184916703],[-65.12857011599993,79.85028717700004],[-65.0,79.83006266376141],[-65.0,79.82957418939968],[-65.05284583199995,79.82355377800008],[-65.0,79.80388338478278],[-65.0,79.76477086909703],[-65.03233801999994,79.75462474200003],[-65.0,79.7421370453218],[-65.0,79.66409385051736],[-65.01187089799993,79.65851471600007],[-65.0,79.65540364630594],[-65.0,79.47860199259004],[-65.05134029899995,79.46381256700005],[-65.08698482999995,79.44000885600008],[-65.04662024599992,79.43256256700005],[-65.12677975199995,79.41347890800006],[-65.15355383999992,79.37641022300005],[-65.42808997299994,79.33368561400005],[-65.55247962099992,79.28851959800005],[-65.51895097599993,79.26740143400008],[-65.66950436099995,79.25324127800008],[-65.71019446499992,79.24070872600004],[-65.66234290299991,79.22028229400007],[-65.90941321499992,79.15131256700005],[-65.78587805899991,79.13833242400005],[-66.07323157499991,79.13084544500003],[-65.97765051999994,79.10358307500007],[-66.11709550699993,79.10276927300004],[-66.31680253799993,79.10529205900008],[-66.36310787699995,79.14325592700004],[-66.82062740799995,79.11786530200004],[-66.74547278599994,79.14516836100006],[-66.93040930899991,79.10358307500007],[-66.90998287699995,79.13084544500003],[-66.96165930899991,79.15412018400008],[-67.04010982999995,79.11570872600004],[-67.11270097599993,79.15643952000005],[-67.18285071499992,79.15786367400005],[-67.21841386599993,79.13833242400005],[-67.17747962099992,79.11786530200004],[-67.22691809799994,79.11517975500004],[-67.50584876199991,79.13833242400005],[-67.47598222599993,79.10651276200008],[-67.7122289699999,79.09438711100006],[-67.74600175699993,79.07684967700004],[-67.67027747299994,79.05516185100004],[-67.75865637899994,79.03827545800004],[-68.04019120999993,79.07684967700004],[-68.82910369765817,79.0],[-69.0,79.0],[-70.0,79.0],[-71.0,79.0],[-72.0,79.0],[-73.0,79.0],[-73.0,79.760970705821],[-72.9201960929999,79.70958079600007],[-72.23167883999992,79.66258372600004],[-71.14240475199995,79.78949616100005],[-70.91161048099991,79.89256419500003],[-71.17853756399995,79.91636790600006]]],[[[-72.90583248599995,79.81614817900004],[-73.0,79.80761842518379],[-73.0,79.82349578924065],[-72.9309789699999,79.82359446800007],[-72.90583248599995,79.81614817900004]]]]}},{"type":"Feature","properties":{"role":"spread","scenario":"ssp245","month":"march","start_year":2031,"end_year":2040,"threshold_percent":15},"geometry":{"type":"MultiPolygon","coordinates":[[[[-42.93272864499994,60.65078359600005],[-42.77163652299993,60.73493073100008],[-42.97337805899991,60.786444403000075],[-43.0,60.78579988007956],[-43.0,60.814733287061955],[-42.80113684799994,60.80483633000006],[-42.78612219999991,60.82453034100007],[-42.88508053299995,60.845404364000046],[-43.0,60.84659534029811],[-43.0,60.8860348811234],[-42.726673956999946,60.93040599200003],[-42.80182857999995,60.954291083000044],[-42.80616304646893,61.0],[-42.76494925127919,61.0],[-42.69774329299992,60.98261139500005],[-42.65835527299993,60.999335028000075],[-42.69188391799992,60.999335028000075],[-42.6917612532792,61.0],[-42.0,61.0],[-42.0,60.0],[-42.0,59.0],[-43.0,59.0],[-44.0,59.0],[-44.0,59.82447746012534],[-43.91624915299991,59.89667389500005],[-43.93276933499993,59.80996328300006],[-43.89671790299991,59.792629299000055],[-43.78868567599994,59.88890208500004],[-43.76720130099994,59.89008209800005],[-43.80296790299991,59.84796784100007],[-43.79149329299992,59.816473700000074],[-43.68590247299994,59.868475653000075],[-43.644642706999946,59.85419342700004],[-43.706695115999935,59.90253327000005],[-43.96133378799993,59.978176174000055],[-44.0,59.95094304724764],[-44.0,60.0],[-43.90082741144378,60.0],[-43.720366990999935,59.95099518400008],[-43.67064368399991,59.99843984600005],[-43.59007727799991,59.923041083000044],[-43.52293860599991,59.962958075000074],[-43.50278779883879,60.0],[-43.47976351724384,60.0],[-43.514963344999956,59.909409898000035],[-43.44603430899991,59.95661041900007],[-43.394602016999954,59.938788153000075],[-43.354716057270196,60.0],[-43.31907261989877,60.0],[-43.37096106699994,59.91559479400007],[-43.31944739499994,59.964056708000044],[-43.299387173999946,59.92865631700005],[-43.20645097599993,59.97089264500005],[-43.300102238931565,60.0],[-43.238107598611656,60.0],[-43.22012285099993,59.99135976800005],[-43.203384552629494,60.0],[-43.0,60.0],[-43.0,60.56219382406607],[-42.82909094999991,60.58038971600007],[-43.0,60.5955198755619],[-43.0,60.60965143817618],[-42.826283331999946,60.61127350500004],[-42.81867428299995,60.65110911700003],[-42.74718176999994,60.69017161700003],[-42.924672003999945,60.64305247600004],[-42.90538489499994,60.62132396000004],[-43.0,60.631156779954416],[-43.0,60.65584831978874],[-42.93272864499994,60.65078359600005]],[[-42.95262610599991,60.87579987200007],[-42.76829993399991,60.86155833500004],[-42.624256964999915,60.895697333000044],[-42.95262610599991,60.87579987200007]]],[[[-46.09142005099994,60.82054271000004],[-46.0,60.879283024185796],[-46.0,60.825507437495936],[-46.06037350199995,60.79702383000006],[-46.175770636999914,60.79157135600008],[-46.22008216099994,60.761053778000075],[-46.060658331999946,60.721584377000056],[-46.01598059799994,60.73261139500005],[-46.00059973899994,60.80288320500006],[-46.0,60.80333314542683],[-46.0,60.69874990295576],[-46.17686926999994,60.68805573100008],[-46.20750891799992,60.67658112200007],[-46.08942623599995,60.64288971600007],[-46.0,60.68924535653728],[-46.0,60.0],[-47.0,60.0],[-48.0,60.0],[-48.0,60.71256147078968],[-47.89427649599992,60.73004791900007],[-47.87279212099992,60.711371161000045],[-47.900461391999954,60.68244049700007],[-47.65306555899991,60.759100653000075],[-47.759877081999946,60.73529694200005],[-47.82774817599994,60.751654364000046],[-47.770375128999945,60.76654694200005],[-47.79832923099991,60.77960846600007],[-47.756743943999936,60.80695221600007],[-47.89891516799992,60.801947333000044],[-47.96934973899994,60.841009833000044],[-48.0,60.836308442188354],[-48.0,60.850642821463474],[-47.94131425699993,60.88255442900004],[-47.913726365999935,60.87579987200007],[-47.93211829299992,60.84174225500004],[-47.438343878999945,60.827378648000035],[-47.32469641799992,60.86155833500004],[-47.48302161399994,60.895697333000044],[-47.762928839999915,60.84788646000004],[-47.72203528599994,60.87579987200007],[-47.85912024599992,60.868353583000044],[-47.736317511999914,60.91681549700007],[-47.52721106699994,60.89175039300005],[-47.49669348899994,60.90253327000005],[-47.54670162699995,60.91233958500004],[-47.30040442599994,60.96108633000006],[-47.24901282499991,60.895697333000044],[-47.029855923999946,60.97475820500006],[-47.00259355399993,60.964544989000046],[-47.07835852799991,60.94472890800006],[-46.943470831999946,60.95840078300006],[-46.91388912699995,60.93040599200003],[-47.044178839999915,60.87909577000005],[-47.04356848899994,60.841009833000044],[-46.84557044199994,60.882025458000044],[-46.97813880099994,60.82013580900008],[-46.88654537699995,60.834865627000056],[-46.94115149599992,60.800116278000075],[-46.86229407499991,60.800116278000075],[-46.720041469999956,60.856350002000056],[-46.71031653599994,60.886704820000034],[-46.88654537699995,60.93724192900004],[-46.70091712099992,60.90997955900008],[-46.74937903599994,60.950873114000046],[-46.651600714999915,60.903225002000056],[-46.62645423099991,60.94472890800006],[-46.57803300699993,60.90997955900008],[-46.65314693899995,60.985663153000075],[-46.54409745999993,60.95221588700008],[-46.57449559124471,61.0],[-46.240974040633034,61.0],[-46.226673956999946,60.97703685100004],[-46.17209604977648,61.0],[-46.01481481111094,61.0],[-46.092640753999945,60.98273346600007],[-46.03620357999995,60.93724192900004],[-46.070301886999914,60.93724192900004],[-46.03282630099994,60.91388580900008],[-46.0,60.92373997599478],[-46.0,60.88628793012434],[-46.19493567599994,60.81126536700003],[-46.09142005099994,60.82054271000004]],[[-46.24844316299993,60.75234609600005],[-46.39085852799991,60.76422760600008],[-46.50234941299993,60.70392487200007],[-46.34528561099995,60.66974518400008],[-46.42039954299992,60.71816640800006],[-46.24844316299993,60.75234609600005]],[[-46.50914466099994,60.75234609600005],[-46.568348761999914,60.77435944200005],[-46.63731848899994,60.73550039300005],[-46.50914466099994,60.75234609600005]],[[-47.222320115999935,60.786444403000075],[-47.312489386999914,60.80174388200004],[-47.35887610599991,60.792669989000046],[-47.222320115999935,60.786444403000075]],[[-47.03034420499995,60.814154364000046],[-47.05101477799991,60.800116278000075],[-46.98680579299992,60.77631256700005],[-47.03034420499995,60.814154364000046]],[[-46.35716712099992,60.82575104400007],[-46.42723548099991,60.800116278000075],[-46.365305141999954,60.784857489000046],[-46.30308997299994,60.82054271000004],[-46.35716712099992,60.82575104400007]],[[-47.18317623599995,60.79930247600004],[-47.146595831999946,60.81313711100006],[-47.19505774599992,60.827053127000056],[-47.222320115999935,60.81313711100006],[-47.18317623599995,60.79930247600004]],[[-47.17174231699994,60.85224030200004],[-47.19440670499995,60.841009833000044],[-47.11733964799993,60.82684967700004],[-47.084543423999946,60.868353583000044],[-47.17174231699994,60.85224030200004]],[[-46.75804602799991,60.75405508000006],[-46.164133266999954,60.911444403000075],[-46.21939042899993,60.93939850500004],[-46.201283331999946,60.950873114000046],[-46.84557044199994,60.772772528000075],[-46.75804602799991,60.75405508000006]],[[-47.22789466099994,60.87921784100007],[-47.255848761999914,60.851263739000046],[-47.220041469999956,60.85211823100008],[-47.18138587099992,60.87579987200007],[-47.22789466099994,60.87921784100007]],[[-47.071522589999915,60.93040599200003],[-47.11245683499993,60.93040599200003],[-47.173939581999946,60.882025458000044],[-47.09805253799993,60.89915599200003],[-47.071522589999915,60.93040599200003]],[[-46.98888098899994,60.91107819200005],[-46.96165930899991,60.93040599200003],[-47.01187089799993,60.92633698100008],[-47.05101477799991,60.895697333000044],[-46.98888098899994,60.91107819200005]],[[-46.51659094999991,60.93724192900004],[-46.42625891799992,60.93805573100008],[-46.42723548099991,60.978216864000046],[-46.52965247299994,60.991888739000046],[-46.51659094999991,60.93724192900004]]],[[[-48.0,60.90898597565626],[-48.0,60.99941247975882],[-47.997290562022926,61.0],[-47.70640358486585,61.0],[-48.0,60.90898597565626]]],[[[-52.0,64.0],[-52.0,63.0],[-53.0,63.0],[-53.0,64.0],[-52.0,64.0]]],[[[-53.30256703356833,66.0],[-53.47203528599994,65.98094310100004],[-53.35875403599994,65.93256256700005],[-53.07524801732602,66.0],[-53.0,66.0],[-53.0,65.98918404759337],[-53.26598059799994,65.91958242400005],[-53.142567511999914,65.88934967700004],[-53.23184160099993,65.87107982000003],[-53.18101966099994,65.85980866100005],[-53.0,65.89909846874136],[-53.0,65.86645547285353],[-53.03311113199993,65.86395905200004],[-53.08849036399994,65.81586334800005],[-53.019520636999914,65.81586334800005],[-53.262562628999945,65.75165436400005],[-53.11070716099994,65.74738190300008],[-53.0,65.77657238086587],[-53.0,65.75834272328743],[-53.23924719999991,65.68618398600006],[-53.0,65.67830599117609],[-53.0,65.6357876742836],[-53.23078365799995,65.60224030200004],[-53.165679490999935,65.56028880400004],[-53.037098761999914,65.54328034100007],[-53.0,65.55959821748472],[-53.0,65.0],[-53.0,64.0],[-54.0,64.0],[-55.0,64.0],[-56.0,64.0],[-56.0,63.0],[-57.0,63.0],[-57.0,62.0],[-57.0,61.0],[-57.0,60.0],[-57.0,59.0],[-57.0,58.0],[-56.0,58.0],[-56.0,57.0],[-55.0,57.0],[-55.0,56.0],[-58.0,56.0],[-58.0,57.0],[-59.0,57.0],[-59.0,58.0],[-59.0,59.0],[-60.0,59.0],[-60.0,60.0],[-60.0,61.0],[-61.0,61.0],[-61.0,62.0],[-60.0,62.0],[-60.0,63.0],[-59.0,63.0],[-59.0,64.0],[-58.0,64.0],[-58.0,65.0],[-57.0,65.0],[-57.0,66.0],[-56.0,66.0],[-55.0,66.0],[-54.0,66.0],[-53.30256703356833,66.0]]]]}}]}