{"type":"FeatureCollection","features":[{"type":"Feature","properties":{"year":2007,"month":"march","kind":"observed","threshold_percent":15},"geometry":{"type":"MultiPolygon","coordinates":[[[[-42.50236780273201,59.96236608041388],[-43.15335518838332,59.97011605487603],[-43.217561548057965,59.99221684481579],[-43.157134568999936,60.01243724200003],[-43.13076738199993,60.066473700000074],[-43.31892765239873,60.08840569485743],[-43.33946236961075,60.115933032582284],[-43.10000566299993,60.09438711100006],[-43.11705481699994,60.12909577000005],[-43.21328691299993,60.13532135600008],[-43.20645097599993,60.17011139500005],[-43.110259568999936,60.15582916900007],[-43.13076738199993,60.16266510600008],[-43.110259568999936,60.18374258000006],[-43.16551673099991,60.190619208000044],[-43.12458248599995,60.19676341400003],[-43.15684973899994,60.21503327000005],[-43.32998613199993,60.217230536000045],[-43.22630774599992,60.25885651200008],[-43.09919186099995,60.24371979400007],[-43.17918860599991,60.27871328300006],[-43.10342363199993,60.31346263200004],[-43.35728919199994,60.37555573100008],[-43.16856848899994,60.35504791900007],[-43.150949673999946,60.366115627000056],[-43.21328691299993,60.38857656500005],[-43.17528235599991,60.400091864000046],[-43.36628170499995,60.39118073100008],[-43.39952551999994,60.376654364000046],[-43.35728919199994,60.33392975500004],[-43.45287024599992,60.35504791900007],[-43.591135219999956,60.30646393400008],[-43.45978756399995,60.36810944200005],[-43.48704993399991,60.38239166900007],[-43.46629798099991,60.39476146000004],[-43.31944739499994,60.44721100500004],[-43.72533118399991,60.525458075000074],[-43.79552161399994,60.49843984600005],[-43.78172766799992,60.47260163000004],[-43.804758266999954,60.44281647300005],[-43.83706620999993,60.45062897300005],[-43.79552161399994,60.47797272300005],[-43.850168423999946,60.53937409100007],[-44.16388912699995,60.57591380400004],[-44.20018469999991,60.60146719000005],[-44.15977942599994,60.60537344000005],[-44.19273841099994,60.64305247600004],[-44.08429928299995,60.59357330900008],[-43.620757615999935,60.559881903000075],[-43.702381964999915,60.67234935100004],[-43.68919837099992,60.72370026200008],[-43.66641191299993,60.65497467700004],[-43.54430091099994,60.54474518400008],[-43.227447068999936,60.47089264500005],[-43.14439856699994,60.47797272300005],[-43.30109615799995,60.557521877000056],[-43.075062628999945,60.50263092700004],[-43.02839107999995,60.52578359600005],[-43.14439856699994,60.54682038000004],[-42.82909094999991,60.58038971600007],[-43.14439856699994,60.608303127000056],[-42.826283331999946,60.61127350500004],[-42.81867428299995,60.65110911700003],[-42.74718176999994,60.69017161700003],[-42.924672003999945,60.64305247600004],[-42.90538489499994,60.62132396000004],[-43.275380011999914,60.67658112200007],[-42.93272864499994,60.65078359600005],[-42.83653723899994,60.684027411000045],[-42.78538977799991,60.74628327000005],[-43.08975175699993,60.800116278000075],[-43.26309160099993,60.78143952000005],[-43.296538865999935,60.81195709800005],[-43.52798417899993,60.841009833000044],[-42.80113684799994,60.80483633000006],[-42.78612219999991,60.82453034100007],[-42.88508053299995,60.845404364000046],[-43.12458248599995,60.84788646000004],[-43.10342363199993,60.86155833500004],[-43.13385982999995,60.880845445000034],[-43.47728430899991,60.91079336100006],[-43.48184160099993,60.94155508000006],[-43.027455206999946,60.88157786700003],[-42.726673956999946,60.93040599200003],[-42.80182857999995,60.954291083000044],[-42.807199673999946,61.010931708000044],[-42.69774329299992,60.98261139500005],[-42.65835527299993,60.999335028000075],[-42.69188391799992,60.999335028000075],[-42.68569902299993,61.032863674000055],[-42.76829993399991,61.040269273000035],[-42.70616614499994,61.06012604400007],[-43.01471920499995,61.053941148000035],[-42.98737545499995,61.081244208000044],[-43.61115475199995,61.12909577000005],[-43.51626542899993,61.147365627000056],[-42.63048255099994,61.10114166900007],[-42.70616614499994,61.14956289300005],[-43.17918860599991,61.211004950000074],[-43.17918860599991,61.218451239000046],[-42.95767167899993,61.204331773000035],[-42.910145636999914,61.216131903000075],[-42.76085364499994,61.183661200000074],[-42.575835740999935,61.197333075000074],[-42.65835527299993,61.259426174000055],[-42.90538489499994,61.245754299000055],[-42.775054490999935,61.27985260600008],[-43.248117641999954,61.34129466400003],[-42.85586503799993,61.33730703300006],[-42.63048255099994,61.29352448100008],[-42.69188391799992,61.31403229400007],[-42.59032141799992,61.32664622600004],[-42.60374915299991,61.34813060100004],[-42.500111456999946,61.36180247600004],[-42.48029537699995,61.402777411000045],[-42.40453040299991,61.41640859600005],[-42.42564856699994,61.44432200700004],[-42.48029537699995,61.43073151200008],[-42.511057094999956,61.436428127000056],[-42.548491990999935,61.48533763200004],[-42.527455206999946,61.53375885600008],[-42.93122311099995,61.530585028000075],[-43.082915818999936,61.59520091400003],[-42.61343339799993,61.54682038000004],[-42.435536261999914,61.56102122600004],[-42.46666419199994,61.615668036000045],[-42.37726803299995,61.60883209800005],[-42.45299231699994,61.63613515800006],[-42.325062628999945,61.62449778900003],[-42.392689581999946,61.682847398000035],[-42.25373287699995,61.71124909100007],[-42.59361731699994,61.70380280200004],[-42.76829993399991,61.78701406500005],[-42.870025193999936,61.76992422100005],[-42.768137173999946,61.82172272300005],[-42.589507615999935,61.73859284100007],[-42.37144934799994,61.75340403900003],[-42.219593878999945,61.83539459800005],[-42.192250128999945,61.869574286000045],[-42.25373287699995,61.869574286000045],[-42.22638912699995,61.88939036700003],[-42.41576087099992,61.92059967700004],[-42.20860755099994,61.92023346600007],[-42.125070766999954,61.99017975500004],[-42.148101365999935,62.02374909100007],[-42.32945716099994,62.01972077000005],[-42.49592037699995,61.942572333000044],[-42.548491990999935,61.95148346600007],[-42.41812089799993,62.012884833000044],[-42.52122962099992,62.040228583000044],[-42.312163865999935,62.103216864000046],[-42.32945716099994,62.150091864000046],[-42.25804602799991,62.22748444200005],[-42.327056443999936,62.267645575000074],[-42.26113847599993,62.31460195500006],[-42.41197669199994,62.349310614000046],[-42.607980923999946,62.33649323100008],[-42.76154537699995,62.432806708000044],[-42.97988847599993,62.47842031500005],[-42.97402910099993,62.52484772300005],[-42.78856360599991,62.486761786000045],[-42.73306230399993,62.503973700000074],[-42.33934485599991,62.37669505400004],[-42.16437740799995,62.390326239000046],[-42.27415930899991,62.382879950000074],[-42.25373287699995,62.43744538000004],[-42.375070766999954,62.41681549700007],[-42.55768795499995,62.48334381700005],[-42.48029537699995,62.47842031500005],[-42.55532792899993,62.541083075000074],[-42.432484503999945,62.47842031500005],[-42.346994594999956,62.47406647300005],[-42.32262122299994,62.50576406500005],[-42.383697068999936,62.571519273000035],[-42.61351477799991,62.62995026200008],[-42.67886308499993,62.61562734600005],[-42.67886308499993,62.588324286000045],[-42.73082434799994,62.640611070000034],[-43.11799068899995,62.70062897300005],[-43.151234503999945,62.75958893400008],[-42.708241339999915,62.69285716400003],[-42.69188391799992,62.71246979400007],[-42.726673956999946,62.75958893400008],[-42.69579016799992,62.77887604400007],[-42.64024817599994,62.72028229400007],[-42.65099036399994,62.68451569200005],[-42.562163865999935,62.71246979400007],[-42.61082923099991,62.73517487200007],[-42.60265051999994,62.76654694200005],[-42.48713131399995,62.69818756700005],[-42.57966061099995,62.825873114000046],[-42.484364386999914,62.778998114000046],[-42.41576087099992,62.82880280200004],[-42.575835740999935,62.84153880400004],[-42.59715735599991,62.871527411000045],[-42.46080481699994,62.86245351800005],[-42.42813066299993,62.87872955900008],[-42.43228105399993,62.91596100500004],[-42.30540930899991,62.94550202000005],[-42.28038489499994,62.938381252000056],[-42.36359615799995,62.889960028000075],[-42.26113847599993,62.87689850500004],[-42.33336341099994,62.86774323100008],[-42.34080969999991,62.82396067900004],[-42.017689581999946,62.79682038000004],[-42.006418423999946,63.046128648000035],[-42.205922003999945,63.10968659100007],[-42.13076738199993,63.14321523600006],[-42.178618943999936,63.20587799700007],[-42.07384192599994,63.17560455900008],[-42.0,63.092387299746854],[-42.0,62.777423084599405],[-42.236398891999954,62.80801015800006],[-42.36388098899994,62.81146881700005],[-42.44554602799991,62.75336334800005],[-42.40453040299991,62.75336334800005],[-42.42564856699994,62.725490627000056],[-42.386057094999956,62.687201239000046],[-42.26740475199995,62.73289622600004],[-42.259429490999935,62.69765859600005],[-42.035267706999946,62.68451569200005],[-42.05451412699995,62.69818756700005],[-42.02090410099993,62.725490627000056],[-42.205922003999945,62.73289622600004],[-42.0,62.74528348538962],[-42.0,60.191493938362655],[-42.30776396844084,60.124709564438696],[-42.50236780273201,59.96236608041388]],[[-42.76829993399991,60.86155833500004],[-42.624256964999915,60.895697333000044],[-42.77476966099994,60.90253327000005],[-42.95262610599991,60.87579987200007],[-42.76829993399991,60.86155833500004]],[[-42.468088344999956,61.43886953300006],[-42.390288865999935,61.48533763200004],[-42.41234290299991,61.49860260600008],[-42.48216712099992,61.46478913000004],[-42.468088344999956,61.43886953300006]],[[-42.17178300699993,61.80744049700007],[-42.09634355399993,61.82453034100007],[-42.08238684799994,61.87641022300005],[-42.16543535099993,61.857082424000055],[-42.28791256399995,61.75971100500004],[-42.13239498599995,61.77411530200004],[-42.12022864499994,61.79010651200008],[-42.17178300699993,61.80744049700007]],[[-42.160145636999914,62.58022695500006],[-42.231678839999915,62.55145905200004],[-42.30211341099994,62.574652411000045],[-42.28038489499994,62.52000560100004],[-42.19298255099994,62.48582591400003],[-42.12340247299994,62.49957916900007],[-42.12340247299994,62.560980536000045],[-42.160145636999914,62.58022695500006]]],[[[-43.2574036186028,60.005931081790735],[-43.261285824569384,60.011135282737655],[-43.232888281865826,59.997492535978886],[-43.2574036186028,60.005931081790735]]],[[[-50.54183699991393,66.84262676607833],[-50.65538489499994,66.85114166900007],[-50.89305579299992,66.83014557500007],[-51.11628170499995,66.88056061400005],[-51.14883378799993,66.86420319200005],[-51.10041256399995,66.83755117400005],[-51.28335527299993,66.84491608300004],[-51.52497311099995,66.74192942900004],[-51.43000240799995,66.72085195500006],[-51.445423956999946,66.70783112200007],[-51.61497962099992,66.70355866100005],[-51.72564823616372,66.67733945897038],[-51.744017444298926,66.71638708581756],[-51.71349036399994,66.72370026200008],[-51.493397589999915,66.83152903900003],[-51.174672003999945,66.92788320500006],[-50.31932532499991,67.07855866100005],[-50.28477942599994,67.07025788000004],[-50.63426673099991,67.01504140800006],[-49.99742591099994,66.98151276200008],[-50.132069464999915,66.96735260600008],[-50.68268795499995,67.00885651200008],[-51.01162675699993,66.90574778900003],[-50.77969316299993,66.85150788000004],[-50.678578253999945,66.87543366100005],[-50.48907843504305,66.85871374529583],[-50.54183699991393,66.84262676607833]]],[[[-53.59111340759405,66.74023934675687],[-54.8588179726306,66.64432314981065],[-55.00880757756271,66.57344996058544],[-55.07227749511036,66.43578113105785],[-55.434440346213265,66.3332525548703],[-55.51547799991048,66.17835903900448],[-55.87166566906599,66.07481208694897],[-55.94891639754468,65.91981735621533],[-56.28405454333955,65.82570747735886],[-56.3728637038494,65.66020639536062],[-56.70264235428092,65.56518007578603],[-56.7875833549098,65.39957467401777],[-57.11212103063976,65.30366189280765],[-57.19333131336089,65.13796898576443],[-57.512744221982906,65.04119879905383],[-57.590356188329615,64.87543446879158],[-57.918622070292834,64.76728206963074],[-57.84261825512256,64.41821172487529],[-58.15204910831317,64.3124373153239],[-58.234703294007915,64.13977391777108],[-58.52124567128477,64.05074091873497],[-58.60522480916858,63.8752761733316],[-58.93804257027492,63.744979163233914],[-58.83760553916709,63.41211860890344],[-59.10937131909497,63.31654399872202],[-59.19646622712036,63.22141260152493],[-59.07396146588109,62.934629973361154],[-59.35647233840335,62.82942429009353],[-59.43103184761054,62.65429762029946],[-59.74445698576975,62.52256599825693],[-59.63862609317953,62.1920037000749],[-59.89521029709072,62.09523208914523],[-59.97559879998997,62.00005112471167],[-59.85041415973354,61.71548504794204],[-60.1385960031375,61.593310210287456],[-60.19908337655459,61.42295145343625],[-60.47079859554015,61.31264724852862],[-60.36984609359585,60.973311581209565],[-60.61272238617582,60.87554045447796],[-60.687190367401364,60.78039518185493],[-58.9144088512613,57.29327689767217],[-58.78294636122724,57.19709769534258],[-58.45758222044541,57.1527524959241],[-58.22819469295826,56.67872551793417],[-58.08990349628456,56.61416267933919],[-57.82254458115146,56.5851085744374],[-57.631878071735244,56.277562021740266],[-57.28274355858403,56.21701278189635],[-57.15354273539441,56.0],[-61.40558216417729,56.0],[-61.50308183499993,56.010199286000045],[-61.23497473899994,56.04376862200007],[-61.45531165299991,56.05805084800005],[-61.33861243399991,56.111029364000046],[-61.348540818999936,56.14740631700005],[-61.409413214999915,56.13231028900003],[-61.391509568999936,56.16941966400003],[-61.335194464999915,56.17808665600006],[-61.34483801999994,56.22247955900008],[-61.54702714799993,56.200384833000044],[-61.59923255099994,56.22361888200004],[-61.93529212099992,56.21735260600008],[-62.07848059799994,56.29820384300007],[-61.756418423999946,56.28392161700003],[-61.83145097599993,56.27094147300005],[-61.796538865999935,56.25682200700004],[-61.66075598899994,56.27094147300005],[-61.81786048099991,56.30442942900004],[-61.79625403599994,56.31317780200004],[-61.605539516999954,56.28392161700003],[-61.63963782499991,56.32554759300007],[-61.719960089999915,56.32416413000004],[-61.74331620999993,56.33234284100007],[-61.71544348899994,56.345404364000046],[-61.845773891999954,56.38703034100007],[-61.79051673099991,56.393784898000035],[-61.81395423099991,56.40338776200008],[-62.147368943999936,56.45526764500005],[-61.94806881399995,56.46564362200007],[-62.085926886999914,56.48322174700007],[-62.036773240999935,56.50804271000004],[-61.66759192599994,56.50328196800007],[-61.65265865799995,56.531683661000045],[-61.71202551999994,56.575384833000044],[-62.24299068899995,56.620347398000035],[-61.914051886999914,56.62653229400007],[-62.09992428299995,56.650824286000045],[-62.585601365999935,56.79783763200004],[-62.49376380099994,56.85460032800006],[-62.08869381399995,56.84129466400003],[-62.04442298099991,56.82579173400006],[-62.27407792899993,56.827826239000046],[-62.50308183499993,56.784857489000046],[-61.68809973899994,56.620347398000035],[-61.67162024599992,56.655462958000044],[-61.81993567599994,56.708970445000034],[-61.69493567599994,56.72960032800006],[-61.818470831999946,56.75690338700008],[-61.886708136999914,56.702337958000044],[-61.90465247299994,56.79376862200007],[-61.664173956999946,56.80894603100006],[-61.643422003999945,56.88353099200003],[-61.50177975199995,56.978949286000045],[-61.39321855399993,56.98969147300005],[-61.34483801999994,56.955511786000045],[-61.37962805899991,57.05516185100004],[-61.35912024599992,57.08958567900004],[-61.47179114499994,57.15607330900008],[-61.69644120999993,57.157904364000046],[-61.61978105399993,57.22992584800005],[-61.78429114499994,57.15477122600004],[-61.785267706999946,57.19627513200004],[-61.86510169199994,57.17064036700003],[-61.88296464799993,57.21002838700008],[-62.01162675699993,57.24298737200007],[-61.88048255099994,57.27765534100007],[-61.87149003799993,57.34284088700008],[-61.92764238199993,57.36705149900007],[-61.804798956999946,57.36705149900007],[-61.900380011999914,57.41547272300005],[-62.159372524999924,57.46906159100007],[-62.377064581999946,57.42853424700007],[-62.53368079299992,57.49603913000004],[-62.3489477199999,57.45774974200003],[-62.27033443899995,57.538397528000075],[-62.08967037699995,57.54075755400004],[-62.07681230399993,57.58222077000005],[-61.886708136999914,57.63764069200005],[-61.89415442599994,57.67182038000004],[-61.96861731699994,57.68854401200008],[-61.950062628999945,57.70917389500005],[-62.0071508449999,57.781358140000066],[-62.11872311099995,57.79747142100007],[-62.14053300699993,57.833197333000044],[-62.0657445949999,57.89891185100004],[-62.08153235599991,57.946966864000046],[-62.14085852799991,57.97825755400004],[-62.20885169199994,57.908270575000074],[-62.27774003799993,57.956732489000046],[-62.32408606699994,57.909043687000064],[-62.34601803299995,57.91510651200008],[-62.3391820949999,57.98399485900006],[-62.420765753999945,57.87067291900007],[-62.421131964999915,57.96356842700004],[-62.56200110599991,57.96971263200004],[-62.67495683499993,57.935614325000074],[-62.5344945949999,58.00568268400008],[-62.38703365799995,57.99766673400006],[-62.30504309799994,58.03119538000004],[-62.32689368399991,58.06464264500005],[-62.391184048999946,58.051988023000035],[-62.428578253999945,58.08641185100004],[-62.37669837099992,58.11290110900006],[-62.4661352199999,58.10773346600007],[-62.51732337099992,58.05853913000004],[-62.529408331999946,58.103216864000046],[-62.46206620999993,58.18199290600006],[-62.55211341099994,58.129339911000045],[-62.58116614499994,58.165269273000035],[-62.651234503999945,58.12384674700007],[-62.92617753799993,58.132879950000074],[-63.09243730399993,58.05805084800005],[-63.11953691299993,58.00486888200004],[-63.33975175699993,57.98399485900006],[-63.16812089799993,58.02802155200004],[-63.13434811099995,58.06598541900007],[-63.20938066299993,58.06224192900004],[-63.01081295499995,58.141058661000045],[-63.07909094999991,58.15534088700008],[-62.63524329299992,58.186753648000035],[-62.5833227199999,58.235215562000064],[-62.66759192599994,58.271470445000034],[-62.82168535099993,58.257106838000084],[-62.90758216099994,58.21434153900003],[-62.855539516999954,58.26866282800006],[-62.62344316299993,58.30927155200004],[-62.61937415299991,58.37083567900004],[-62.65392005099994,58.41478099200003],[-62.558257615999935,58.47748444200005],[-62.57860266799992,58.50421784100007],[-62.74372311099995,58.49628327000005],[-62.78595943899995,58.45892975500004],[-62.79784094999991,58.49799225500004],[-63.00967363199993,58.42869700700004],[-63.06330318899995,58.451605536000045],[-63.16161048099991,58.367621161000045],[-63.157134568999936,58.39500560100004],[-63.08584550699993,58.456366278000075],[-63.26402747299994,58.470038153000075],[-63.42170162699995,58.367621161000045],[-63.593006964999915,58.305528062000064],[-63.33975175699993,58.46320221600007],[-63.37490800699993,58.49054596600007],[-63.52407792899993,58.47748444200005],[-63.44220943899995,58.524644273000035],[-63.36864173099991,58.497748114000046],[-63.16783606699994,58.50482819200005],[-62.93537350199995,58.59662506700005],[-62.844593878999945,58.68516673400006],[-62.87287350199995,58.71564362200007],[-63.044911261999914,58.710191148000035],[-62.914621548999946,58.751166083000044],[-62.92690995999993,58.82318756700005],[-63.052398240999935,58.861029364000046],[-62.98965410099993,58.88153717700004],[-63.014515753999945,58.89740631700005],[-63.091867641999954,58.894964911000045],[-63.15477454299992,58.826280015000066],[-63.17886308499993,58.82843659100007],[-63.16783606699994,58.88153717700004],[-63.32607988199993,58.861029364000046],[-63.16161048099991,58.92247142100007],[-63.22984778599994,58.94297923400006],[-63.16783606699994,58.96344635600008],[-63.18317623599995,58.984361070000034],[-63.305572068999936,58.94297923400006],[-63.22248287699995,59.005072333000044],[-63.33975175699993,59.03233470300006],[-63.16197669199994,59.03001536700003],[-63.13158118399991,59.06232330900008],[-63.352772589999915,59.10443756700005],[-63.53579667899993,59.036322333000044],[-63.743804490999935,59.01813385600008],[-63.81212317599994,59.04600657800006],[-63.870757615999935,59.033189195000034],[-63.86046301999994,58.96344635600008],[-63.88231360599991,58.96198151200008],[-63.91661536399994,59.02680084800005],[-63.894642706999946,59.05967845300006],[-64.03990637899994,59.01793040600006],[-63.973540818999936,59.078965562000064],[-63.74718176999994,59.052801825000074],[-63.44220943899995,59.12055084800005],[-63.36082923099991,59.19822825700004],[-63.38573157499991,59.219590562000064],[-63.46324622299994,59.19310130400004],[-63.44904537699995,59.24461497600004],[-63.38072669199994,59.27875397300005],[-63.41783606699994,59.29096100500004],[-63.54393469999991,59.21979401200008],[-63.628977016999954,59.21698639500005],[-63.54515540299991,59.25828685100004],[-63.52407792899993,59.323106187000064],[-63.53156490799995,59.347723700000074],[-63.6516820949999,59.36815013200004],[-63.730132615999935,59.26508209800005],[-63.82575436099995,59.24461497600004],[-63.77481035099993,59.26341380400004],[-63.70962480399993,59.36815013200004],[-64.06065833199995,59.38727448100008],[-63.99982662699995,59.41852448100008],[-63.795033331999946,59.42218659100007],[-63.72769120999993,59.519964911000045],[-63.87413489499994,59.57298411700003],[-63.98070227799991,59.50641510600008],[-63.86408443899995,59.611314195000034],[-64.00731360599991,59.62400950700004],[-64.03994706899994,59.562201239000046],[-64.12059485599991,59.51837799700007],[-64.03160559799994,59.644964911000045],[-63.921986456999946,59.655503648000035],[-63.96979732999995,59.66233958500004],[-63.96231035099993,59.694566148000035],[-64.14785722599993,59.682847398000035],[-64.26455644399994,59.76475657800006],[-64.25938880099994,59.788397528000075],[-64.19253495999993,59.778509833000044],[-64.12637285099993,59.907456773000035],[-64.25772050699993,59.87461985900006],[-64.18260657499991,59.91559479400007],[-64.29873613199993,59.94354889500005],[-64.14785722599993,59.984483140000066],[-64.18260657499991,60.03229401200008],[-64.32603919199994,60.060248114000046],[-64.30260169199994,60.00995514500005],[-64.22423255099994,59.99750397300005],[-64.30553137899994,59.99750397300005],[-64.36896725199995,59.927435614000046],[-64.51842200399994,59.90253327000005],[-64.40192623599995,59.941473700000074],[-64.41661536399994,59.98509349200003],[-64.53954016799992,60.010931708000044],[-64.39321855399993,60.01447174700007],[-64.37376868399991,60.04010651200008],[-64.41372636599993,60.07111237200007],[-64.37547766799992,60.08116282800006],[-64.37718665299991,60.129746812000064],[-64.45152747299994,60.06614817900004],[-64.58674068899995,60.060248114000046],[-64.82827714799993,59.99115631700005],[-64.63243567599994,60.071519273000035],[-64.46324622299994,60.08751048400006],[-64.49791419199994,60.11481354400007],[-64.39924068899995,60.15119049700007],[-64.38060462099992,60.17011139500005],[-64.42906653599994,60.19676341400003],[-64.39492753799993,60.217230536000045],[-64.56627356699994,60.17633698100008],[-64.46324622299994,60.238348700000074],[-64.61709550699993,60.27252838700008],[-64.75865637899994,60.238348700000074],[-64.63654537699995,60.293036200000074],[-64.38060462099992,60.24518463700008],[-64.46422278599994,60.291083075000074],[-64.62751217399995,60.34674713700008],[-64.86046301999994,60.36127350500004],[-64.84691321499992,60.31342194200005],[-64.95726477799991,60.25885651200008],[-64.87409420499995,60.20420970300006],[-64.95152747299994,60.193426825000074],[-65.00104732999995,60.11627838700008],[-65.06309973899994,60.10431549700007],[-65.02497311099995,60.08075592700004],[-65.04605058499993,60.054754950000074],[-65.12857011599993,60.046576239000046],[-65.06651770699995,59.97764720300006],[-65.12857011599993,59.97764720300006],[-65.08018958199995,59.92987702000005],[-65.13512122299994,59.95661041900007],[-65.14110266799992,59.931626695000034],[-65.20982825399994,59.923041083000044],[-65.13780676999994,59.90021393400008],[-65.14045162699995,59.87132396000004],[-65.22972571499992,59.89240143400008],[-65.20303300699993,59.85419342700004],[-65.22419186099995,59.841131903000075],[-64.98395748599995,59.76475657800006],[-65.08409583199995,59.77171458500004],[-65.32347571499992,59.84796784100007],[-65.37897701699995,59.829779364000046],[-65.36754309799994,59.79954661700003],[-65.49791419199994,59.792669989000046],[-65.46637936099995,59.77142975500004],[-65.54625403599994,59.73126862200007],[-65.41185462099992,59.51788971600007],[-65.18126380099994,59.475775458000044],[-64.98395748599995,59.38117096600007],[-65.05284583199995,59.38117096600007],[-65.18553626199991,59.46312083500004],[-65.55992591099994,59.49103424700007],[-65.47057044199994,59.450059312000064],[-65.49791419199994,59.436387437000064],[-65.38182532499991,59.40228913000004],[-65.4329320949999,59.40294017100007],[-65.44717363199993,59.36676666900007],[-65.35757402299993,59.28217194200005],[-65.55899003799993,59.376654364000046],[-65.58043372299994,59.36473216400003],[-65.56607011599993,59.30744049700007],[-65.49168860599991,59.25828685100004],[-65.60293535099993,59.257106838000084],[-65.59410559799994,59.18939850500004],[-65.68024654899995,59.26398346600007],[-65.73932857999995,59.27061595300006],[-65.74494381399995,59.23041413000004],[-65.68346106699994,59.19684479400007],[-65.71764075399994,59.158311265000066],[-65.64248613199993,59.07330963700008],[-65.54161536399994,59.10883209800005],[-65.31973222599993,59.04600657800006],[-65.52920488199993,59.066514390000066],[-65.59410559799994,59.04600657800006],[-65.50706946499992,58.98810455900008],[-65.68346106699994,59.052801825000074],[-65.79332434799994,59.005072333000044],[-65.6887914699999,58.973863023000035],[-65.67735755099994,58.928574937000064],[-65.88548743399991,59.00816478100006],[-65.86164303299995,58.94297923400006],[-65.98224850199995,58.917181708000044],[-65.93667558499993,58.88153717700004],[-65.79564368399991,58.86347077000005],[-65.97085527299993,58.826280015000066],[-66.01919511599993,58.86119212400007],[-66.10863196499992,58.77912018400008],[-66.04312089799993,58.75739166900007],[-66.03970292899993,58.696600653000075],[-65.96165930899991,58.68805573100008],[-65.82750403599994,58.57990143400008],[-65.88890540299991,58.57990143400008],[-65.97956295499995,58.49009837400007],[-65.92300370999993,58.442694403000075],[-66.03514563699991,58.376288153000075],[-66.05337480399993,58.33283112200007],[-66.09496008999992,58.36017487200007],[-65.99876868399991,58.40855540600006],[-66.01821855399993,58.49823639500005],[-65.94416256399995,58.62083567900004],[-66.07884680899991,58.65851471600007],[-66.11583411399994,58.72630442900004],[-66.38239498599995,58.853583075000074],[-66.47175045499995,58.812608140000066],[-66.49095618399991,58.764837958000044],[-66.45128333199995,58.74437083500004],[-66.46865800699993,58.721991278000075],[-66.59536699099993,58.67719147300005],[-66.62401282499991,58.55133698100008],[-66.6692602199999,58.53998444200005],[-66.61510169199994,58.49799225500004],[-66.80687415299991,58.49799225500004],[-66.85220292899993,58.425034898000035],[-66.89631100199995,58.44953034100007],[-66.88365637899994,58.48655833500004],[-66.94664466099994,58.49835846600007],[-67.00617428299995,58.43650950700004],[-67.08063717399995,58.42218659100007],[-67.08690344999991,58.36277903900003],[-67.16022701699995,58.38023509300007],[-67.56786048099991,58.23041413000004],[-67.66242428299995,58.11595286700003],[-67.64183508999992,58.04913971600007],[-67.70665442599994,57.99079010600008],[-67.71349036399994,57.927069403000075],[-67.74014238199993,57.963731187000064],[-67.67027747299994,58.07212962400007],[-67.70173092399995,58.141465562000064],[-67.64801998599995,58.23615143400008],[-67.67552649599992,58.27948639500005],[-67.73232988199993,58.28510163000004],[-67.67544511599993,58.42344798400006],[-67.73851477799991,58.469183661000045],[-67.78697669199994,58.470038153000075],[-67.82079016799992,58.39923737200007],[-67.80064856699994,58.29869212400007],[-67.86270097599993,58.23725006700005],[-67.95327714799993,58.21198151200008],[-67.99925696499992,58.141058661000045],[-68.12954667899993,58.08299388200004],[-68.08242753799993,58.15534088700008],[-67.90025794199994,58.255845445000034],[-67.86270097599993,58.30927155200004],[-67.92365475199995,58.40497467700004],[-67.88975989499994,58.49872467700004],[-67.96515865799995,58.518418687000064],[-67.95352128799993,58.54437897300005],[-68.00621497299994,58.57953522300005],[-68.02733313699991,58.52171458500004],[-68.12340247299994,58.53204987200007],[-68.17393958199995,58.491074937000064],[-68.18732662699995,58.36387767100007],[-68.25157630099994,58.23651764500005],[-68.29259192599994,58.22178782800006],[-68.3098852199999,58.12091705900008],[-68.41759192599994,58.03864166900007],[-68.94969641799992,57.94102610900006],[-69.36974036399994,57.77049388200004],[-69.22374426999994,57.86204661700003],[-68.97012285099993,57.96039459800005],[-68.52000891799992,58.03119538000004],[-68.35407467399995,58.12372467700004],[-68.20579993399991,58.434027411000045],[-68.22057044199994,58.48432038000004],[-68.19102942599994,58.54637278900003],[-68.27424068899995,58.524644273000035],[-68.27424068899995,58.58673737200007],[-68.34870357999995,58.60032786700003],[-68.32884680899991,58.675482489000046],[-68.38093014199995,58.70099518400008],[-68.35619055899991,58.77167389500005],[-68.41026770699995,58.823919989000046],[-68.77342688699991,58.92169830900008],[-68.89476477799991,58.87787506700005],[-69.12482662699995,58.90192291900007],[-69.37816321499992,58.86949290600006],[-69.48704993399991,58.792181708000044],[-69.60822506399995,58.76036204600007],[-69.81354732999995,58.59650299700007],[-69.87682044199994,58.64472077000005],[-69.79743404899995,58.70075104400007],[-69.86143958199995,58.71503327000005],[-69.91828365799995,58.686387437000064],[-69.9212133449999,58.77912018400008],[-70.04133053299995,58.737534898000035],[-70.25422115799995,58.77167389500005],[-69.89049231699994,58.83311595300006],[-69.91161048099991,58.87409088700008],[-69.80174719999991,58.826280015000066],[-69.80345618399991,58.91905345300006],[-69.89793860599991,58.96344635600008],[-69.86607825399994,58.98737213700008],[-69.86314856699994,59.05967845300006],[-69.79637610599991,58.981309312000064],[-69.72935950399994,58.98297760600008],[-69.70864824099993,58.92222728100006],[-69.67186438699991,58.927435614000046],[-69.71979732999995,58.867254950000074],[-69.66515051999994,58.792181708000044],[-69.56525631399995,58.80646393400008],[-69.52293860599991,58.889878648000035],[-69.47874915299991,58.87291087400007],[-69.45164954299992,58.89520905200004],[-69.50352942599994,59.07330963700008],[-69.43024654899995,59.025458075000074],[-69.34243730399993,59.093817450000074],[-69.46568762899994,59.13727448100008],[-69.5156957669999,59.10846588700008],[-69.54255123599995,59.16954173400006],[-69.44953365799995,59.228501695000034],[-69.38902747299994,59.194199937000064],[-69.36522376199991,59.24445221600007],[-69.29482988199993,59.216050523000035],[-69.23253333199995,59.24127838700008],[-69.26598059799994,59.27680084800005],[-69.25479081899994,59.32481517100007],[-69.3587133449999,59.31407298400006],[-69.42259680899991,59.36151764500005],[-69.62706458199995,59.306708075000074],[-69.75511633999992,59.317694403000075],[-69.63206946499992,59.38511790600006],[-69.67145748599995,59.38861725500004],[-69.64899654899995,59.42829010600008],[-69.69871985599991,59.484808661000045],[-69.75820878799993,59.49046458500004],[-69.74852454299992,59.51609935100004],[-69.51622473899994,59.649278062000064],[-69.52057857999995,59.676621812000064],[-69.65770423099991,59.70331452000005],[-69.54784094999991,59.76475657800006],[-69.61217200399994,59.78388092700004],[-69.56151282499991,59.86469147300005],[-69.76756751199991,59.91559479400007],[-69.72777258999992,59.921942450000074],[-69.73509680899991,59.97028229400007],[-70.04503333199995,59.95099518400008],[-70.2266332669999,59.98651764500005],[-70.57770748599995,59.97724030200004],[-71.03506425699993,60.066473700000074],[-70.99620520699995,60.076239325000074],[-70.57192949099993,59.994981187000064],[-70.30943762899994,60.011786200000074],[-70.33617102799991,60.03229401200008],[-69.82164466099994,59.98920319200005],[-69.77306067599994,60.004339911000045],[-69.84268144399994,60.02887604400007],[-69.82628333199995,60.071600653000075],[-69.72288977799991,60.046576239000046],[-69.62804114499994,60.07672760600008],[-69.59557044199994,60.178900458000044],[-69.65094967399995,60.183701890000066],[-69.60244706899994,60.224676825000074],[-69.76549231699994,60.31708405200004],[-69.71979732999995,60.37555573100008],[-69.77586829299992,60.42450592700004],[-69.74974524599992,60.462225653000075],[-69.82900956899994,60.52574290600006],[-69.66673743399991,60.56720612200007],[-69.71979732999995,60.684027411000045],[-69.38133704299992,60.79987213700008],[-69.36974036399994,60.91681549700007],[-69.42438717399995,60.92295970300006],[-69.53661048099991,61.07969798400006],[-69.65103105399993,61.06427643400008],[-69.69172115799995,60.95880768400008],[-69.65094967399995,60.91681549700007],[-69.66234290299991,60.88523997600004],[-69.70262610599991,60.874335028000075],[-69.73936926999994,60.88609446800007],[-69.7403051419999,60.92295970300006],[-69.77696692599994,60.91950104400007],[-69.93871008999992,60.84019603100006],[-69.84951738199993,60.854681708000044],[-69.91588294199994,60.81000397300005],[-70.05870520699995,60.85032786700003],[-70.05500240799995,60.87579987200007],[-70.15119381399995,60.882025458000044],[-70.08971106699994,60.90253327000005],[-70.08971106699994,60.96116771000004],[-70.10338294199994,61.01984284100007],[-70.16006425699993,61.02167389500005],[-70.11021887899994,61.06012604400007],[-70.15534420499995,61.08763255400004],[-70.24673417899993,61.07379791900007],[-70.32510331899994,61.10040924700007],[-70.34292558499993,61.067572333000044],[-70.42552649599992,61.08808014500005],[-70.40440833199995,61.06012604400007],[-70.44318600199995,61.058294989000046],[-70.42552649599992,61.026597398000035],[-70.5266820949999,61.06541575700004],[-70.56891842399995,61.04649485900006],[-70.53538977799991,61.01231517100007],[-70.66771399599992,61.02684153900003],[-70.6582738919999,61.053941148000035],[-70.7617895169999,61.08580149900007],[-70.78990637899994,61.054754950000074],[-70.93944251199991,61.07379791900007],[-70.93537350199995,61.106634833000044],[-71.03880774599992,61.13178131700005],[-71.18504798099991,61.122748114000046],[-71.21328691299993,61.167222398000035],[-71.37157141799992,61.129014390000066],[-71.49767005099994,61.230902411000045],[-71.53538977799991,61.21076080900008],[-71.50796464799993,61.169989325000074],[-71.57286536399994,61.15574778900003],[-71.57290605399993,61.22052643400008],[-71.6309301419999,61.20416901200008],[-71.59679114499994,61.25938548400006],[-71.72712154899995,61.28729889500005],[-71.66563880099994,61.33445872600004],[-71.82266191299993,61.35496653900003],[-71.58311926999994,61.410223700000074],[-71.89159094999991,61.43073151200008],[-71.74819902299993,61.47911204600007],[-71.79600989499994,61.491522528000075],[-71.79259192599994,61.52692291900007],[-71.85741126199991,61.53375885600008],[-71.55577551999994,61.56102122600004],[-71.58096269399994,61.61383698100008],[-71.95677649599992,61.71124909100007],[-71.93541419199994,61.67096588700008],[-71.97948157499991,61.60382721600007],[-72.22085527299993,61.60138580900008],[-72.30308997299994,61.56785716400003],[-72.2434789699999,61.617621161000045],[-72.08511308499993,61.60626862200007],[-71.99522864499994,61.67711009300007],[-72.07628333199995,61.74485911700003],[-72.22370357999995,61.75018952000005],[-72.18700110599991,61.780137437000064],[-72.20628821499992,61.79315827000005],[-72.13182532499991,61.80060455900008],[-72.23232988199993,61.881293036000045],[-72.60521399599992,61.94367096600007],[-72.63170325399994,61.89561595300006],[-72.60187740799995,61.812567450000074],[-72.66323808499993,61.85008372600004],[-72.66616777299993,61.88316478100006],[-72.79596920499995,61.83539459800005],[-72.69131425699993,61.902329820000034],[-72.68512936099995,61.951280015000066],[-72.60777747299994,61.97215403900003],[-72.59797115799995,62.04767487200007],[-72.66616777299993,62.06134674700007],[-72.62913977799991,62.116888739000046],[-72.73448645699995,62.150091864000046],[-72.82384192599994,62.13580963700008],[-72.78286699099993,62.10911692900004],[-72.94737708199995,62.122748114000046],[-72.89899654899995,62.14325592700004],[-73.19603430899991,62.26056549700007],[-73.20954342399995,62.31281159100007],[-73.57144120999993,62.39484284100007],[-73.67072506399995,62.482123114000046],[-73.87218176999994,62.46478913000004],[-73.99791419199994,62.36737702000005],[-74.27839107999995,62.323472398000035],[-74.41685950399994,62.25250885600008],[-74.70490475199995,62.25250885600008],[-74.75503495999993,62.21356842700004],[-74.55809485599991,62.10911692900004],[-74.75853430899991,62.15208567900004],[-75.00609290299991,62.26898834800005],[-75.15330969999991,62.23200104400007],[-75.15050208199995,62.28497955900008],[-75.32774817599994,62.31745026200008],[-75.4934789699999,62.29588450700004],[-75.57506262899994,62.24567291900007],[-75.89378821499992,62.163763739000046],[-75.59215247299994,62.27301666900007],[-75.94904537699995,62.355536200000074],[-76.09854081899994,62.34564850500004],[-76.14989173099991,62.38707103100006],[-76.62686113199993,62.46165599200003],[-76.75772050699993,62.51080963700008],[-76.96983801999994,62.54344310100004],[-77.13711503799993,62.52680084800005],[-77.47179114499994,62.593817450000074],[-77.65660559799994,62.51658763200004],[-77.68700110599991,62.47728099200003],[-78.02403723899994,62.391791083000044],[-78.15489661399994,62.297308661000045],[-78.13695227799991,62.01349518400008],[-78.09398352799991,61.97687409100007],[-78.08482825399994,61.88804759300007],[-77.98973548099991,61.714829820000034],[-77.79271399599992,61.70136139500005],[-77.70836341099994,61.61627838700008],[-77.57274329299992,61.60138580900008],[-77.63418535099993,61.582139390000066],[-77.47655188699991,61.53998444200005],[-77.64126542899993,61.560248114000046],[-77.66612708199995,61.52765534100007],[-77.54548092399995,61.48533763200004],[-77.68260657499991,61.464829820000034],[-77.69758053299995,61.43183014500005],[-77.78526770699995,61.45469798400006],[-77.72354081899994,61.27305735900006],[-77.75153561099995,61.23204173400006],[-77.69273841099994,61.20734284100007],[-77.78872636599993,61.15574778900003],[-77.80931555899991,61.057074286000045],[-77.87100175699993,61.05023834800005],[-78.16551673099991,60.868353583000044],[-78.19652258999992,60.792669989000046],[-77.91942298099991,60.835272528000075],[-77.88068600199995,60.827378648000035],[-77.96996008999992,60.792669989000046],[-77.86009680899991,60.792669989000046],[-77.89488684799994,60.75230540600006],[-77.51065019399994,60.841009833000044],[-77.74404863199993,60.76654694200005],[-77.60684160099993,60.759100653000075],[-77.82925370999993,60.64325592700004],[-77.68602454299992,60.558294989000046],[-77.54181881399995,60.57566966400003],[-77.41510982999995,60.54682038000004],[-77.5469457669999,60.54743073100008],[-77.72337805899991,60.44627513200004],[-77.74315344999991,60.40424225500004],[-77.59325110599991,60.32090892100007],[-77.61367753799993,60.265692450000074],[-77.53799394399994,60.28620026200008],[-77.56419837099992,60.26744212400007],[-77.46971594999991,60.217230536000045],[-77.55968176999994,60.211045640000066],[-77.53530839799993,60.183701890000066],[-77.4082738919999,60.13532135600008],[-77.55711829299992,60.130560614000046],[-77.63418535099993,60.066473700000074],[-77.41856848899994,60.046576239000046],[-77.36974036399994,60.06696198100008],[-77.33079993399991,60.03571198100008],[-77.18919837099992,60.060248114000046],[-77.31273352799991,60.025458075000074],[-77.23631751199991,59.99750397300005],[-77.33315995999993,59.984483140000066],[-77.29898027299993,59.97089264500005],[-77.42503821499992,59.91929759300007],[-77.37173417899993,59.90033600500004],[-77.29161536399994,59.79954661700003],[-77.54548092399995,59.74494049700007],[-77.49083411399994,59.71759674700007],[-77.54548092399995,59.68968333500004],[-77.46288001199991,59.676621812000064],[-77.4258520169999,59.595404364000046],[-77.31273352799991,59.56675853100006],[-77.44298255099994,59.57758209800005],[-77.48753821499992,59.647772528000075],[-77.57030188699991,59.693426825000074],[-77.66852779899995,59.67670319200005],[-77.77818762899994,59.710150458000044],[-77.74404863199993,59.69712962400007],[-77.79869544199994,59.682847398000035],[-77.78490149599992,59.659369208000044],[-77.71617591099994,59.62140534100007],[-77.73033606699994,59.54865143400008],[-77.88117428299995,59.48493073100008],[-77.84707597599993,59.450059312000064],[-77.91539466099994,59.41905345300006],[-77.89061438699991,59.40143463700008],[-77.79295813699991,59.43256256700005],[-77.67516028599994,59.40228913000004],[-77.80614173099991,59.36815013200004],[-77.77017167899993,59.35069407800006],[-77.78502356699994,59.32652415600006],[-77.89488684799994,59.312933661000045],[-77.81920325399994,59.293036200000074],[-78.10655676999994,59.20990631700005],[-78.08665930899991,59.161444403000075],[-78.1555883449999,59.15521881700005],[-78.13141842399995,59.10789622600004],[-78.22325598899994,59.10809967700004],[-78.21003170499995,59.05345286700003],[-78.28526770699995,59.052801825000074],[-78.2793676419999,59.01715729400007],[-78.32005774599992,58.991400458000044],[-78.24372311099995,58.99823639500005],[-78.31639563699991,58.92552317900004],[-78.36180579299992,58.914170640000066],[-78.35680091099994,58.959418036000045],[-78.43455969999991,58.95445384300007],[-78.44298255099994,58.915716864000046],[-78.51805579299992,58.96344635600008],[-78.5657445949999,58.95774974200003],[-78.53172766799992,58.94297923400006],[-78.54539954299992,58.902044989000046],[-78.48851477799991,58.80646393400008],[-78.50816809799994,58.77912018400008],[-78.53831946499992,58.79547760600008],[-78.54246985599991,58.76520416900007],[-78.46857662699995,58.70600006700005],[-78.57331295499995,58.675482489000046],[-78.57095292899993,58.638657945000034],[-78.54881751199991,58.60887278900003],[-78.46760006399995,58.61200592700004],[-78.3723852199999,58.54193756700005],[-78.32005774599992,58.54637278900003],[-78.41738847599993,58.60069407800006],[-78.40933183499993,58.62970612200007],[-78.26732337099992,58.51915110900006],[-78.01447506399995,58.42401764500005],[-78.03148352799991,58.38812897300005],[-77.47061113199993,58.21198151200008],[-77.44505774599992,58.18463776200008],[-77.49083411399994,58.168402411000045],[-77.3946020169999,58.14789459800005],[-77.14826412699995,58.01752350500004],[-76.80870520699995,57.67552317900004],[-76.80557206899994,57.61347077000005],[-76.65660559799994,57.404364325000074],[-76.53270423099991,57.115301825000074],[-76.5579320949999,57.031236070000034],[-76.50373287699995,56.78375885600008],[-76.54515540299991,56.295030015000066],[-76.65868079299992,56.07298411700003],[-76.76921240859484,56.0],[-79.0274031011075,56.0],[-79.13193458814375,56.0],[-78.95750891799992,56.277411200000074],[-78.88182532499991,56.32558828300006],[-78.95221920499995,56.32245514500005],[-78.90904700399994,56.345404364000046],[-78.93614661399994,56.43024323100008],[-79.05760657499991,56.43695709800005],[-79.13097083199995,56.544175523000035],[-79.24699147399991,56.56206626100004],[-79.2230200429999,56.64950453400007],[-79.1539102559999,56.605384412000035],[-79.13426328799994,56.63440421200005],[-79.20395865099994,56.68498411600007],[-79.25831871399993,56.68184306100005],[-79.2849311409999,56.66104104600004],[-79.30874589799993,56.43528880400004],[-79.40933183499993,56.22247955900008],[-79.60732988199993,56.134466864000046],[-79.50470943899995,56.246079820000034],[-79.43517005099994,56.41421133000006],[-79.41559811099995,56.49689362200007],[-79.45372473899994,56.55951569200005],[-79.47826087099992,56.52415599200003],[-79.46751868399991,56.42869700700004],[-79.52538001199991,56.29364655200004],[-79.73717200399994,56.161444403000075],[-79.91418632437454,56.0],[-87.35402680291536,56.0],[-87.55036373599995,56.051214911000045],[-87.61856035099993,56.00275299700007],[-87.58922278599994,56.07982005400004],[-87.7090551419999,56.16002024900007],[-87.97956295499995,56.44285716400003],[-88.3113500639999,56.53803131700005],[-88.52375240799995,56.66168854400007],[-88.64395097599993,56.693426825000074],[-88.87922115799995,56.85993073100008],[-89.03624426999994,56.84251536700003],[-89.39378821499992,56.928168036000045],[-89.9629613919999,57.003973700000074],[-90.40929114499994,57.187486070000034],[-90.58551998599995,57.22992584800005],[-91.03111731699994,57.26463450700004],[-92.22350012899994,57.021470445000034],[-92.33739173099991,56.95954010600008],[-92.47052975199995,56.93504466400003],[-92.21812903599994,57.06281159100007],[-92.49095618399991,57.03807200700004],[-92.6765844389999,56.94188060100004],[-92.88198808499993,56.91453685100004],[-92.70490475199995,56.95538971600007],[-92.59715735599991,57.04832591400003],[-92.4395238919999,57.25328196800007],[-92.42357337099992,57.35443756700005],[-92.45685787699995,57.44896067900004],[-92.55923417899993,57.54454173400006],[-92.55923417899993,57.58612702000005],[-92.73058020699995,57.82575104400007],[-92.78579667899993,57.83942291900007],[-92.75698808499993,57.86591217700004],[-92.80776933499993,58.07575104400007],[-93.12344316299993,58.512884833000044],[-93.1341039699999,58.68305084800005],[-93.1895238919999,58.75971100500004],[-93.32648678299995,58.75995514500005],[-93.40908769399994,58.705064195000034],[-93.46471106699994,58.71751536700003],[-93.49600175699993,58.773504950000074],[-94.17739824099993,58.77912018400008],[-94.14289303299995,58.73680247600004],[-94.24673417899993,58.59080638200004],[-94.23204505099994,58.40110911700003],[-94.36856035099993,58.23041413000004],[-94.33438066299993,58.38141510600008],[-94.28661048099991,58.43650950700004],[-94.30850175699993,58.57514069200005],[-94.20799719999991,58.68378327000005],[-94.23827063699991,58.73411692900004],[-94.20409094999991,58.80646393400008],[-94.36245683499993,58.71893952000005],[-94.43687903599994,58.723822333000044],[-94.48525956899994,58.82005442900004],[-94.60814368399991,58.88153717700004],[-94.74596106699994,58.83311595300006],[-94.68325761599993,58.950384833000044],[-94.72370357999995,59.00421784100007],[-94.8074438139999,59.01813385600008],[-94.8040258449999,59.06305573100008],[-94.99917558499993,59.052801825000074],[-94.96727454299992,59.085923570000034],[-94.79312089799993,59.093817450000074],[-94.77220618399991,59.298041083000044],[-94.66014563699991,59.35875071800007],[-94.73851477799991,59.347723700000074],[-94.72423255099994,59.44383372600004],[-94.79312089799993,59.525824286000045],[-94.75902258999992,59.56675853100006],[-94.82188880099994,59.65033600500004],[-94.77330481699994,59.78961823100008],[-94.82135982999995,59.948106187000064],[-94.8008520169999,60.01048411700003],[-94.75902258999992,60.01927317900004],[-94.77330481699994,60.052801825000074],[-94.70433508999992,60.09434642100007],[-94.71800696499992,60.149603583000044],[-94.68163001199991,60.19721100500004],[-94.71182206899994,60.265692450000074],[-94.61558997299994,60.392279364000046],[-94.68016516799992,60.47455475500004],[-94.80060787699995,60.49839915600006],[-94.66779537699995,60.49433014500005],[-94.64232337099992,60.51207103100006],[-94.73851477799991,60.53937409100007],[-94.68834387899994,60.552842515000066],[-94.57164466099994,60.52769603100006],[-94.52000891799992,60.54682038000004],[-94.49209550699993,60.64923737200007],[-94.39736894399994,60.72724030200004],[-94.40953528599994,60.764105536000045],[-94.35155188699991,60.85809967700004],[-94.24233964799993,60.90338776200008],[-94.12694251199991,61.06712474200003],[-93.98623613199993,61.10065338700008],[-94.05540930899991,61.10797760600008],[-94.04027258999992,61.16319407800006],[-94.10106360599991,61.16319407800006],[-93.99864661399994,61.224595445000034],[-94.11473548099991,61.32831452000005],[-93.95083574099993,61.30097077000005],[-93.8223363919999,61.34992096600007],[-93.87059485599991,61.39276764500005],[-93.97134355399993,61.402777411000045],[-93.93659420499995,61.410223700000074],[-93.98497473899994,61.45799388200004],[-93.8335668609999,61.57469310100004],[-93.78575598899994,61.55418528900003],[-93.5188695949999,61.683294989000046],[-93.31338456899994,61.73236725500004],[-93.42186438699991,61.73102448100008],[-93.47175045499995,61.76654694200005],[-93.26455644399994,61.74445221600007],[-93.2515356109999,61.78803131700005],[-93.43691972599993,61.80744049700007],[-93.34752356699994,61.82111237200007],[-93.61359615799995,61.861029364000046],[-93.49156653599994,61.88939036700003],[-93.61701412699995,61.952337958000044],[-93.27928626199991,61.89683665600006],[-93.38853919199994,61.95148346600007],[-93.21719316299993,61.958319403000075],[-93.41649329299992,62.03400299700007],[-93.29295813699991,62.01972077000005],[-93.33385169199994,62.053900458000044],[-93.2847387359999,62.049668687000064],[-93.17015540299991,61.985581773000035],[-93.16148841099994,62.04759349200003],[-93.0757543609999,62.041001695000034],[-93.06590735599991,62.081366278000075],[-93.00462805899991,62.06818268400008],[-92.92979895699995,62.11656321800007],[-93.08381100199995,62.11741771000004],[-93.1284887359999,62.12958405200004],[-93.11522376199991,62.15973541900007],[-92.97081458199995,62.18419017100007],[-92.99681555899991,62.20392487200007],[-92.80561275899993,62.17808665600006],[-92.76471920499995,62.21836985900006],[-92.81261145699995,62.25470612200007],[-93.2520238919999,62.36981842700004],[-92.74425208199995,62.29405345300006],[-92.6902563139999,62.23200104400007],[-92.62132727799991,62.21153392100007],[-92.59666907499991,62.16095612200007],[-92.47052975199995,62.150091864000046],[-92.63560950399994,62.25995514500005],[-92.59032141799992,62.29405345300006],[-92.61978105399993,62.32286204600007],[-92.82738196499992,62.355536200000074],[-92.68276933499993,62.376654364000046],[-92.71739661399994,62.39740631700005],[-92.70494544199994,62.468817450000074],[-92.53197180899991,62.44489166900007],[-92.54564368399991,62.47837962400007],[-92.50064042899993,62.51312897300005],[-92.55923417899993,62.49278392100007],[-92.53880774599992,62.53367747600004],[-92.61851966099994,62.62254466400003],[-92.5176488919999,62.575873114000046],[-92.47940019399994,62.59906647300005],[-92.45685787699995,62.588324286000045],[-92.4773656889999,62.55524323100008],[-92.42894446499992,62.541083075000074],[-92.26089433499993,62.562608140000066],[-92.24461829299992,62.574652411000045],[-92.27871660099993,62.595770575000074],[-92.18321692599994,62.612534898000035],[-92.14150956899994,62.582098700000074],[-92.17568925699993,62.547308661000045],[-91.98346920499995,62.53160228100006],[-91.9429418609999,62.541083075000074],[-91.88805091099994,62.620428778000075],[-91.96800696499992,62.65501536700003],[-92.27774003799993,62.67877838700008],[-92.22411048099991,62.69196198100008],[-92.35680091099994,62.73224518400008],[-92.4539281889999,62.79393138200004],[-92.45274817599994,62.82493724200003],[-92.33311926999994,62.84516022300005],[-92.09886633999992,62.803900458000044],[-92.13475501199991,62.87689850500004],[-91.39427649599992,62.786810614000046],[-91.35387122299994,62.801214911000045],[-91.42218990799995,62.822251695000034],[-91.31240800699993,62.830511786000045],[-91.03111731699994,62.95140208500004],[-90.78380286399994,62.94505442900004],[-90.72329667899993,62.973089911000045],[-90.75365149599992,62.99982330900008],[-90.62645423099991,63.06126536700003],[-90.68911699099993,63.081732489000046],[-90.65440833199995,63.08856842700004],[-90.6953832669999,63.13694896000004],[-90.67487545499995,63.164903062000064],[-90.73009192599994,63.184759833000044],[-90.69562740799995,63.18577708500004],[-90.68724524599992,63.22422923400006],[-90.71890214799993,63.260972398000035],[-90.6953832669999,63.27476634300007],[-90.75059973899994,63.32135651200008],[-90.68911699099993,63.356675523000035],[-90.97647050699993,63.42438385600008],[-90.78473873599995,63.397650458000044],[-91.01740475199995,63.471136786000045],[-91.07852128799993,63.45262278900003],[-91.16832434799994,63.49323151200008],[-91.39093990799995,63.48773834800005],[-91.40029863199993,63.53082916900007],[-91.59837805899991,63.58502838700008],[-91.61998450399994,63.65119049700007],[-91.77843176999994,63.71442291900007],[-92.18101966099994,63.62189362200007],[-92.23033606699994,63.541001695000034],[-92.33397376199991,63.57518138200004],[-92.46743730399993,63.52838776200008],[-92.54564368399991,63.554754950000074],[-92.38365637899994,63.596136786000045],[-92.32298743399991,63.65143463700008],[-92.27651933499993,63.62189362200007],[-92.16885331899994,63.64411041900007],[-92.20872962099992,63.66673411700003],[-92.09996497299994,63.699286200000074],[-92.2508031889999,63.746527411000045],[-92.41246497299994,63.746527411000045],[-92.43639075399994,63.794907945000034],[-92.49937903599994,63.82062409100007],[-92.63491777299993,63.78388092700004],[-92.76646887899994,63.83197663000004],[-93.10407467399995,63.880560614000046],[-93.40062415299991,63.97736237200007],[-93.45738684799994,63.959418036000045],[-93.42324785099993,63.93829987200007],[-93.45059160099993,63.932074286000045],[-93.35094153599994,63.86937083500004],[-93.21719316299993,63.84271881700005],[-93.38170325399994,63.84629954600007],[-93.33385169199994,63.81537506700005],[-93.36851966099994,63.81720612200007],[-93.6472875639999,63.88145579600007],[-93.71068274599992,63.959418036000045],[-93.77208411399994,63.959418036000045],[-93.76593990799995,63.993475653000075],[-93.5462133449999,64.00096263200004],[-93.60081946499992,64.01402415600006],[-93.55557206899994,64.03363678600005],[-93.77953040299991,64.19151439000007],[-93.63491777299993,64.16486237200007],[-93.62498938699991,64.10651276200008],[-93.44815019399994,64.02313873900005],[-93.0684301419999,63.93235911700003],[-92.95653235599991,63.93829987200007],[-92.91616777299993,63.90416087400007],[-92.78624426999994,63.90098704600007],[-92.75108801999994,63.86314524900007],[-92.50625566299993,63.83100006700005],[-92.37376868399991,63.77912018400008],[-92.0640356109999,63.748887437000064],[-91.99815833199995,63.818793036000045],[-91.88829505099994,63.80914948100008],[-91.99071204299992,63.781236070000034],[-91.89891516799992,63.74603913000004],[-91.74889075399994,63.74823639500005],[-91.70055091099994,63.78021881700005],[-91.65493730399993,63.746527411000045],[-91.6734106109999,63.72223541900007],[-91.50755774599992,63.730536200000074],[-91.3328344389999,63.67759837400007],[-91.39093990799995,63.691473700000074],[-91.39175370999993,63.66710032800006],[-90.91014563699991,63.569199937000064],[-90.54454505099994,63.60993073100008],[-90.58922278599994,63.67759837400007],[-90.70278886599993,63.66453685100004],[-90.64175370999993,63.68382396000004],[-90.64818274599992,63.705511786000045],[-90.48306230399993,63.67137278900003],[-90.54454505099994,63.66453685100004],[-90.45641028599994,63.65086497600004],[-90.48989824099993,63.63666413000004],[-90.44684811099995,63.62067291900007],[-90.34211178299995,63.621527411000045],[-90.29629472599993,63.65131256700005],[-90.22240149599992,63.63666413000004],[-90.28384355399993,63.62299225500004],[-90.25938880099994,63.607855536000045],[-90.1472875639999,63.63043854400007],[-90.16836503799993,63.65770091400003],[-90.05850175699993,63.753973700000074],[-90.11998450399994,63.781236070000034],[-89.97423255099994,63.778550523000035],[-89.96589107999995,63.813340562000064],[-90.12743079299992,63.918402411000045],[-90.08584550699993,63.92462799700007],[-90.27765865799995,64.00718821800007],[-90.16836503799993,64.00718821800007],[-90.09203040299991,63.95258209800005],[-89.99526933499993,63.989569403000075],[-89.95230058499993,63.963731187000064],[-89.99644934799994,63.932074286000045],[-89.9680883449999,63.92011139500005],[-89.83193925699993,63.92462799700007],[-89.81826738199993,63.97300853100006],[-89.92076575399994,64.01402415600006],[-89.85309811099995,64.02765534100007],[-89.94351152299993,64.06867096600007],[-89.91392981699994,64.10337962400007],[-89.93211829299992,64.11749909100007],[-90.02375240799995,64.12388743700006],[-90.04084225199995,64.10020579600007],[-90.12743079299992,64.13007233300004],[-89.97020423099991,64.16779205900008],[-89.83234615799995,64.14142487200007],[-89.82640540299991,64.17743561400005],[-89.88719641799992,64.20579661700003],[-89.80606035099993,64.20136139500005],[-89.78636633999992,64.25023021000004],[-89.7363988919999,64.14777252800008],[-89.82579505099994,64.10956452000005],[-89.70689856699994,64.03168366100005],[-89.72215735599991,64.07611725500004],[-89.65562903599994,64.06248607000003],[-89.50918535099993,63.95209381700005],[-89.48253333199995,63.95258209800005],[-89.55768795499995,64.00718821800007],[-89.56505286399994,64.07611725500004],[-89.43862870999993,64.02415599200003],[-89.37905839799993,64.04144928600005],[-89.24974524599992,63.96556224200003],[-89.28636633999992,64.01593659100007],[-89.12559973899994,63.96556224200003],[-89.14736894399994,63.95258209800005],[-89.02318274599992,63.95258209800005],[-89.08975175699993,63.96190013200004],[-89.29067949099993,64.13690827000005],[-89.25552324099993,64.15985748900005],[-89.14769446499992,64.05613841400003],[-89.0027563139999,63.993475653000075],[-88.9036352199999,64.00824616100005],[-88.70775305899991,63.972723700000074],[-88.6660863919999,64.01146067900004],[-88.55028235599991,64.02765534100007],[-88.55817623599995,64.04808177300004],[-87.98167883999992,64.19151439000007],[-88.05060787699995,64.23688385600008],[-88.04173743399991,64.25731028900003],[-87.89952551999994,64.33307526200008],[-87.8098852199999,64.51605866100005],[-87.57762610599991,64.56952545800004],[-87.51353919199994,64.63410065300008],[-87.52920488199993,64.71287669500003],[-87.49649003799993,64.74323151200008],[-87.44473222599993,64.70758698100008],[-87.30020097599993,64.76439036700003],[-87.30431067599994,64.81260814000007],[-87.24478105399993,64.88056061400005],[-87.07738196499992,64.97296784100007],[-87.11148027299993,65.00092194200005],[-86.97362219999991,65.05756256700005],[-86.99478105399993,65.10394928600005],[-86.93822180899991,65.14195384300007],[-86.95384680899991,65.16535065300008],[-87.05687415299991,65.20636627800008],[-87.0469457669999,65.23798248900005],[-87.65965735599991,65.30060455900008],[-87.75088456899994,65.26752350500004],[-87.94102942599994,65.28827545800004],[-88.07725989499994,65.26776764500005],[-88.93382727799991,65.34349192900004],[-89.0398656889999,65.32819245000007],[-89.18423417899993,65.43895091400003],[-89.39378821499992,65.50116608300004],[-89.39883054274303,65.50827005206149],[-89.02696747820295,65.6473251425275],[-89.03741992070452,65.71843750856914],[-88.41368567599994,65.63153717700004],[-88.83141028599994,65.64520905200004],[-88.46157792899993,65.55357493700006],[-88.22191321499992,65.41181061400005],[-88.06387285099993,65.35948314000007],[-87.92747962099992,65.33344147300005],[-87.38076738199993,65.32969798400006],[-87.07860266799992,65.40208567900004],[-87.06371008999992,65.41864655200004],[-87.11412512899994,65.46039459800005],[-87.01528886599993,65.48749420800004],[-86.98794511599993,65.53534577000005],[-86.82591712099992,65.56163157800006],[-86.66388912699995,65.65766022300005],[-86.54979407499991,65.67247142100007],[-86.46450761599993,65.74347565300008],[-86.45360266799992,65.78233470300006],[-86.49453691299993,65.81586334800005],[-86.42625891799992,65.89838288000004],[-86.22671595399993,65.93303832100008],[-86.19424394399994,65.98407623900005],[-85.97435462099992,66.03558991100005],[-85.97482921999995,66.09827969500003],[-85.85666193299994,66.16282974700005],[-85.89202065299992,66.19341073100009],[-86.32628333199995,66.28599681200006],[-86.62059485599991,66.31439850500004],[-86.80785071499992,66.44627513200004],[-86.63170325399994,66.44025299700007],[-86.7825414699999,66.52220286700003],[-86.62047278599994,66.50694407800006],[-86.57713782499991,66.53587474200003],[-86.59752356699994,66.55634186400005],[-86.39273027299993,66.51536692900004],[-86.34373938699991,66.55634186400005],[-86.13882402299993,66.50108470300006],[-85.78286493699994,66.50009489100006],[-85.46547904499994,66.57442544000008],[-85.41607263899994,66.56698061400004],[-85.3223358809999,66.47953381600007],[-85.31297021899991,66.37242410800008],[-85.27968221999993,66.36070735400006],[-85.24156653599994,66.27008698100008],[-85.17931067599994,66.26837799700007],[-85.11782792899993,66.33038971600007],[-85.08315995999993,66.28681061400005],[-84.9837133449999,66.25433991100005],[-84.87083899599992,66.26837799700007],[-84.48009192599994,66.16596100500004],[-84.37832597599993,66.17304108300004],[-84.63670813699991,66.34385814000007],[-84.53746497299994,66.40521881700005],[-84.42373613199993,66.36139557500007],[-84.34874426999994,66.27777741100005],[-84.20384680899991,66.32420482000003],[-83.97118079299992,66.20408763200004],[-83.7852270169999,66.21076080900008],[-83.85659745999993,66.15851471600007],[-83.71153723899994,66.19090403900003],[-83.68529212099992,66.21373118700006],[-83.76154537699995,66.25470612200007],[-83.78355872299994,66.30137767100007],[-83.86278235599991,66.31675853100006],[-83.89403235599991,66.43219635600008],[-84.2110082669999,66.59454987200007],[-84.1446020169999,66.68671295800004],[-84.31529700399994,66.67987702000005],[-84.4524633449999,66.72081126500007],[-84.32213294199994,66.77606842700004],[-84.65013587099992,66.82408274900007],[-84.6926977199999,66.84495677300004],[-84.50837154899995,66.82322825700004],[-84.74730383999992,66.89960358300004],[-84.59121660099993,66.90481191600009],[-84.60334225199995,66.93992747600004],[-84.76744544199994,66.95555247600004],[-84.89126542899993,66.91941966400003],[-84.97451738199993,66.92914459800005],[-85.00055904899995,66.91941966400003],[-84.91075598899994,66.90143463700008],[-84.95775305899991,66.86448802300004],[-85.12779700399994,66.83751048400006],[-85.21524003799993,66.86766185100004],[-85.22712154899995,66.88593170800004],[-85.14513098899994,66.90574778900003],[-85.21279863199993,66.91941966400003],[-85.00462805899991,66.96808502800008],[-84.63744055899991,66.98151276200008],[-84.73595130099994,67.00787995000007],[-84.88451087099992,66.99457428600005],[-84.84349524599992,67.01500071800007],[-84.93907630099994,67.03681061400005],[-84.91006425699993,67.06187571800007],[-84.37051347599993,66.97406647300005],[-84.5828344389999,66.98151276200008],[-84.40831458199995,66.93500397300005],[-84.41148841099994,66.88593170800004],[-84.24014238199993,66.83751048400006],[-84.43944251199991,66.83067454600007],[-84.41193600199995,66.80731842700004],[-84.3035375639999,66.80101146000004],[-84.26813717399995,66.78229401200008],[-84.30260169199994,66.74131907800006],[-84.13792883999992,66.71222565300008],[-84.09776770699995,66.71930573100008],[-84.10362708199995,66.74811432500007],[-84.02904212099992,66.78392161700003],[-84.04841061099995,66.78974030200004],[-83.94253495999993,66.82697174700007],[-83.91808020699995,66.88593170800004],[-83.88451087099992,66.81708405200004],[-83.95897376199991,66.74811432500007],[-83.85659745999993,66.68671295800004],[-83.89586341099994,66.64732493700006],[-83.93175208199995,66.70722077000005],[-84.00450598899994,66.69700755400004],[-84.01357988199993,66.63206614800004],[-83.97264563699991,66.61839427300004],[-83.98078365799995,66.59235260600008],[-83.67813066299993,66.52533600500004],[-83.52867591099994,66.39691803600005],[-83.6387426419999,66.43553294500003],[-83.65802975199995,66.41917552300004],[-83.56859290299991,66.37140534100007],[-83.58910071499992,66.35712311400005],[-83.36937415299991,66.35028717700004],[-83.0274145169999,66.49518463700008],[-82.99864661399994,66.55516185100004],[-82.59089107999995,66.57086823100008],[-82.55435136599993,66.62523021000004],[-82.3816625639999,66.69647858300004],[-82.37315833199995,66.72764720300006],[-82.15656490799995,66.71397532800006],[-82.17617753799993,66.78086985900006],[-82.0821020169999,66.83409251500007],[-82.09166419199994,66.85797760600008],[-82.01317298099991,66.90574778900003],[-82.03433183499993,66.92723216400003],[-81.95490475199995,66.97679271000004],[-81.50291907499991,67.00104401200008],[-81.49095618399991,67.06053294500003],[-81.40982011599993,67.09760163000004],[-81.31427975199995,67.37193431200006],[-81.23794511599993,67.46051666900007],[-81.45718339799993,67.62840403900003],[-81.6426488919999,67.68720123900005],[-81.81847083199995,67.77277252800008],[-81.82811438699991,67.80683014500005],[-82.10155188699991,67.91038646000004],[-82.17764238199993,68.00938548400006],[-82.08165442599994,68.08246491100005],[-82.12303626199991,68.11180247600004],[-82.0183813139999,68.13047923400006],[-81.99364173099991,68.21503327000005],[-82.04442298099991,68.21735260600008],[-82.17479407499991,68.12498607000003],[-82.31484941299993,68.14659251500007],[-82.34479732999995,68.17552317900004],[-82.26732337099992,68.24213288000004],[-82.27269446499992,68.29157135600008],[-82.44176184799994,68.28400299700007],[-82.50658118399991,68.31785716400003],[-82.3489477199999,68.33771393400008],[-82.50389563699991,68.41014232000003],[-82.61851966099994,68.40709056200006],[-82.65062415299991,68.43390534100007],[-82.49693762899994,68.46393463700008],[-82.6355688139999,68.49713776200008],[-82.61164303299995,68.53021881700005],[-82.26610266799992,68.45811595300006],[-82.17686926999994,68.48810455900008],[-82.27383378799993,68.53697337400007],[-82.08853105399993,68.50962962400007],[-82.01659094999991,68.43390534100007],[-81.95372473899994,68.43065013200004],[-81.82559160099993,68.47101471600007],[-81.79645748599995,68.50372955900008],[-81.81456458199995,68.53009674700007],[-81.64964758999992,68.50824616100005],[-81.26650956899994,68.63873932500007],[-81.25894120999993,68.75604889500005],[-81.23302161399994,68.77391185100004],[-81.37877356699994,68.86762116100005],[-81.56175696499992,68.83165110900006],[-81.58934485599991,68.87287018400008],[-81.70250403599994,68.90753815300008],[-82.06159420499995,68.87897370000007],[-81.72907467399995,68.94505442900004],[-81.68382727799991,68.99445221600007],[-81.58023027299993,68.99298737200007],[-81.38939368399991,69.09528229400007],[-81.27330481699994,69.09870026200008],[-81.34471594999991,69.19489166900007],[-81.75304114499994,69.26788971600007],[-81.99156653599994,69.27802155200004],[-82.04727128799993,69.27000560100004],[-82.02684485599991,69.24949778900003],[-82.2696020169999,69.23822663000004],[-82.29430091099994,69.25633372600004],[-82.23009192599994,69.27606842700004],[-82.25340735599991,69.29047272300005],[-82.14346269399994,69.29791901200008],[-82.3899633449999,69.40033600500004],[-82.22545325399994,69.39354075700004],[-82.28156490799995,69.41941966400003],[-83.29381262899994,69.53990306200006],[-83.25328528599994,69.55805084800005],[-82.51610266799992,69.49371979400007],[-82.4793188139999,69.50275299700007],[-82.6179906889999,69.57001373900005],[-82.75365149599992,69.57786692900004],[-82.55435136599993,69.59955475500004],[-82.65746008999992,69.61945221600007],[-82.5891820949999,69.63312409100007],[-82.61644446499992,69.64671458500004],[-82.40615800699993,69.61810944200005],[-82.25340735599991,69.64057038000004],[-82.41722571499992,69.64671458500004],[-82.63027910099993,69.70258209800005],[-83.02057857999995,69.68150462400007],[-83.25328528599994,69.70880768400008],[-83.35659745999993,69.68150462400007],[-83.73119055899991,69.70897044500003],[-84.33983313699991,69.85968659100007],[-84.77432206899994,69.83856842700004],[-84.86286373599995,69.86163971600007],[-84.89810136599993,69.85285065300008],[-84.85716712099992,69.83234284100007],[-84.87926184799994,69.81879303600005],[-85.02928626199991,69.80646393400008],[-85.05577551999994,69.77708567900004],[-85.32017981699994,69.84699127800008],[-85.56322180899991,69.85809967700004],[-85.59019934799994,69.83234284100007],[-85.37075761599993,69.82489655200004],[-85.33315995999993,69.79136790600006],[-85.39167232999995,69.75604889500005],[-85.39785722599993,69.78534577000005],[-85.5144750639999,69.77024974200003],[-85.44001217399995,69.71190013200004],[-85.54409745999993,69.65350983300004],[-85.38536536399994,69.56419505400004],[-85.48033606699994,69.56419505400004],[-85.53156490799995,69.52598704600007],[-85.53404700399994,69.46332428600005],[-85.34439042899993,69.44135163000004],[-85.41201738199993,69.44810618700006],[-85.38524329299992,69.41868724200003],[-85.50829016799992,69.40778229400007],[-85.44001217399995,69.36619700700004],[-85.45628821499992,69.34760163000004],[-85.33698482999995,69.31842682500007],[-85.48818925699993,69.32636139500005],[-85.47350012899994,69.27680084800005],[-85.39159094999991,69.21539948100008],[-85.20661373599995,69.18805573100008],[-85.3164770169999,69.15391673400006],[-85.27025305899991,69.13788483300004],[-85.01227779899995,69.18048737200007],[-84.98745683499993,69.17442454600007],[-85.13829505099994,69.12665436400005],[-84.96637936099995,69.13963450700004],[-85.02847245999993,69.11920807500007],[-84.92174231699994,69.08063385600008],[-84.75475012899994,69.08502838700008],[-84.72984778599994,69.03595612200007],[-84.52818762899994,69.02362702000005],[-84.58161373599995,68.99681224200003],[-84.80809485599991,69.03461334800005],[-84.83665930899991,69.00934479400007],[-84.95311438699991,69.01854075700004],[-84.98745683499993,69.00934479400007],[-84.81509355399993,68.96605052300004],[-84.7957250639999,68.93732330900008],[-85.11872311099995,68.96356842700004],[-85.14513098899994,68.94786204600007],[-85.00055904899995,68.92426178600005],[-85.06944739499994,68.90692780200004],[-85.00055904899995,68.88580963700008],[-85.19294186099995,68.86933014500005],[-85.14500891799992,68.83478424700007],[-84.98717200399994,68.81126536700003],[-84.80923417899993,68.81407298400006],[-84.75475012899994,68.76288483300004],[-84.78823808499993,68.73558177300004],[-85.23936926999994,68.76585521000004],[-85.26121985599991,68.74860260600008],[-85.22476152299993,68.72129954600007],[-85.56285559799994,68.78400299700007],[-85.45982825399994,68.75604889500005],[-85.66812089799993,68.72699616100005],[-85.74282792899993,68.62482330900008],[-85.72052975199995,68.55064524900007],[-85.7410375639999,68.47858307500007],[-85.66527258999992,68.45441315300008],[-85.74787350199995,68.43671295800004],[-85.71715247299994,68.39826080900008],[-85.84406490799995,68.32404205900008],[-85.80923417899993,68.29673899900007],[-85.84373938699991,68.24518463700008],[-85.78941809799994,68.22166575700004],[-85.88731848899994,68.19269440300008],[-85.86481686099995,68.12970612200007],[-85.91478430899991,68.11143626500007],[-85.90172278599994,68.05438873900005],[-86.08018958199995,67.98151276200008],[-86.13060462099992,68.01605866100005],[-86.12832597599993,67.95783112200007],[-86.34373938699991,67.84491608300004],[-86.52928626199991,67.68720123900005],[-86.45295162699995,67.60594310100004],[-86.48688717399995,67.55219147300005],[-86.48082434799994,67.45905182500007],[-86.53612219999991,67.44700755400004],[-86.50194251199991,67.37938060100004],[-86.58385169199994,67.34918854400007],[-86.61514238199993,67.41437409100007],[-86.65343176999994,67.36371491100005],[-86.77896074099993,67.41864655200004],[-86.8965551419999,67.40074290600006],[-86.96051998599995,67.36737702000005],[-86.97667395699995,67.32330963700008],[-87.07770748599995,67.35765208500004],[-86.96068274599992,67.25523509300007],[-87.07066809799994,67.26337311400005],[-87.11412512899994,67.17894114800004],[-87.13719641799992,67.22882721600007],[-87.22813880099994,67.22809479400007],[-87.28929602799991,67.09760163000004],[-87.32778886599993,67.17328522300005],[-87.37218176999994,67.18012116100005],[-87.51618404899995,67.11871979400007],[-87.50194251199991,67.19379303600005],[-87.36294511599993,67.26719798400006],[-87.44737708199995,67.26386139500005],[-87.48379472599993,67.36310455900008],[-87.9407445949999,67.60468170800004],[-88.14053300699993,67.67072174700007],[-88.16348222599993,67.73619212400007],[-88.28099524599992,67.81098053600005],[-88.37364661399994,67.97581614800004],[-88.37954667899993,68.02985260600008],[-88.33482825399994,68.04559967700004],[-88.34276282499991,68.07538483300004],[-88.28331458199995,68.12604401200008],[-88.39842688699991,68.29079824400003],[-88.19937089799993,68.38336823100008],[-88.17955481699994,68.24530670800004],[-88.02700761599993,68.23822663000004],[-87.94375566299993,68.20087311400005],[-87.8445531889999,68.25580475500004],[-87.79222571499992,68.33124420800004],[-87.8308813139999,68.46869538000004],[-87.94131425699993,68.58763255400004],[-87.92650305899991,68.68720123900005],[-88.02261308499993,68.80866120000007],[-88.24974524599992,68.93158600500004],[-88.7285863919999,69.08392975500004],[-89.03587805899991,69.26719798400006],[-89.19871985599991,69.27806224200003],[-89.33169511599993,69.24949778900003],[-89.54458574099993,69.09186432500007],[-89.67218990799995,69.04450104400007],[-89.74323482999995,68.96832916900007],[-89.7363988919999,68.83116282800006],[-89.68797766799992,68.81749095300006],[-89.71593176999994,68.79022858300004],[-89.71593176999994,68.64618561400005],[-89.77057857999995,68.62571849200003],[-89.75389563699991,68.67731354400007],[-89.79442298099991,68.71507396000004],[-89.90086829299992,68.66046784100007],[-89.94595292899993,68.60431549700007],[-89.89614824099993,68.55023834800005],[-89.82095292899993,68.54454173400006],[-89.8645727199999,68.48834870000007],[-90.00389563699991,68.43390534100007],[-89.98216712099992,68.42772044500003],[-90.00015214799993,68.37925853100006],[-90.1641332669999,68.31517161700003],[-90.11998450399994,68.26264069200005],[-90.2708227199999,68.24213288000004],[-90.33836829299992,68.35203685100004],[-90.47565670499995,68.33771393400008],[-90.31859290299991,68.37925853100006],[-90.60704505099994,68.44391510600008],[-90.47716223899994,68.53440989800004],[-90.53990637899994,68.57208893400008],[-90.48989824099993,68.59153880400004],[-90.56501217399995,68.62571849200003],[-90.48558508999992,68.70111725500004],[-90.53087317599994,68.74241771000004],[-90.51036536399994,68.78400299700007],[-90.4571020169999,68.77704498900005],[-90.47581946499992,68.79649485900006],[-90.44212805899991,68.83116282800006],[-90.59976152299993,68.80390045800004],[-90.42162024599992,68.84544505400004],[-90.48306230399993,68.85228099200003],[-90.43529212099992,68.87897370000007],[-90.62108313699991,68.91632721600007],[-90.57925370999993,68.94786204600007],[-90.6121313139999,68.98749420800004],[-90.70897376199991,69.00718821800007],[-90.67064368399991,69.08820221600007],[-91.44953365799995,69.35252513200004],[-91.18907630099994,69.29047272300005],[-90.95604407499991,69.35936107000003],[-91.08633378799993,69.27000560100004],[-90.91510982999995,69.30414459800005],[-90.96971594999991,69.27000560100004],[-90.80524654899995,69.25633372600004],[-90.79775956899994,69.36619700700004],[-90.58551998599995,69.42084381700005],[-90.70278886599993,69.45433177300004],[-90.56159420499995,69.42829010600008],[-90.35252844999991,69.43732330900008],[-90.31175696499992,69.45433177300004],[-90.36978105399993,69.44468821800007],[-90.43687903599994,69.49315013200004],[-90.68431555899991,69.53888580900008],[-90.75328528599994,69.51911041900007],[-90.75059973899994,69.48969147300005],[-90.88780676999994,69.48969147300005],[-90.89769446499992,69.53685130400004],[-91.10997473899994,69.51329173400006],[-91.18907630099994,69.56419505400004],[-91.34679114499994,69.52326080900008],[-91.57237708199995,69.52326080900008],[-91.35973059799994,69.55292389500005],[-91.09325110599991,69.64057038000004],[-91.16832434799994,69.63312409100007],[-91.16759192599994,69.65570709800005],[-91.49730383999992,69.66107819200005],[-91.60033118399991,69.61261627800008],[-91.57921301999994,69.58531321800007],[-91.73745683499993,69.55113353100006],[-91.71019446499992,69.54429759300007],[-91.80272376199991,69.51325104400007],[-91.79832923099991,69.48969147300005],[-92.12791907499991,69.55805084800005],[-92.29922441299993,69.64671458500004],[-92.09117591099994,69.62592194200005],[-92.37490800699993,69.66783274900007],[-92.34019934799994,69.69452545800004],[-92.36742102799991,69.70872630400004],[-92.66909745999993,69.65416087400007],[-92.92300370999993,69.67405833500004],[-92.53880774599992,69.70880768400008],[-92.86839758999992,69.70197174700007],[-92.68407141799992,69.75694407800006],[-92.64867102799991,69.79417552300004],[-92.56786048099991,69.76459381700005],[-92.54759680899991,69.81683991100005],[-92.26471920499995,69.87523021000004],[-92.24461829299992,69.89378489800004],[-92.27131100199995,69.90745677300004],[-91.9429418609999,70.02411530200004],[-92.11172441299993,70.08860911700003],[-92.31159420499995,70.09430573100008],[-92.47801673099991,70.04559967700004],[-92.5872289699999,70.07880280200004],[-92.38857988199993,70.14704010600008],[-92.48420162699995,70.18121979400007],[-92.26537024599992,70.20652903900003],[-92.36754309799994,70.23643626500007],[-92.29922441299993,70.25690338700008],[-92.22581946499992,70.18793366100005],[-91.99547278599994,70.12303294500003],[-91.51097571499992,70.16132233300004],[-91.64098059799994,70.23407623900005],[-91.69652258999992,70.20225657800006],[-91.73070227799991,70.30467357000003],[-91.68907630099994,70.31834544500003],[-91.72321529899995,70.35578034100007],[-91.78624426999994,70.33649323100008],[-91.87852942599994,70.36473216400003],[-91.90534420499995,70.33991120000007],[-91.8535863919999,70.30467357000003],[-91.92076575399994,70.29930247600004],[-91.95864824099993,70.25775788000004],[-91.99962317599994,70.30316803600005],[-92.08629309799994,70.30467357000003],[-91.99071204299992,70.32514069200005],[-91.97642981699994,70.36676666900007],[-92.04531816299993,70.39411041900007],[-92.04222571499992,70.42137278900003],[-92.13475501199991,70.43500397300005],[-92.11172441299993,70.47264232000003],[-92.28555253799993,70.48961009300007],[-92.19318600199995,70.51007721600007],[-92.26089433499993,70.54865143400008],[-92.2508031889999,70.57904694200005],[-92.15518144399994,70.57904694200005],[-92.21544348899994,70.61627838700008],[-92.24990800699993,70.62535228100006],[-92.30329342399995,70.57335032800006],[-92.34019934799994,70.59947337400007],[-92.30260169199994,70.63365306200006],[-92.41588294199994,70.66779205900008],[-92.6765844389999,70.68146393400008],[-92.64183508999992,70.70933665600006],[-92.71751868399991,70.72300853100006],[-92.66226152299993,70.73602936400005],[-92.6929418609999,70.77464427300004],[-92.94587154899995,70.81745026200008],[-93.04084225199995,70.86237213700008],[-93.05272376199991,70.88068268400008],[-92.93822180899991,70.84605540600006],[-92.85411536399994,70.85960521000004],[-92.90933183499993,70.92784251500007],[-92.85411536399994,71.04515208500004],[-92.88621985599991,71.07066478100006],[-92.8587133449999,71.15863678600005],[-92.93724524599992,71.22333405200004],[-92.94786536399994,71.29490794500003],[-92.99746660099993,71.31891510600008],[-92.98013261599993,71.34735748900005],[-93.14854895699995,71.38340892100007],[-93.21556555899991,71.46910228100006],[-93.82054602799991,71.65534088700008],[-93.71568762899994,71.70490143400008],[-93.72085527299993,71.76532623900005],[-93.95055091099994,71.75092194200005],[-94.05406653599994,71.78917064000007],[-94.12181555899991,71.76044342700004],[-94.21076412699995,71.79230377800008],[-94.41551673099991,71.66547272300005],[-94.39956620999993,71.75702545800004],[-94.35488847599993,71.79869212400007],[-94.44701087099992,71.79071686400005],[-94.49209550699993,71.82599518400008],[-94.59512285099993,71.74347565300008],[-94.64915930899991,71.81976959800005],[-94.46031653599994,71.85740794500003],[-94.4527074859999,71.88593170800004],[-94.50572669199994,71.90167877800008],[-94.39342200399994,71.93931712400007],[-94.47350012899994,71.95600006700005],[-94.49201412699995,71.99042389500005],[-95.22516842399995,71.94953034100007],[-95.21149654899995,71.92902252800008],[-95.25454667899993,71.87921784100007],[-95.17870032499991,71.84715403900003],[-94.75902258999992,71.83966705900008],[-94.60814368399991,71.86762116100005],[-94.74071204299992,71.82929108300004],[-95.21605383999992,71.82953522300005],[-95.28038489499994,71.77818431200006],[-95.27721106699994,71.72431061400005],[-95.49205481699994,71.72296784100007],[-95.72516842399995,71.63373444200005],[-95.91038977799991,71.60687897300005],[-95.87621008999992,71.59324778900003],[-95.94448808499993,71.55223216400003],[-95.80736243399991,71.51068756700005],[-95.49205481699994,71.48712799700007],[-95.37596594999991,71.51068756700005],[-95.5462133449999,71.42772044500003],[-95.43740800699993,71.38031647300005],[-95.58824622299994,71.36045970300006],[-95.51935787699995,71.32575104400007],[-95.5364477199999,71.29608795800004],[-95.65831458199995,71.29148997600004],[-95.92442786399994,71.40403880400004],[-96.13353430899991,71.41417064000007],[-96.30553137899994,71.30329010600008],[-96.50690670499995,71.27789948100008],[-96.43114173099991,71.26426829600007],[-96.45909583199995,71.19537995000007],[-96.37588456899994,71.16058991100005],[-96.45872962099992,71.17145416900007],[-96.56151282499991,71.12706126500007],[-96.45872962099992,71.08612702000005],[-96.41063391799992,71.11969635600008],[-96.37604732999995,71.09410228100006],[-96.49998938699991,71.04515208500004],[-96.52782141799992,70.93183014500005],[-96.61644446499992,70.82575104400007],[-96.60244706899994,70.79132721600007],[-96.4409887359999,70.73859284100007],[-96.34764563699991,70.66539134300007],[-96.19033769399994,70.62474192900004],[-95.81480872299994,70.71556224200003],[-96.05435136599993,70.64423248900005],[-96.05394446499992,70.60704173400006],[-95.79344641799992,70.54413483300004],[-95.85293535099993,70.53888580900008],[-96.07485917899993,70.59271881700005],[-96.18887285099993,70.53221263200004],[-96.23298092399995,70.57119375200006],[-96.33433997299994,70.48688385600008],[-96.34707597599993,70.41412995000007],[-96.44481360599991,70.40770091400003],[-96.54600989499994,70.34056224200003],[-96.57371985599991,70.23444245000007],[-96.53189042899993,70.13617584800005],[-96.25641842399995,69.97028229400007],[-96.11009680899991,69.95652903900003],[-96.08849036399994,69.91425202000005],[-96.12267005099994,69.90062083500004],[-96.08165442599994,69.87950267100007],[-96.20579993399991,69.86583079600007],[-96.08682206899994,69.84629954600007],[-95.9759008449999,69.78620026200008],[-95.80748450399994,69.80341217700004],[-95.78685462099992,69.79075755400004],[-95.82787024599992,69.77024974200003],[-95.78685462099992,69.74298737200007],[-95.75104732999995,69.78538646000004],[-95.66905676999994,69.78843821800007],[-95.41051184799994,69.68589915600006],[-95.13158118399991,69.62103913000004],[-95.02476966099994,69.62677643400008],[-94.87511145699995,69.57164134300007],[-94.74575761599993,69.59434642100007],[-94.72423255099994,69.61945221600007],[-94.76431230399993,69.66168854400007],[-94.62987219999991,69.68773021000004],[-94.6179906889999,69.63788483300004],[-94.56102454299992,69.64057038000004],[-94.52171790299991,69.57591380400004],[-94.32217363199993,69.45298899900007],[-93.93040930899991,69.43541087400007],[-93.86831620999993,69.45433177300004],[-93.87279212099992,69.48651764500005],[-93.55797278599994,69.53070709800005],[-93.45059160099993,69.48969147300005],[-93.58775794199994,69.36619700700004],[-93.36188717399995,69.37299225500004],[-93.84032141799992,69.16868724200003],[-93.81309973899994,69.22215403900003],[-93.88194739499994,69.22907135600008],[-93.81309973899994,69.27000560100004],[-93.88194739499994,69.24949778900003],[-93.80996660099993,69.31098053600005],[-93.52570553299995,69.44135163000004],[-93.73916581899994,69.40904368700006],[-93.84618079299992,69.34979889500005],[-94.02660071499992,69.36619700700004],[-94.28164628799993,69.32212962400007],[-94.31395423099991,69.29791901200008],[-94.25938880099994,69.27680084800005],[-94.30028235599991,69.24949778900003],[-94.27985592399995,69.22907135600008],[-94.32404537699995,69.15582916900007],[-94.25283769399994,69.12697988500008],[-94.00548255099994,69.16014232000003],[-94.17247473899994,69.10785553600005],[-94.18602454299992,69.08592357000003],[-94.14952551999994,69.06456126500007],[-94.17617753799993,69.04950592700004],[-94.34585527299993,69.02582428600005],[-94.44298255099994,68.94415924700007],[-94.60195878799993,68.96832916900007],[-94.56676184799994,68.93577708500004],[-94.58429928299995,68.90318431200006],[-94.55052649599992,68.89073314000007],[-94.63609778599994,68.75604889500005],[-94.41250566299993,68.72300853100006],[-94.09422766799992,68.76288483300004],[-93.8262426419999,68.87933991100005],[-93.81309973899994,68.89948151200008],[-94.03652910099993,68.83860911700003],[-94.08055579299992,68.85228099200003],[-94.04027258999992,68.86591217700004],[-94.0698949859999,68.87482330900008],[-94.06163489499994,68.90326569200005],[-93.92296301999994,68.98200104400007],[-93.95083574099993,68.99567291900007],[-93.90245520699995,69.02977122600004],[-93.93659420499995,69.02977122600004],[-93.82713782499991,69.06919993700006],[-93.80003821499992,69.06456126500007],[-93.90929114499994,68.99567291900007],[-93.8335668609999,69.00934479400007],[-93.8758031889999,68.97516510600008],[-93.85728919199994,68.96259186400005],[-93.63491777299993,68.96214427300004],[-93.6492406889999,68.89948151200008],[-93.57066809799994,68.84406159100007],[-93.69762122299994,68.74860260600008],[-93.70571855399993,68.66461823100008],[-93.75226803299995,68.61212799700007],[-93.37486731699994,68.63873932500007],[-93.44644120999993,68.61485423400006],[-93.52375240799995,68.60728587400007],[-93.56065833199995,68.55841705900008],[-94.1223852199999,68.42234935100004],[-94.21141516799992,68.36387767100007],[-94.21092688699991,68.26947663000004],[-94.56037350199995,68.16331614800004],[-94.79824785099993,68.03807200700004],[-95.03966223899994,68.05524323100008],[-95.09479732999995,68.09129466400003],[-95.27293860599991,68.03668854400007],[-95.2183324859999,68.07762278900003],[-95.47838294199994,68.06342194200005],[-95.4312231109999,68.05719635600008],[-95.42174231699994,68.01996491100005],[-95.58202063699991,67.89952220300006],[-95.53652910099993,67.88670482000003],[-95.54548092399995,67.80829498900005],[-95.70767167899993,67.73334381700005],[-95.46324622299994,67.63934967700004],[-95.33812415299991,67.55223216400003],[-95.32494055899991,67.51080963700008],[-95.41380774599992,67.45661041900007],[-95.37596594999991,67.44700755400004],[-95.33018958199995,67.34345123900005],[-95.17284094999991,67.27863190300008],[-95.25560462099992,67.26227448100008],[-95.26846269399994,67.21124909100007],[-95.34813391799992,67.15269603100006],[-95.3235570949999,67.11717357000003],[-95.34520423099991,67.07396067900004],[-95.29149329299992,67.03119538000004],[-95.30089270699995,67.00885651200008],[-95.2183324859999,66.97406647300005],[-95.31631425699993,66.90021393400008],[-95.41071529899995,66.93309153900003],[-95.50670325399994,66.90253327000005],[-95.73379472599993,66.90306224200003],[-95.77594967399995,66.93683502800008],[-95.88613847599993,66.92999909100007],[-95.9761449859999,66.95392487200007],[-96.09349524599992,66.92023346600007],[-95.90953528599994,66.81928131700005],[-95.75438391799992,66.68305084800005],[-95.68691972599993,66.68768952000005],[-95.66478430899991,66.74144114800004],[-95.64346269399994,66.66929759300007],[-95.82095292899993,66.59113190300008],[-95.78001868399991,66.66246165600006],[-95.85204016799992,66.75812409100007],[-96.09691321499992,66.83063385600008],[-96.15274003799993,66.90062083500004],[-96.39761308499993,66.99457428600005],[-96.45567786399994,67.05975983300004],[-96.39220130099994,67.09332916900007],[-96.28034420499995,67.07025788000004],[-96.2598363919999,66.99144114800004],[-96.11583411399994,66.98834870000007],[-96.15737870999993,66.96784088700008],[-96.12706458199995,66.95697663000004],[-96.02700761599993,66.97406647300005],[-96.04873613199993,67.01654694200005],[-95.95579993399991,67.07453034100007],[-95.93081620999993,67.07025788000004],[-95.99229895699995,67.00885651200008],[-95.91372636599993,66.94782135600008],[-95.60191809799994,66.98834870000007],[-95.63662675699993,66.96784088700008],[-95.60350501199991,66.94684479400007],[-95.4214574859999,66.94928620000007],[-95.40322831899994,66.97406647300005],[-95.35545813699991,66.96409739800004],[-95.33031165299991,67.01036204600007],[-95.33779863199993,67.04173411700003],[-95.41763261599993,67.06976959800005],[-95.37938391799992,67.10785553600005],[-95.38280188699991,67.15965403900003],[-95.43740800699993,67.20062897300005],[-95.44273841099994,67.15180084800005],[-95.48257402299993,67.14134349200003],[-95.48521887899994,67.20062897300005],[-95.52188066299993,67.21959056200006],[-95.66612708199995,67.22410716400003],[-95.8352758449999,67.16583893400008],[-95.55410722599993,67.32416413000004],[-95.53392493399991,67.35773346600007],[-95.5813695949999,67.38483307500007],[-95.67804928299995,67.33502838700008],[-95.71629798099991,67.37604401200008],[-95.76097571499992,67.37116120000007],[-95.90807044199994,67.28656647300005],[-95.94448808499993,67.29621002800008],[-96.11074785099993,67.22186920800004],[-96.1421606109999,67.26264069200005],[-96.25300045499995,67.24774811400005],[-96.22533118399991,67.32212962400007],[-96.06802324099993,67.44086334800005],[-96.09593665299991,67.46747467700004],[-96.21003170499995,67.42560455900008],[-96.33495032499991,67.44391510600008],[-96.39207923099991,67.49607982000003],[-96.46524003799993,67.47801341400003],[-96.43114173099991,67.54328034100007],[-96.46524003799993,67.54950592700004],[-96.33495032499991,67.61212799700007],[-96.34390214799993,67.68939850500004],[-96.30724036399994,67.69635651200008],[-96.25304114499994,67.62982819200005],[-96.18187415299991,67.64288971600007],[-96.17105058499993,67.70026276200008],[-96.22215735599991,67.69896067900004],[-96.19131425699993,67.73651764500005],[-96.21678626199991,67.81024811400005],[-96.02440344999991,68.11570872600004],[-96.08165442599994,68.14594147300005],[-95.89671790299991,68.29673899900007],[-96.39810136599993,68.17137278900003],[-96.54845130099994,68.08506907800006],[-96.47891191299993,68.09056224200003],[-96.44481360599991,68.05036041900007],[-96.56273352799991,68.04047272300005],[-96.6167699859999,68.06818268400008],[-96.69180253799993,68.01618073100008],[-96.76451575399994,68.01715729400007],[-96.80186926999994,68.02684153900003],[-96.79503333199995,68.07196686400005],[-96.63768469999991,68.11347077000005],[-96.64342200399994,68.13971588700008],[-96.52452551999994,68.19171784100007],[-96.46939042899993,68.28595612200007],[-96.40379798099991,68.31785716400003],[-96.59203040299991,68.25421784100007],[-96.63394120999993,68.21393463700008],[-96.62096106699994,68.18565501500007],[-96.68126380099994,68.21112702000005],[-96.67951412699995,68.23871491100005],[-96.63036048099991,68.24957916900007],[-96.69001217399995,68.28644440300008],[-96.92642167899993,68.24274323100008],[-97.08063717399995,68.26569245000007],[-97.05606035099993,68.30662669500003],[-96.9934789699999,68.29673899900007],[-96.9934789699999,68.33771393400008],[-97.16197669199994,68.37763092700004],[-97.10952714799993,68.39301178600005],[-97.26036536399994,68.46869538000004],[-97.43000240799995,68.50556061400005],[-97.57774817599994,68.49994538000004],[-97.62096106699994,68.46210358300004],[-97.51919511599993,68.45233795800004],[-97.5293676419999,68.42072174700007],[-97.63585364499994,68.45543040600006],[-97.70547441299993,68.52781810100004],[-97.97964433499993,68.54706452000005],[-98.01048743399991,68.49909088700008],[-97.7476293609999,68.36871979400007],[-97.90831458199995,68.39154694200005],[-97.90465247299994,68.34454987200007],[-98.09557044199994,68.36749909100007],[-98.11693274599992,68.35508860900006],[-98.08259029899995,68.32379791900007],[-98.15135657499991,68.33466217700004],[-98.21312415299991,68.30418528900003],[-98.52599036399994,68.42540110900006],[-98.45954342399995,68.36505768400008],[-98.54149329299992,68.36505768400008],[-98.51475989499994,68.33152903900003],[-98.63084876199991,68.38243235900006],[-98.71336829299992,68.37925853100006],[-98.48745683499993,68.24957916900007],[-98.54149329299992,68.23590729400007],[-98.31554114499994,68.16705963700008],[-98.32453365799995,68.12811920800004],[-98.4114477199999,68.08246491100005],[-98.45612545499995,68.18378327000005],[-98.50670325399994,68.18121979400007],[-98.53526770699995,68.13971588700008],[-98.5899145169999,68.15277741100005],[-98.44896399599992,68.07086823100008],[-98.40489661399994,68.00938548400006],[-98.22329667899993,67.93406810100004],[-98.0950414699999,67.83661530200004],[-98.04865475199995,67.83808014500005],[-98.06602942599994,67.89923737200007],[-98.0015356109999,67.95945872600004],[-97.95750891799992,67.92902252800008],[-97.84992428299995,67.97410716400003],[-97.72960364499994,67.97325267100007],[-97.69322669199994,68.02265045800004],[-97.36351477799991,67.87693919500003],[-97.2495824859999,67.92462799700007],[-97.12083899599992,67.79303620000007],[-97.22622636599993,67.71454498900005],[-97.06114661399994,67.68040599200003],[-97.19692949099993,67.66437409100007],[-97.21324622299994,67.62457916900007],[-97.27464758999992,67.66673411700003],[-97.41502844999991,67.61066315300008],[-97.5579320949999,67.59540436400005],[-97.79596920499995,67.68463776200008],[-97.92723548099991,67.69688548400006],[-97.98436438699991,67.75031159100007],[-98.09211178299995,67.76032135600008],[-98.25743567599994,67.92584870000007],[-98.58458411399994,68.09638092700004],[-98.73387610599991,68.07086823100008],[-98.72704016799992,67.95783112200007],[-98.53547115799995,67.87323639500005],[-98.45225989499994,67.87006256700005],[-98.3633520169999,67.79462311400005],[-98.58926347599993,67.78282298400006],[-98.68260657499991,67.81268952000005],[-98.73228919199994,67.75409577000005],[-98.89268958199995,67.75226471600007],[-98.93643144399994,67.69684479400007],[-98.98167883999992,67.72203196800007],[-99.22667395699995,67.71454498900005],[-99.42369544199994,67.79413483300004],[-99.63459225199995,67.79271067900004],[-99.76781165299991,67.82648346600007],[-99.81704667899993,67.80088939000007],[-100.41283118399991,67.85114166900007],[-100.59040279899995,67.79645416900007],[-100.59276282499991,67.84703196800007],[-100.70738684799994,67.85114166900007],[-100.73497473899994,67.81696198100008],[-100.83128821499992,67.79596588700008],[-100.90729732999995,67.82855866100005],[-100.92218990799995,67.80316803600005],[-100.89220130099994,67.77057526200008],[-100.95685787699995,67.74921295800004],[-101.09764563699991,67.74909088700008],[-101.09483801999994,67.78660716400003],[-101.17381751199991,67.75547923400006],[-101.25243079299992,67.76972077000005],[-101.26256262899994,67.72199127800008],[-101.44766191299993,67.73436107000003],[-101.41592363199993,67.69025299700007],[-101.67345130099994,67.69403717700004],[-101.74181067599994,67.72764720300006],[-101.79796301999994,67.70811595300006],[-101.98058020699995,67.79157135600008],[-102.0257055329999,67.75047435100004],[-102.13072669199994,67.77509186400005],[-102.21849524599992,67.74201080900008],[-102.21890214799993,67.69183991100005],[-102.25381425699993,67.73041413000004],[-102.30589758999992,67.72325267100007],[-102.45107988199993,67.78229401200008],[-102.76256262899994,67.81513092700004],[-102.94835364499994,67.92682526200008],[-103.08299719999991,67.92747630400004],[-103.36351477799991,68.01146067900004],[-103.37975012899994,68.07762278900003],[-103.33877519399994,68.11180247600004],[-103.4148656889999,68.16937897300005],[-103.52843176999994,68.13300202000005],[-103.5579320949999,68.06342194200005],[-103.70872962099992,68.07086823100008],[-103.79259192599994,68.02627187700006],[-103.9903051419999,68.04865143400008],[-104.14761308499993,68.02423737200007],[-104.31700598899994,68.05707428600005],[-104.48387610599991,68.03392161700003],[-104.5066625639999,68.07074616100005],[-104.59162350199995,68.08331940300008],[-104.6172582669999,68.13959381700005],[-104.67568925699993,68.13971588700008],[-104.60195878799993,68.23533763200004],[-104.82005774599992,68.26512278900003],[-104.93517005099994,68.23590729400007],[-104.94497636599993,68.26056549700007],[-104.84219316299993,68.29189687700006],[-104.89419511599993,68.35138580900008],[-104.9531957669999,68.30744049700007],[-105.0860082669999,68.31037018400008],[-104.99665279899995,68.27692291900007],[-105.03921464799993,68.25910065300008],[-105.3230688139999,68.35443756700005],[-105.35350501199991,68.37929922100005],[-105.33307857999995,68.41347890800006],[-105.54393469999991,68.41388580900008],[-105.5359594389999,68.44989655200004],[-105.43732662699995,68.49042389500005],[-105.32412675699993,68.48248932500007],[-105.3262426419999,68.51585521000004],[-105.40916907499991,68.53058502800008],[-105.53917395699995,68.65005117400005],[-105.46959387899994,68.72199127800008],[-105.79649817599994,68.88271719000005],[-106.22175045499995,68.94599030200004],[-106.30581620999993,68.89642975500004],[-106.66567949099993,68.81622955900008],[-106.91079667899993,68.80036041900007],[-107.29259192599994,68.70140208500004],[-108.2808324859999,68.62156810100004],[-108.40611731699994,68.56085846600007],[-108.59459387899994,68.39915599200003],[-108.74901282499991,68.34454987200007],[-108.74404863199993,68.30634186400005],[-108.81505286399994,68.27423737200007],[-108.73216712099992,68.23493073100008],[-108.41661536399994,68.30418528900003],[-108.40217037699995,68.26894765800006],[-108.45759029899995,68.18691640800006],[-108.40977942599994,68.18073151200008],[-108.36196855399993,68.23590729400007],[-108.32787024599992,68.20457591400003],[-108.35423743399991,68.14044830900008],[-108.38247636599993,68.13971588700008],[-108.37755286399994,68.16632721600007],[-108.43399003799993,68.15615469000005],[-108.38923092399995,68.11102936400005],[-108.14907792899993,68.17328522300005],[-107.92467200399994,68.14801666900007],[-107.84434973899994,68.18073151200008],[-107.61465410099993,68.16705963700008],[-107.88902747299994,68.26947663000004],[-107.8269750639999,68.34454987200007],[-107.54653886599993,68.35175202000005],[-107.50890051999994,68.32355377800008],[-107.33556067599994,68.31879303600005],[-107.27391516799992,68.26874420800004],[-107.15514075399994,68.27008698100008],[-107.02562415299991,68.36505768400008],[-106.80996660099993,68.37079498900005],[-106.78673255099994,68.41494375200006],[-106.7168676419999,68.35138580900008],[-106.65172278599994,68.35138580900008],[-106.55272376199991,68.29677969000005],[-106.52806555899991,68.30109284100007],[-106.5562231109999,68.35879140800006],[-106.48794511599993,68.40741608300004],[-106.59264075399994,68.42743561400005],[-106.63524329299992,68.46869538000004],[-106.53221594999991,68.44757721600007],[-106.50975501199991,68.45856354400007],[-106.55955969999991,68.48859284100007],[-106.53888912699995,68.50779857000003],[-106.42235266799992,68.51585521000004],[-106.55333411399994,68.51585521000004],[-105.94123287699995,68.64008209800005],[-105.79100501199991,68.61196523600006],[-105.64834550699993,68.63873932500007],[-105.77867591099994,68.55068594000005],[-105.6975805329999,68.48883698100008],[-105.72712154899995,68.42658112200007],[-105.79857337099992,68.42772044500003],[-105.8184301419999,68.45514557500007],[-105.87409420499995,68.41046784100007],[-105.97052975199995,68.42772044500003],[-105.9910375639999,68.39642975500004],[-106.12242591099994,68.36603424700007],[-106.25108801999994,68.39301178600005],[-106.44566809799994,68.35126373900005],[-106.4707738919999,68.33152903900003],[-106.42601477799991,68.30426666900007],[-106.48412024599992,68.22866445500006],[-106.34658769399994,68.18691640800006],[-106.44347083199995,68.15277741100005],[-106.49649003799993,68.20258209800005],[-106.63149980399993,68.24957916900007],[-106.64488684799994,68.17328522300005],[-106.69981848899994,68.19830963700008],[-106.6824438139999,68.22846100500004],[-106.81338456899994,68.20799388200004],[-106.74575761599993,68.13955312700006],[-106.75816809799994,68.10496653900003],[-106.9260961579999,68.12645091400003],[-106.97044837099992,68.11180247600004],[-106.95254472599993,68.10008372600004],[-107.13487708199995,68.09129466400003],[-107.10757402299993,68.12604401200008],[-107.14663652299993,68.13182200700004],[-107.37267005099994,68.04743073100008],[-107.68175208199995,68.04873281500005],[-107.77407792899993,67.98859284100007],[-107.83438066299993,68.00942617400005],[-107.73818925699993,68.04291413000004],[-107.81395423099991,68.05719635600008],[-107.69725501199991,68.07762278900003],[-107.87950598899994,68.09300364800004],[-107.90953528599994,67.99510325700004],[-107.65933183499993,67.94672272300005],[-107.69977779899995,67.90289948100008],[-107.94163977799991,67.85431549700007],[-108.01260331899994,67.75910065300008],[-108.00572669199994,67.70966217700004],[-107.58584550699993,67.50116608300004],[-107.63516191299993,67.40607330900008],[-107.69725501199991,67.42649974200003],[-107.71642005099994,67.40460846600007],[-107.58885657499991,67.31049225500004],[-107.52700761599993,67.21234772300005],[-107.39000403599994,67.14883047100005],[-107.2031957669999,67.12490469000005],[-107.24644934799994,67.08421458500004],[-107.40339107999995,67.04116445500006],[-107.26740475199995,66.98940664300005],[-107.08771725199995,66.83071523600006],[-107.40103105399993,66.97431061400005],[-107.44139563699991,66.96295807500007],[-107.39561926999994,66.89215729400007],[-107.48436438699991,66.88593170800004],[-107.40925045499995,66.81708405200004],[-107.56297766799992,66.83950429900005],[-107.5327856109999,66.87848541900007],[-107.61632239499994,66.88540273600006],[-107.69725501199991,66.95355866100005],[-107.48436438699991,66.91941966400003],[-107.52399654899995,67.02041250200006],[-107.64297441299993,67.07709381700005],[-107.66649329299992,67.06342194200005],[-107.60789954299992,66.97406647300005],[-107.76585852799991,66.99632396000004],[-107.68980872299994,66.76862213700008],[-107.79967200399994,66.76862213700008],[-107.65868079299992,66.70770905200004],[-107.56354732999995,66.59454987200007],[-107.20177161399994,66.37848541900007],[-107.2415258449999,66.34853750200006],[-107.43252519399994,66.45473867400005],[-107.52114824099993,66.55341217700004],[-107.56554114499994,66.53074778900003],[-107.63516191299993,66.57001373900005],[-107.72451738199993,66.63206614800004],[-107.68980872299994,66.64573802300004],[-107.8577367829999,66.76007721600007],[-107.88902747299994,66.76178620000007],[-107.85753333199995,66.72382233300004],[-107.88890540299991,66.66974518400008],[-107.9505102199999,66.73509349200003],[-107.9368383449999,66.78229401200008],[-107.99522864499994,66.83222077000005],[-108.23167883999992,66.85114166900007],[-108.1360570949999,66.86009349200003],[-108.1194555329999,66.93939850500004],[-108.33971106699994,66.99042389500005],[-108.46499589799993,67.07489655200004],[-108.51829993399991,67.03717682500007],[-108.62205969999991,67.15281810100004],[-108.21495520699995,67.02741120000007],[-108.13939368399991,67.08002350500004],[-107.88536536399994,67.04824453300006],[-107.91637122299994,67.13922760600008],[-107.88231360599991,67.15517812700006],[-107.99254309799994,67.28245677300004],[-108.37026933499993,67.44757721600007],[-108.44395911399994,67.43402741100005],[-108.4312231109999,67.36937083500004],[-108.47126217399995,67.35146719000005],[-108.51040605399993,67.39203522300005],[-108.51964270699995,67.49481842700004],[-108.58112545499995,67.60846588700008],[-108.63988196499992,67.62946198100008],[-108.73070227799991,67.61579010600008],[-108.75690670499995,67.41461823100008],[-108.82412675699993,67.35716380400004],[-108.86595618399991,67.41461823100008],[-109.01309160099993,67.46133047100005],[-109.02257239499994,67.48769765800006],[-108.92943274599992,67.53180573100008],[-108.9851781889999,67.59039948100008],[-109.00625566299993,67.67357005400004],[-109.06704667899993,67.72016022300005],[-109.31232662699995,67.72256094000005],[-109.40416419199994,67.74188873900005],[-109.38243567599994,67.75551992400005],[-109.40587317599994,67.76976146000004],[-109.49551347599993,67.74079010600008],[-109.51846269399994,67.69135163000004],[-109.71670488199993,67.71918366100005],[-109.74274654899995,67.74530670800004],[-109.6226293609999,67.74188873900005],[-109.7461645169999,67.77602773600006],[-109.69835364499994,67.81012604400007],[-109.83202063699991,67.87360260600008],[-109.95221920499995,67.88589101800005],[-109.91063391799992,67.85854726800005],[-109.96690833199995,67.83380768400008],[-109.99937903599994,67.88589101800005],[-109.97118079299992,67.96727122600004],[-110.05964107999995,68.00507233300004],[-110.17784583199995,67.99884674700007],[-110.20303300699993,67.97406647300005],[-110.12975012899994,67.92682526200008],[-110.15819251199991,67.91840241100005],[-110.34264075399994,67.96841054900005],[-110.32835852799991,67.94794342700004],[-110.7395727199999,67.86542389500005],[-111.01895097599993,67.76813385600008],[-111.08812415299991,67.79067617400005],[-111.2122289699999,67.76235586100006],[-111.17125403599994,67.78286367400005],[-111.2122289699999,67.78969961100006],[-111.15282141799992,67.83124420800004],[-111.16738847599993,67.84609609600005],[-111.29198157499991,67.82611725500004],[-111.42491614499994,67.73956940300008],[-111.53498287699995,67.76923248900005],[-111.57591712099992,67.74868398600006],[-111.54564368399991,67.72138092700004],[-111.93154863199993,67.74868398600006],[-111.88548743399991,67.68520742400005],[-111.9800512359999,67.69403717700004],[-112.02774003799993,67.74868398600006],[-112.32762610599991,67.74555084800005],[-112.37100175699993,67.73505280200004],[-112.35460364499994,67.69428131700005],[-112.42100989499994,67.68244049700007],[-113.85875403599994,67.69623444200005],[-114.17210852799991,67.74225495000007],[-114.32982337099992,67.72821686400005],[-114.53526770699995,67.79694245000007],[-114.59902910099993,67.77456289300005],[-114.78921464799993,67.81696198100008],[-115.11823482999989,67.80390045800004],[-115.28270423099991,67.87221914300005],[-115.25601152299993,67.88589101800005],[-115.51821855399993,67.89524974200003],[-115.54336503799993,67.92340729400007],[-115.11196855399993,68.01618073100008],[-115.24913489499994,68.04291413000004],[-115.17951412699995,68.14183177300004],[-115.24168860599991,68.18691640800006],[-114.8960668609999,68.15135325700004],[-114.75511633999992,68.19432200700004],[-114.96861731699994,68.28314850500004],[-114.94151770699995,68.29132721600007],[-114.83702551999994,68.26264069200005],[-114.0354711579999,68.24119700700004],[-114.01524817599994,68.25267161700003],[-114.05679277299993,68.30418528900003],[-113.90538489499994,68.39980703300006],[-113.96715247299994,68.44082265800006],[-114.00499426999994,68.39980703300006],[-114.11082923099991,68.41347890800006],[-114.11168372299994,68.43964264500005],[-114.05679277299993,68.44082265800006],[-114.07994544199994,68.49445221600007],[-114.20103919199994,68.57192617400005],[-114.4011938139999,68.61692942900004],[-114.46776282499991,68.66669342700004],[-114.43980872299994,68.68720123900005],[-114.52257239499994,68.71723053600005],[-114.74205481699994,68.75531647300005],[-114.98778235599991,68.86741771000004],[-115.11436926999994,68.85643138200004],[-115.56725012899994,68.97186920800004],[-115.94123287699995,69.00311920800004],[-115.76992753799993,68.94037506700005],[-115.8792211579999,68.92739492400005],[-116.1604711579999,68.98411692900004],[-116.31798255099994,68.96832916900007],[-116.0852758449999,68.88580963700008],[-116.12559973899994,68.87897370000007],[-116.09870357999989,68.85639069200005],[-115.94123287699995,68.81753164300005],[-115.97118079299992,68.80927155200004],[-116.20811926999994,68.83120351800005],[-116.38613847599993,68.88532135600008],[-116.46784420499989,68.86375560100004],[-116.84707597599993,68.88768138200004],[-116.97362219999991,68.94627513200004],[-117.0100805329999,68.94037506700005],[-116.96165930899991,68.91376373900005],[-116.98135331899994,68.90680573100008],[-117.16539466099994,68.89394765800006],[-117.37071692599994,68.95091380400004],[-118.04088294199994,69.02460358300004],[-118.47691809799994,69.12946198100008],[-118.66637122299994,69.22549062700006],[-120.08580481699994,69.36359284100007],[-120.63951575399994,69.53485748900005],[-120.80736243399991,69.62352122600004],[-121.42784583199995,69.76683177300004],[-121.6438695949999,69.78904857000003],[-122.74583899599992,69.83234284100007],[-122.77253170499989,69.79486725500004],[-122.97972571499992,69.83478424700007],[-123.15733801999994,69.77024974200003],[-123.11367753799993,69.74371979400007],[-123.10045325399994,69.67536041900007],[-123.16356360599991,69.61603424700007],[-123.12946529899995,69.57477448100008],[-123.16563880099994,69.50043366100005],[-123.44322669199994,69.47687409100007],[-123.43740800699993,69.42633698100008],[-123.38267981699994,69.41400788000004],[-123.66356360599991,69.35936107000003],[-123.98314368399991,69.40436432500007],[-124.02013098899994,69.37986888200004],[-124.00645911399994,69.34511953300006],[-124.0542699859999,69.39354075700004],[-124.15884355399993,69.34808991100005],[-124.42284094999991,69.36664459800005],[-124.5210668609999,69.40778229400007],[-124.41734778599994,69.41400788000004],[-124.42910722599993,69.47345612200007],[-124.23985755099994,69.55117422100005],[-124.18464107999989,69.63312409100007],[-124.03441321499992,69.68154531500005],[-124.07477779899995,69.72866445500006],[-124.32607988199993,69.69798411700003],[-124.50674394399994,69.73615143400008],[-124.49120032499991,69.79657623900005],[-124.40371660099993,69.85968659100007],[-124.50690670499989,69.91632721600007],[-124.44994055899991,69.91982656500005],[-124.43537350199989,69.95526764500005],[-124.54088294199994,69.96954987200007],[-124.41734778599994,69.99624258000006],[-124.50674394399994,70.01048411700003],[-124.37026933499993,70.04169342700004],[-124.37279212099992,70.08364492400005],[-124.44391842399995,70.11115143400008],[-124.38385982999989,70.14020416900007],[-124.40811113199993,70.15542226800005],[-124.70201575399994,70.15127187700006],[-124.75377356699994,70.12661367400005],[-124.6848852199999,70.11286041900007],[-124.74010169199994,70.09243398600006],[-124.50674394399994,70.10602448100008],[-124.58242753799993,70.08559804900005],[-124.46499589799993,70.08665599200003],[-124.41734778599994,70.05145905200004],[-124.52798417899993,70.06098053600005],[-124.56200110599991,70.03717682500007],[-124.52721106699994,70.03717682500007],[-124.54556230399993,70.01894765800006],[-124.5999242829999,70.02187734600005],[-124.67125403599994,70.07880280200004],[-124.95921790299991,70.03717682500007],[-124.85619055899991,70.03717682500007],[-124.89639238199993,70.02431875200006],[-125.04796301999994,70.03034088700008],[-124.98766028599994,70.04555898600006],[-124.98346920499989,70.07827383000006],[-125.01382402299993,70.08559804900005],[-125.20620683499993,70.00307851800005],[-125.1848852199999,69.97321198100008],[-125.20946204299992,69.93549225500004],[-125.10260982999989,69.94839101800005],[-125.12987219999991,69.96271393400008],[-124.99274654899995,70.01048411700003],[-124.81407630099994,70.01585521000004],[-124.79474850199989,70.01048411700003],[-124.85619055899991,69.98940664300005],[-124.7659399079999,69.97223541900007],[-124.6848852199999,70.02411530200004],[-124.63023841099994,69.98627350500004],[-124.91510982999989,69.93512604400007],[-125.02749589799993,69.86587148600006],[-125.06460527299993,69.79938385600008],[-125.16893469999991,69.80206940300008],[-125.18053137899994,69.85732656500005],[-125.28136145699995,69.81122467700004],[-125.23989824099993,69.77106354400007],[-124.9260961579999,69.75259023600006],[-124.82201087099992,69.71503327000005],[-124.93691972599993,69.64996979400007],[-124.97012285099993,69.73322174700007],[-125.06798255099994,69.75096263200004],[-125.23355058499993,69.69452545800004],[-125.37010657499991,69.69452545800004],[-125.41856848899994,69.64057038000004],[-125.38634192599994,69.61473216400003],[-125.43838456899994,69.61261627800008],[-125.21930904899995,69.58535390800006],[-125.29434160099993,69.55117422100005],[-125.11685136599993,69.48969147300005],[-125.31651770699995,69.52753327000005],[-125.30870520699995,69.50275299700007],[-125.4839574859999,69.51365794500003],[-125.50047766799992,69.47606028900003],[-125.58299719999991,69.47606028900003],[-125.62401282499991,69.42084381700005],[-125.30361894399994,69.47394440300008],[-125.26154537699989,69.44757721600007],[-125.08897864499994,69.45433177300004],[-125.14354407499991,69.43451569200005],[-125.11685136599993,69.42084381700005],[-125.16124426999994,69.38605377800008],[-125.45954342399995,69.41400788000004],[-125.37010657499991,69.35252513200004],[-125.44884192599994,69.31915924700007],[-125.68541419199994,69.39354075700004],[-125.93862870999993,69.41400788000004],[-126.24522864499994,69.52533600500004],[-126.70177161399994,69.76740143400008],[-126.80577551999994,69.89862702000005],[-126.76854407499991,69.93475983300004],[-126.79165605399993,69.95026276200008],[-126.77476966099994,69.97573476800005],[-126.88463294199994,70.01048411700003],[-127.13646399599992,70.25287506700005],[-127.44517981699994,70.40591054900005],[-127.9915258449999,70.59292226800005],[-128.16344153599994,70.49551015800006],[-128.2005102199999,70.40086497600004],[-128.14073645699995,70.37466054900005],[-127.90623938699991,70.39411041900007],[-127.95840410099993,70.34821198100008],[-128.11107337099992,70.36676666900007],[-128.03237870999993,70.29368724200003],[-127.5152074859999,70.22211334800005],[-128.11107337099992,70.18866608300004],[-128.3372289699999,70.12982819200005],[-128.37022864499994,70.09739817900004],[-128.3103735019999,69.96271393400008],[-128.60045325399994,69.86933014500005],[-128.80329342399995,69.75836823100008],[-128.96764075399994,69.73240794500003],[-128.91982988199993,69.68773021000004],[-128.94151770699995,69.68244049700007],[-129.1536352199999,69.70351797100005],[-129.13272050699993,69.77708567900004],[-129.17369544199994,69.83234284100007],[-128.93285071499992,69.84540436400005],[-128.95791581899994,69.89411041900007],[-128.91299394399994,69.91087474200003],[-128.89073645699995,69.97052643400008],[-128.8583878249999,69.95526764500005],[-128.8860570949999,69.97626373900005],[-128.96544348899994,69.96450429900005],[-129.12291419199994,69.85610586100006],[-129.60509192599994,69.82489655200004],[-130.3797094389999,69.69452545800004],[-130.3381241529999,69.68154531500005],[-130.45107988199993,69.62287018400008],[-130.44737708199995,69.58535390800006],[-130.7502335279999,69.45433177300004],[-130.64659583199995,69.46181875200006],[-130.6868383449999,69.41828034100007],[-130.8256729809999,69.38153717700004],[-130.79743404899995,69.35252513200004],[-130.9451391269999,69.27667877800008],[-130.9541723299999,69.17877838700008],[-130.9278051419999,69.13963450700004],[-131.01187089799993,69.14508698100008],[-131.0261938139999,69.20600006700005],[-130.90086829299992,69.38564687700006],[-130.9572647779999,69.38031647300005],[-131.0227758449999,69.30923086100006],[-131.05125891799992,69.33893463700008],[-130.93883216099994,69.42430247600004],[-130.94774329299992,69.53888580900008],[-130.98607337099992,69.54140859600005],[-130.9705297519999,69.47528717700004],[-131.04112708199995,69.36684804900005],[-131.11953691299993,69.32526276200008],[-131.03018144399994,69.46181875200006],[-131.1065160799999,69.57786692900004],[-131.09288489499994,69.61050039300005],[-131.12779700399994,69.62103913000004],[-131.19469153599994,69.59210846600007],[-131.08291581899994,69.53363678600005],[-131.06175696499992,69.48908112200007],[-131.13805091099994,69.36977773600006],[-131.11514238199993,69.51675039300005],[-131.24307206899994,69.58535390800006],[-131.2324926419999,69.54189687700006],[-131.1611221999999,69.49591705900008],[-131.1611221999999,69.39354075700004],[-131.34780839799993,69.31708405200004],[-131.4143774079999,69.29791901200008],[-131.2111710279999,69.39842357000003],[-131.25206458199995,69.50385163000004],[-131.27379309799994,69.49933502800008],[-131.2437231109999,69.40778229400007],[-131.31704667899993,69.49380117400005],[-131.3318578769999,69.44814687700006],[-131.38023841099994,69.45433177300004],[-131.35973059799994,69.42084381700005],[-131.39370683499993,69.42275625200006],[-131.4143774079999,69.37299225500004],[-131.51488196499992,69.33592357000003],[-131.5379125639999,69.33893463700008],[-131.4826554029999,69.35936107000003],[-131.48949133999992,69.40033600500004],[-131.4275610019999,69.43512604400007],[-131.61302649599992,69.47606028900003],[-131.67357337099992,69.46369049700007],[-131.64712480399993,69.42829010600008],[-131.91124426999994,69.42812734600005],[-131.97671464799993,69.40778229400007],[-131.8938695949999,69.41087474200003],[-131.85631262899994,69.37641022300005],[-131.71544348899994,69.40033600500004],[-131.8804418609999,69.28465403900003],[-131.91344153599994,69.28754303600005],[-131.88052324099993,69.31842682500007],[-131.9658910799999,69.25926341400003],[-132.16136633999992,69.24607982000003],[-132.2162979809999,69.15395742400005],[-132.2361547519999,69.14813873900005],[-132.2026261059999,69.21881745000007],[-132.30089270699995,69.18195221600007],[-132.3466690749999,69.19489166900007],[-132.29576575399994,69.20538971600007],[-132.3269750639999,69.23371002800008],[-132.37279212099992,69.14931875200006],[-132.4695531889999,69.11298248900005],[-132.43106035099993,69.14288971600007],[-132.41527258999992,69.23786041900007],[-132.48379472599993,69.14712148600006],[-132.87364661399994,69.05776601800005],[-132.8264867829999,69.04409414300005],[-132.85863196499992,69.03290436400005],[-132.8498429029999,68.98578522300005],[-132.67564856699994,68.92739492400005],[-132.81090247299994,68.93732330900008],[-132.81688391799992,68.90766022300005],[-132.7097875639999,68.88580963700008],[-132.78453528599994,68.85101959800005],[-132.6760147779999,68.84857819200005],[-132.61998450399994,68.89199453300006],[-132.48379472599993,68.88580963700008],[-132.5794164699999,68.90692780200004],[-132.55020097599993,68.92011139500005],[-132.3938695949999,68.86591217700004],[-132.4832250639999,68.80540599200003],[-132.7053930329999,68.83698151200008],[-132.74388587099992,68.83120351800005],[-132.71129309799994,68.81049225500004],[-132.72569739499994,68.79071686400005],[-132.94029700399994,68.86326732000003],[-132.96397864499994,68.84467194200005],[-132.92886308499993,68.80390045800004],[-133.0371801419999,68.82575104400007],[-133.10753333199995,68.80585358300004],[-133.23672441299993,68.86591217700004],[-133.3881729809999,68.84544505400004],[-133.33043372299994,68.79458242400005],[-133.15672766799992,68.77562083500004],[-133.14049231699994,68.76288483300004],[-133.26183020699995,68.77936432500007],[-133.14891516799992,68.72382233300004],[-132.92202714799993,68.69399648600006],[-133.20938066299993,68.71507396000004],[-133.45103919199994,68.79116445500006],[-133.49132239499994,68.84251536700003],[-133.4285375639999,68.85846588700008],[-133.47012285099993,68.89325592700004],[-133.36290442599994,68.91181061400005],[-133.40123450399994,68.89325592700004],[-133.35399329299992,68.86591217700004],[-133.23672441299993,68.91376373900005],[-133.20938066299993,68.94790273600006],[-133.25035559799994,68.96832916900007],[-133.20323645699995,68.98883698100008],[-133.20274817599994,69.03790924700007],[-133.10073808499993,69.07200755400004],[-133.02257239499994,69.05516185100004],[-132.92886308499993,69.08161041900007],[-132.94933020699995,69.04409414300005],[-132.89199785099993,68.98273346600007],[-132.89981035099993,69.07636139500005],[-132.83263098899994,69.11298248900005],[-132.90794837099992,69.13084544500003],[-132.77122962099992,69.25633372600004],[-132.54466712099992,69.29047272300005],[-132.49746660099993,69.16014232000003],[-132.4861547519999,69.23590729400007],[-132.43480383999992,69.25291575700004],[-132.43480383999992,69.30414459800005],[-132.3870336579999,69.31098053600005],[-132.32485917899993,69.24921295800004],[-132.3466690749999,69.30756256700005],[-132.1143285799999,69.36147695500006],[-132.07852128799993,69.38605377800008],[-132.1406143869999,69.41400788000004],[-132.09219316299993,69.42084381700005],[-132.10606848899994,69.44183991100005],[-132.04678300699993,69.46503327000005],[-132.07852128799993,69.48224518400008],[-131.98355058499993,69.53685130400004],[-131.75942949099993,69.57001373900005],[-131.66344153599994,69.53579336100006],[-131.6682836579999,69.57786692900004],[-131.3318578769999,69.57786692900004],[-131.3455297519999,69.60578034100007],[-131.04796301999994,69.64374420800004],[-131.03018144399994,69.59955475500004],[-130.94115149599992,69.56590403900003],[-130.84679114499994,69.60618724200003],[-130.78966223899994,69.67755768400008],[-130.5911352199999,69.70770905200004],[-130.52708899599992,69.78388092700004],[-129.59976152299993,69.99119700700004],[-129.49522864499994,70.03034088700008],[-129.55728105399993,70.04401276200008],[-129.44058183499993,70.06826406500005],[-129.4064835279999,70.12116120000007],[-129.46816972599993,70.09076569200005],[-129.49941972599993,70.11774323100008],[-129.4549047519999,70.14704010600008],[-129.63296464799993,70.16754791900007],[-129.5920304029999,70.19546133000006],[-129.65347245999993,70.22211334800005],[-129.67393958199995,70.26992422100005],[-129.83096269399994,70.20229726800005],[-129.7900284499999,70.18121979400007],[-129.9317113919999,70.07611725500004],[-129.9925024079999,70.07514069200005],[-129.95368404899995,70.10272858300004],[-130.09850012899994,70.07880280200004],[-130.09821529899995,70.11286041900007],[-130.18687903599994,70.05255768400008],[-130.1599828769999,70.10602448100008],[-130.3381241529999,70.08559804900005],[-130.29092363199993,70.10602448100008],[-130.3850805329999,70.16567617400005],[-130.41982988199993,70.13621653900003],[-130.50438391799992,70.13886139500005],[-130.5237524079999,70.12661367400005],[-130.4827367829999,70.12034739800004],[-130.5197647779999,70.10480377800008],[-130.5380753249999,70.15289948100008],[-130.46157792899993,70.17495351800005],[-130.51528886599993,70.17719147300005],[-130.6608780589999,70.13646067900004],[-130.6638891269999,70.09808991100005],[-130.7229711579999,70.07859935100004],[-130.7470596999999,70.08999258000006],[-130.72280839799993,70.13202545800004],[-130.91722571499992,70.07501862200007],[-130.8936254549999,70.10602448100008],[-131.02399654899995,70.03034088700008],[-130.9278051419999,70.03034088700008],[-130.9990128249999,70.01211172100005],[-131.08482825399994,69.89264557500007],[-131.1679581369999,69.88694896000004],[-131.1884659499999,69.86587148600006],[-131.15367591099994,69.86587148600006],[-131.1884659499999,69.82489655200004],[-131.24058997299994,69.93305084800005],[-131.40831458199995,69.96149323100008],[-131.45128333199995,69.89630768400008],[-131.6201065749999,69.87641022300005],[-131.74941972599993,69.83637116100005],[-131.81899980399993,69.77667877800008],[-132.0999242829999,69.72768789300005],[-132.1389054029999,69.68793366100005],[-132.31871497299994,69.71503327000005],[-132.29137122299994,69.73615143400008],[-132.48379472599993,69.73615143400008],[-132.25723222599993,69.77024974200003],[-132.2774145169999,69.77431875200006],[-132.5484106109999,69.74298737200007],[-132.6271866529999,69.67405833500004],[-132.4505102199999,69.70783112200007],[-132.43106035099993,69.68280670800004],[-132.4627172519999,69.66107819200005],[-132.3329971999999,69.68463776200008],[-132.3850805329999,69.64667389500005],[-132.5301000639999,69.63198476800005],[-132.88727779899995,69.66107819200005],[-132.9756567049999,69.61432526200008],[-132.96983801999994,69.51703522300005],[-133.0495499339999,69.47687409100007],[-133.04552161399994,69.43451569200005],[-133.2267960279999,69.40033600500004],[-133.6319067049999,69.39915599200003],[-133.69664466099994,69.36619700700004],[-133.66185462099992,69.35252513200004],[-133.68203691299993,69.34316640800006],[-133.8416235019999,69.34540436400005],[-133.9063207669999,69.29051341400003],[-134.1629125639999,69.25568268400008],[-134.2460831369999,69.16950104400007],[-134.31297766799992,69.15395742400005],[-134.2222387359999,69.27260976800005],[-134.10069739499994,69.29791901200008],[-134.09219316299993,69.34479401200008],[-133.81810462099992,69.46735260600008],[-133.7512914699999,69.55117422100005],[-133.80772864499994,69.57611725500004],[-133.8257543609999,69.55805084800005],[-133.7990616529999,69.55117422100005],[-133.91466223899994,69.51166413000004],[-134.0523168609999,69.53070709800005],[-134.00450598899994,69.55805084800005],[-134.1209203769999,69.54433828300006],[-134.18639075399994,69.59210846600007],[-134.2424210279999,69.57721588700008],[-134.1491593089999,69.63312409100007],[-134.22423255099994,69.68154531500005],[-134.3347875639999,69.67328522300005],[-134.35399329299992,69.68154531500005],[-134.3198949859999,69.72357819200005],[-134.48094641799992,69.72748444200005],[-134.40550696499992,69.63686758000006],[-134.49111894399994,69.56419505400004],[-134.47126217399995,69.54433828300006],[-134.57335364499994,69.55117422100005],[-134.5944718089999,69.51288483300004],[-134.54137122299994,69.47557200700004],[-134.5003149079999,69.51788971600007],[-134.41641191299993,69.49746328300006],[-134.47630774599992,69.44379303600005],[-134.8064672519999,69.50275299700007],[-135.10806230399993,69.46181875200006],[-135.15538489499994,69.47972239800004],[-135.28433183499993,69.41453685100004],[-135.2398168609999,69.31500885600008],[-135.16665605399993,69.26300690300008],[-135.5693253249999,69.34467194200005],[-135.61314856699994,69.32160065300008],[-135.5673721999999,69.22907135600008],[-135.6821996739999,69.33026764500005],[-135.85537675699993,69.29047272300005],[-135.62535559799994,69.15265534100007],[-135.41592363199993,69.09870026200008],[-135.58804277299993,69.12490469000005],[-135.8945206369999,69.25165436400005],[-135.9677628249999,69.22215403900003],[-135.9194229809999,69.09349192900004],[-135.74254309799994,69.05931224200003],[-135.69497636599993,69.01536692900004],[-135.5190323559999,69.02977122600004],[-135.76992753799993,68.99152252800008],[-135.9541723299999,69.04840729400007],[-135.99058997299994,69.01593659100007],[-135.92308508999992,68.96214427300004],[-136.00499426999994,68.94790273600006],[-135.8684789699999,68.90692780200004],[-135.60606848899994,68.91136302300004],[-135.6282445949999,68.89325592700004],[-135.5703018869999,68.85927969000005],[-135.3408910799999,68.83860911700003],[-135.5053604809999,68.84544505400004],[-135.46182206899994,68.80093008000006],[-135.3679093089999,68.78213125200006],[-135.32168535099993,68.72614166900007],[-135.14903723899994,68.66046784100007],[-135.40977942599994,68.68097565300008],[-135.5185440749999,68.75507233300004],[-135.7026261059999,68.77505117400005],[-135.78160559799994,68.82160065300008],[-136.06761633999992,68.88532135600008],[-136.50064042899993,68.91592031500005],[-136.74547278599994,68.87897370000007],[-136.9925024079999,68.94790273600006],[-137.22374426999994,68.95091380400004],[-138.0955297519999,69.14012278900003],[-138.31236731699994,69.22947825700004],[-138.35704505099994,69.30467357000003],[-138.4270727199999,69.30158112200007],[-138.45177161399994,69.28367747600004],[-138.3977758449999,69.29791901200008],[-138.44493567599994,69.23525625200006],[-138.6026098299999,69.24266185100004],[-138.76646887899994,69.35911692900004],[-138.9939672519999,69.42218659100007],[-139.14378821499992,69.51365794500003],[-139.9179581369999,69.62132396000004],[-140.2227270169999,69.59910716400003],[-140.8730362619999,69.62543366100005],[-141.3162328769999,69.69452545800004],[-141.22061113199993,69.67405833500004],[-141.2910863919999,69.63401927300004],[-141.4129125639999,69.65037669500003],[-141.6533096999999,69.76215241100005],[-141.92056230399993,69.81537506700005],[-142.0151261059999,69.79629140800006],[-142.10732988199993,69.84894440300008],[-142.27090410099993,69.85602448100008],[-142.52281653599994,69.96954987200007],[-142.4812719389999,69.96954987200007],[-142.51817786399994,69.98187897300005],[-142.53848222599993,69.98501211100006],[-142.6116430329999,69.97573476800005],[-142.60081946499992,70.01312897300005],[-143.2356664699999,70.11823151200008],[-143.3002823559999,70.11664459800005],[-143.2763565749999,70.05145905200004],[-143.29751542899993,70.04340241100005],[-143.35411536399994,70.10561758000006],[-143.5105688139999,70.09666575700004],[-143.55068925699993,70.12661367400005],[-143.57652747299994,70.09393952000005],[-144.06403561099992,70.08559804900005],[-144.02306067599991,70.05145905200004],[-144.0714412099999,69.98940664300005],[-144.06403561099992,70.04401276200008],[-144.12954667899993,70.06769440300008],[-144.38613847599993,70.04401276200008],[-144.59015865799992,69.98281484600005],[-145.2748917309999,69.99306875200006],[-145.3013809889999,69.99966054900005],[-145.21540279899992,70.04401276200008],[-145.3685196609999,70.03363678600005],[-145.5204971999999,70.09243398600006],[-145.6138809889999,70.07135651200008],[-145.88019771999993,70.17495351800005],[-145.87267005099991,70.15281810100004],[-146.8487849599999,70.19342682500007],[-147.12368730399993,70.16754791900007],[-147.78278561099992,70.22793203300006],[-147.81993567599991,70.30068594000005],[-148.0389298169999,70.31216054900005],[-148.1507462229999,70.35643138200004],[-148.51183020699992,70.31834544500003],[-148.5181778639999,70.36920807500007],[-148.68244381399992,70.42011139500005],[-148.96454830599993,70.42926666900007],[-149.04450436099992,70.46857330900008],[-149.3444718089999,70.51007721600007],[-149.3837784499999,70.48818594000005],[-149.4913223949999,70.49705638200004],[-149.4639786449999,70.51072825700004],[-149.4885147779999,70.52301666900007],[-149.88971920499992,70.51276276200008],[-150.0,70.47915822077024],[-150.0,80.0],[-100.15385005896705,80.0],[-100.13853919199994,79.94989655200004],[-100.18008378799993,79.91168854400007],[-100.07022050699993,79.87815989800004],[-99.58360755099994,79.89866771000004],[-99.3118383449999,79.84837474200003],[-99.29564368399991,79.81610748900005],[-99.33653723899994,79.80927155200004],[-99.30304928299995,79.78880442900004],[-99.33039303299995,79.76829661700003],[-98.95885169199994,79.72817617400005],[-98.8238012359999,79.66925690300008],[-98.65135657499991,79.79222239800004],[-98.69570878799993,79.86774323100008],[-98.77505449099993,79.90468984600005],[-98.70596269399994,79.96698639500005],[-98.77803296865234,80.0],[-96.650768699876,80.0],[-96.5579320949999,79.94855377800008],[-96.13687089799993,79.91168854400007],[-96.61611894399994,79.88499583500004],[-96.54271399599992,79.84837474200003],[-96.3902074859999,79.86448802300004],[-96.49323482999995,79.83722565300008],[-96.2852270169999,79.80646393400008],[-96.23814856699994,79.74339427300004],[-95.85374915299991,79.65241120000007],[-95.19326738199993,79.64740631700005],[-94.77017167899993,79.68211497600004],[-94.37083899599992,79.78485748900005],[-94.30028235599991,79.77521393400008],[-94.36172441299993,79.73419830900008],[-94.3406469389999,79.68622467700004],[-94.72769120999993,79.61050039300005],[-95.7390844389999,79.54242584800005],[-95.70494544199994,79.50763580900008],[-95.78001868399991,79.48094310100004],[-95.67015540299991,79.44684479400007],[-95.78001868399991,79.43256256700005],[-95.75536048099991,79.40623607000003],[-95.39024817599994,79.37726471600007],[-95.38597571499992,79.39984772300005],[-95.28038489499994,79.40521881700005],[-95.30768795499995,79.39158763200004],[-95.29015051999994,79.36196523600006],[-95.16368567599994,79.35000234600005],[-95.32135982999995,79.33698151200008],[-95.19102942599994,79.31586334800005],[-95.23875891799992,79.28851959800005],[-95.2110082669999,79.28095123900005],[-95.00230872299994,79.26740143400008],[-94.38841712099992,79.37103913000004],[-94.49828040299991,79.38475169500003],[-94.51256262899994,79.41950104400007],[-94.48009192599994,79.42666250200006],[-93.84097245999993,79.39899323100008],[-94.1441137359999,79.33685944200005],[-94.21092688699991,79.27488841400003],[-93.92979895699995,79.25918203300006],[-93.62873287699995,79.32269928600005],[-93.68394934799994,79.34316640800006],[-93.65440833199995,79.36652252800008],[-93.49510657499991,79.36017487200007],[-93.32103430899991,79.45205312700006],[-93.23436438699991,79.41815827000005],[-93.38853919199994,79.34316640800006],[-93.00495357999995,79.39158763200004],[-93.14696204299992,79.46625397300005],[-93.08665930899991,79.48712799700007],[-92.92381751199991,79.41600169500003],[-92.60631262899994,79.45062897300005],[-92.28746497299994,79.45750560100004],[-92.23033606699994,79.43256256700005],[-92.58039303299995,79.38475169500003],[-92.49535071499992,79.36542389500005],[-91.83031165299991,79.34316640800006],[-91.12051347599993,79.39158763200004],[-91.17027747299994,79.35439687700006],[-91.91502844999991,79.30219147300005],[-92.56444251199991,79.31037018400008],[-92.69587154899995,79.26740143400008],[-92.62734941299993,79.24542877800008],[-92.08629309799994,79.20600006700005],[-91.04417883999992,79.25165436400005],[-90.36636308499993,79.24754466400003],[-91.88121497299994,79.16351959800005],[-92.84044348899994,79.14516836100006],[-93.33047441299993,79.17096588700008],[-93.43297278599994,79.15648021000004],[-93.60924231699994,79.05687083500004],[-94.29352779899995,78.98688385600008],[-93.8745824859999,78.83397044500003],[-93.5469457669999,78.83856842700004],[-93.03844153599994,78.76776764500005],[-93.16258704299992,78.73989492400005],[-93.56615149599992,78.78628164300005],[-93.81309973899994,78.76776764500005],[-93.53937740799995,78.67841217700004],[-93.37368730399993,78.68829987200007],[-93.34752356699994,78.67841217700004],[-93.47175045499995,78.65176015800006],[-93.28172766799992,78.59471263200004],[-92.8113500639999,78.63808828300006],[-91.64915930899991,78.56500885600008],[-91.65396074099993,78.52985260600008],[-91.84398352799991,78.54995351800005],[-92.54271399599992,78.52741120000007],[-92.56672115799995,78.52073802300004],[-92.49095618399991,78.51455312700006],[-92.88198808499993,78.50706614800004],[-92.99128170499995,78.46613190300008],[-92.87035071499992,78.40525950700004],[-92.62425696499992,78.36493561400005],[-92.61388098899994,78.33637116100005],[-92.50340735599991,78.31317780200004],[-92.21983801999994,78.33226146000004],[-92.17568925699993,78.31533437700006],[-92.32652747299994,78.28864166900007],[-92.20128333199995,78.28253815300008],[-92.02452551999994,78.21067942900004],[-91.85952714799993,78.24388255400004],[-91.60440019399994,78.19086334800005],[-90.35269120999993,78.14459870000007],[-90.27594967399995,78.18646881700005],[-90.37319902299993,78.24079010600008],[-90.32542883999992,78.27435944200005],[-90.75059973899994,78.32273997600004],[-90.33202063699991,78.33637116100005],[-90.04649817599994,78.30463288000004],[-89.90135657499991,78.22117747600004],[-89.69522050699993,78.22455475500004],[-89.57481848899994,78.15444570500006],[-89.45518958199995,78.16449616100005],[-89.7871801419999,78.39838288000004],[-89.98884029899995,78.44867584800005],[-90.09947669199994,78.56171295800004],[-90.06672115799995,78.60553620000007],[-90.00617428299995,78.61375560100004],[-89.04995683499993,78.18170807500007],[-88.81126868399991,78.16543203300006],[-88.73672441299993,78.21625397300005],[-88.67373613199993,78.32273997600004],[-88.54002844999991,78.41689687700006],[-88.75633704299992,78.54873281500005],[-88.76431230399993,78.59837474200003],[-88.8047582669999,78.61017487200007],[-88.55768795499995,78.61017487200007],[-88.22850501199991,78.46356842700004],[-88.04214433499993,78.47931549700007],[-87.90973873599995,78.55243561400005],[-87.9070531889999,78.59601471600007],[-88.02204342399995,78.65460846600007],[-88.35846920499995,78.65790436400005],[-88.13621985599991,78.68691640800006],[-88.22891191299993,78.80451080900008],[-88.18712317599994,78.90497467700004],[-88.21654212099992,78.95286692900004],[-88.17373613199993,78.99559153900003],[-87.92857825399994,79.00897858300004],[-87.8054906889999,79.07904694200005],[-87.72842363199993,79.08307526200008],[-87.83828691299993,79.02846914300005],[-87.79735266799992,79.00800202000005],[-87.98473059799994,78.96430084800005],[-87.95579993399991,78.90648021000004],[-87.99754798099991,78.81122467700004],[-87.88792883999992,78.70648834800005],[-87.6492406889999,78.64301178600005],[-87.53669186099995,78.67157623900005],[-87.30980383999992,78.80931224200003],[-86.94017493399991,78.91860586100006],[-87.00112870999993,78.99005768400008],[-86.96825110599991,79.06419505400004],[-86.74665279899995,78.95905182500007],[-86.59752356699994,78.98004791900007],[-86.56281490799995,79.04897695500006],[-86.50389563699991,79.06867096600007],[-85.51048743399991,79.16620514500005],[-84.91258704299992,79.27069733300004],[-85.05577551999994,79.35683828300006],[-85.39443925699993,79.45331452000005],[-85.5637914699999,79.57977936400005],[-85.69871985599991,79.61798737200007],[-85.86180579299992,79.59300364800004],[-85.89443925699993,79.49896881700005],[-86.06753495999993,79.43618398600006],[-86.16616777299993,79.45986562700006],[-86.02839107999995,79.48094310100004],[-86.13825436099995,79.52191803600005],[-86.04206295499995,79.56907786700003],[-86.30907141799992,79.64809804900005],[-86.71934973899994,79.64248281500005],[-86.81725012899994,79.61749909100007],[-86.69375566299993,79.56907786700003],[-86.82135982999995,79.54669830900008],[-86.84483801999994,79.59316640800006],[-86.9910375639999,79.60346100500004],[-87.15929114499994,79.57656484600005],[-87.2805883449999,79.51219310100004],[-87.46092688699991,79.53558991100005],[-87.41071529899995,79.59039948100008],[-87.13581295499995,79.64948151200008],[-87.05687415299991,79.73794179900005],[-87.06456458199995,79.79462311400005],[-86.96202551999994,79.90875885600008],[-87.48827063699991,79.83722565300008],[-87.00845292899993,79.95331452000005],[-87.15073517408044,80.0],[-86.20712605764783,80.0],[-85.25381425699993,79.92601146000004],[-85.33259029899995,79.90013255400004],[-85.53457597599993,79.93549225500004],[-86.3117976549999,79.97374095300006],[-86.4492895169999,79.93724192900004],[-86.45986894399994,79.86029694200005],[-86.37848873599995,79.82359446800007],[-86.48192298099991,79.82164134300007],[-86.4961238269999,79.77757396000004],[-85.86278235599991,79.69810618700006],[-85.3215632799999,79.67967357000003],[-85.0210261709999,79.61753978100006],[-85.04898027299993,79.59080638200004],[-84.8845515619999,79.51451243700006],[-84.87930253799993,79.48741282800006],[-84.4866023429999,79.41270579600007],[-84.4297175769999,79.29710521000004],[-84.33584550699993,79.24762604400007],[-84.3296199209999,79.19236888200004],[-84.14281165299991,79.18268463700008],[-83.96247311099995,79.22040436400005],[-83.93179277299993,79.19236888200004],[-84.02798417899993,79.15888092700004],[-83.6924128899999,79.07001373900005],[-83.36318925699993,79.05524323100008],[-83.44741777299993,79.02899811400005],[-83.9824926419999,79.05109284100007],[-84.06887773299991,79.08311595300006],[-84.0508520169999,79.10468170800004],[-84.16454016799992,79.13092682500007],[-84.4529109369999,79.14830149900007],[-84.76593990799995,79.08710358300004],[-84.78278561099995,79.05280182500007],[-84.75210527299993,79.03892649900007],[-84.27928626199991,78.95530833500004],[-82.9678035149999,78.94078196800007],[-82.53457597599993,78.88511790600006],[-82.12246660099993,78.91648997600004],[-81.88137773299991,79.01886627800008],[-81.54702714799993,79.06944407800006],[-81.4787898429999,79.04901764500005],[-81.6985570949999,78.97850169500003],[-81.75999915299991,78.91864655200004],[-81.65689042899993,78.89073314000007],[-81.7536921869999,78.84300364800004],[-81.80728105399993,78.84752024900007],[-81.73884029899995,78.85716380400004],[-81.77171790299991,78.86591217700004],[-82.01797441299993,78.86701080900008],[-82.40143795499995,78.82868073100008],[-82.9837133449999,78.85521067900004],[-83.26016191299993,78.83673737200007],[-83.2275691399999,78.80719635600008],[-82.7734675769999,78.73371002800008],[-82.33942623599995,78.75922272300005],[-82.21926835799991,78.72687409100007],[-82.4793188139999,78.73371002800008],[-82.59601803299995,78.70640696800007],[-82.2390437489999,78.59434642100007],[-82.3428035149999,78.56919993700006],[-82.5791316399999,78.60704173400006],[-82.78783118399991,78.69273509300007],[-83.16169186099995,78.72443268400008],[-83.7456355459999,78.83885325700004],[-84.70612545499995,78.87083567900004],[-85.03107662699995,78.92186107000003],[-85.2461238269999,78.91685618700006],[-85.75731360599991,78.83165110900006],[-86.60985266799992,78.80927155200004],[-86.9404597649999,78.71417877800008],[-86.98875891799992,78.64817942900004],[-87.1223445299999,78.58287181200006],[-86.90355383999992,78.58295319200005],[-86.85830644399994,78.54877350500004],[-87.1572566399999,78.54930247600004],[-87.4824519519999,78.45197174700007],[-87.52928626199991,78.41095612200007],[-87.49868730399993,78.37449778900003],[-87.52301998599995,78.23338450700004],[-87.09105383999992,78.20677317900004],[-87.43553626199991,78.18711985900006],[-87.53669186099995,78.14463939000007],[-86.76976477799991,78.12042877800008],[-86.50625566299993,78.21519603100006],[-86.23648027299993,78.20506419500003],[-86.0833227199999,78.25189850500004],[-86.05638587099992,78.30231354400007],[-85.90859941299993,78.34227122600004],[-85.86025956899994,78.38556549700007],[-85.83039303299995,78.37742747600004],[-85.83657792899993,78.34178294500003],[-85.9055476549999,78.30231354400007],[-85.8782039049999,78.29547760600008],[-85.93919837099992,78.23737213700008],[-86.1179906889999,78.17198314000007],[-86.25560462099992,78.15831126500007],[-86.23452714799993,78.13719310100004],[-86.28937740799995,78.08336009300007],[-86.22769120999993,78.06211985900006],[-85.4914851549999,78.10606517100007],[-85.02855383999992,78.28868235900006],[-85.04898027299993,78.31537506700005],[-84.95962480399993,78.35008372600004],[-84.97232011599993,78.42222728100006],[-84.87287350199995,78.46588776200008],[-84.8572078119999,78.50714752800008],[-84.67959550699993,78.59100983300004],[-84.61701412699995,78.58966705900008],[-84.78831946499992,78.50714752800008],[-84.7683406239999,78.48761627800008],[-84.8708796869999,78.36998118700006],[-84.7610164049999,78.34324778900003],[-84.6213679679999,78.37140534100007],[-84.57599850199995,78.35350169500003],[-84.80882727799991,78.32652415600006],[-84.96833248599995,78.21405670800004],[-84.42520097599993,78.21295807500007],[-84.02798417899993,78.17881907800006],[-84.20881100199995,78.15953196800007],[-84.62356523299991,78.20319245000007],[-84.84211178299995,78.16893138200004],[-85.03530839799993,78.17881907800006],[-84.9944148429999,78.15831126500007],[-85.09740149599992,78.10309479400007],[-84.85195878799993,78.05772532800006],[-84.58926347599993,78.08055247600004],[-84.2886042959999,78.08258698100008],[-84.5386042959999,78.07453034100007],[-84.70669511599993,78.03477610900006],[-85.0627742179999,78.06268952000005],[-85.67959550699993,77.93516673400006],[-85.4878230459999,77.91132233300004],[-85.50833085799991,77.88336823100008],[-85.47264563699991,77.87205638200004],[-85.23615475199995,77.90997955900008],[-84.5498347649999,77.92808665600006],[-84.31533769399994,77.89765045800004],[-84.67682857999995,77.90770091400003],[-84.89110266799992,77.83783600500004],[-84.8366999989999,77.89081452000005],[-84.8982234369999,77.89655182500007],[-85.03579667899993,77.87852610900006],[-85.25051835799991,77.88544342700004],[-85.4016820949999,77.83165110900006],[-85.2600398429999,77.80390045800004],[-84.97142493399991,77.84373607000003],[-84.94595292899993,77.82872142100007],[-85.1641332669999,77.80621979400007],[-85.21060136599993,77.75877513200004],[-85.3506160149999,77.73997630400004],[-85.26809648299991,77.71332428600005],[-85.30715898299991,77.67108795800004],[-85.28246008999992,77.65965403900003],[-84.94302324099993,77.60272858300004],[-84.54450436099995,77.68089427300004],[-84.47362219999991,77.73997630400004],[-84.50837154899995,77.75425853100006],[-84.4988093739999,77.75474681200006],[-84.4648738269999,77.74876536700003],[-84.4350886709999,77.72858307500007],[-84.63125566299993,77.63011302300004],[-84.8681941399999,77.57347239800004],[-84.7610164049999,77.52024974200003],[-84.33421790299991,77.53257884300007],[-83.90444902299993,77.51341380400004],[-83.9182429679999,77.49351634300007],[-83.6784968739999,77.53453196800007],[-83.20189368399991,77.70954010600008],[-83.12360592399995,77.78778717700004],[-83.00072180899991,77.82615794500003],[-82.93602454299992,77.88190338700008],[-82.73599199099993,77.92833079600007],[-82.7929988269999,77.98899974200003],[-82.76488196499992,78.02769603100006],[-82.5090632799999,78.08026764500005],[-82.3210749989999,78.08258698100008],[-82.37010657499991,78.04161204600007],[-82.59601803299995,78.02118561400005],[-82.5134578119999,77.95970286700003],[-82.58177649599992,77.94603099200003],[-82.5408015619999,77.92491282800006],[-82.6406957669999,77.89423248900005],[-82.68431555899991,77.83331940300008],[-82.80833899599992,77.80145905200004],[-82.78034420499995,77.79523346600007],[-82.9861140619999,77.67853424700007],[-83.3889460929999,77.51410553600005],[-83.83617102799991,77.45880768400008],[-83.7998347649999,77.42902252800008],[-83.4841609369999,77.39142487200007],[-83.46621660099993,77.34894440300008],[-84.06208248599995,77.40416087400007],[-84.57331295499995,77.40668366100005],[-84.61701412699995,77.38365306200006],[-84.4661352199999,77.30174388200004],[-84.7610164049999,77.32164134300007],[-85.00055904899995,77.38365306200006],[-85.40225175699993,77.40074290600006],[-85.5273738269999,77.44346751500007],[-85.48037675699993,77.46625397300005],[-85.5080867179999,77.47911204600007],[-85.7956843739999,77.42527903900003],[-85.7185359369999,77.47447337400007],[-85.79588782499991,77.51292552300004],[-85.9743953119999,77.71332428600005],[-86.4521785149999,77.83641185100004],[-87.19204667899993,77.90452708500004],[-88.04222571499992,77.82273997600004],[-88.2219539049999,77.86286041900007],[-88.1052546869999,77.81504954600007],[-88.23501542899993,77.77411530200004],[-88.15330969999991,77.74237702000005],[-88.21149654899995,77.65033600500004],[-87.70059160099993,77.54075755400004],[-87.6465551419999,77.48676178600005],[-87.78311113199993,77.43834056200006],[-87.70059160099993,77.39732493700006],[-87.72101803299995,77.37006256700005],[-87.3486628899999,77.33397044500003],[-87.1233210929999,77.36871979400007],[-86.8503718739999,77.36387767100007],[-86.83096269399994,77.35639069200005],[-87.24868730399993,77.30796946800007],[-87.17080644399994,77.27452220300006],[-86.9129125639999,77.26703522300005],[-87.21458899599992,77.21238841400003],[-87.18130449099993,77.20018138200004],[-86.6037898429999,77.17820872600004],[-86.89240475199995,77.17076243700006],[-86.79002844999991,77.13731517100007],[-86.82323157499991,77.12933991100005],[-87.08348548099991,77.18903229400007],[-87.36156165299991,77.17649974200003],[-87.4609675769999,77.12982819200005],[-87.33747311099995,77.11619700700004],[-87.5857234369999,77.09772370000007],[-87.6775203119999,77.13731517100007],[-88.49461829299992,77.11412181200006],[-88.54409745999993,77.10252513200004],[-88.39321855399993,77.10252513200004],[-89.5371801419999,76.85675690300008],[-89.4704890619999,76.76312897300005],[-89.38638261599993,76.73265208500004],[-89.45523027299993,76.72516510600008],[-89.4189753899999,76.68748607000003],[-89.44758053299995,76.65912506700005],[-89.59959876199991,76.62901439000007],[-89.61969967399995,76.58860911700003],[-89.6811824209999,76.57493724200003],[-89.54385331899994,76.54291413000004],[-89.46157792899993,76.57550690300008],[-89.41055253799993,76.54417552300004],[-89.43480383999992,76.49982330900008],[-89.23550370999993,76.43773021000004],[-89.1338191399999,76.42369212400007],[-89.04678300699993,76.45030345300006],[-89.01943925699993,76.41730377800008],[-88.91063391799992,76.41046784100007],[-88.79051673099991,76.45884837400007],[-88.83145097599993,76.49982330900008],[-88.7785945299999,76.53563060100004],[-88.79735266799992,76.55503978100006],[-88.7104792959999,76.60081614800004],[-88.6396785149999,76.56126536700003],[-88.68065344999991,76.52374909100007],[-88.61294511599993,76.48619212400007],[-88.6577449209999,76.47508372600004],[-88.69583085799991,76.41526927300004],[-88.61839758999992,76.40440501500007],[-88.59870357999995,76.41046784100007],[-88.62157141799992,76.43817780200004],[-88.48884029899995,76.50665924700007],[-88.49632727799991,76.54759349200003],[-88.53107662699995,76.58136627800008],[-88.6601863269999,76.60224030200004],[-88.58503170499995,76.63703034100007],[-88.70856686099995,76.71210358300004],[-88.50698808499993,76.82371653900003],[-88.48200436099995,76.77696360900006],[-88.55166581899994,76.74046458500004],[-88.48200436099995,76.66087474200003],[-88.5195613269999,76.62144603100006],[-88.3543188139999,76.51911041900007],[-88.35895748599995,76.48997630400004],[-88.44107011599993,76.46568431200006],[-88.35846920499995,76.43773021000004],[-88.43423417899993,76.40424225500004],[-88.40355383999992,76.39366282800006],[-87.91787675699993,76.36408112200007],[-87.83706620999993,76.41795482000003],[-87.70669511599993,76.33958567900004],[-87.6299128899999,76.33555735900006],[-87.5605769519999,76.37144603100006],[-87.4063207669999,76.35582103100006],[-87.5019832019999,76.38316478100006],[-87.43309485599991,76.42352936400005],[-87.54739335799991,76.44904205900008],[-87.49575761599993,76.50324127800008],[-87.59528561099995,76.53754303600005],[-87.56301835799991,76.62018463700008],[-87.4609675769999,76.58860911700003],[-87.5019832019999,76.54759349200003],[-87.3957820299999,76.51036204600007],[-87.43309485599991,76.46568431200006],[-87.1513972649999,76.44867584800005],[-87.12181555899991,76.43431224200003],[-87.15583248599995,76.40403880400004],[-87.13137773299991,76.38996002800008],[-86.7219539049999,76.34837474200003],[-86.63540605399993,76.44920482000003],[-86.64273027299993,76.47715892100007],[-86.30288652299993,76.52769603100006],[-86.63174394399994,76.63703034100007],[-86.57795162699995,76.64166901200008],[-86.20718339799993,76.52716705900008],[-86.41755123599995,76.47166575700004],[-86.41266842399995,76.41046784100007],[-86.34740149599992,76.38853587400007],[-85.72329667899993,76.35472239800004],[-85.43260657499991,76.30805084800005],[-85.24909420499995,76.31610748900005],[-85.2033992179999,76.28428782800006],[-84.38809160099993,76.31513092700004],[-84.3999324209999,76.33934153900003],[-84.94204667899993,76.42234935100004],[-85.0176082019999,76.45860423400006],[-85.05581620999993,76.52024974200003],[-85.03530839799993,76.57493724200003],[-84.98745683499993,76.58604564000007],[-84.8445124989999,76.53538646000004],[-84.7957250639999,76.47874583500004],[-84.63337154899995,76.43903229400007],[-84.21589107999995,76.45079173400006],[-84.1787410149999,76.48619212400007],[-84.25104732999995,76.53709544500003],[-84.19725501199991,76.61810944200005],[-84.3296199209999,76.65070221600007],[-84.29295813699991,76.66380442900004],[-84.1013484369999,76.63483307500007],[-84.0505671869999,76.55333079600007],[-83.71279863199993,76.43504466400003],[-83.2793269519999,76.40619538000004],[-83.1850886709999,76.43089427300004],[-83.24649003799993,76.45884837400007],[-83.1850886709999,76.49607982000003],[-83.23688717399995,76.51866282800006],[-83.25161699099993,76.57725657800006],[-83.52765865799995,76.70872630400004],[-83.38101152299993,76.76133860900006],[-83.35635331899994,76.75311920800004],[-83.40481523299991,76.71893952000005],[-83.39114335799991,76.67796458500004],[-83.11611894399994,76.58860911700003],[-83.0615535149999,76.49982330900008],[-83.10252844999991,76.46568431200006],[-83.00104732999995,76.43626536700003],[-82.8008520169999,76.38996002800008],[-82.2820124989999,76.40049876500007],[-82.13817298099991,76.43870677300004],[-82.22549394399994,76.52024974200003],[-82.0821020169999,76.56810130400004],[-82.51187089799993,76.66229889500005],[-82.56126868399991,76.69261302300004],[-82.55443274599992,76.72516510600008],[-82.7735082669999,76.81456126500007],[-82.7297664049999,76.82099030200004],[-82.27627519399994,76.63487376500007],[-81.7832332019999,76.68846263200004],[-82.06159420499995,76.61652252800008],[-81.9863988919999,76.58429596600007],[-82.0821020169999,76.52716705900008],[-82.0556941399999,76.51646556200006],[-81.5381160149999,76.47300853100006],[-81.40233313699991,76.48309967700004],[-81.20685787699995,76.56358470300006],[-81.17715410099993,76.53339264500005],[-81.2180883449999,76.49982330900008],[-80.99779212099992,76.48607005400004],[-80.7724910149999,76.41998932500007],[-80.79662024599992,76.37193431200006],[-81.09520423099991,76.21861399900007],[-80.9580378899999,76.19818756700005],[-81.06729081899994,76.16404857000003],[-81.07249915299991,76.12913646000004],[-80.88784745999993,76.17304108300004],[-80.66722571499992,76.16404857000003],[-80.60855058499993,76.19818756700005],[-80.44318600199995,76.19773997600004],[-80.23884029899995,76.24420807500007],[-80.09626217399995,76.22789134300007],[-79.55028235599991,76.31696198100008],[-79.2932429679999,76.30235423400006],[-79.18276933499993,76.40399811400005],[-78.97012285099993,76.43492259300007],[-78.77424068899995,76.57733795800004],[-78.5664770169999,76.56810130400004],[-78.6142878899999,76.55503978100006],[-78.58641516799992,76.52024974200003],[-78.62173417899993,76.49982330900008],[-78.56460527299993,76.47044505400004],[-78.3672582669999,76.46568431200006],[-78.35562089799993,76.49839915600006],[-78.14134680899991,76.52716705900008],[-78.1897273429999,76.56126536700003],[-78.03229732999995,76.63340892100007],[-77.7707820299999,76.66429271000004],[-77.8127742179999,76.68809642100007],[-77.7663874989999,76.72789134300007],[-77.78978430899991,76.77631256700005],[-77.71621660099993,76.82196686400005],[-77.89492753799993,76.86912669500003],[-77.8335261709999,76.89085521000004],[-77.9023738269999,76.91819896000004],[-77.88923092399995,76.94977448100008],[-78.0908503899999,77.02281321800007],[-78.38442949099993,77.00409577000005],[-78.41567949099993,76.98582591400003],[-78.38841712099992,76.97284577000005],[-78.5342097649999,76.95396556200006],[-78.56712805899991,76.89732493700006],[-78.72419186099995,76.88340892100007],[-78.69627844999991,76.84239329600007],[-78.72036699099993,76.82758209800005],[-78.9643855459999,76.84239329600007],[-78.86750240799995,76.92442454600007],[-78.90306555899991,76.93419017100007],[-79.37564042899993,76.92564524900007],[-79.39289303299995,76.95286692900004],[-79.3467097649999,76.97923411700003],[-79.00649980399993,77.10472239800004],[-79.0661921869999,77.13731517100007],[-79.03262285099993,77.15717194200005],[-79.05540930899991,77.16791413000004],[-79.4324031239999,77.23859284100007],[-79.7178035149999,77.24339427300004],[-80.0263972649999,77.18903229400007],[-80.37246660099993,77.07469310100004],[-80.4099421869999,77.08270905200004],[-80.11514238199993,77.20555247600004],[-81.10301673099991,77.28746165600006],[-81.81908118399991,77.16551341400003],[-81.89183508999992,77.18272532800006],[-81.9101863269999,77.20555247600004],[-81.8828425769999,77.21922435100004],[-81.91763261599993,77.25336334800005],[-82.19815019399994,77.30174388200004],[-81.84886633999992,77.29002513200004],[-81.1709285149999,77.33250560100004],[-81.2070613269999,77.37413157800006],[-81.4800105459999,77.37592194200005],[-81.73721269399994,77.43480052300004],[-81.67300370999993,77.52366771000004],[-81.8040258449999,77.59727610900006],[-81.9109594389999,77.61790599200003],[-81.94603430899991,77.65428294500003],[-81.91641191299993,77.69049713700008],[-81.8555395169999,77.67377350500004],[-81.82477779899995,77.62494538000004],[-81.6091609369999,77.58234284100007],[-81.67056230399993,77.56867096600007],[-81.58877519399994,77.55442942900004],[-81.58226477799991,77.51695384300007],[-81.39899654899995,77.48936595300006],[-81.29686438699991,77.43650950700004],[-80.3913874989999,77.29515208500004],[-79.97122148299991,77.28062571800007],[-79.64557857999995,77.32164134300007],[-79.13320878799993,77.29132721600007],[-78.81981360599991,77.38365306200006],[-78.72419186099995,77.37689850500004],[-78.8408503899999,77.31541575700004],[-78.76577714799993,77.31089915600006],[-78.2891332669999,77.37754954600007],[-78.2307429679999,77.40416087400007],[-78.27855383999992,77.43150462400007],[-78.01846269399994,77.47199127800008],[-77.94212805899991,77.51341380400004],[-77.97647050699993,77.56024811400005],[-77.71621660099993,77.60960521000004],[-77.91274980399993,77.67503489800004],[-78.0798640619999,77.67853424700007],[-77.98745683499993,77.70246002800008],[-78.05199133999992,77.73314036700003],[-77.94212805899991,77.76048411700003],[-77.98070227799991,77.81671784100007],[-78.4299617179999,77.91132233300004],[-78.1829320949999,77.96592845300006],[-78.27171790299991,77.98704661700003],[-78.2165828119999,78.00254954600007],[-77.88052324099993,77.94273509300007],[-77.15379798099991,77.94867584800005],[-76.88068600199995,77.90501536700003],[-76.53897050699993,77.94566478100006],[-76.4638972649999,77.99095286700003],[-76.23241126199991,78.02110423400006],[-75.93399003799993,77.95860423400006],[-75.58193925699993,78.11302317900004],[-75.66848710799991,78.13731517100007],[-76.19098873599995,78.13300202000005],[-76.91543535099993,78.20677317900004],[-76.6047664049999,78.25519440300008],[-75.62621008999992,78.19981517100007],[-75.44839433499993,78.24738190300008],[-75.36986243399991,78.30731842700004],[-75.11978105399993,78.30491771000004],[-75.02981523299991,78.33641185100004],[-75.1076960929999,78.37547435100004],[-76.07860266799992,78.46617259300007],[-76.15021725199995,78.50694407800006],[-76.6875707669999,78.51972077000005],[-76.50051835799991,78.54747142100007],[-75.39810136599993,78.51561107000003],[-74.6325984369999,78.58966705900008],[-74.8728328119999,78.64427317900004],[-74.83185787699995,78.65794505400004],[-74.86628170499995,78.67711009300007],[-74.84487870999993,78.69896067900004],[-74.7219539049999,78.71263255400004],[-74.83185787699995,78.74730052300004],[-74.7629695299999,78.76780833500004],[-74.78620357999995,78.78270091400003],[-74.9063207669999,78.78831614800004],[-74.7776179679999,78.80548737200007],[-74.77375240799995,78.83482493700006],[-75.74429277299993,78.89716217700004],[-76.45921790299991,78.84935130400004],[-76.26838131399995,78.90464915600006],[-75.82762610599991,78.92609284100007],[-75.72191321499992,78.96702708500004],[-75.78075110599991,78.98200104400007],[-76.73281816299993,79.03672923400006],[-77.71800696499992,78.96971263200004],[-78.06265214799993,78.85777415600006],[-78.2268367179999,78.77220286700003],[-78.29898027299993,78.79576243700006],[-77.9563289049999,78.95958079600007],[-77.7031550769999,79.00804271000004],[-77.9150691399999,79.05589427300004],[-78.89549719999991,79.06944407800006],[-78.09618079299992,79.08482493700006],[-77.53392493399991,79.02387116100005],[-76.70645097599993,79.09068431200006],[-76.16869055899991,79.07733795800004],[-76.08560136599993,79.10362376500007],[-76.7417292959999,79.14964427300004],[-78.25739498599995,79.17194245000007],[-78.1824031239999,79.19542064000007],[-76.08877519399994,79.20469798400006],[-75.89362545499995,79.16966380400004],[-75.8528539699999,79.14520905200004],[-75.8938289049999,79.10362376500007],[-75.7571508449999,79.08421458500004],[-75.08698482999995,79.03184642100007],[-74.49233964799993,79.03672923400006],[-74.44082597599993,79.06268952000005],[-74.66738847599993,79.14520905200004],[-74.61213131399995,79.15135325700004],[-74.8249812489999,79.17930735900006],[-74.46873938699991,79.22715892100007],[-75.94815019399994,79.23716868700006],[-76.20559648299991,79.27716705900008],[-77.49705969999991,79.24762604400007],[-77.32575436099995,79.26744212400007],[-78.05939693899995,79.35687897300005],[-77.1618953119999,79.33018626500007],[-77.40151933499993,79.45307038000004],[-77.12450110599991,79.46893952000005],[-77.08706620999993,79.40607330900008],[-76.87328040299991,79.35004303600005],[-75.8801570299999,79.35687897300005],[-76.15233313699991,79.39500560100004],[-76.20754960799991,79.42991771000004],[-76.1408992179999,79.44688548400006],[-76.19359290299991,79.47028229400007],[-77.1885066399999,79.50840892100007],[-77.13377844999991,79.54865143400008],[-77.0449519519999,79.52195872600004],[-76.19522050699993,79.49351634300007],[-75.96125240799995,79.42731354400007],[-75.81867428299995,79.45307038000004],[-75.7556453119999,79.41404857000003],[-75.67495683499993,79.43394603100006],[-75.51244055899991,79.39618561400005],[-75.02798417899993,79.37327708500004],[-74.88857988199993,79.41563548400006],[-75.06460527299993,79.49408600500004],[-74.9963679679999,79.51341380400004],[-74.69611568899995,79.45001862200007],[-74.2820124989999,79.43992747600004],[-73.9922175769999,79.45868561400005],[-73.95107988199993,79.48749420800004],[-74.00259355399993,79.54246653900003],[-73.96580969999991,79.56358470300006],[-73.7337133449999,79.49616120000007],[-73.31688391799992,79.50914134300007],[-73.12531490799995,79.56635163000004],[-73.1870417959999,79.59703196800007],[-73.1733699209999,79.65855540600006],[-73.36001542899993,79.71714915600006],[-73.3862605459999,79.75470612200007],[-73.35147050699993,79.76837799700007],[-73.38333085799991,79.77562083500004],[-74.67015540299991,79.79572174700007],[-74.84487870999993,79.85032786700003],[-74.22777258999992,79.89569733300004],[-73.74193274599992,79.85032786700003],[-73.86546790299991,79.83726634300007],[-73.8132624989999,79.82233307500007],[-72.9309789699999,79.82359446800007],[-72.90583248599995,79.81614817900004],[-73.0635066399999,79.80186595300006],[-72.9201960929999,79.70958079600007],[-72.23167883999992,79.66258372600004],[-71.14240475199995,79.78949616100005],[-70.91161048099991,79.89256419500003],[-71.17853756399995,79.91636790600006],[-71.45962480399993,79.89874909100007],[-71.3760066399999,79.94232819200005],[-70.68882108291062,80.0],[-65.04393426843698,80.0],[-64.94981848899994,79.96015045800004],[-65.04662024599992,79.89866771000004],[-64.99819902299993,79.86448802300004],[-65.12857011599993,79.85028717700004],[-64.99819902299993,79.82977936400005],[-65.05284583199995,79.82355377800008],[-64.94298255099994,79.78266022300005],[-65.03233801999994,79.75462474200003],[-64.90884355399993,79.70693594000005],[-65.01187089799993,79.65851471600007],[-64.83580481699994,79.61237213700008],[-64.83141028599994,79.52716705900008],[-65.05134029899995,79.46381256700005],[-65.08698482999995,79.44000885600008],[-65.04662024599992,79.43256256700005],[-65.12677975199995,79.41347890800006],[-65.15355383999992,79.37641022300005],[-65.42808997299994,79.33368561400005],[-65.55247962099992,79.28851959800005],[-65.51895097599993,79.26740143400008],[-65.66950436099995,79.25324127800008],[-65.71019446499992,79.24070872600004],[-65.66234290299991,79.22028229400007],[-65.90941321499992,79.15131256700005],[-65.78587805899991,79.13833242400005],[-65.81883704299992,79.12909577000005],[-66.27065995999993,79.10358307500007],[-66.33641516799992,79.10956452000005],[-66.32774817599994,79.13833242400005],[-66.36310787699995,79.14325592700004],[-66.67886308499993,79.14443594000005],[-66.82062740799995,79.11786530200004],[-66.74547278599994,79.14516836100006],[-66.93040930899991,79.10358307500007],[-66.90998287699995,79.13084544500003],[-66.96165930899991,79.15412018400008],[-67.04010982999995,79.11570872600004],[-67.11270097599993,79.15643952000005],[-67.18285071499992,79.15786367400005],[-67.21841386599993,79.13833242400005],[-67.17747962099992,79.11786530200004],[-67.22691809799994,79.11517975500004],[-67.50584876199991,79.13833242400005],[-67.47598222599993,79.10651276200008],[-67.7122289699999,79.09438711100006],[-67.74600175699993,79.07684967700004],[-67.67027747299994,79.05516185100004],[-67.75865637899994,79.03827545800004],[-68.04019120999993,79.07684967700004],[-69.03392493399991,78.98004791900007],[-69.17174231699994,78.92544179900005],[-68.91319739499994,78.90086497600004],[-68.78075110599991,78.83665599200003],[-69.14834550699993,78.88060130400004],[-69.3587133449999,78.79938385600008],[-69.90855872299994,78.80394114800004],[-70.02147376199991,78.77521393400008],[-69.96279863199993,78.76325104400007],[-69.98668372299994,78.75348541900007],[-70.74583899599992,78.69537995000007],[-70.80231686099995,78.67841217700004],[-70.80199133999992,78.59878164300005],[-71.55455481699994,78.64345937700006],[-71.94180253799993,78.55825429900005],[-72.59019934799994,78.52122630400004],[-72.63890540299991,78.50092194200005],[-72.57062740799995,78.48725006700005],[-72.58849036399994,78.46723053600005],[-72.67300370999993,78.43886953300006],[-72.58429928299995,78.42511627800008],[-72.60362708199995,78.40424225500004],[-72.81387285099993,78.35936107000003],[-72.81704667899993,78.32273997600004],[-72.85057532499991,78.31533437700006],[-72.46076412699995,78.28864166900007],[-72.66100012899994,78.29116445500006],[-72.70718339799993,78.26752350500004],[-72.67983964799993,78.25385163000004],[-72.81704667899993,78.22650788000004],[-72.73448645699995,78.19236888200004],[-73.05724036399994,78.15827057500007],[-72.89517167899993,78.15395742400005],[-72.58259029899995,78.06207916900007],[-72.2969457669999,78.05585358300004],[-72.35138912699995,78.01496002800008],[-72.22801673099991,77.95966217700004],[-72.24168860599991,77.93854401200008],[-71.90566972599993,77.88865794500003],[-71.61668860599991,77.92523834800005],[-71.59056555899991,77.90497467700004],[-71.6309301419999,77.86277903900003],[-71.52489173099991,77.85553620000007],[-71.31216386599993,77.88882070500006],[-71.21320553299995,77.87030670800004],[-71.43956458199995,77.79999420800004],[-71.31281490799995,77.76984284100007],[-70.6790258449999,77.78148021000004],[-70.41193600199995,77.86269765800006],[-69.97301184799994,77.83612702000005],[-70.21247311099995,77.82721588700008],[-70.70612545499995,77.69147370000007],[-70.67564856699994,77.68016185100004],[-70.06818600199995,77.67377350500004],[-69.72044837099992,77.70400625200006],[-69.50747636599993,77.76044342700004],[-69.47960364499994,77.75421784100007],[-69.52057857999995,77.73309967700004],[-69.49559485599991,77.70209381700005],[-69.51817786399994,77.68744538000004],[-70.28774980399993,77.57538483300004],[-69.22256425699993,77.45290761900003],[-68.61091061099995,77.51772695500006],[-68.60997473899994,77.56488678600005],[-68.81480872299994,77.65802643400008],[-68.72984778599994,77.66913483300004],[-68.37026933499993,77.56655508000006],[-68.39028886599993,77.50714752800008],[-68.35643469999991,77.49994538000004],[-67.59166419199994,77.52435944200005],[-67.25011145699995,77.57477448100008],[-67.14085852799991,77.67226797100005],[-66.66348222599993,77.71942780200004],[-66.72374426999994,77.68024323100008],[-66.28132076699995,77.61790599200003],[-66.24144446499992,77.59967682500007],[-66.29979407499991,77.57538483300004],[-66.16323808499993,77.56858958500004],[-66.23155676999994,77.55491771000004],[-66.05337480399993,77.49347565300008],[-66.12515214799993,77.43333567900004],[-66.66348222599993,77.41779205900008],[-66.49722245999993,77.31232330900008],[-66.19676673099991,77.26072825700004],[-66.22614498599995,77.25250885600008],[-66.50503495999993,77.27899811400005],[-66.7727758449999,77.35635000200006],[-67.43594316299993,77.38357168200008],[-68.36949622299994,77.37685781500005],[-69.1028539699999,77.27440013200004],[-68.21597245999993,77.20579661700003],[-67.99282792899993,77.22601959800005],[-66.63683020699995,77.15399811400005],[-66.17007402299993,77.19867584800005],[-66.45128333199995,77.14411041900007],[-66.36192786399994,77.11615631700005],[-67.87816321499992,77.20229726800005],[-68.61681067599994,77.17072174700007],[-69.73346920499995,77.23899974200003],[-70.90330969999991,77.19135163000004],[-70.92516028599994,77.17816803600005],[-70.6992895169999,77.15086497600004],[-71.1926977199999,77.13727448100008],[-71.23550370999993,77.07249583500004],[-71.34243730399993,77.07074616100005],[-71.38442949099993,77.02399323100008],[-71.09715735599991,76.93178945500006],[-71.12144934799994,76.95087311400005],[-71.08283443899995,76.96588776200008],[-70.67878170499995,76.93862539300005],[-70.98721269399994,76.89704010600008],[-70.52110755099994,76.78717682500007],[-70.05016028599994,76.89203522300005],[-69.75698808499993,77.01064687700006],[-69.54165605399993,77.00629303600005],[-69.74339758999992,76.96930573100008],[-70.10338294199994,76.80145905200004],[-69.9180395169999,76.75043366100005],[-69.23989824099993,76.67658112200007],[-68.33877519399994,76.67348867400005],[-68.10244706899994,76.70628489800004],[-67.98558508999992,76.68414948100008],[-68.09544837099992,76.65741608300004],[-67.98558508999992,76.62270742400005],[-68.03111731699994,76.58405182500007],[-68.86717688699991,76.57021719000005],[-68.89679928299995,76.56122467700004],[-68.81480872299994,76.55499909100007],[-69.57725989499994,76.43764883000006],[-69.63727779899995,76.38312409100007],[-69.38442949099993,76.31362539300005],[-68.92369544199994,76.24689362200007],[-68.93150794199994,76.22540924700007],[-68.74596106699994,76.18447500200006],[-68.79246985599991,76.16681549700007],[-68.47057044199994,76.16282786700003],[-68.43809973899994,76.14350006700005],[-68.56956946499992,76.11749909100007],[-68.43252519399994,76.07941315300008],[-67.09756425699993,75.98948802300004],[-66.48843339799993,75.90985748900005],[-66.45128333199995,75.92377350500004],[-66.68936113199993,76.00678131700005],[-67.03490149599992,76.06443919500003],[-67.06017005099994,76.08148834800005],[-67.01235917899993,76.10252513200004],[-67.05744381399995,76.14020416900007],[-67.30776933499993,76.16400788000004],[-67.25031490799995,76.20453522300005],[-67.10855058499993,76.20498281500005],[-67.15876217399995,76.22882721600007],[-67.09727942599994,76.25897858300004],[-66.92715410099993,76.26650625200006],[-66.80601966099994,76.22016022300005],[-66.66974850199995,76.21857330900008],[-66.75914466099994,76.18447500200006],[-66.41372636599993,76.08612702000005],[-66.36558997299994,76.11212799700007],[-66.40965735599991,76.14972565300008],[-66.21890214799993,76.22508372600004],[-66.20726477799991,76.27781810100004],[-65.74014238199993,76.27850983300004],[-65.55247962099992,76.23908112200007],[-65.77220618399991,76.21238841400003],[-65.68968665299991,76.19814687700006],[-65.75234941299993,76.18447500200006],[-65.77904212099992,76.12783437700006],[-65.88890540299991,76.10252513200004],[-65.64248613199993,76.06159088700008],[-65.66234290299991,76.04047272300005],[-65.35448157499991,76.02680084800005],[-65.36310787699995,76.05023834800005],[-65.29991614499994,76.07526276200008],[-65.36070716099994,76.13605377800008],[-65.31973222599993,76.14972565300008],[-65.36070716099994,76.16400788000004],[-65.34264075399994,76.17584870000007],[-65.20767167899993,76.18138255400004],[-65.23786373599995,76.13605377800008],[-65.06676184799994,76.13739655200004],[-64.98794511599993,76.10626862200007],[-64.97777258999992,76.13605377800008],[-65.02497311099995,76.17767975500004],[-64.85191809799994,76.17641836100006],[-64.69961503799993,76.12555573100008],[-64.59414628799993,76.13605377800008],[-64.68285071499992,76.15729401200008],[-64.68317623599995,76.18585846600007],[-64.57461503799993,76.17511627800008],[-64.68976803299995,76.25336334800005],[-64.64443925699993,76.27411530200004],[-64.46422278599994,76.23505280200004],[-64.38121497299994,76.26032135600008],[-64.37441972599993,76.30801015800006],[-64.42906653599994,76.34902578300006],[-64.16905676999994,76.32225169500003],[-64.22423255099994,76.29433828300006],[-64.19627844999991,76.28001536700003],[-64.22423255099994,76.25958893400008],[-64.19082597599993,76.21137116100005],[-64.03111731699994,76.13605377800008],[-63.72866777299993,76.17804596600007],[-63.75059973899994,76.19814687700006],[-63.51720130099994,76.31028880400004],[-63.48501542899993,76.33950429900005],[-63.49742591099994,76.36945221600007],[-63.367298956999946,76.37689850500004],[-62.84919186099995,76.30353424700007],[-62.819569464999915,76.28001536700003],[-62.85313880099994,76.23908112200007],[-62.777414516999954,76.21238841400003],[-62.79165605399993,76.19814687700006],[-62.72899329299992,76.21238841400003],[-62.777414516999954,76.23908112200007],[-62.736317511999914,76.25731028900003],[-62.375843878999945,76.24485911700003],[-62.26675370999993,76.28994375200006],[-62.147368943999936,76.25958893400008],[-62.19517981699994,76.23908112200007],[-62.166859503999945,76.22199127800008],[-61.93936113199993,76.23920319200005],[-61.65733801999994,76.18292877800008],[-60.92406165299991,76.16567617400005],[-60.832142706999946,76.14350006700005],[-60.857533331999946,76.12750885600008],[-60.832142706999946,76.11562734600005],[-60.90729732999995,76.08148834800005],[-60.824777798999946,76.08148834800005],[-60.832142706999946,76.03363678600005],[-60.74547278599994,76.00104401200008],[-60.500843878999945,76.06736888200004],[-60.46157792899993,76.03363678600005],[-60.12417558499993,76.03188711100006],[-60.091053839999915,76.01312897300005],[-60.139515753999945,75.98582591400003],[-59.98863684799994,75.96539948100008],[-60.01659094999991,75.93744538000004],[-59.9934789699999,75.92914459800005],[-59.755848761999914,75.97223541900007],[-59.59142005099994,75.91693756700005],[-59.796864386999914,75.84186432500007],[-59.81468665299991,75.81948476800005],[-59.77293860599991,75.80141836100006],[-59.640288865999935,75.81244538000004],[-59.50365149599992,75.86676666900007],[-59.27220618399991,75.88011302300004],[-59.139515753999945,75.84186432500007],[-59.30337480399993,75.81452057500007],[-59.22150631399995,75.80093008000006],[-59.282866990999935,75.76609935100004],[-59.098866339999915,75.77537669500003],[-59.05703691299993,75.74371979400007],[-59.07681230399993,75.71149323100008],[-59.04161536399994,75.70136139500005],[-58.71336829299992,75.73525625200006],[-58.405913865999935,75.71893952000005],[-58.59434973899994,75.67975495000007],[-58.52025305899991,75.64915599200003],[-58.31029212099992,75.64325592700004],[-58.42613684799994,75.56610748900005],[-58.18993079299992,75.53436920800004],[-58.16673743399991,75.50043366100005],[-58.20665442599994,75.44403717700004],[-58.52684485599991,75.40656159100007],[-58.700103318999936,75.34845612200007],[-58.51748613199993,75.34723541900007],[-58.43203691299993,75.39866771000004],[-58.24762936099995,75.40302155200004],[-58.364898240999935,75.35521067900004],[-58.302845831999946,75.33417389500005],[-58.43936113199993,75.31427643400008],[-58.241444464999915,75.21124909100007],[-58.01231848899994,75.19806549700007],[-57.922718878999945,75.16339752800008],[-58.13149980399993,75.10822174700007],[-58.07697506399995,75.08771393400008],[-58.146148240999935,75.08380768400008],[-58.14159094999991,75.05182526200008],[-57.694203253999945,75.01968008000006],[-57.29259192599994,74.90741608300004],[-57.057850714999915,74.92194245000007],[-56.99449622299994,74.90338776200008],[-56.98696855399993,74.85455963700008],[-56.85496985599991,74.84845612200007],[-56.79523678299995,74.81395091400003],[-56.987212693999936,74.76557038000004],[-57.11461341099994,74.80084870000007],[-57.193023240999935,74.77301666900007],[-57.13036048099991,74.76557038000004],[-57.158314581999946,74.73826732000003],[-57.054676886999914,74.74526601800005],[-57.03477942599994,74.73143138200004],[-57.07579505099994,74.71161530200004],[-56.99156653599994,74.67243073100008],[-56.87743079299992,74.71161530200004],[-56.70230058499993,74.64472077000005],[-56.47305253799993,74.64887116100005],[-56.60338294199994,74.60789622600004],[-56.421864386999914,74.55329010600008],[-56.22179114499994,74.56264883000006],[-56.19188391799992,74.55329010600008],[-56.26016191299993,74.51235586100006],[-56.14476477799991,74.49188873900005],[-56.79523678299995,74.45087311400005],[-56.56187903599994,74.40412018400008],[-56.13044186099995,74.38886139500005],[-56.71324622299994,74.34784577000005],[-56.53172766799992,74.32477448100008],[-56.582915818999936,74.29262929900005],[-56.30174719999991,74.30630117400005],[-56.70303300699993,74.20384349200003],[-57.158314581999946,74.17658112200007],[-57.08942623599995,74.14240143400008],[-57.288319464999915,74.14240143400008],[-57.314116990999935,74.10268789300005],[-56.563343878999945,74.16498444200005],[-56.124256964999915,74.27960846600007],[-56.17137610599991,74.19253164300005],[-56.26016191299993,74.17658112200007],[-56.31602942599994,74.12128327000005],[-56.19871985599991,74.12128327000005],[-56.41161048099991,74.06732819200005],[-55.97052975199995,74.02708567900004],[-56.124256964999915,74.01211172100005],[-56.082020636999914,74.00527578300006],[-56.10997473899994,73.97044505400004],[-56.08153235599991,73.96112702000005],[-55.64476477799991,73.87547435100004],[-55.62954667899993,73.85504791900007],[-55.699330206999946,73.84137604400007],[-55.94546464799993,73.86123281500005],[-55.74689693899995,73.72406647300005],[-55.61266028599994,73.72113678600005],[-55.73420162699995,73.70718008000006],[-55.96251380099994,73.76561107000003],[-55.911366339999915,73.72406647300005],[-56.041086391999954,73.69057851800005],[-55.843088344999956,73.68309153900003],[-56.06773841099994,73.65302155200004],[-55.95616614499994,73.62091705900008],[-55.77257239499994,73.62689850500004],[-55.75373287699995,73.61481354400007],[-55.79466712099992,73.60053131700005],[-55.77391516799992,73.58478424700007],[-55.66515051999994,73.58502838700008],[-55.53477942599994,73.51080963700008],[-55.51903235599991,73.47260163000004],[-55.14297441299993,73.40619538000004],[-55.08971106699994,73.36790599200003],[-55.249663865999935,73.39203522300005],[-55.37010657499991,73.33368561400005],[-55.31484941299993,73.32623932500007],[-55.33356686099995,73.30825429900005],[-55.45946204299992,73.26536692900004],[-55.21247311099995,73.24428945500006],[-55.219309048999946,73.22382233300004],[-55.14159094999991,73.19037506700005],[-55.43008378799993,73.19623444200005],[-55.45946204299992,73.18964264500005],[-55.33531653599994,73.18280670800004],[-55.471547003999945,73.10976797100005],[-55.661447719999956,73.12372467700004],[-55.71271725199995,73.08722565300008],[-55.695383266999954,73.06952545800004],[-55.267689581999946,73.05247630400004],[-55.16673743399991,73.01146067900004],[-55.015695766999954,73.07062409100007],[-55.05418860599991,73.01154205900008],[-55.02879798099991,72.99823639500005],[-54.78107662699995,72.99848053600005],[-54.84874426999994,72.97052643400008],[-54.78726152299993,72.96369049700007],[-54.81460527299993,72.93642812700006],[-54.68773352799991,72.90029531500005],[-54.67027747299994,72.85716380400004],[-54.60293535099993,72.83397044500003],[-54.92442786399994,72.78558991100005],[-54.73277747299994,72.75918203300006],[-54.58751380099994,72.80231354400007],[-54.526600714999915,72.77875397300005],[-54.75377356699994,72.73777903900003],[-54.58869381399995,72.69684479400007],[-54.71422278599994,72.70547109600005],[-54.791005011999914,72.66205475500004],[-54.88345292899993,72.67572663000004],[-54.83112545499995,72.63593170800004],[-54.63613847599993,72.62225983300004],[-54.910227016999954,72.60748932500007],[-54.99844316299993,72.57062409100007],[-55.01056881399995,72.52171458500004],[-54.86831620999993,72.52069733300004],[-54.80093339799993,72.55219147300005],[-54.78384355399993,72.51605866100005],[-54.701283331999946,72.49892812700006],[-54.43919837099992,72.51316966400003],[-54.293853318999936,72.48395416900007],[-54.88817298099991,72.46967194200005],[-55.45913652299993,72.52594635600008],[-55.651275193999936,72.45038483300004],[-55.48306230399993,72.39516836100006],[-55.34215247299994,72.40818919500003],[-55.357492641999954,72.42934804900005],[-55.31700598899994,72.47028229400007],[-55.296864386999914,72.41242096600007],[-55.24600175699993,72.39516836100006],[-55.28750566299993,72.37409088700008],[-55.22411048099991,72.36176178600005],[-55.02163652299993,72.42365143400008],[-54.88345292899993,72.42869700700004],[-54.97288977799991,72.40818919500003],[-54.684885219999956,72.36717357000003],[-54.95177161399994,72.36041901200008],[-54.90330969999991,72.33307526200008],[-54.94668535099993,72.27789948100008],[-54.88345292899993,72.25116608300004],[-55.411040818999936,72.08608633000006],[-55.281361456999946,72.06557851800005],[-55.55174719999991,72.03815338700008],[-55.60968990799995,71.99046458500004],[-55.26781165299991,71.92731354400007],[-54.920806443999936,71.93292877800008],[-54.64159094999991,72.01850006700005],[-54.64415442599994,72.07050202000005],[-54.526600714999915,72.13446686400005],[-54.52904212099992,72.17743561400005],[-54.38320878799993,72.22321198100008],[-54.52497311099995,72.10976797100005],[-54.512928839999915,72.07990143400008],[-54.555246548999946,72.03375885600008],[-54.85334225199995,71.91299062700006],[-55.33043372299994,71.88312409100007],[-55.37010657499991,71.82599518400008],[-55.26024329299992,71.77822500200006],[-55.46401933499993,71.80267975500004],[-55.57555091099994,71.77138906500005],[-55.56187903599994,71.74347565300008],[-55.78783118399991,71.74347565300008],[-55.90453040299991,71.68203359600005],[-55.56932532499991,71.64105866100005],[-55.67617753799993,71.63011302300004],[-55.51447506399995,71.44916413000004],[-55.28758704299992,71.38141510600008],[-55.11750240799995,71.38764069200005],[-55.267689581999946,71.48403554900005],[-55.244252081999946,71.49632396000004],[-55.14362545499995,71.44236888200004],[-54.98082434799994,71.43622467700004],[-54.943918423999946,71.39411041900007],[-54.81602942599994,71.35590241100005],[-54.62515214799993,71.35130442900004],[-53.91258704299992,71.45050690300008],[-53.84878495999993,71.54547760600008],[-54.10204016799992,71.63483307500007],[-54.04678300699993,71.67177969000005],[-54.10204016799992,71.70990631700005],[-54.01671301999994,71.70990631700005],[-53.91055253799993,71.64105866100005],[-53.76585852799991,71.64032623900005],[-53.72288977799991,71.67064036700003],[-53.768869594999956,71.71967194200005],[-53.91771399599992,71.73725006700005],[-53.63980058499993,71.74778880400004],[-53.39891516799992,71.84589264500005],[-53.567697719999956,72.03888580900008],[-53.83511308499993,72.16242096600007],[-53.84117591099994,72.25189850500004],[-53.958648240999935,72.32632070500006],[-53.87022864499994,72.35663483300004],[-53.553944464999915,72.36041901200008],[-53.851633266999954,72.33063385600008],[-53.77769934799994,72.27265045800004],[-53.69831295499995,72.12592194200005],[-53.399728969999956,72.04197825700004],[-53.405181443999936,71.95600006700005],[-53.321197068999936,71.85700104400007],[-53.36432857999995,71.77777741100005],[-52.98477128799993,71.84711334800005],[-53.01732337099992,71.93036530200004],[-52.77599036399994,72.01764557500007],[-52.68317623599995,72.01093170800004],[-52.90782630099994,71.91351959800005],[-52.908762173999946,71.88226959800005],[-52.85448157499991,71.86762116100005],[-52.89565995999993,71.83563873900005],[-53.26598059799994,71.70990631700005],[-52.58145097599993,71.69660065300008],[-52.57331295499995,71.63792552300004],[-52.16641191299993,71.61310455900008],[-51.90143795499995,71.65265534100007],[-51.757883266999954,71.73045482000003],[-51.66270911399994,71.72980377800008],[-51.67601477799991,71.67255280200004],[-51.78160559799994,71.60272858300004],[-52.70091712099992,71.52594635600008],[-52.992258266999954,71.42133209800005],[-52.42625891799992,71.37225983300004],[-51.68228105399993,71.50958893400008],[-51.36095130099994,71.49371979400007],[-51.42137610599991,71.43927643400008],[-51.88426673099991,71.44037506700005],[-52.25767981699994,71.36554596600007],[-52.28815670499995,71.34894440300008],[-52.24559485599991,71.29535553600005],[-52.25890051999994,71.27265045800004],[-52.49840247299994,71.22671133000006],[-52.55772864499994,71.17861562700006],[-52.51695716099994,71.14826080900008],[-52.42430579299992,71.15167877800008],[-51.74901282499991,71.36041901200008],[-51.642241990999935,71.36733633000006],[-51.69005286399994,71.34682851800005],[-51.53575598899994,71.31268952000005],[-51.52867591099994,71.27423737200007],[-51.903187628999945,71.24774811400005],[-52.242746548999946,71.12677643400008],[-52.025502081999946,71.09979889500005],[-51.84251868399991,71.13739655200004],[-51.673939581999946,71.11090729400007],[-51.22329667899993,71.14760976800005],[-51.39586341099994,71.11347077000005],[-51.29214433499993,71.07868073100008],[-51.48477128799993,71.07037995000007],[-51.20213782499991,71.01764557500007],[-50.91539466099994,71.02411530200004],[-50.997710740999935,70.96515534100007],[-51.207875128999945,70.96222565300008],[-51.83193925699993,71.06940338700008],[-51.95689856699994,71.02411530200004],[-51.58922278599994,70.92991771000004],[-51.18976803299995,70.88690827000005],[-51.210275844999956,70.87323639500005],[-51.12364661399994,70.84389883000006],[-50.84715735599991,70.87323639500005],[-50.920033331999946,70.83869049700007],[-50.91470292899993,70.81610748900005],[-50.63158118399991,70.73908112200007],[-50.68797766799992,70.70693594000005],[-50.81859290299991,70.72093333500004],[-51.01162675699993,70.78449127800008],[-51.25072180899991,70.81386953300006],[-51.29214433499993,70.76398346600007],[-51.44513912699995,70.73191966400003],[-51.39915930899991,70.69733307500007],[-51.20811926999994,70.69253164300005],[-51.07990475199995,70.76398346600007],[-51.05992591099994,70.76097239800004],[-51.10041256399995,70.66095612200007],[-50.91539466099994,70.68891022300005],[-50.65269934799994,70.65033600500004],[-50.624989386999914,70.62238190300008],[-50.87873287699995,70.66254303600005],[-50.96971594999991,70.63898346600007],[-50.991118943999936,70.61318594000005],[-50.83348548099991,70.61318594000005],[-50.86766516799992,70.58527252800008],[-50.73729407499991,70.54486725500004],[-50.90925045499995,70.57160065300008],[-50.864491339999915,70.53530508000006],[-50.88585364499994,70.51080963700008],[-51.16124426999994,70.57941315300008],[-51.194976365999935,70.62848541900007],[-51.34740149599992,70.57160065300008],[-51.22329667899993,70.51072825700004],[-51.07990475199995,70.51072825700004],[-50.94273841099994,70.46979401200008],[-51.09414628799993,70.46979401200008],[-50.99278723899994,70.42495351800005],[-50.77208411399994,70.42084381700005],[-50.53001868399991,70.53656647300005],[-50.50450598899994,70.50018952000005],[-50.68268795499995,70.40086497600004],[-50.53184973899994,70.35932038000004],[-50.659413214999915,70.32575104400007],[-51.54942786399994,70.43158600500004],[-52.45034745999993,70.70258209800005],[-52.79063880099994,70.75678131700005],[-53.43399003799993,70.75267161700003],[-53.67031816299993,70.79877350500004],[-54.15538489499994,70.82880280200004],[-54.56102454299992,70.72650788000004],[-54.63023841099994,70.65412018400008],[-54.537098761999914,70.65648021000004],[-54.32526607999995,70.57318756700005],[-54.18464107999995,70.47662995000007],[-54.01870683499993,70.41323476800005],[-53.23184160099993,70.35309479400007],[-52.60997473899994,70.21710846600007],[-52.32066809799994,70.05145905200004],[-52.06126868399991,70.05121491100005],[-51.96898352799991,70.01105377800008],[-51.54979407499991,70.03034088700008],[-51.57335364499994,69.98314036700003],[-51.438710089999915,69.96645742400005],[-51.22105872299994,70.07396067900004],[-50.86082923099991,70.02411530200004],[-50.98094641799992,69.99624258000006],[-51.08702551999994,70.03717682500007],[-51.28595943899995,69.96954987200007],[-51.25967363199993,69.96303945500006],[-50.939116990999935,69.96356842700004],[-50.47105872299994,70.05792877800008],[-50.23729407499991,70.03839752800008],[-50.20970618399991,70.01675039300005],[-50.29906165299991,69.98680247600004],[-50.56094316299993,69.97492096600007],[-50.59333248599995,69.92792389500005],[-50.332875128999945,69.88996002800008],[-50.300770636999914,69.86220937700006],[-50.31851152299993,69.82672760600008],[-50.18919837099992,69.76341380400004],[-50.59434973899994,69.79067617400005],[-50.66901607999995,69.73956940300008],[-50.796131964999915,69.71987539300005],[-50.82664954299992,69.70197174700007],[-50.79442298099991,69.67206452000005],[-50.435658331999946,69.65420156500005],[-50.461496548999946,69.64573802300004],[-50.408314581999946,69.60578034100007],[-50.77525794199994,69.65029531500005],[-50.84715735599991,69.62628815300008],[-50.795765753999945,69.55768463700008],[-50.88060462099992,69.50787995000007],[-50.85399329299992,69.48224518400008],[-50.71580969999991,69.52667877800008],[-50.662180141999954,69.51703522300005],[-50.72362219999991,69.50958893400008],[-50.69054114499994,69.49957916900007],[-50.592640753999945,69.49628327000005],[-50.39598548099991,69.54905833500004],[-50.20287024599992,69.52326080900008],[-50.517567511999914,69.48969147300005],[-50.484038865999935,69.44814687700006],[-50.68517005099994,69.49225495000007],[-50.86766516799992,69.46181875200006],[-50.84715735599991,69.42829010600008],[-50.89220130099994,69.38593170800004],[-50.83348548099991,69.34511953300006],[-50.987538214999915,69.32982005400004],[-50.86766516799992,69.28367747600004],[-51.01162675699993,69.27000560100004],[-51.11510169199994,69.21222565300008],[-50.914947068999936,69.17365143400008],[-50.68517005099994,69.23236725500004],[-50.59333248599995,69.21539948100008],[-50.54320227799991,69.25804271000004],[-50.60008704299992,69.27680084800005],[-50.42992102799991,69.34715403900003],[-50.36668860599991,69.33893463700008],[-50.470366990999935,69.30414459800005],[-50.443023240999935,69.22907135600008],[-50.470366990999935,69.20856354400007],[-50.24278723899994,69.19647858300004],[-50.16502844999991,69.22907135600008],[-50.137277798999946,69.22117747600004],[-50.13975989499994,69.17975495000007],[-50.299387173999946,69.12295156500005],[-50.689523891999954,69.12665436400005],[-50.50914466099994,69.07070547100005],[-50.22337805899991,69.07200755400004],[-50.17491614499994,69.02977122600004],[-50.21715247299994,69.02362702000005],[-50.22166907499991,68.95990631700005],[-50.29906165299991,68.98883698100008],[-50.25499426999994,69.03949616100005],[-50.298939581999946,69.06500885600008],[-50.35387122299994,69.03343333500004],[-50.350900844999956,68.99599844000005],[-50.41820227799991,69.03107330900008],[-50.493031378999945,69.00617096600007],[-50.45726477799991,68.96987539300005],[-50.36050370999993,68.96832916900007],[-50.320423956999946,68.92438385600008],[-50.378163214999915,68.90839264500005],[-50.523101365999935,68.95107656500005],[-50.52501380099994,69.02977122600004],[-50.648548956999946,69.05027903900003],[-50.63426673099991,69.07200755400004],[-50.991118943999936,69.03725820500006],[-50.771148240999935,69.08755117400005],[-50.74941972599993,69.12091705900008],[-51.07990475199995,69.13279857000003],[-51.06200110599991,69.11440664300005],[-51.12083899599992,69.09870026200008],[-51.07990475199995,69.05027903900003],[-51.13512122299994,69.04409414300005],[-51.08731035099993,68.95132070500006],[-51.18976803299995,68.88580963700008],[-50.96385657499991,68.93423086100006],[-51.10187740799995,68.86619700700004],[-51.21711178299995,68.84544505400004],[-51.17613684799994,68.81126536700003],[-51.29214433499993,68.74860260600008],[-51.11465410099993,68.73558177300004],[-50.78685462099992,68.84194570500006],[-50.65469316299993,68.83120351800005],[-50.991118943999936,68.73558177300004],[-50.92345130099994,68.69940827000005],[-50.92906653599994,68.67413971600007],[-50.805531378999945,68.68097565300008],[-50.88752193899995,68.65302155200004],[-50.86204993399991,68.61981842700004],[-51.07371985599991,68.70140208500004],[-51.00609290299991,68.64207591400003],[-51.04137122299994,68.61815013200004],[-51.035715298999946,68.58417389500005],[-51.09414628799993,68.57855866100005],[-51.09325110599991,68.60407135600008],[-51.14883378799993,68.56391022300005],[-51.34528561099995,68.58478424700007],[-51.402007615999935,68.57111237200007],[-51.35187740799995,68.54865143400008],[-51.505116339999915,68.53701406500005],[-51.47032630099994,68.55744049700007],[-51.49038652299993,68.56655508000006],[-51.56883704299992,68.52387116100005],[-51.95689856699994,68.53701406500005],[-51.916005011999914,68.55744049700007],[-51.96442623599995,68.56427643400008],[-51.81289628799993,68.57855866100005],[-51.884877081999946,68.59275950700004],[-52.10777747299994,68.54376862200007],[-52.19318600199995,68.57221100500004],[-52.616444464999915,68.52594635600008],[-52.64220130099994,68.51585521000004],[-52.38898678299995,68.50967031500005],[-52.47834225199995,68.49542877800008],[-52.423085089999915,68.46869538000004],[-52.77521725199995,68.42291901200008],[-52.820301886999914,68.39980703300006],[-52.78001868399991,68.38556549700007],[-52.799712693999936,68.37885163000004],[-53.08849036399994,68.31785716400003],[-53.24791419199994,68.35285065300008],[-53.38947506399995,68.33152903900003],[-53.334868943999936,68.30418528900003],[-53.375843878999945,68.29677969000005],[-53.339507615999935,68.27187734600005],[-53.22008216099994,68.30939362200007],[-53.07359778599994,68.28754303600005],[-52.587554490999935,68.35138580900008],[-52.666900193999936,68.30996328300006],[-52.751942511999914,68.31777578300006],[-52.937611456999946,68.26264069200005],[-52.85448157499991,68.25580475500004],[-52.88239498599995,68.22846100500004],[-52.71446692599994,68.21548086100006],[-52.62852942599994,68.24213288000004],[-52.79527747299994,68.27728913000004],[-52.51244055899991,68.29059479400007],[-52.56212317599994,68.26439036700003],[-52.444203253999945,68.22846100500004],[-52.50499426999994,68.19432200700004],[-52.44513912699995,68.18146393400008],[-51.22329667899993,68.29677969000005],[-51.23216712099992,68.32904694200005],[-51.313343878999945,68.36570872600004],[-51.48338782499991,68.35993073100008],[-51.64903723899994,68.41347890800006],[-51.23159745999993,68.41575755400004],[-50.84801184799994,68.50714752800008],[-50.772043423999946,68.49542877800008],[-51.16698157499991,68.41421133000006],[-51.175770636999914,68.38418203300006],[-51.12083899599992,68.35138580900008],[-51.15562903599994,68.29482656500005],[-51.38158118399991,68.25580475500004],[-51.21133378799993,68.25018952000005],[-50.95588131399995,68.18927643400008],[-51.436838344999956,68.20115794500003],[-51.10065670499995,68.10667552300004],[-50.93590247299994,68.12604401200008],[-51.045765753999945,68.09129466400003],[-50.68032792899993,68.02692291900007],[-50.72362219999991,68.00259023600006],[-50.54552161399994,68.00259023600006],[-50.560658331999946,67.96979401200008],[-50.29906165299991,67.93427155200004],[-50.14826412699995,67.94794342700004],[-50.23281816299993,67.91242096600007],[-50.47720292899993,67.93427155200004],[-50.56655839799993,67.90631745000007],[-51.21711178299995,68.07086823100008],[-51.93154863199993,68.04682038000004],[-52.55406653599994,68.18691640800006],[-52.724720831999946,68.20115794500003],[-52.79914303299995,68.17576732000003],[-52.713449673999946,68.17918528900003],[-52.637928839999915,68.12889232000003],[-52.53807532499991,68.13377513200004],[-52.38898678299995,68.07762278900003],[-52.446197068999936,68.06899648600006],[-53.11481686099995,68.19863515800006],[-53.30797278599994,68.18650950700004],[-53.45775305899991,68.15277741100005],[-53.26598059799994,68.16705963700008],[-53.28400631399995,68.13007233300004],[-53.11156165299991,68.17841217700004],[-53.080962693999936,68.15961334800005],[-53.162953253999945,68.12604401200008],[-52.75450598899994,67.98663971600007],[-52.19749915299991,67.95018138200004],[-52.05931555899991,67.97528717700004],[-52.207102016999954,67.92682526200008],[-52.58922278599994,67.94310130400004],[-52.72923743399991,67.96678294500003],[-53.04124915299991,68.06305573100008],[-53.17658443899995,68.04608795800004],[-53.25914466099994,68.02301666900007],[-53.25914466099994,67.98895905200004],[-52.889230923999946,67.98151276200008],[-53.250070766999954,67.96482982000003],[-53.19082597599993,67.93427155200004],[-53.31436113199993,67.91376373900005],[-53.05370032499991,67.88589101800005],[-53.28648841099994,67.85854726800005],[-53.18399003799993,67.83808014500005],[-53.31436113199993,67.84198639500005],[-53.29922441299993,67.88312409100007],[-53.37926184799994,67.89956289300005],[-53.48570716099994,67.87909577000005],[-53.375843878999945,67.86542389500005],[-53.43106035099993,67.84491608300004],[-53.387277798999946,67.82746002800008],[-53.24547278599994,67.82440827000005],[-53.27798417899993,67.80581289300005],[-53.505523240999935,67.81012604400007],[-53.46251380099994,67.82111237200007],[-53.48033606699994,67.85854726800005],[-53.68765214799993,67.81183502800008],[-53.70421301999994,67.79645416900007],[-53.553944464999915,67.76235586100006],[-53.54141191299993,67.71967194200005],[-53.553944464999915,67.68720123900005],[-53.697336391999954,67.64569733300004],[-53.56017005099994,67.65314362200007],[-53.75259355399993,67.60301341400003],[-53.711008266999954,67.56370677300004],[-53.729725714999915,67.53807200700004],[-53.67882239499994,67.50263092700004],[-53.576730923999946,67.51886627800008],[-53.33165442599994,67.59589264500005],[-53.06432044199994,67.73574453300006],[-52.82404537699995,67.79645416900007],[-52.62604732999995,67.79385000200006],[-52.23741614499994,67.90180084800005],[-51.948882615999935,67.90814850500004],[-51.60659745999993,67.97699616100005],[-51.57335364499994,67.96841054900005],[-51.62865149599992,67.93675364800004],[-51.922759568999936,67.88589101800005],[-52.15900631399995,67.89158763200004],[-52.34215247299994,67.82172272300005],[-52.23192298099991,67.76923248900005],[-51.858713344999956,67.75360748900005],[-51.73155676999994,67.78978099200003],[-51.62995357999995,67.77659739800004],[-51.84829667899993,67.73505280200004],[-51.703684048999946,67.70026276200008],[-51.59780839799993,67.75372955900008],[-51.47020423099991,67.75836823100008],[-51.53237870999993,67.73505280200004],[-51.495350714999915,67.72797272300005],[-51.38158118399991,67.74868398600006],[-51.398426886999914,67.76927317900004],[-51.32555091099994,67.82436758000006],[-51.47032630099994,67.86542389500005],[-51.57335364499994,67.93427155200004],[-51.364491339999915,67.91998932500007],[-51.24388587099992,67.96991608300004],[-51.03892981699994,67.98151276200008],[-51.045765753999945,67.94049713700008],[-50.970041469999956,67.91998932500007],[-50.97594153599994,67.88686758000006],[-51.076161261999914,67.90790436400005],[-51.36790930899991,67.88589101800005],[-51.17613684799994,67.80390045800004],[-51.237538214999915,67.78286367400005],[-51.16869055899991,67.76235586100006],[-51.004750128999945,67.76923248900005],[-50.95641028599994,67.80390045800004],[-50.85781816299993,67.79173411700003],[-50.82664954299992,67.80390045800004],[-50.86766516799992,67.80390045800004],[-50.84288489499994,67.81818268400008],[-50.648548956999946,67.85114166900007],[-50.75377356699994,67.87523021000004],[-50.88752193899995,67.85854726800005],[-50.78429114499994,67.91128164300005],[-50.52440344999991,67.87250397300005],[-50.493072068999936,67.89960358300004],[-50.413400844999956,67.84715403900003],[-50.264963344999956,67.84491608300004],[-50.332020636999914,67.80390045800004],[-50.64142818899995,67.82440827000005],[-50.778553839999915,67.77342357000003],[-50.984364386999914,67.74868398600006],[-51.00377356699994,67.72077057500007],[-51.29588782499991,67.73505280200004],[-51.32013912699995,67.71454498900005],[-51.10383053299995,67.65936920800004],[-50.90176347599993,67.65936920800004],[-51.01162675699993,67.62518952000005],[-50.66047115799995,67.65534088700008],[-50.286000128999945,67.74542877800008],[-49.93594316299993,67.70026276200008],[-50.09984290299991,67.69403717700004],[-50.079335089999915,67.71454498900005],[-50.28160559799994,67.73847077000005],[-50.60228430899991,67.64850495000007],[-50.87441972599993,67.60468170800004],[-50.55174719999991,67.51019928600005],[-50.07249915299991,67.51593659100007],[-50.19664466099994,67.46747467700004],[-50.69310462099992,67.49408600500004],[-50.96190344999991,67.59259674700007],[-51.34801184799994,67.67951080900008],[-51.864125128999945,67.63589101800005],[-51.888661261999914,67.67015208500004],[-52.06212317599994,67.72109609600005],[-52.12828528599994,67.70026276200008],[-52.409087693999936,67.76923248900005],[-52.789621548999946,67.75014883000006],[-52.82774817599994,67.74188873900005],[-52.53294837099992,67.74188873900005],[-52.74522864499994,67.70770905200004],[-52.978627081999946,67.71454498900005],[-53.10765540299991,67.65936920800004],[-52.90973873599995,67.68720123900005],[-53.23924719999991,67.59039948100008],[-53.10147050699993,67.59788646000004],[-53.125843878999945,67.59027741100005],[-53.70421301999994,67.46133047100005],[-53.821522589999915,67.40607330900008],[-53.79356848899994,67.39240143400008],[-53.849598761999914,67.36664459800005],[-53.83511308499993,67.33100006700005],[-53.873036261999914,67.31932200700004],[-53.882923956999946,67.26211172100005],[-53.84137936099995,67.24774811400005],[-53.87669837099992,67.23476797100005],[-53.793853318999936,67.23456452000005],[-53.77306067599994,67.22797272300005],[-53.807850714999915,67.20685455900008],[-53.766916469999956,67.20661041900007],[-53.509022589999915,67.27317942900004],[-53.34483801999994,67.27960846600007],[-53.18846594999991,67.34316640800006],[-53.23184160099993,67.29621002800008],[-53.11367753799993,67.28009674700007],[-52.149322068999936,67.40607330900008],[-51.973500128999945,67.35976797100005],[-51.11465410099993,67.42649974200003],[-51.52183997299994,67.35049062700006],[-51.439442511999914,67.33075592700004],[-51.366444464999915,67.24730052300004],[-51.18228105399993,67.14541250200006],[-50.524728969999956,67.22797272300005],[-50.34683183499993,67.18695709800005],[-50.82848059799994,67.18284739800004],[-51.17613684799994,67.12490469000005],[-51.27708899599992,67.14740631700005],[-51.46117102799991,67.30288320500006],[-51.552845831999946,67.33100006700005],[-52.04898027299993,67.34223053600005],[-52.190663214999915,67.37189362200007],[-52.49819902299993,67.31049225500004],[-53.521473761999914,67.24135976800005],[-53.58812415299991,67.22113678600005],[-53.38267981699994,67.20685455900008],[-53.840687628999945,67.17609284100007],[-53.923939581999946,67.14541250200006],[-53.88975989499994,67.13922760600008],[-53.964914516999954,67.10443756700005],[-53.93814042899993,67.09760163000004],[-53.964914516999954,67.07770416900007],[-53.39781653599994,67.11245351800005],[-53.588734503999945,67.07025788000004],[-53.829416469999956,67.06386953300006],[-53.81493079299992,67.02704498900005],[-53.63463294199994,66.99652741100005],[-53.21751868399991,66.99457428600005],[-53.82835852799991,66.98432038000004],[-53.65021725199995,66.93992747600004],[-53.68431555899991,66.91941966400003],[-53.647043423999946,66.91156647300005],[-53.33827302352143,66.92298468798344],[-53.59111340759405,66.74023934675687]],[[-78.93639075399994,56.02448151200008],[-79.00527910099993,56.01703522300005],[-78.95067298099991,56.037543036000045],[-78.95067298099991,56.07851797100005],[-79.00255286399994,56.06386953300006],[-79.0274031011075,56.0],[-78.93639075399994,56.02448151200008]],[[-136.11961679099994,69.07934224500008],[-136.00626708499993,69.09028059900004],[-136.2119415179999,69.17930901300008],[-136.24774165299993,69.17172226500008],[-136.17731438999994,69.11649350700003],[-136.22531420799993,69.12060374100008],[-136.11961679099994,69.07934224500008]],[[-135.34829667899993,69.35936107000003],[-135.32095292899993,69.37986888200004],[-135.35338294199994,69.39704010600008],[-135.55166581899994,69.40713125200006],[-135.56676184799994,69.38605377800008],[-135.3076065749999,69.30914948100008],[-135.28099524599992,69.36176178600005],[-135.34829667899993,69.35936107000003]],[[-135.7059526779999,69.50875084800003],[-135.8410917889999,69.49573626300008],[-135.63616325599992,69.45132723900008],[-135.5911823209999,69.46710471900008],[-135.7059526779999,69.50875084800003]],[[-138.8701065749999,69.59210846600007],[-139.1133927069999,69.65420156500005],[-139.33560136599993,69.57168203300006],[-139.26024329299992,69.58539459800005],[-139.13784745999993,69.53522370000007],[-139.05068925699993,69.57615794500003],[-138.8701065749999,69.59210846600007]],[[-134.01817786399994,69.57786692900004],[-133.9287817049999,69.56488678600005],[-133.8127335279999,69.60578034100007],[-133.9014379549999,69.62689850500004],[-134.01817786399994,69.57786692900004]],[[-135.40294348899994,69.65420156500005],[-135.51097571499992,69.64838288000004],[-135.59288489499994,69.59365469000005],[-135.48888098899994,69.57925039300005],[-135.40294348899994,69.65420156500005]],[[-141.5286352199999,69.76032135600008],[-141.80923417899993,69.82192617400005],[-141.8984268869999,69.82489655200004],[-141.38512122299994,69.69452545800004],[-141.5286352199999,69.76032135600008]],[[-125.09634355399993,70.14020416900007],[-125.00780188699991,70.13617584800005],[-124.95921790299991,70.16754791900007],[-125.12010657499991,70.14419179900005],[-125.06615149599992,70.12079498900005],[-125.09634355399993,70.14020416900007]],[[-149.01569576699993,70.48493073100008],[-148.8196915359999,70.46979401200008],[-148.92292232999992,70.50145091400003],[-148.99457760299993,70.49290599200003],[-149.23627682199992,70.55329010600008],[-149.3038223949999,70.54783763200004],[-149.01569576699993,70.48493073100008]],[[-128.08372962099992,70.61318594000005],[-128.2346085279999,70.66095612200007],[-128.3444718089999,70.54486725500004],[-128.24205481699994,70.57160065300008],[-128.2412817049999,70.59943268400008],[-128.1370336579999,70.57538483300004],[-128.08372962099992,70.61318594000005]],[[-125.9680883449999,71.96523672100005],[-125.90908769399994,71.96434153900003],[-125.96361243399991,71.98281484600005],[-125.99693762899994,71.97703685100004],[-125.9680883449999,71.96523672100005]],[[-115.32363847599993,73.50869375200006],[-115.61904863199993,73.66885000200006],[-115.92300370999993,73.73004791900007],[-116.86701412699995,74.08755117400005],[-117.41649329299992,74.23248932500007],[-118.0659887359999,74.28070709800005],[-118.7254125639999,74.22077057500007],[-118.88316809799994,74.17869700700004],[-118.79552161399994,74.12759023600006],[-118.80508378799993,74.10138580900008],[-118.95189368399991,74.01756419500003],[-119.18932044199994,73.99217357000003],[-119.13963782499991,74.06769440300008],[-119.06924394399994,74.09052155200004],[-119.07677161399994,74.11994049700007],[-119.13467363199993,74.12872955900008],[-119.0979711579999,74.16429271000004],[-119.14435787699995,74.20905182500007],[-119.47988847599993,74.22614166900007],[-119.62120520699995,74.13434479400007],[-119.74693762899994,74.09731679900005],[-119.73013261599993,74.04645416900007],[-119.76524817599994,74.03534577000005],[-119.82201087099992,74.05540599200003],[-119.81798255099994,74.10431549700007],[-119.68504798099991,74.16571686400005],[-119.64745032499991,74.19521719000005],[-119.66222083199995,74.22500234600005],[-119.51829993399991,74.23114655200004],[-119.85952714799993,74.23651764500005],[-120.1565649079999,74.27899811400005],[-120.97752844999991,74.42357005400004],[-121.01158606699994,74.47040436400005],[-121.1323949859999,74.50995514500005],[-121.58079993399991,74.55585358300004],[-122.62319902299993,74.46308014500005],[-123.3035375639999,74.44940827000005],[-124.75568600199989,74.34857819200005],[-124.78726152299993,74.33421458500004],[-124.60293535099993,74.31370677300004],[-124.69391842399995,74.27570221600007],[-124.54564368399991,74.26512278900003],[-124.43907630099994,74.13556549700007],[-124.46580969999991,74.07416413000004],[-124.38385982999989,74.03937409100007],[-124.35496985599991,73.98395416900007],[-124.19762122299994,73.92328522300005],[-124.21324622299994,73.87921784100007],[-123.88280188699991,73.83877187700006],[-123.7737524079999,73.76561107000003],[-123.8484594389999,73.72968170800004],[-123.84142005099994,73.70111725500004],[-124.07384192599994,73.65277741100005],[-124.0405981109999,73.59438711100006],[-124.0679418609999,73.53969961100006],[-124.1812231109999,73.48395416900007],[-124.31493079299992,73.47768789300005],[-124.2918188139999,73.46800364800004],[-124.43431555899991,73.42853424700007],[-124.40371660099993,73.37466054900005],[-124.48936926999994,73.34389883000006],[-124.67096920499989,73.19367096600007],[-124.64391028599994,73.16982656500005],[-124.78726152299993,73.14183177300004],[-124.85993404899995,73.09031810100004],[-124.72630774599992,73.00877513200004],[-124.62340247299994,73.02578359600005],[-124.5000707669999,72.98411692900004],[-124.52721106699994,72.95685455900008],[-124.47598222599993,72.93305084800005],[-124.9514867829999,72.85708242400005],[-125.11343339799993,72.86749909100007],[-125.02749589799993,72.82656484600005],[-124.9766332669999,72.76170482000003],[-125.02065995999993,72.70302969000005],[-124.94554602799991,72.70302969000005],[-125.10260982999989,72.63471100500004],[-124.96605383999992,72.60748932500007],[-124.95238196499992,72.56964752800008],[-125.06065833199995,72.56561920800004],[-125.29918372299994,72.48908112200007],[-125.36314856699994,72.43886953300006],[-125.34284420499989,72.42251211100006],[-125.43838456899994,72.41567617400005],[-125.39061438699991,72.40200429900005],[-125.52037512899994,72.32290273600006],[-125.53237870999993,72.29840729400007],[-125.48737545499989,72.31024811400005],[-125.4905492829999,72.27789948100008],[-125.6792699859999,72.23065827000005],[-125.65664628799993,72.19375234600005],[-125.56940670499989,72.17544179900005],[-125.75206458199995,72.14769114800004],[-125.79527747299994,72.11395905200004],[-125.72020423099991,72.09349192900004],[-125.74156653599994,72.02484772300005],[-125.87755286399994,71.96401601800005],[-124.95889238199993,71.96662018400008],[-124.94029700399994,71.94989655200004],[-125.25340735599991,71.95571523600006],[-124.6616918609999,71.80463288000004],[-124.06456458199995,71.70038483300004],[-123.9395238919999,71.65326569200005],[-123.80821692599994,71.54254791900007],[-123.66917883999992,71.49481842700004],[-123.43569902299993,71.24860260600008],[-123.25527910099993,71.13043854400007],[-123.0999242829999,71.08462148600006],[-122.79775956899994,71.08779531500005],[-122.62954667899993,71.17495351800005],[-122.12295488199993,71.27081940300008],[-121.70055091099994,71.46808502800008],[-121.53795325399994,71.43065013200004],[-121.60814368399991,71.40143463700008],[-121.4231664699999,71.38031647300005],[-120.63524329299992,71.49144114800004],[-120.51553300699993,71.54319896000004],[-120.38243567599994,71.69171784100007],[-120.42162024599992,71.74921295800004],[-120.38809160099993,71.88231028900003],[-120.45738684799994,71.92902252800008],[-120.43399003799993,71.96430084800005],[-120.15807044199994,72.12836334800005],[-120.18346106699994,72.20429108300004],[-120.25475012899994,72.26080963700008],[-119.80565344999991,72.22321198100008],[-119.3401586579999,72.34674713700008],[-119.30479895699995,72.37006256700005],[-119.32957923099991,72.38446686400005],[-119.30532792899993,72.45038483300004],[-119.18187415299991,72.53856028900003],[-119.16388912699995,72.62982819200005],[-118.7678930329999,72.73948802300004],[-118.52196204299992,72.75771719000005],[-118.23802649599992,72.85757070500006],[-117.3902074859999,73.05548737200007],[-117.19994055899991,73.06952545800004],[-116.4590551419999,73.26117584800005],[-115.75377356699994,73.35748932500007],[-115.32054602799991,73.48065827000005],[-115.32363847599993,73.50869375200006]],[[-120.86827551999994,75.91693756700005],[-120.96483313699991,75.93720123900005],[-121.04369055899991,75.90827057500007],[-120.99795488199993,75.86981842700004],[-121.02261308499993,75.82347239800004],[-121.29344641799992,75.75995514500005],[-121.05870520699995,75.73944733300004],[-120.89769446499992,75.83759186400005],[-120.86827551999994,75.91693756700005]],[[-119.48082434799994,76.35516998900005],[-119.45958411399994,76.26333242400005],[-119.30333411399994,76.18744538000004],[-119.28551184799994,76.12921784100007],[-119.08385169199994,76.08958567900004],[-119.0586645169999,76.12641022300005],[-118.96353105399993,76.13572825700004],[-118.96336829299992,76.16400788000004],[-118.88760331899994,76.18447500200006],[-118.93691972599993,76.22968170800004],[-118.8997289699999,76.27509186400005],[-118.65160071499992,76.29108307500007],[-118.56895911399994,76.34520091400003],[-118.67430579299992,76.44660065300008],[-118.97642981699994,76.49233633000006],[-118.94627844999991,76.52285390800006],[-118.77774003799993,76.53335195500006],[-118.85350501199991,76.55499909100007],[-118.82921301999994,76.55939362200007],[-118.53490149599992,76.50381094000005],[-118.47984778599994,76.54523346600007],[-118.30540930899991,76.55499909100007],[-118.34821529899995,76.64459870000007],[-118.4761449859999,76.68414948100008],[-118.49665279899995,76.71889883000006],[-118.31427975199995,76.71149323100008],[-118.30540930899991,76.74310944200005],[-118.33983313699991,76.77130768400008],[-118.01060950399994,76.76727936400005],[-117.81851152299993,76.82469310100004],[-117.73623613199993,76.78034088700008],[-117.91856848899994,76.69334544500003],[-117.90074622299994,76.64321523600006],[-117.97647050699993,76.60219961100006],[-117.90758216099994,76.58173248900005],[-117.9553930329999,76.56806061400005],[-117.90758216099994,76.53335195500006],[-118.01012122299994,76.50503164300005],[-118.03107662699995,76.48615143400008],[-117.99010169199994,76.46564362200007],[-118.0515844389999,76.44513580900008],[-118.03107662699995,76.43085358300004],[-118.05842037699995,76.41038646000004],[-117.85802161399994,76.33047109600005],[-117.67625891799992,76.32660553600005],[-117.66051184799994,76.29433828300006],[-117.57140051999994,76.27163320500006],[-117.35244706899994,76.25958893400008],[-117.13634192599994,76.29022858300004],[-116.93431555899991,76.35578034100007],[-116.99303137899994,76.42035553600005],[-116.98643958199995,76.46238841400003],[-117.07762610599991,76.51959870000007],[-117.00792395699995,76.55215078300006],[-116.32481848899994,76.58173248900005],[-115.89281165299991,76.69843170800004],[-116.04015051999994,76.82831452000005],[-116.17491614499994,76.84174225500004],[-116.36579342399995,76.93178945500006],[-115.90709387899994,76.89704010600008],[-115.73204505099994,76.94855377800008],[-116.22166907499991,77.04165273600006],[-116.28990637899994,77.11188385600008],[-116.40054277299993,77.13727448100008],[-116.30182857999989,77.14826080900008],[-116.24722245999993,77.19594961100006],[-115.9278051419999,77.21234772300005],[-115.39256751199991,77.30792877800008],[-115.44782467399995,77.34886302300004],[-115.77651933499993,77.42983633000006],[-116.08665930899991,77.46027252800008],[-116.12559973899994,77.47239817900004],[-116.06411699099993,77.48672109600005],[-116.42723548099991,77.54816315300008],[-116.40672766799992,77.56240469000005],[-116.90074622299994,77.53636302300004],[-116.92813066299993,77.52765534100007],[-116.75682532499991,77.51337311400005],[-117.15404212099992,77.45872630400004],[-116.99400794199994,77.39956289300005],[-116.64696204299992,77.39044830900008],[-116.8108617829999,77.34267812700006],[-116.77733313699991,77.32904694200005],[-116.81309973899994,77.31659577000005],[-117.18138587099992,77.34886302300004],[-117.0100805329999,77.30170319200005],[-117.03921464799993,77.29279205900008],[-117.23110917899993,77.28571198100008],[-117.47435462099992,77.33588288000004],[-117.9622289699999,77.37002187700006],[-117.8523656889999,77.39044830900008],[-119.16270911399994,77.32489655200004],[-119.28970292899993,77.28880442900004],[-119.38731848899994,77.19253164300005],[-119.8269750639999,77.09857819200005],[-119.83665930899991,77.06525299700007],[-119.92235266799992,77.04726797100005],[-119.93081620999993,77.02008698100008],[-120.0911352199999,77.00560130400004],[-120.09361731699994,76.96588776200008],[-120.1753637359999,76.95404694200005],[-120.1687719389999,76.93178945500006],[-120.2280981109999,76.90265534100007],[-120.42943274599992,76.86908600500004],[-120.3679906889999,76.84235260600008],[-120.38849850199995,76.82876211100006],[-120.3679906889999,76.81452057500007],[-120.91954505099994,76.69546133000006],[-121.08934485599991,76.67072174700007],[-121.18732662699995,76.68817780200004],[-121.22801673099991,76.62116120000007],[-121.41356360599991,76.55426666900007],[-121.40884355399993,76.51406484600005],[-121.51187089799993,76.44822825700004],[-122.40322831899994,76.40420156500005],[-122.6172582669999,76.34320709800005],[-122.64964758999992,76.30052317900004],[-122.63438880099994,76.27260976800005],[-122.71108964799993,76.23163483300004],[-122.74697831899994,76.23016998900005],[-122.83165442599994,76.23729075700004],[-122.86172441299993,76.18235911700003],[-122.92467200399994,76.18895091400003],[-122.94448808499993,76.17767975500004],[-122.91030839799993,76.15717194200005],[-123.04067949099993,76.08828359600005],[-122.92540442599994,76.09707265800006],[-122.82835852799991,76.15428294500003],[-122.60582434799994,76.17426178600005],[-122.49258378799993,76.14350006700005],[-122.70490475199995,76.11562734600005],[-122.48298092399995,76.10236237200007],[-122.52611243399991,76.06159088700008],[-122.6980688139999,76.02065664300005],[-122.56029212099992,76.02680084800005],[-122.5979711579999,76.00336334800005],[-122.73155676999994,75.97842031500005],[-122.42589270699995,75.93280670800004],[-122.13573157499991,75.97842031500005],[-122.1499731109999,76.03363678600005],[-122.12547766799992,76.04120514500005],[-121.84707597599993,76.04523346600007],[-121.49486243399991,75.98761627800008],[-121.29967200399994,75.91079336100006],[-121.25869706899994,75.96539948100008],[-121.11778723899994,76.00014883000006],[-121.03429114499994,76.00356679900005],[-120.98436438699991,75.98582591400003],[-121.01414954299992,75.95038483300004],[-120.95348059799994,75.95819733300004],[-120.97069251199991,76.02374909100007],[-121.02529863199993,76.06159088700008],[-121.01121985599991,76.13886139500005],[-120.86497962099992,76.20099518400008],[-120.66222083199995,76.14350006700005],[-120.75157630099994,76.10252513200004],[-120.64915930899991,76.10252513200004],[-120.7324926419999,76.05508047100005],[-120.68374589799993,76.00617096600007],[-120.59618079299992,75.98688385600008],[-120.46031653599994,76.01544830900008],[-120.43565833199995,76.00633372600004],[-120.44985917899993,75.98212311400005],[-120.38849850199995,75.97223541900007],[-120.45368404899995,75.93402741100005],[-120.48900305899991,75.84707265800006],[-120.38744055899991,75.80670807500007],[-120.25967363199993,75.83274974200003],[-120.16087805899991,75.89834219000005],[-120.04434160099993,75.84267812700006],[-119.86294511599993,75.85911692900004],[-119.70201575399994,75.92177969000005],[-119.6070043609999,75.91693756700005],[-119.70323645699995,75.94428131700005],[-119.63532467399995,75.99555084800005],[-119.48595130099994,75.97492096600007],[-119.49168860599991,76.03685130400004],[-119.52334550699993,76.05255768400008],[-119.80565344999991,76.11562734600005],[-119.55239824099993,76.12299225500004],[-119.70323645699995,76.16400788000004],[-119.56460527299993,76.17182038000004],[-119.71068274599992,76.26703522300005],[-119.65542558499993,76.29743073100008],[-119.7168676419999,76.33527252800008],[-119.57591712099992,76.32074616100005],[-119.52261308499993,76.36163971600007],[-119.48082434799994,76.35516998900005]],[[-107.81151282499991,67.01520416900007],[-107.9505102199999,66.85797760600008],[-107.81908118399991,66.91909414300005],[-107.81151282499991,67.01520416900007]],[[-107.99364173099991,66.95600006700005],[-108.11497962099992,67.03681061400005],[-108.04898027299993,66.91010163000004],[-107.9368383449999,66.95355866100005],[-107.99364173099991,66.95600006700005]],[[-107.54356848899994,67.08844635600008],[-107.32046464799993,67.10443756700005],[-107.41665605399993,67.11871979400007],[-107.62417558499993,67.20453522300005],[-107.54356848899994,67.08844635600008]],[[-108.14907792899993,67.41290924700007],[-107.90733801999994,67.31683991100005],[-107.9368383449999,67.35765208500004],[-107.88902747299994,67.40607330900008],[-107.88158118399991,67.46747467700004],[-107.91966712099992,67.48769765800006],[-108.05199133999992,67.44647858300004],[-108.0808813139999,67.42649974200003],[-108.03237870999993,67.41290924700007],[-108.0398656889999,67.39240143400008],[-108.14907792899993,67.41290924700007]],[[-108.38247636599993,67.46747467700004],[-108.29991614499994,67.49481842700004],[-108.28693600199995,67.53579336100006],[-108.31419837099992,67.56370677300004],[-108.45824133999992,67.57367584800005],[-108.49917558499993,67.53579336100006],[-108.38247636599993,67.46747467700004]],[[-108.11196855399993,67.67597077000005],[-108.12865149599992,67.59788646000004],[-108.07339433499993,67.56370677300004],[-108.14224199099993,67.52960846600007],[-108.0847875639999,67.46954987200007],[-108.03490149599992,67.50438060100004],[-108.07030188699991,67.53949616100005],[-107.93455969999991,67.53701406500005],[-108.00381425699993,67.66054922100005],[-108.11196855399993,67.67597077000005]],[[-109.03978430899991,67.78969961100006],[-109.07070878799993,67.81098053600005],[-109.2117406889999,67.78969961100006],[-109.17951412699995,67.76911041900007],[-109.03978430899991,67.78969961100006]],[[-114.23778235599991,67.87909577000005],[-113.92650305899991,67.87909577000005],[-114.21629798099991,67.90619538000004],[-114.2964574859999,67.89272695500006],[-114.23778235599991,67.87909577000005]],[[-110.8081762359999,67.96100495000007],[-111.08934485599991,67.86542389500005],[-111.07530676999994,67.85529205900008],[-110.87865149599992,67.89252350500004],[-110.8081762359999,67.96100495000007]],[[-113.52843176999994,67.89524974200003],[-113.24803626199991,67.91998932500007],[-113.34129798099991,67.93895091400003],[-113.44603430899991,67.92682526200008],[-113.39891516799992,67.91376373900005],[-113.42153886599993,67.90696849200003],[-113.60374915299991,67.90631745000007],[-113.52843176999994,67.89524974200003]],[[-108.09219316299993,67.88471100500004],[-108.0535375639999,67.95477936400005],[-108.10440019399994,67.97850169500003],[-108.1770727199999,67.96100495000007],[-108.24787350199995,67.88296133000006],[-108.09219316299993,67.88471100500004]],[[-109.19810950399994,67.99510325700004],[-109.13923092399995,67.93284739800004],[-108.94107011599993,67.87588125200006],[-108.87340247299994,67.90070221600007],[-108.91071529899995,67.91998932500007],[-108.88585364499994,67.95477936400005],[-108.9351293609999,67.97064850500004],[-109.07457434799994,67.97528717700004],[-109.04723059799994,67.95477936400005],[-109.19810950399994,67.99510325700004]],[[-112.76134112599993,67.96408139800008],[-113.1550986989999,67.92177371400004],[-112.93934158699994,67.92062475300008],[-112.76134112599993,67.96408139800008]],[[-109.38345292899993,67.98940664300005],[-109.31753495999993,67.98517487200007],[-109.30821692599994,68.00836823100008],[-109.45132402299993,68.09813060100004],[-109.49771074099993,68.09577057500007],[-109.47179114499994,68.05036041900007],[-109.54751542899993,68.05719635600008],[-109.38345292899993,67.98940664300005]],[[-109.87584387899994,68.13226959800005],[-110.25942949099993,68.04291413000004],[-109.91392981699994,68.08832428600005],[-109.87584387899994,68.13226959800005]],[[-112.91225559799994,68.14488428200008],[-112.78970056399993,68.13009472700008],[-112.71780054099992,68.15592047600006],[-112.7461299659999,68.16762650300006],[-112.85534452199994,68.17595131100006],[-112.91225559799994,68.14488428200008]],[[-109.85602779899995,68.15961334800005],[-109.78197180899991,68.14264557500007],[-109.56798255099994,68.24957916900007],[-109.85602779899995,68.15961334800005]],[[-111.61693274599992,68.28314850500004],[-111.50023352799991,68.30418528900003],[-111.71275794199994,68.30418528900003],[-111.78136145699995,68.25580475500004],[-111.72606360599991,68.22150299700007],[-111.6448461579999,68.23590729400007],[-111.61693274599992,68.28314850500004]],[[-104.52892005099994,68.40330638200004],[-104.42943274599992,68.44497304900005],[-104.47850501199991,68.51333242400005],[-104.68130449099993,68.57855866100005],[-104.88890540299991,68.58734772300005],[-105.0860082669999,68.55068594000005],[-104.65518144399994,68.39801666900007],[-104.52892005099994,68.40330638200004]],[[-110.9024145169999,68.46987539300005],[-110.69888261599993,68.48859284100007],[-110.83604895699995,68.55068594000005],[-111.09520423099991,68.48004791900007],[-110.9024145169999,68.46987539300005]],[[-110.61432857999995,68.52260976800005],[-110.52074133999992,68.55068594000005],[-110.64427649599992,68.55068594000005],[-110.62999426999994,68.57855866100005],[-110.76048743399991,68.56622955900008],[-110.61432857999995,68.52260976800005]],[[-113.7620336579999,68.59780508000006],[-113.8352758449999,68.61444733300004],[-113.96743730399993,68.59780508000006],[-113.7620336579999,68.59780508000006]],[[-114.04775956899994,68.62718333500004],[-114.07176673099991,68.64459870000007],[-114.19273841099994,68.68097565300008],[-114.04775956899994,68.62718333500004]],[[-101.67967688699991,68.67413971600007],[-101.70775305899991,68.78782786700003],[-101.97956295499995,68.82599518400008],[-102.02464758999992,68.82379791900007],[-102.07310950399994,68.76093170800004],[-102.35191809799994,68.68720123900005],[-101.86620032499991,68.57245514500005],[-101.79898027299993,68.62738678600005],[-101.82494055899991,68.65302155200004],[-101.73867753799993,68.63861725500004],[-101.67967688699991,68.67413971600007]],[[-114.38219153599994,68.86920807500007],[-114.33047441299993,68.88617584800005],[-114.43838456899994,68.90037669500003],[-114.4739477199999,68.89325592700004],[-114.38219153599994,68.86920807500007]],[[-101.50454667899993,69.17572663000004],[-101.5637914699999,69.21954987200007],[-101.68907630099994,69.21116771000004],[-101.72191321499992,69.18060944200005],[-101.60521399599992,69.15053945500006],[-101.70140540299991,69.09870026200008],[-101.55060787699995,69.11298248900005],[-101.50454667899993,69.17572663000004]],[[-100.95933997299994,69.47247955900008],[-101.17320716099994,69.57168203300006],[-101.23737545499995,69.54828522300005],[-101.31086178299995,69.58344147300005],[-101.38145911399994,69.53815338700008],[-101.1868383449999,69.48224518400008],[-101.2351781889999,69.44379303600005],[-101.3035375639999,69.44814687700006],[-101.24205481699994,69.42084381700005],[-101.28307044199994,69.38605377800008],[-101.24250240799995,69.37433502800008],[-101.1988012359999,69.40550364800004],[-101.09805253799993,69.40778229400007],[-101.06118730399993,69.45954010600008],[-100.95933997299994,69.47247955900008]],[[-102.22618567599994,69.72606028900003],[-102.23582923099991,69.68463776200008],[-102.15933183499993,69.65424225500004],[-102.11896725199995,69.67096588700008],[-102.12596594999991,69.71503327000005],[-102.22618567599994,69.72606028900003]],[[-100.74120032499991,70.31216054900005],[-100.85106360599991,70.32514069200005],[-100.87218176999994,70.29783763200004],[-100.76915442599994,70.25690338700008],[-100.74120032499991,70.31216054900005]],[[-112.94640051999994,70.29043203300006],[-113.05630449099993,70.31134674700007],[-113.2071020169999,70.29783763200004],[-112.94640051999994,70.29043203300006]],[[-112.10846920499995,70.30093008000006],[-111.67149817599994,70.31216054900005],[-112.32262122299994,70.35618724200003],[-112.10846920499995,70.30093008000006]],[[-116.75291907499991,70.47801341400003],[-116.57119706899994,70.46979401200008],[-116.83193925699993,70.51072825700004],[-116.75291907499991,70.47801341400003]],[[-116.29747473899994,70.55463288000004],[-116.4961645169999,70.52383047100005],[-116.12559973899994,70.53807200700004],[-116.29747473899994,70.55463288000004]],[[-116.50975501199991,70.55170319200005],[-116.61046301999994,70.57103099200003],[-116.77733313699991,70.55170319200005],[-116.50975501199991,70.55170319200005]],[[-115.8792211579999,70.54621002800008],[-115.81578528599994,70.57367584800005],[-116.06411699099993,70.55170319200005],[-115.8792211579999,70.54621002800008]],[[-117.3042699859999,70.57160065300008],[-117.2219945949999,70.54311758000006],[-116.87975012899994,70.55170319200005],[-116.9175512359999,70.56647370000007],[-117.21548417899993,70.59271881700005],[-117.3042699859999,70.57160065300008]],[[-100.67178300699993,70.64573802300004],[-100.68032792899993,70.57534414300005],[-100.65562903599994,70.55158112200007],[-100.22923743399991,70.46454498900005],[-100.28868567599994,70.53807200700004],[-100.39240475199995,70.58527252800008],[-100.19375566299993,70.57904694200005],[-100.34434973899994,70.60976797100005],[-100.4863988919999,70.68154531500005],[-100.58043372299994,70.66095612200007],[-100.71450761599993,70.68146393400008],[-100.67178300699993,70.64573802300004]],[[-100.9199926419999,69.71971263200004],[-100.94725501199991,69.74298737200007],[-100.89464270699995,69.76113515800006],[-100.87218176999994,69.80780670800004],[-100.88585364499994,69.88694896000004],[-100.95885169199994,69.92487213700008],[-100.92674719999991,70.01675039300005],[-100.99571692599994,70.08783600500004],[-100.97630774599992,70.14740631700005],[-101.0222875639999,70.18622467700004],[-101.12604732999995,70.19546133000006],[-101.14317786399994,70.16038646000004],[-101.23940995999993,70.13800690300008],[-101.37425696499992,70.17690664300005],[-101.40074622299994,70.13434479400007],[-101.52944902299993,70.11286041900007],[-101.64745032499991,70.20441315300008],[-101.59496008999992,70.27732982000003],[-101.79027258999992,70.30556875200006],[-101.85244706899994,70.26170482000003],[-101.92015540299991,70.26373932500007],[-102.12621008999992,70.34503815300008],[-102.1922094389999,70.33344147300005],[-102.40929114499994,70.42552317900004],[-102.85106360599991,70.51634349200003],[-102.85973059799994,70.59658437700006],[-103.08690344999991,70.67747630400004],[-103.16124426999994,70.66095612200007],[-103.12523352799991,70.57607656500005],[-102.94595292899993,70.53164297100005],[-102.92784583199995,70.49909088700008],[-103.13931230399993,70.51056549700007],[-103.30846106699994,70.59796784100007],[-103.5718481109999,70.60553620000007],[-103.84337317599994,70.74310944200005],[-103.9981176419999,70.76190827000005],[-104.10521399599992,70.89809804900005],[-104.20250403599994,70.95526764500005],[-104.59117591099994,71.07318756700005],[-104.64781653599994,71.11969635600008],[-104.47740637899994,71.19765859600005],[-104.44054114499994,71.24909088700008],[-104.48696855399993,71.34760163000004],[-104.2813207669999,71.35024648600006],[-104.34508216099994,71.42186107000003],[-104.31883704299992,71.46971263200004],[-104.40758216099994,71.51068756700005],[-104.36534583199995,71.57721588700008],[-104.6695043609999,71.82404205900008],[-104.81460527299993,71.86188385600008],[-104.88565019399994,72.00088125200006],[-104.94884192599994,72.05878327000005],[-105.02456620999993,72.07298411700003],[-105.03888912699995,72.11395905200004],[-104.96251380099994,72.16242096600007],[-104.96629798099991,72.19354889500005],[-105.30508378799993,72.45661041900007],[-105.21056067599994,72.45331452000005],[-105.19587154899995,72.48395416900007],[-105.2483617829999,72.50067780200004],[-105.23062089799993,72.54535553600005],[-105.31875566299993,72.55902741100005],[-105.34666907499991,72.62051015800006],[-105.28966223899994,72.65444570500006],[-105.45653235599991,72.70302969000005],[-105.42861894399994,72.73037344000005],[-105.5105688139999,72.77875397300005],[-105.38145911399994,72.73037344000005],[-105.31875566299993,72.73777903900003],[-105.40127519399994,72.77130768400008],[-105.36717688699991,72.79242584800005],[-105.55894934799994,72.86066315300008],[-105.52481035099993,72.88117096600007],[-105.6409399079999,72.93642812700006],[-105.60680091099994,72.95010000200006],[-105.81932532499991,73.00470612200007],[-105.85008704299992,73.05996328300006],[-106.00841223899994,73.04901764500005],[-106.23399817599994,73.08722565300008],[-106.4707738919999,73.18964264500005],[-106.5047094389999,73.23436107000003],[-106.67593339799993,73.22955963700008],[-106.77672278599994,73.29694245000007],[-106.87344316299993,73.31557851800005],[-107.08771725199995,73.28583405200004],[-107.12873287699995,73.24428945500006],[-107.01138261599993,73.19708893400008],[-107.07323157499991,73.17804596600007],[-107.66201738199993,73.32843659100007],[-108.08763587099992,73.35415273600006],[-108.01317298099991,73.31317780200004],[-108.1565649079999,73.30634186400005],[-108.1187231109999,73.26878489800004],[-107.86790930899991,73.18964264500005],[-108.16494706899994,73.20612213700008],[-108.29832923099991,73.13377513200004],[-108.1565649079999,73.05247630400004],[-108.2346899079999,73.04291413000004],[-108.13609778599994,72.98480866100005],[-108.16783606699994,72.95815664300005],[-108.10472571499992,72.91217682500007],[-108.14248613199993,72.88837311400005],[-108.05646725199995,72.77606842700004],[-108.08364824099993,72.76007721600007],[-108.00572669199994,72.70302969000005],[-108.0125219389999,72.66376373900005],[-107.95791581899994,72.64223867400005],[-108.01317298099991,72.62051015800006],[-107.87535559799994,72.57330963700008],[-107.87535559799994,72.52488841400003],[-107.98521887899994,72.51805247600004],[-107.78600012899994,72.46344635600008],[-107.8718969389999,72.43480052300004],[-107.80650794199994,72.38776276200008],[-107.84805253799993,72.36041901200008],[-107.71776282499991,72.30267975500004],[-107.86485755099994,72.29584381700005],[-107.79478919199994,72.25104401200008],[-107.77916419199994,72.14130280200004],[-107.63516191299993,72.12763092700004],[-107.66315670499995,72.12079498900005],[-107.61465410099993,72.09690989800004],[-107.6563207669999,72.07298411700003],[-107.6048070949999,72.01093170800004],[-107.42271887899994,71.97719961100006],[-107.41665605399993,71.92902252800008],[-107.25157630099994,71.90167877800008],[-107.47248287699995,71.87026601800005],[-107.25157630099994,71.80613841400003],[-107.56362870999993,71.77521393400008],[-107.66844641799992,71.70815664300005],[-107.80113684799994,71.73436107000003],[-107.83438066299993,71.70990631700005],[-107.83307857999995,71.67918528900003],[-107.72451738199993,71.63483307500007],[-107.74095618399991,71.61815013200004],[-107.98521887899994,71.63483307500007],[-107.99193274599992,71.68341705900008],[-108.04670162699995,71.71674225500004],[-108.24596106699994,71.72296784100007],[-108.17031816299993,71.75409577000005],[-108.28693600199995,71.79873281500005],[-108.24596106699994,71.83283112200007],[-108.29430091099994,71.88149648600006],[-108.22109941299993,71.91168854400007],[-108.19151770699995,71.96295807500007],[-108.34093176999994,71.93585846600007],[-108.29312089799993,71.97626373900005],[-108.41661536399994,71.99046458500004],[-108.39614824099993,72.08608633000006],[-108.43773352799991,72.13446686400005],[-108.4024145169999,72.14874909100007],[-108.54015051999994,72.14874909100007],[-108.53429114499994,72.20246002800008],[-108.66307532499991,72.36102936400005],[-108.58967037699995,72.50381094000005],[-108.63341223899994,72.56557851800005],[-108.86782792899993,72.60594310100004],[-108.8889867829999,72.59381745000007],[-108.84178626199991,72.57330963700008],[-109.04723059799994,72.57330963700008],[-109.03359941299993,72.64842357000003],[-108.94603430899991,72.67377350500004],[-109.16392981699994,72.72410716400003],[-109.11611894399994,72.74457428600005],[-109.18325761599993,72.76703522300005],[-109.40416419199994,72.75202057500007],[-109.37621008999992,72.77130768400008],[-109.75234941299993,72.88117096600007],[-109.6226293609999,72.91596100500004],[-109.85488847599993,72.92194245000007],[-109.90534420499995,72.97060781500005],[-110.07640540299991,72.99575429900005],[-110.73570716099994,73.00136953300006],[-110.7454320949999,72.96556224200003],[-110.52904212099992,72.84926992400005],[-110.23033606699994,72.82428620000007],[-110.17271887899994,72.79132721600007],[-110.25450598899994,72.73895905200004],[-110.04991614499994,72.76235586100006],[-109.77342688699991,72.71670156500005],[-109.85602779899995,72.70302969000005],[-109.81786048099991,72.67942942900004],[-109.83873450399994,72.67108795800004],[-110.19749915299991,72.72711823100008],[-110.1707250639999,72.68939850500004],[-110.2942602199999,72.67572663000004],[-110.22207597599993,72.64638906500005],[-110.06159420499995,72.65143463700008],[-109.78770911399994,72.50438060100004],[-109.88573157499991,72.49168528900003],[-110.09776770699995,72.56049225500004],[-110.25942949099993,72.55902741100005],[-109.78026282499991,72.43618398600006],[-109.98082434799994,72.46181875200006],[-110.05772864499994,72.43952057500007],[-110.34951738199993,72.55902741100005],[-110.53441321499992,72.50438060100004],[-110.30785071499992,72.43618398600006],[-110.3342992829999,72.42731354400007],[-110.60334225199995,72.50438060100004],[-110.48550370999993,72.55829498900005],[-110.70409094999991,72.57880280200004],[-110.83604895699995,72.52488841400003],[-110.78766842399995,72.47711823100008],[-110.97052975199995,72.47980377800008],[-111.00251217399995,72.46377187700006],[-110.97948157499991,72.45038483300004],[-111.08629309799994,72.40827057500007],[-111.02790279899995,72.28530508000006],[-111.2395727199999,72.37164948100008],[-111.37669837099992,72.35419342700004],[-111.28111731699994,72.40200429900005],[-111.36986243399991,72.40818919500003],[-111.2053930329999,72.46344635600008],[-111.2952367829999,72.47068919500003],[-111.58958899599992,72.38153717700004],[-111.60924231699994,72.36717357000003],[-111.57681230399993,72.34349192900004],[-111.4182836579999,72.34674713700008],[-111.66470292899993,72.29214101800005],[-111.75332597599993,72.20709870000007],[-111.78819739499994,72.22321198100008],[-111.72105872299994,72.30255768400008],[-111.65998287699995,72.32404205900008],[-111.65880286399994,72.35952383000006],[-111.82115637899994,72.32391998900005],[-111.90428626199991,72.34674713700008],[-111.8875219389999,72.36774323100008],[-111.56436113199993,72.44114817900004],[-111.43814042899993,72.49140045800004],[-111.49339758999992,72.51064687700006],[-111.28929602799991,72.56598541900007],[-111.20885169199994,72.67340729400007],[-111.21963456899994,72.72410716400003],[-111.45616614499994,72.74925364800004],[-111.55223548099991,72.80634186400005],[-112.07730058499993,72.89801666900007],[-112.28042558499993,72.90253327000005],[-113.01500403599994,73.01601797100005],[-113.19245357999989,72.99331289300005],[-113.3909399079999,72.91156647300005],[-113.60399329299992,72.77753327000005],[-113.44326738199993,72.75189850500004],[-113.41258704299992,72.73037344000005],[-113.43980872299994,72.68524811400005],[-113.65957597599993,72.61310455900008],[-113.73403886599993,72.61424388200004],[-113.50877844999991,72.70302969000005],[-113.80101477799991,72.64032623900005],[-113.88487708199995,72.66205475500004],[-114.12608801999994,72.63670482000003],[-114.36070716099994,72.55890534100007],[-114.54613196499992,72.56781647300005],[-114.60423743399991,72.60748932500007],[-114.24803626199991,72.68939850500004],[-114.33397376199991,72.69310130400004],[-114.33665930899991,72.75560130400004],[-114.24120032499991,72.79242584800005],[-113.98106848899994,72.80914948100008],[-114.05679277299993,72.88861725500004],[-114.02452551999994,72.93447500200006],[-114.0425512359999,72.99848053600005],[-113.95836341099994,73.14012278900003],[-114.02269446499992,73.21185944200005],[-114.26512610599991,73.33567942900004],[-114.5842992829999,73.38458893400008],[-115.57042395699995,73.20180898600006],[-116.59365800699993,73.06020742400005],[-116.8948461579999,72.96743398600006],[-117.36925208199995,72.91779205900008],[-117.86729895699995,72.70148346600007],[-118.18980872299994,72.63544342700004],[-118.51284745999993,72.51044342700004],[-118.59341386599993,72.42869700700004],[-118.5405981109999,72.37319570500006],[-118.42894446499992,72.34674713700008],[-118.17446855399993,72.33836497600004],[-118.12486731699994,72.30951569200005],[-118.10558020699995,72.24774811400005],[-118.12783769399994,72.22724030200004],[-118.57673092399995,72.17942942900004],[-118.67821204299992,72.14227936400005],[-118.74754798099991,72.05320872600004],[-119.07603919199994,71.91885000200006],[-119.13760331899994,71.77435944200005],[-119.05089270699995,71.62677643400008],[-118.88857988199993,71.58295319200005],[-118.86717688699991,71.59324778900003],[-118.90811113199993,71.62055084800005],[-118.83299719999991,71.66290924700007],[-118.46129309799994,71.65306224200003],[-118.39826412699995,71.62482330900008],[-118.42894446499992,71.57953522300005],[-118.20494544199994,71.59845612200007],[-118.07632402299993,71.66498444200005],[-117.69530188699991,71.66836172100005],[-117.96930904899995,71.62173086100006],[-117.65371660099993,71.57217031500005],[-117.67210852799991,71.55874258000006],[-117.83934485599991,71.55849844000005],[-117.7573949859999,71.53864166900007],[-117.78355872299994,71.52887604400007],[-118.12730872299994,71.53864166900007],[-118.30825761599993,71.46991608300004],[-118.30882727799991,71.43219635600008],[-118.16197669199994,71.37897370000007],[-117.79954993399991,71.37409088700008],[-117.72789466099994,71.40444570500006],[-117.55134029899995,71.37417226800005],[-117.48302161399994,71.42133209800005],[-117.63158118399991,71.46259186400005],[-117.56493079299992,71.50385163000004],[-117.44888261599993,71.46971263200004],[-117.47618567599994,71.45604075700004],[-117.38060462099992,71.45233795800004],[-117.41722571499992,71.39447663000004],[-117.39024817599994,71.38715241100005],[-115.82359778599994,71.54816315300008],[-115.4546606109999,71.53864166900007],[-115.55699622299994,71.51068756700005],[-115.43032792899993,71.48944733300004],[-115.05675208199995,71.52496979400007],[-115.41901607999989,71.45184967700004],[-115.61266028599994,71.49795156500005],[-115.74941972599993,71.48480866100005],[-115.74201412699995,71.51068756700005],[-116.04771887899994,71.44464752800008],[-116.1902563139999,71.44452545800004],[-116.21495520699995,71.43561432500007],[-115.72891191299993,71.38715241100005],[-116.12686113199993,71.34625885600008],[-116.17398027299993,71.35366445500006],[-116.07778886599993,71.36733633000006],[-116.26878821499992,71.36391836100006],[-116.80630449099993,71.29092031500005],[-116.90005449099993,71.24017975500004],[-117.79800370999993,71.17039622600004],[-118.38646399599992,71.02220286700003],[-118.42149817599994,70.99054596600007],[-118.27476966099994,70.87840403900003],[-117.77061926999994,70.72894928600005],[-117.70897376199991,70.69513580900008],[-117.73582923099991,70.66242096600007],[-117.69782467399995,70.63564687700006],[-117.58543860599991,70.60635000200006],[-117.37409420499989,70.62872955900008],[-117.33055579299992,70.60268789300005],[-116.68285071499992,70.60830312700006],[-116.23338782499991,70.63971588700008],[-116.16714433499993,70.62002187700006],[-116.20421301999994,70.61611562700006],[-116.18748938699991,70.59804922100005],[-116.03856360599991,70.57916901200008],[-115.72891191299993,70.60639069200005],[-115.56069902299993,70.57904694200005],[-114.50625566299993,70.64451732000003],[-114.34675045499989,70.68650950700004],[-114.18309485599991,70.66779205900008],[-113.98839270699995,70.71621328300006],[-113.71959387899994,70.69188060100004],[-113.5613500639999,70.64313385600008],[-113.50304114499994,70.68378327000005],[-113.2071020169999,70.64793528900003],[-113.19302324099993,70.61017487200007],[-113.10594641799992,70.61847565300008],[-112.86656653599994,70.54319896000004],[-112.84609941299993,70.56989166900007],[-112.72533118399991,70.56915924700007],[-112.53799394399994,70.51862213700008],[-112.45641028599994,70.53807200700004],[-112.41197669199994,70.51072825700004],[-112.17243404899995,70.50332265800006],[-112.0567113919999,70.40668366100005],[-111.96426347599993,70.37457916900007],[-111.56680253799993,70.35993073100008],[-111.48656165299991,70.33197663000004],[-111.58958899599992,70.31216054900005],[-111.4456274079999,70.29043203300006],[-111.7163793609999,70.26186758000006],[-112.26089433499993,70.30931224200003],[-112.30894934799994,70.29783763200004],[-112.13760331899994,70.27732982000003],[-112.37413489499994,70.26166413000004],[-112.39150956899994,70.25006745000007],[-112.34312903599994,70.23647695500006],[-112.40176347599993,70.22955963700008],[-112.52696692599994,70.24518463700008],[-112.5833227199999,70.22211334800005],[-112.52122962099992,70.20848216400003],[-112.5862524079999,70.20001862200007],[-112.96467037699995,70.25336334800005],[-112.99339758999992,70.23139069200005],[-113.4768774079999,70.28359609600005],[-113.64268958199995,70.26239655200004],[-114.03844153599994,70.28123607000003],[-114.18472245999993,70.31574127800008],[-114.50942949099993,70.31525299700007],[-116.03270423099991,70.22028229400007],[-116.96507727799991,70.12905508000006],[-117.35806230399993,70.04645416900007],[-117.44204667899993,69.98940664300005],[-117.38121497299994,69.95123932500007],[-117.23599199099993,69.75600820500006],[-116.85924231699994,69.65420156500005],[-116.84813391799992,69.63279857000003],[-116.92813066299993,69.60578034100007],[-116.90562903599994,69.59259674700007],[-116.73289954299992,69.54376862200007],[-116.70840410099993,69.55117422100005],[-116.76305091099994,69.57786692900004],[-116.59609941299993,69.56395091400003],[-116.61221269399994,69.53685130400004],[-116.55760657499991,69.49591705900008],[-116.63267981699994,69.46181875200006],[-116.52769934799994,69.41388580900008],[-115.97484290299991,69.30019765800006],[-115.18895423099991,69.24266185100004],[-115.00645911399994,69.28461334800005],[-114.85570227799991,69.25287506700005],[-114.25479081899994,69.28367747600004],[-113.54112708199995,69.19074127800008],[-113.50877844999991,69.17446523600006],[-113.69310462099992,69.19489166900007],[-113.70055091099994,69.16351959800005],[-113.63784745999993,69.13963450700004],[-113.67259680899991,69.13279857000003],[-113.65217037699995,69.08844635600008],[-113.54971269399994,69.04409414300005],[-113.63784745999993,69.02977122600004],[-113.57022050699993,69.02977122600004],[-113.57188880099994,68.96515534100007],[-113.67210852799991,68.90989817900004],[-113.6192113919999,68.84540436400005],[-113.66812089799993,68.81537506700005],[-113.45201575399994,68.70160553600005],[-113.44391842399995,68.64655182500007],[-113.35049394399994,68.59153880400004],[-113.10342363199993,68.53701406500005],[-113.0391332669999,68.49494049700007],[-113.29808508999992,68.49103424700007],[-113.24400794199994,68.45441315300008],[-112.74901282499991,68.46308014500005],[-112.60240637899994,68.50775788000004],[-112.29670162699995,68.52553945500006],[-111.53123938699991,68.54376862200007],[-111.25104732999995,68.51968008000006],[-111.2053930329999,68.55068594000005],[-111.4182836579999,68.57855866100005],[-110.84520423099991,68.59516022300005],[-111.04157467399995,68.56427643400008],[-110.98009192599994,68.54840729400007],[-110.56944739499994,68.61908600500004],[-110.37608801999994,68.57636139500005],[-110.22866777299993,68.62787506700005],[-109.62462317599994,68.64166901200008],[-109.02855383999992,68.72675202000005],[-108.56480872299994,68.87596263200004],[-108.53331458199995,68.90692780200004],[-108.56745357999995,68.93423086100006],[-108.53945878799993,68.94696686400005],[-107.94123287699995,68.94110748900005],[-107.33482825399994,69.02558014500005],[-107.16869055899991,69.13686758000006],[-107.1082250639999,69.16372304900005],[-107.02733313699991,69.15228913000004],[-107.02611243399991,69.19794342700004],[-106.93736731699994,69.21564362200007],[-106.92638098899994,69.23895905200004],[-106.99274654899995,69.32721588700008],[-106.96344967399995,69.36273834800005],[-106.75133216099994,69.37986888200004],[-106.74107825399994,69.44472890800006],[-106.58389238199993,69.50360748900005],[-106.31753495999993,69.40131256700005],[-106.2742406889999,69.28807200700004],[-106.4019262359999,69.23700592700004],[-106.41209876199991,69.18805573100008],[-106.20396887899994,69.14988841400003],[-105.98412024599992,69.14712148600006],[-105.88585364499994,69.17645905200004],[-105.54845130099994,69.15395742400005],[-105.45787512899994,69.10114166900007],[-105.03888912699995,69.06460195500006],[-105.1270238919999,69.09186432500007],[-105.08071855399993,69.10618724200003],[-104.91844641799992,69.07514069200005],[-104.91706295499995,69.04791901200008],[-105.05186926999994,69.01679108300004],[-105.03136145699995,69.00311920800004],[-105.06484941299993,68.98745351800005],[-105.14659583199995,69.00193919500003],[-105.27782141799992,68.95473867400005],[-105.12303626199991,68.89642975500004],[-104.59361731699994,68.86448802300004],[-104.5296117829999,68.87498607000003],[-104.4468481109999,68.94155508000006],[-104.27041581899994,68.90692780200004],[-104.30524654899995,68.94037506700005],[-104.26423092399995,68.94790273600006],[-104.22325598899994,68.89325592700004],[-104.09972083199995,68.85846588700008],[-103.56810462099992,68.83120351800005],[-103.41543535099993,68.78327057500007],[-103.3530981109999,68.79022858300004],[-103.3313695949999,68.83120351800005],[-103.16356360599991,68.84296295800004],[-102.96589107999995,68.79865143400008],[-102.71401933499993,68.83974844000005],[-102.74913489499994,68.89948151200008],[-102.52306067599994,68.86554596600007],[-102.39565995999993,68.91693756700005],[-102.40713456899994,68.95473867400005],[-102.16734778599994,68.95302969000005],[-102.05736243399991,69.00311920800004],[-101.96450761599993,68.96963125200006],[-101.84679114499994,68.98834870000007],[-101.81126868399991,69.00625234600005],[-101.86587480399993,69.04409414300005],[-101.75601152299993,69.16014232000003],[-101.7715551419999,69.19379303600005],[-101.92747962099992,69.26154205900008],[-102.02232825399994,69.24262116100005],[-102.08983313699991,69.18244049700007],[-102.22154700399994,69.22907135600008],[-102.23582923099991,69.26312897300005],[-102.21056067599994,69.27928294500003],[-102.09080969999991,69.23997630400004],[-102.03783118399991,69.28803131700005],[-102.11025956899994,69.33295319200005],[-102.1731664699999,69.31842682500007],[-102.1731664699999,69.35252513200004],[-102.03872636599993,69.35740794500003],[-101.93907630099994,69.42064036700003],[-102.05479895699995,69.48444245000007],[-102.28258216099994,69.50364817900004],[-102.46422278599994,69.48065827000005],[-102.54735266799992,69.41351959800005],[-102.84292558499993,69.38471100500004],[-103.0462133449999,69.20246002800008],[-103.1980688139999,69.12030670800004],[-103.20840410099993,69.20111725500004],[-103.0235082669999,69.28025950700004],[-103.03709876199991,69.36619700700004],[-102.98932857999995,69.42084381700005],[-103.01667232999995,69.48224518400008],[-103.08519446499992,69.52326080900008],[-103.12555904899995,69.43988678600005],[-103.2207738919999,69.55548737200007],[-103.5100805329999,69.61945221600007],[-103.48961341099994,69.69452545800004],[-103.29759680899991,69.69452545800004],[-103.15737870999993,69.61688873900005],[-102.8179418609999,69.53872304900005],[-102.57022050699993,69.54873281500005],[-102.50959225199995,69.56419505400004],[-102.48717200399994,69.69065989800004],[-102.57835852799991,69.69794342700004],[-102.67259680899991,69.76943594000005],[-102.58226477799991,69.74347565300008],[-102.48228919199994,69.79022858300004],[-102.4116918609999,69.77912018400008],[-102.39537512899994,69.81761302300004],[-102.37401282499991,69.76434967700004],[-102.33592688699991,69.76703522300005],[-102.29723059799994,69.79759349200003],[-102.34569251199991,69.83234284100007],[-102.23582923099991,69.85285065300008],[-102.25300045499995,69.91250234600005],[-102.22496497299994,69.92047760600008],[-102.17943274599992,69.90176015800006],[-102.16454016799992,69.83608633000006],[-102.04670162699995,69.85529205900008],[-101.93724524599992,69.73956940300008],[-101.85065670499995,69.74713776200008],[-101.70677649599992,69.69122955900008],[-101.67345130099994,69.64671458500004],[-101.43854732999995,69.90924713700008],[-101.42642167899993,69.87954336100006],[-101.47154700399994,69.83226146000004],[-101.35651607999995,69.69619375200006],[-100.96434485599991,69.66445547100005],[-100.9199926419999,69.71971263200004]],[[-110.59585527299993,72.60065338700008],[-110.47232011599993,72.57330963700008],[-110.52757727799991,72.60049062700006],[-110.59585527299993,72.60065338700008]],[[-110.4934789699999,72.62051015800006],[-110.34886633999992,72.60748932500007],[-110.46922766799992,72.62539297100005],[-110.4934789699999,72.62051015800006]],[[-110.27989661399994,72.64842357000003],[-110.41087805899991,72.64223867400005],[-110.33975175699993,72.63202545800004],[-110.27989661399994,72.64842357000003]],[[-104.4895727199999,73.53229401200008],[-104.55980383999992,73.59516022300005],[-104.82457434799994,73.63816966400003],[-105.1030981109999,73.74518463700008],[-105.38141842399995,73.77065664300005],[-106.59959876199991,73.71063873900005],[-107.03929602799991,73.48444245000007],[-106.50877844999991,73.41412995000007],[-106.12071692599994,73.29266998900005],[-106.19579016799992,73.28583405200004],[-106.04564368399991,73.22382233300004],[-106.10765540299991,73.19708893400008],[-105.89415442599994,73.16233958500004],[-105.91588294199994,73.14183177300004],[-105.48574785099993,72.95575592700004],[-105.38768469999991,72.86749909100007],[-105.28498287699995,72.85138580900008],[-105.20335852799991,72.86749909100007],[-105.35973059799994,72.95010000200006],[-105.23062089799993,72.93642812700006],[-105.01577714799993,73.01386139500005],[-104.98131262899994,73.03571198100008],[-104.99038652299993,73.07977936400005],[-104.76183020699995,73.17300039300005],[-104.73656165299991,73.18964264500005],[-104.74982662699995,73.21747467700004],[-104.57266191299993,73.33218008000006],[-104.58633378799993,73.38519928600005],[-104.55162512899994,73.42645905200004],[-104.57949785099993,73.44969310100004],[-104.4895727199999,73.53229401200008]],[[-107.84886633999992,73.63336823100008],[-108.08763587099992,73.59064362200007],[-107.99396725199995,73.54657623900005],[-107.57994544199994,73.60053131700005],[-107.84886633999992,73.63336823100008]],[[-103.8672582669999,75.06443919500003],[-103.58580481699994,75.17715078300006],[-103.74693762899994,75.23924388200004],[-103.74522864499994,75.28790924700007],[-103.82054602799991,75.36668528900003],[-104.1309301419999,75.43561432500007],[-104.40322831899994,75.43260325700004],[-104.70225989499994,75.33315664300005],[-104.77065995999993,75.27952708500004],[-104.6887914699999,75.26650625200006],[-104.92955481699994,75.14109935100004],[-104.70555579299992,75.06903717700004],[-104.22948157499991,75.01886627800008],[-103.8672582669999,75.06443919500003]],[[-105.3899633449999,75.65338776200008],[-105.46336829299992,75.73261139500005],[-105.42243404899995,75.74567291900007],[-105.46344967399995,75.80121491100005],[-105.4429418609999,75.82135651200008],[-105.51183020699995,75.89057038000004],[-105.75991777299993,75.99017975500004],[-106.33983313699991,76.06159088700008],[-106.63174394399994,76.05853913000004],[-106.87486731699994,75.96539948100008],[-106.88589433499993,75.83820221600007],[-106.6148168609999,75.80093008000006],[-106.88231360599991,75.76609935100004],[-106.86119544199994,75.75995514500005],[-106.9090063139999,75.69847239800004],[-106.8809301419999,75.64923737200007],[-106.96165930899991,75.71039459800005],[-106.94994055899991,75.75250885600008],[-107.03307044199994,75.77358633000006],[-106.95677649599992,75.79409414300005],[-107.10757402299993,75.84186432500007],[-107.04613196499992,75.88898346600007],[-107.07599850199995,75.89940013200004],[-107.36717688699991,75.91864655200004],[-107.72057044199994,75.88580963700008],[-107.9214574859999,75.79067617400005],[-108.02623450399994,75.78725820500006],[-108.04670162699995,75.80707428600005],[-107.89736894399994,75.90110911700003],[-107.73818925699993,75.91693756700005],[-107.79344641799992,75.93060944200005],[-107.64012610599991,75.98924388200004],[-107.73070227799991,76.03900788000004],[-107.88902747299994,76.06777578300006],[-108.49917558499993,76.04047272300005],[-108.38247636599993,76.08828359600005],[-108.45759029899995,76.10252513200004],[-108.37755286399994,76.17377350500004],[-108.1199438139999,76.21010976800005],[-108.08763587099992,76.22540924700007],[-108.23167883999992,76.25336334800005],[-108.0808813139999,76.28685130400004],[-108.31883704299992,76.39638906500005],[-108.61587480399993,76.42348867400005],[-108.48493404899995,76.45880768400008],[-108.59105383999992,76.48240794500003],[-108.52586829299992,76.51406484600005],[-108.62889563699991,76.52020905200004],[-108.53868567599994,76.56175364800004],[-108.68724524599992,76.60219961100006],[-108.73192298099991,76.64321523600006],[-108.57652747299994,76.64598216400003],[-108.46861731699994,76.68626536700003],[-108.45079505099994,76.73261139500005],[-108.53233801999994,76.76699453300006],[-108.69001217399995,76.77114492400005],[-108.64940344999991,76.81452057500007],[-108.77562415299991,76.86416250200006],[-108.90123450399994,76.81614817900004],[-109.18443762899994,76.82192617400005],[-109.32510331899994,76.78888580900008],[-109.3352758449999,76.75983307500007],[-109.4944555329999,76.72284577000005],[-109.5520727199999,76.67487213700008],[-109.55431067599994,76.63007233300004],[-109.66356360599991,76.61644114800004],[-109.65054277299993,76.58856842700004],[-109.78026282499991,76.59601471600007],[-109.7598363919999,76.57489655200004],[-109.8491918609999,76.54071686400005],[-109.70518958199995,76.52708567900004],[-109.77196204299992,76.50018952000005],[-110.3836156889999,76.43085358300004],[-110.39720618399991,76.39671458500004],[-110.32835852799991,76.34149811400005],[-110.3836156889999,76.30052317900004],[-110.14696204299992,76.27631256700005],[-109.9097387359999,76.19672272300005],[-109.86961829299992,76.23981354400007],[-109.69546464799993,76.22467682500007],[-109.72500566299993,76.20498281500005],[-109.54222571499992,76.18943919500003],[-109.3230688139999,76.11538320500006],[-109.38988196499992,76.06777578300006],[-109.27257239499994,76.05414459800005],[-109.29735266799992,76.03912995000007],[-109.39948482999995,76.04132721600007],[-109.43765214799993,76.03363678600005],[-109.38988196499992,76.02065664300005],[-109.43333899599992,76.00360748900005],[-110.05459550699993,75.89647044500003],[-109.8933813139999,75.85224030200004],[-109.70107988199993,75.88035716400003],[-109.65737870999993,75.86981842700004],[-109.70518958199995,75.84808991100005],[-109.62946529899995,75.83441803600005],[-109.69151770699995,75.80707428600005],[-109.40416419199994,75.80093008000006],[-109.46434485599991,75.79409414300005],[-108.82811438699991,75.69106679900005],[-108.93736731699994,75.67796458500004],[-108.83495032499991,75.62274811400005],[-108.89639238199993,75.58860911700003],[-108.85545813699991,75.56069570500006],[-109.03359941299993,75.55390045800004],[-108.92682857999995,75.53025950700004],[-108.90998287699995,75.47874583500004],[-110.06826738199993,75.54767487200007],[-110.41869055899991,75.53986237200007],[-110.51357988199993,75.57330963700008],[-111.25084387899994,75.52187734600005],[-111.32209225199995,75.54767487200007],[-111.29474850199995,75.57436758000006],[-111.41079667899993,75.61591217700004],[-111.37669837099992,75.65314362200007],[-111.41079667899993,75.67796458500004],[-111.36986243399991,75.73261139500005],[-111.44871985599991,75.74225495000007],[-111.4319555329999,75.76609935100004],[-111.45889238199993,75.78880442900004],[-111.59642493399991,75.81452057500007],[-111.49327551999994,75.81452057500007],[-111.4590551419999,75.84186432500007],[-111.94896399599992,75.80707428600005],[-112.03465735599991,75.84186432500007],[-112.22704016799992,75.81452057500007],[-112.07274329299992,75.87563711100006],[-111.72679602799991,75.91693756700005],[-112.11803137899994,76.01239655200004],[-112.36461341099994,76.03363678600005],[-112.52574622299994,76.12099844000005],[-112.42564856699994,76.17084381700005],[-112.75462805899991,76.20498281500005],[-112.9942113919999,76.27326080900008],[-113.35435950399994,76.26605866100005],[-113.96304277299993,76.19061920800004],[-114.06362870999993,76.21857330900008],[-113.98485266799992,76.25592682500007],[-114.1797582669999,76.35578034100007],[-114.09093176999994,76.38987864800004],[-114.15925045499989,76.45880768400008],[-114.87242591099994,76.52020905200004],[-115.02147376199991,76.47907135600008],[-115.51231848899994,76.45620351800005],[-115.91331946499992,76.34902578300006],[-115.8518774079999,76.32225169500003],[-115.92699133999992,76.28685130400004],[-115.77944902299993,76.23729075700004],[-115.27928626199991,76.23704661700003],[-114.97533118399991,76.17731354400007],[-114.66698157499991,76.16400788000004],[-116.16270911399994,76.20384349200003],[-116.52623450399994,76.16014232000003],[-116.63027910099993,76.12042877800008],[-116.70156816299993,76.04047272300005],[-116.4961645169999,76.02680084800005],[-116.53026282499991,76.01312897300005],[-116.46133378799993,75.97842031500005],[-116.61611894399994,75.97626373900005],[-116.73631751199991,75.93744538000004],[-116.70811926999994,75.89956289300005],[-116.20254472599993,75.86806875200006],[-114.8577367829999,75.91079336100006],[-114.81248938699991,75.90216705900008],[-114.82738196499992,75.87938060100004],[-115.57811438699991,75.83441803600005],[-115.76231848899994,75.86176178600005],[-115.80064856699994,75.83441803600005],[-116.88536536399994,75.78900788000004],[-117.24901282499991,75.60907623900005],[-117.19831295499989,75.57550690300008],[-116.11563066299993,75.57778554900005],[-115.69749915299991,75.64581940300008],[-115.00210527299993,75.69847239800004],[-115.25487219999991,75.64923737200007],[-115.2835180329999,75.62714264500005],[-115.26280676999994,75.60162995000007],[-115.58971106699994,75.58795807500007],[-116.04190019399994,75.48480866100005],[-117.20221920499989,75.48078034100007],[-117.55431067599994,75.35805898600006],[-117.57673092399995,75.33661530200004],[-117.5581762359999,75.31427643400008],[-117.65143795499989,75.30573151200008],[-117.68846594999991,75.25967031500005],[-117.5100805329999,75.20111725500004],[-116.76724199099993,75.12221914300005],[-116.6680395169999,75.12718333500004],[-116.54548092399995,75.18524811400005],[-116.25649980399993,75.21124909100007],[-116.24966386599993,75.16242096600007],[-116.33849036399994,75.11562734600005],[-116.04369055899991,75.12872955900008],[-116.2559301419999,75.06037018400008],[-115.71544348899994,74.97036367400005],[-115.58433997299994,74.99542877800008],[-115.5371801419999,75.03994375200006],[-115.59117591099994,75.11562734600005],[-115.66657467399995,75.14850495000007],[-115.40575110599991,75.10293203300006],[-115.27403723899994,75.14940013200004],[-115.26280676999994,75.18329498900005],[-115.1734106109999,75.09951406500005],[-115.22516842399995,75.06854889500005],[-115.19595292899993,75.00242747600004],[-115.05768795499989,74.96674225500004],[-114.44082597599993,75.06793854400007],[-114.30329342399995,75.18178945500006],[-114.42589270699995,75.25836823100008],[-114.61514238199993,75.28327057500007],[-114.51121985599991,75.31696198100008],[-114.19579016799992,75.22516510600008],[-114.0464574859999,75.36644114800004],[-114.08853105399993,75.40884023600006],[-114.07066809799994,75.47492096600007],[-113.87393144399994,75.37376536700003],[-113.47398841099994,75.43773021000004],[-113.32315019399994,75.42413971600007],[-113.32315019399994,75.41669342700004],[-113.60138912699995,75.36538320500006],[-113.78429114499994,75.33966705900008],[-113.81297766799992,75.32391998900005],[-113.9395238919999,75.18329498900005],[-113.6453344389999,75.19074127800008],[-113.9290258449999,75.14427317900004],[-113.95763098899994,75.07444896000004],[-113.88662675699993,75.05817291900007],[-113.20645097599993,75.08771393400008],[-113.13817298099991,75.14980703300006],[-113.05459550699993,75.09739817900004],[-112.85708574099993,75.10984935100004],[-112.69937089799993,75.14232005400004],[-112.69595292899993,75.18024323100008],[-112.74095618399991,75.20502350500004],[-112.67886308499993,75.27952708500004],[-112.59520423099991,75.24990469000005],[-112.63792883999992,75.20815664300005],[-112.58950761599993,75.18329498900005],[-112.4363500639999,75.18732330900008],[-112.46141516799992,75.22280508000006],[-112.40489661399994,75.24603913000004],[-112.33690344999991,75.22553131700005],[-112.39150956899994,75.21124909100007],[-112.29527747299994,75.20502350500004],[-112.4734594389999,75.14980703300006],[-112.34605872299994,75.12152741100005],[-111.92345130099994,75.13641998900005],[-111.7534887359999,75.19074127800008],[-111.67833411399994,75.14980703300006],[-111.56163489499994,75.14980703300006],[-111.6243383449999,75.16339752800008],[-111.37218176999994,75.18724192900004],[-111.24351966099994,75.26650625200006],[-111.10269120999993,75.27334219000005],[-110.9180395169999,75.23236725500004],[-111.01357988199993,75.21800364800004],[-111.06883704299992,75.19074127800008],[-111.02790279899995,75.17715078300006],[-111.15160071499992,75.13825104400007],[-111.36363684799994,75.10822174700007],[-111.28795325399994,75.08771393400008],[-111.54295813699991,75.07290273600006],[-111.57591712099992,75.06037018400008],[-111.47972571499992,75.04677969000005],[-111.58580481699994,75.00641510600008],[-112.79784094999991,74.98505280200004],[-113.32998613199993,74.88287995000007],[-113.19286048099991,74.86237213700008],[-113.2176000639999,74.84589264500005],[-113.33617102799991,74.86237213700008],[-113.97191321499992,74.80760325700004],[-114.43980872299994,74.68366120000007],[-114.39232337099992,74.63930898600006],[-114.17349199099993,74.56696198100008],[-113.69302324099993,74.44448476800005],[-113.02379309799994,74.39594147300005],[-112.43740800699993,74.41351959800005],[-111.6575414699999,74.50120677300004],[-111.41104081899994,74.56989166900007],[-111.00096594999991,74.61635976800005],[-110.58901933499993,74.72528717700004],[-110.66612708199995,74.79132721600007],[-110.34398352799991,74.79657623900005],[-110.31468665299991,74.80719635600008],[-110.41087805899991,74.82762278900003],[-110.30785071499992,74.85219961100006],[-110.06981360599991,74.82363515800006],[-109.88385982999995,74.87055084800005],[-109.58193925699993,74.85814036700003],[-109.38988196499992,74.90338776200008],[-109.41030839799993,74.90961334800005],[-109.35716712099992,74.94672272300005],[-108.93736731699994,75.00580475500004],[-108.97154700399994,75.01886627800008],[-108.94420325399994,75.04677969000005],[-108.82420813699991,75.07151927300004],[-108.59654700399994,75.03847890800006],[-108.51219641799992,74.97846100500004],[-108.80703691299993,74.98529694200005],[-108.41661536399994,74.91705963700008],[-107.94424394399994,74.93691640800006],[-108.01878821499992,74.95058828300006],[-107.94713294199994,74.97211334800005],[-107.99144446499992,75.01264069200005],[-107.77391516799992,75.03440989800004],[-107.74356035099993,75.05272044500003],[-107.77171790299991,75.10138580900008],[-107.69253495999993,75.07587311400005],[-107.69001217399995,75.03969961100006],[-107.72451738199993,75.02252838700008],[-107.68626868399991,74.98224518400008],[-107.23102779899995,74.92011139500005],[-107.0051977199999,74.92381419500003],[-106.76024329299992,75.00299713700008],[-106.00890051999994,75.05662669500003],[-106.0738012359999,75.10455963700008],[-105.83950761599993,75.18329498900005],[-105.93944251199991,75.21466705900008],[-105.88451087099992,75.26650625200006],[-105.66136633999992,75.35521067900004],[-105.7090551419999,75.41974518400008],[-105.59312903599994,75.46507396000004],[-105.7508031889999,75.49237702000005],[-105.49364173099991,75.56549713700008],[-105.3899633449999,75.65338776200008]],[[-117.46251380099994,76.08828359600005],[-117.6597387359999,76.12588125200006],[-117.79869544199994,76.11163971600007],[-118.08706620999993,76.03546784100007],[-118.17446855399993,75.97223541900007],[-118.62120520699995,75.92206452000005],[-118.99205481699994,75.76154205900008],[-119.3321020169999,75.66079336100006],[-119.40904700399994,75.60162995000007],[-118.61392167899993,75.50372955900008],[-118.20238196499992,75.60162995000007],[-118.27065995999993,75.61591217700004],[-117.93545488199993,75.73468659100007],[-117.9514867829999,75.77448151200008],[-117.58409583199995,75.97833893400008],[-117.46251380099994,76.08828359600005]],[[-103.25405839799993,75.82965729400007],[-103.3108617829999,75.80707428600005],[-103.24937903599994,75.80707428600005],[-103.27110755099994,75.79238515800006],[-103.38658606699994,75.76609935100004],[-102.6048070949999,75.77260976800005],[-102.50450598899994,75.79905833500004],[-102.38866126199991,75.89036692900004],[-101.98131262899994,75.95172760600008],[-102.21467037699995,75.99266185100004],[-103.04491126199991,75.90615469000005],[-103.13337154899995,75.86981842700004],[-103.05138098899994,75.83441803600005],[-103.25405839799993,75.82965729400007]],[[-103.91417395699995,75.90326569200005],[-103.69163977799991,75.88898346600007],[-102.35594641799992,76.01312897300005],[-102.31851152299993,76.04413483300004],[-102.44383704299992,76.08991120000007],[-103.11302649599992,76.05036041900007],[-103.49791419199994,75.98236725500004],[-103.97622636599993,75.94428131700005],[-103.91417395699995,75.90326569200005]],[[-103.81143144399994,76.03363678600005],[-103.2363988919999,76.04730866100005],[-102.83763587099992,76.08063385600008],[-102.62621008999992,76.15717194200005],[-102.53062903599994,76.15717194200005],[-102.5852758449999,76.18447500200006],[-102.54157467399995,76.23135000200006],[-102.7266332669999,76.31561920800004],[-104.31200110599991,76.21238841400003],[-104.47813880099994,76.14704010600008],[-104.41087805899991,76.08966705900008],[-103.81143144399994,76.03363678600005]],[[-104.3980199859999,76.46873607000003],[-104.40367591099994,76.42072174700007],[-104.4622289699999,76.39671458500004],[-104.33311926999994,76.36945221600007],[-104.40758216099994,76.33527252800008],[-104.37767493399991,76.32485586100006],[-103.3362524079999,76.33173248900005],[-103.01040605399993,76.42348867400005],[-103.07005774599992,76.46458567900004],[-103.23424231699994,76.47361888200004],[-103.24937903599994,76.50657786700003],[-103.57974199099993,76.52684153900003],[-103.5579320949999,76.56806061400005],[-103.79613196499992,76.62311432500007],[-103.88296464799993,76.57786692900004],[-104.0581762359999,76.56806061400005],[-103.92471269399994,76.64008209800005],[-104.02464758999992,76.67047760600008],[-104.35240637899994,76.66331614800004],[-104.68130449099993,76.60219961100006],[-104.64098059799994,76.58173248900005],[-104.6682836579999,76.55499909100007],[-104.58836829299992,76.53953685100004],[-104.57445227799991,76.50364817900004],[-104.3980199859999,76.46873607000003]],[[-101.68712317599994,76.58856842700004],[-101.33812415299991,76.56122467700004],[-100.24771074099993,76.73940664300005],[-100.62852942599994,76.75983307500007],[-100.97248287699995,76.73554108300004],[-101.09019934799994,76.68622467700004],[-101.68712317599994,76.58856842700004]],[[-114.63158118399991,76.86163971600007],[-114.84048417899993,76.80939362200007],[-114.87857011599993,76.76727936400005],[-113.6731664699999,76.70425039300005],[-113.45348059799994,76.77350495000007],[-113.51036536399994,76.83633047100005],[-113.84605872299994,76.89887116100005],[-114.63158118399991,76.86163971600007]],[[-104.75401770699995,77.11123281500005],[-104.4500219389999,77.15176015800006],[-104.37108313699991,77.23476797100005],[-104.39720618399991,77.27326080900008],[-104.47647050699993,77.28742096600007],[-104.42125403599994,77.30792877800008],[-104.74852454299992,77.41766998900005],[-105.01585852799991,77.41461823100008],[-105.00621497299994,77.46084219000005],[-104.95201575399994,77.48700592700004],[-104.99608313699991,77.53709544500003],[-105.50304114499994,77.72109609600005],[-105.90876217399995,77.76788971600007],[-106.09365800699993,77.72964101800005],[-105.84422766799992,77.62026601800005],[-105.82103430899991,77.56793854400007],[-105.8606664699999,77.54816315300008],[-105.68163001199991,77.51618073100008],[-105.76504472599993,77.46621328300006],[-105.6597387359999,77.44098541900007],[-105.68932044199994,77.42523834800005],[-105.62783769399994,77.40412018400008],[-105.66136633999992,77.38361237200007],[-105.54405676999994,77.37083567900004],[-105.56578528599994,77.32160065300008],[-105.40819251199991,77.28742096600007],[-105.46959387899994,77.27440013200004],[-105.31875566299993,77.22601959800005],[-105.39513098899994,77.21918366100005],[-105.24364173099991,77.20551178600005],[-105.26414954299992,77.17816803600005],[-105.22459876199991,77.16449616100005],[-105.00576738199993,77.17495351800005],[-104.75401770699995,77.11123281500005]],[[-109.68614661399994,77.97138092700004],[-109.58153235599991,78.05410390800006],[-109.69717363199993,78.09735748900005],[-110.7117406889999,78.10382721600007],[-110.86050370999993,78.06875234600005],[-111.00763912699995,78.09686920800004],[-111.27806555899991,78.09003327000005],[-111.71165930899991,78.02924225500004],[-111.82412675699993,78.05263906500005],[-111.95055091099994,78.02130768400008],[-112.27090410099993,78.01532623900005],[-112.92491614499994,77.92959219000005],[-112.98151607999995,77.89760976800005],[-113.14110266799992,77.92251211100006],[-113.24128170499989,77.90497467700004],[-113.21328691299993,77.89077383000006],[-113.32315019399994,77.80817291900007],[-113.30557206899994,77.77684153900003],[-113.18602454299992,77.73993561400005],[-113.22667395699995,77.73444245000007],[-113.20677649599992,77.69379303600005],[-113.25426184799994,77.67161692900004],[-113.08975175699993,77.62323639500005],[-113.24128170499989,77.58226146000004],[-113.19961503799993,77.52765534100007],[-112.99233964799993,77.51105377800008],[-112.92760169199994,77.46478913000004],[-112.63744055899991,77.46405670800004],[-112.46930904899995,77.37059153900003],[-112.10924231699994,77.32575104400007],[-111.28111731699994,77.43146393400008],[-110.88072669199994,77.41242096600007],[-110.23542232999995,77.50421784100007],[-110.09557044199994,77.55491771000004],[-110.09215247299994,77.58197663000004],[-110.16368567599994,77.60016510600008],[-110.04100501199991,77.64435455900008],[-110.11070716099994,77.69245026200008],[-110.08079993399991,77.75250885600008],[-110.10789954299992,77.77619049700007],[-110.71996008999992,77.76618073100008],[-110.90371660099993,77.85321686400005],[-109.78685462099992,77.94977448100008],[-109.68614661399994,77.97138092700004]],[[-102.41331946499992,77.76044342700004],[-102.44871985599991,77.73309967700004],[-102.17634029899995,77.69513580900008],[-101.7905981109999,77.67938873900005],[-101.55797278599994,77.73069896000004],[-100.93199622299994,77.74453359600005],[-101.21434485599991,77.84072500200006],[-101.69810950399994,77.90521881700005],[-102.39818274599992,77.88886139500005],[-102.49518795499995,77.86473216400003],[-102.53062903599994,77.83612702000005],[-102.49889075399994,77.78237539300005],[-102.41331946499992,77.76044342700004]],[[-113.57701575399994,77.81500885600008],[-113.67149817599994,77.84593333500004],[-113.70152747299994,77.89036692900004],[-113.95132402299993,77.91885000200006],[-114.11461341099994,78.00043366100005],[-114.25780188699991,77.98944733300004],[-114.35098222599993,78.03473541900007],[-114.2827856109999,78.06207916900007],[-114.32725989499994,78.08079661700003],[-114.67967688699991,78.03449127800008],[-114.79507402299993,77.98285553600005],[-115.11823482999989,77.95966217700004],[-114.51610266799992,77.76044342700004],[-114.65269934799994,77.76788971600007],[-114.16258704299992,77.70673248900005],[-113.57701575399994,77.81500885600008]],[[-102.79918372299994,78.20014069200005],[-102.78384355399993,78.23704661700003],[-102.83446204299992,78.26609935100004],[-103.0242406889999,78.26984284100007],[-103.28416907499991,78.16136302300004],[-103.23424231699994,78.12807851800005],[-103.04723059799994,78.12702057500007],[-102.79918372299994,78.20014069200005]],[[-109.33893795499995,78.35468170800004],[-109.32510331899994,78.37384674700007],[-109.35570227799991,78.39105866100005],[-109.25951087099992,78.45929596600007],[-109.26646887899994,78.49359772300005],[-109.50450598899994,78.58958567900004],[-109.63345292899993,78.58681875200006],[-109.8401586579999,78.63629791900007],[-109.88727779899995,78.67593008000006],[-110.42690995999993,78.76634349200003],[-110.74095618399991,78.75796133000006],[-111.16441809799994,78.69891998900005],[-111.31436113199993,78.64842357000003],[-111.43814042899993,78.64423248900005],[-111.37669837099992,78.62376536700003],[-111.42015540299991,78.60663483300004],[-111.81602942599994,78.54889557500007],[-112.15005449099993,78.55703359600005],[-112.68203691299993,78.49827708500004],[-113.21422278599994,78.40656159100007],[-113.2207738919999,78.36371491100005],[-113.33617102799991,78.33637116100005],[-113.24828040299991,78.28497955900008],[-113.06151282499991,78.27435944200005],[-112.17552649599992,78.37738678600005],[-111.91246497299994,78.33584219000005],[-111.77847245999993,78.27020905200004],[-111.43399003799993,78.27460358300004],[-111.4046117829999,78.29197825700004],[-111.4319555329999,78.30849844000005],[-111.41148841099994,78.32982005400004],[-111.24010169199994,78.33637116100005],[-111.3152563139999,78.36994049700007],[-111.1546117829999,78.39052969000005],[-110.84032141799992,78.31517161700003],[-110.33242753799993,78.28595612200007],[-110.01305091099994,78.32900625200006],[-109.82323157499991,78.29539622600004],[-109.4063207669999,78.31321849200003],[-109.33893795499995,78.35468170800004]],[[-105.62783769399994,79.16502513200004],[-105.59178626199991,79.03782786700003],[-105.40249589799993,79.01288483300004],[-104.95335852799991,79.05385976800005],[-104.6785375639999,79.01113515800006],[-104.87376868399991,78.89069245000007],[-105.00999915299991,78.84511953300006],[-105.03184973899994,78.82615794500003],[-105.00560462099992,78.80711497600004],[-104.78498287699995,78.80878327000005],[-104.57949785099993,78.86334870000007],[-104.45628821499992,78.95697663000004],[-104.29942786399994,78.95868561400005],[-104.24722245999993,78.99705638200004],[-104.07762610599991,78.98627350500004],[-104.02586829299992,78.94415924700007],[-103.83218339799993,78.90497467700004],[-104.22325598899994,78.78827545800004],[-104.18805904899995,78.77667877800008],[-103.99229895699995,78.75739166900007],[-103.89366614499994,78.78143952000005],[-103.88914954299992,78.80975983300004],[-103.72093665299991,78.80646393400008],[-103.69505774599992,78.79572174700007],[-103.8179418609999,78.74046458500004],[-103.61607825399994,78.77289459800005],[-103.5821020169999,78.74652741100005],[-103.49844316299993,78.78827545800004],[-103.31826738199993,78.73704661700003],[-103.5305883449999,78.70636627800008],[-103.48277747299994,78.67157623900005],[-103.91030839799993,78.66876862200007],[-104.0445043609999,78.63060130400004],[-103.43936113199993,78.62518952000005],[-103.37975012899994,78.58958567900004],[-103.49429277299993,78.56614817900004],[-103.45360266799992,78.53961823100008],[-103.53954016799992,78.50039297100005],[-104.64098059799994,78.58344147300005],[-104.8191625639999,78.57802969000005],[-105.04637610599991,78.50478750200006],[-104.99038652299993,78.43886953300006],[-104.81956946499992,78.36163971600007],[-104.46568762899994,78.27464427300004],[-103.94652258999992,78.24282461100006],[-103.90453040299991,78.25299713700008],[-103.91417395699995,78.27435944200005],[-103.65880286399994,78.32111237200007],[-102.74413001199991,78.38056061400005],[-102.66714433499993,78.36371491100005],[-102.7971899079999,78.32876211100006],[-102.80223548099991,78.28778717700004],[-102.59251868399991,78.24445221600007],[-102.16075598899994,78.28831614800004],[-101.49836178299995,78.23777903900003],[-101.26256262899994,78.18553294500003],[-101.05972245999993,78.20551178600005],[-101.00230872299994,78.13800690300008],[-100.76207434799994,78.08299388200004],[-100.82848059799994,78.05499909100007],[-100.83067786399994,78.01532623900005],[-100.61628170499995,77.90062083500004],[-100.61001542899993,77.86395905200004],[-99.93858801999994,77.78290436400005],[-99.79674231699994,77.81940338700008],[-99.18224036399994,77.84369538000004],[-99.02904212099992,77.88271719000005],[-99.10383053299995,77.96588776200008],[-98.97008216099994,78.00405508000006],[-98.94615637899994,78.06891510600008],[-99.43276933499993,78.21287669500003],[-99.53392493399991,78.28839752800008],[-99.80272376199991,78.30849844000005],[-99.7481176419999,78.38080475500004],[-99.87165279899995,78.43886953300006],[-99.67784583199995,78.48411692900004],[-99.59727942599994,78.53506094000005],[-99.6519262359999,78.54246653900003],[-99.52839107999995,78.58344147300005],[-99.5579320949999,78.59870026200008],[-100.06338456899994,78.63808828300006],[-99.89207923099991,78.69891998900005],[-100.27391516799992,78.77212148600006],[-100.34976152299993,78.82371653900003],[-100.90636145699995,78.77374909100007],[-101.18517005099994,78.80744049700007],[-101.20791581899994,78.82245514500005],[-100.98818925699993,78.93162669500003],[-101.13369706899994,78.97825755400004],[-101.30540930899991,78.97748444200005],[-101.64842688699991,79.08100006700005],[-101.91030839799993,79.09121328300006],[-102.42076575399994,79.01422760600008],[-102.37979081899994,78.96698639500005],[-102.40274003799993,78.93480052300004],[-102.5989477199999,78.87763092700004],[-102.62621008999992,78.90497467700004],[-102.57164466099994,78.94594961100006],[-102.77643795499995,78.94594961100006],[-102.66490637899994,78.98598867400005],[-102.61876380099994,79.09674713700008],[-102.89370683499993,79.17186107000003],[-102.92784583199995,79.21344635600008],[-102.87946529899995,79.23330312700006],[-103.12092037699995,79.29067617400005],[-103.37242591099994,79.30093008000006],[-103.72158769399994,79.36334870000007],[-105.15684973899994,79.29987213700008],[-105.40811113199993,79.33429596600007],[-105.48387610599991,79.30219147300005],[-105.42564856699994,79.29637278900003],[-105.56078040299991,79.23550039300005],[-105.62783769399994,79.16502513200004]],[[-93.05890865799995,61.82990143400008],[-92.96397864499994,61.88939036700003],[-93.06639563699991,61.93781159100007],[-93.2246801419999,61.90643952000005],[-93.21605383999992,61.88165924700007],[-93.12938391799992,61.874701239000046],[-93.05890865799995,61.82990143400008]],[[-92.79841330999994,61.948019281000086],[-92.87496630999993,61.93867827000008],[-92.83760989199993,61.92596966800005],[-92.78745574999994,61.92878261800007],[-92.79841330999994,61.948019281000086]],[[-92.63612815099992,62.04044195400007],[-92.70089782499991,62.07463482400004],[-92.65284610399993,62.02653924800006],[-92.63612815099992,62.04044195400007]],[[-92.24120032499991,62.35895416900007],[-92.14150956899994,62.403957424000055],[-92.32347571499992,62.41966380400004],[-92.37490800699993,62.396470445000034],[-92.27871660099993,62.390326239000046],[-92.35387122299994,62.36237213700008],[-92.24120032499991,62.35895416900007]],[[-92.52892005099994,62.43301015800006],[-92.59923255099994,62.400091864000046],[-92.53880774599992,62.382879950000074],[-92.40221106699994,62.41079336100006],[-92.52892005099994,62.43301015800006]],[[-91.57510331899994,62.62441640800006],[-91.59288489499994,62.65094635600008],[-91.68907630099994,62.67084381700005],[-91.57510331899994,62.62441640800006]],[[-91.14781653599994,62.66400788000004],[-90.98399817599994,62.66400788000004],[-91.24657141799992,62.69989655200004],[-91.27098548099991,62.68008047100005],[-91.14781653599994,62.66400788000004]],[[-90.70221920499995,63.44489166900007],[-90.59976152299993,63.46653880400004],[-90.65111243399991,63.490301825000074],[-90.75682532499991,63.500067450000074],[-90.70221920499995,63.44489166900007]],[[-90.81175696499992,63.500067450000074],[-90.67487545499995,63.521185614000046],[-90.76130123599995,63.553941148000035],[-90.79775956899994,63.548529364000046],[-90.76366126199991,63.527411200000074],[-90.96971594999991,63.554754950000074],[-90.81175696499992,63.500067450000074]],[[-91.29865475199995,63.56777578300006],[-91.53888912699995,63.61676666900007],[-91.40111243399991,63.554754950000074],[-91.29865475199995,63.56777578300006]],[[-92.9968969389999,63.91323476800005],[-93.09365800699993,63.91095612200007],[-93.05223548099991,63.88654205900008],[-92.96153723899994,63.87938060100004],[-92.9968969389999,63.91323476800005]],[[-80.16974850199995,63.77440013200004],[-80.20445716099994,63.81537506700005],[-80.6746313139999,63.89398834800005],[-80.70470130099994,63.918402411000045],[-80.57705644399994,63.89793528900003],[-80.4968969389999,63.917669989000046],[-80.54881751199991,63.93317291900007],[-80.52188066299993,63.96971263200004],[-80.54381262899994,63.98493073100008],[-80.69709225199995,64.01634349200003],[-80.88878333199995,64.12262604400007],[-80.95116126199991,64.13007233300004],[-80.93065344999991,64.10342031500005],[-80.97911536399994,64.06867096600007],[-80.90371660099993,64.01080963700008],[-80.93065344999991,63.993475653000075],[-81.40982011599993,64.08226146000004],[-81.39883378799993,64.10150788000004],[-81.45079505099994,64.08226146000004],[-81.43028723899994,64.05499909100007],[-81.45653235599991,64.03778717700004],[-81.99160722599993,63.99872467700004],[-81.96125240799995,64.06354401200008],[-81.62718665299991,64.12360260600008],[-81.58800208199995,64.18537018400008],[-81.77464758999992,64.30923086100006],[-81.75251217399995,64.38397858300004],[-81.77131100199995,64.51203034100007],[-82.0984594389999,64.68716054900005],[-82.21768144399994,64.69122955900008],[-82.20494544199994,64.71971263200004],[-82.36595618399991,64.76801178600005],[-82.53766842399995,64.74396393400008],[-82.71450761599993,64.78099192900004],[-82.88377844999991,64.87970612200007],[-83.20836341099994,64.94769928600005],[-83.33983313699991,65.03579336100006],[-83.33580481699994,65.07599518400008],[-83.42833411399994,65.14492422100005],[-83.88247636599993,65.16551341400003],[-83.91808020699995,65.17841217700004],[-83.87706458199995,65.19269440300008],[-84.0984594389999,65.20954010600008],[-84.23033606699994,65.26764557500007],[-84.16002356699994,65.34699127800008],[-84.36367753799993,65.38507721600007],[-84.43907630099994,65.41421133000006],[-84.45026607999995,65.46230703300006],[-84.55467688699991,65.48590729400007],[-84.59337317599994,65.48411692900004],[-84.74498450399994,65.35150788000004],[-84.74730383999992,65.29572174700007],[-84.8152563139999,65.22113678600005],[-84.93179277299993,65.21820709800005],[-84.93126380099994,65.26430898600006],[-85.01895097599993,65.35224030200004],[-85.00763912699995,65.41571686400005],[-85.3164770169999,65.54148997600004],[-85.05235755099994,65.61416250200006],[-85.18394934799994,65.72630442900004],[-85.15269934799994,65.73672109600005],[-85.17186438699991,65.78912995000007],[-85.36953691299993,65.83958567900004],[-85.48827063699991,65.79661692900004],[-85.50617579499993,65.83865454000005],[-85.46228784099992,65.88067228900007],[-85.48651056599994,65.92413607900005],[-85.60981566299995,65.91054608700006],[-85.93893536399992,65.76319806100008],[-86.02839107999995,65.66502513200004],[-86.02830969999991,65.60610586100006],[-86.08336341099994,65.56207916900007],[-86.15151933499993,65.39614492400005],[-86.09727942599994,65.35716380400004],[-86.17393958199995,65.28652578300006],[-86.13825436099995,65.11351146000004],[-86.2278539699999,65.00385163000004],[-86.15933183499993,64.93943919500003],[-86.21397864499994,64.89105866100005],[-86.17300370999993,64.82957591400003],[-86.23818925699993,64.81256745000007],[-86.41942298099991,64.59686920800004],[-86.38296464799993,64.54580312700006],[-86.40575110599991,64.43854401200008],[-86.34373938699991,64.41128164300005],[-86.37535559799994,64.37457916900007],[-86.36481686099995,64.30882396000004],[-86.29588782499991,64.26788971600007],[-86.29881751199991,64.21865469000005],[-86.19595292899993,64.16474030200004],[-86.19286048099991,64.10342031500005],[-86.89590410099993,63.93024323100008],[-87.17735755099994,63.73041413000004],[-87.22378495999993,63.660142320000034],[-87.17540442599994,63.58502838700008],[-87.12376868399991,63.56362539300005],[-86.86815344999991,63.561753648000035],[-86.63231360599991,63.66453685100004],[-86.21397864499994,63.65086497600004],[-85.81981360599991,63.705511786000045],[-85.71373450399994,63.77440013200004],[-85.70628821499992,63.699286200000074],[-85.61701412699995,63.67487213700008],[-85.59019934799994,63.613348700000074],[-85.63011633999992,63.57367584800005],[-85.60387122299994,63.521185614000046],[-85.65225175699993,63.438666083000044],[-85.63951575399994,63.25104401200008],[-85.58531653599994,63.17332591400003],[-85.45518958199995,63.122259833000044],[-85.0957738919999,63.157131252000056],[-84.59024003799993,63.31513092700004],[-84.48033606699994,63.39337799700007],[-84.40534420499995,63.554754950000074],[-84.28425045499995,63.62677643400008],[-84.08934485599991,63.60993073100008],[-83.78392493399991,63.76850006700005],[-83.63377844999991,63.77098216400003],[-83.59593665299991,63.82221100500004],[-83.6511938139999,63.86937083500004],[-83.60456295499995,63.93036530200004],[-83.68529212099992,64.01406484600005],[-83.53941809799994,64.11074453300006],[-83.30211341099994,64.14057038000004],[-83.20352128799993,64.12205638200004],[-83.08429928299995,64.18984609600005],[-83.0137426419999,64.19155508000006],[-82.96580969999991,64.13703034100007],[-83.13829505099994,64.00665924700007],[-83.13044186099995,63.97923411700003],[-83.05923417899993,63.954331773000035],[-82.86864173099991,63.98680247600004],[-82.53392493399991,63.97304922100005],[-82.39110266799992,63.92377350500004],[-82.35582434799994,63.897365627000056],[-82.3762914699999,63.82843659100007],[-82.51773027299993,63.796576239000046],[-82.5515844389999,63.74298737200007],[-82.4929906889999,63.71979401200008],[-82.4895727199999,63.68846263200004],[-82.35753333199995,63.65961334800005],[-82.07461503799993,63.691839911000045],[-81.0188695949999,63.45026276200008],[-80.93407141799992,63.47955963700008],[-80.91808020699995,63.53009674700007],[-80.84459387899994,63.53412506700005],[-80.46642005099994,63.72728099200003],[-80.16974850199995,63.77440013200004]],[[-88.96934335999993,65.38787841900006],[-89.10445393499992,65.40887001700008],[-89.0030529419999,65.38508221200004],[-88.96934335999993,65.38787841900006]],[[-88.3712768979999,65.46199003100008],[-88.38306322099993,65.47248055200004],[-88.48910074799994,65.47311121400008],[-88.3712768979999,65.46199003100008]],[[-84.85716712099992,65.96670156500005],[-84.93028723899994,66.01508209800005],[-85.10244706899994,66.02850983300004],[-85.17931067599994,65.98777903900003],[-85.11266028599994,65.76211172100005],[-84.87633216099994,65.67039622600004],[-84.84121660099993,65.58755117400005],[-84.80089270699995,65.56708405200004],[-84.69066321499992,65.56004466400003],[-84.57408606699994,65.63564687700006],[-84.59024003799993,65.68618398600006],[-84.75609290299991,65.87718333500004],[-84.89126542899993,65.94684479400007],[-84.85716712099992,65.96670156500005]],[[-84.47354081899994,66.07591380400004],[-84.42516028599994,66.02944570500006],[-84.20531165299991,65.97638580900008],[-84.18691972599993,65.92861562700006],[-84.12458248599995,65.90668366100005],[-84.10362708199995,65.81586334800005],[-84.14273027299993,65.76675039300005],[-83.95897376199991,65.74079010600008],[-83.80186926999994,65.79393138200004],[-83.78087317599994,65.78237539300005],[-83.82925370999993,65.75507233300004],[-83.68529212099992,65.75507233300004],[-83.7859594389999,65.72842031500005],[-83.80199133999992,65.68618398600006],[-83.84911048099991,65.67593008000006],[-83.83885657499991,65.65224844000005],[-83.7610570949999,65.67251211100006],[-83.6238500639999,65.65135325700004],[-83.64928137899994,65.68976471600007],[-83.58287512899994,65.70600006700005],[-83.62267005099994,65.66453685100004],[-83.36705481699994,65.61859772300005],[-83.25523841099994,65.65672435100004],[-83.25845292899993,65.69013092700004],[-83.21231035099993,65.70600006700005],[-83.29084225199995,65.72797272300005],[-83.53107662699995,65.71344635600008],[-83.54222571499992,65.74823639500005],[-83.78636633999992,65.81281159100007],[-83.68248450399994,65.88153717700004],[-83.71251380099994,65.94277578300006],[-84.00059973899994,66.03558991100005],[-84.02135169199994,66.08771393400008],[-84.06883704299992,66.06289297100005],[-84.47354081899994,66.13861725500004],[-84.47354081899994,66.07591380400004]],[[-85.10400453099993,66.05902387300006],[-84.99747363099993,66.05732373700005],[-85.0806476539999,66.08142776200003],[-85.10400453099993,66.05902387300006]],[[-83.64842688699991,66.07111237200007],[-83.57241777299993,66.10643138200004],[-83.59093176999994,66.11798737200007],[-83.64879309799994,66.12295156500005],[-83.64842688699991,66.07111237200007]],[[-85.98229229599991,66.46388431400004],[-85.96242957999993,66.43958958400003],[-85.91123173699992,66.46199107900009],[-85.98229229599991,66.46388431400004]],[[-97.34605872299994,67.67357005400004],[-97.33608964799993,67.72821686400005],[-97.56200110599991,67.69403717700004],[-97.52790279899995,67.68040599200003],[-97.55117753799993,67.64533112200007],[-97.51813717399995,67.62425364800004],[-97.34605872299994,67.67357005400004]],[[-86.40782630099994,68.20774974200003],[-86.66002356699994,68.31037018400008],[-86.89513098899994,68.19513580900008],[-86.89785722599993,68.13788483300004],[-86.98737545499995,68.08429596600007],[-86.84788977799991,68.02216217700004],[-86.84862219999991,67.96649811400005],[-86.95421301999994,67.92454661700003],[-86.88609778599994,67.82294342700004],[-86.63878333199995,67.72915273600006],[-86.47777258999992,67.78286367400005],[-86.41266842399995,67.84491608300004],[-86.37246660099993,67.93659088700008],[-86.43541419199994,68.15159739800004],[-86.40782630099994,68.20774974200003]],[[-98.93248450399994,68.00259023600006],[-98.97350012899994,68.01618073100008],[-98.96666419199994,68.07086823100008],[-98.99181067599994,68.07660553600005],[-99.08336341099994,68.05719635600008],[-98.98192298099991,67.98224518400008],[-98.93248450399994,68.00259023600006]],[[-100.12096106699994,68.27863190300008],[-100.09068762899994,68.29059479400007],[-100.07774817599994,68.36261627800008],[-100.11864173099991,68.37929922100005],[-100.15550696499992,68.33759186400005],[-100.23403886599993,68.32404205900008],[-100.12096106699994,68.27863190300008]],[[-100.31041419199994,68.77033112200007],[-100.22105872299994,68.77033112200007],[-100.17756100199995,68.80337148600006],[-100.20677649599992,68.85228099200003],[-100.12486731699994,68.90692780200004],[-100.22862708199995,68.92890045800004],[-100.40412350199995,69.02973053600005],[-100.53766842399995,69.04197825700004],[-100.63133704299992,68.99567291900007],[-100.57974199099993,68.94798411700003],[-100.62205969999991,68.91962311400005],[-100.62242591099994,68.77236562700006],[-100.57945716099994,68.75291575700004],[-100.47118079299992,68.79975006700005],[-100.44701087099992,68.77655670800004],[-100.49478105399993,68.76288483300004],[-100.36351477799991,68.72207265800006],[-100.31041419199994,68.77033112200007]],[[-100.02183997299994,68.94037506700005],[-99.98631751199991,69.02960846600007],[-100.0347387359999,69.09617747600004],[-100.13853919199994,69.14712148600006],[-100.2551977199999,69.05027903900003],[-100.16584225199995,68.96832916900007],[-100.02183997299994,68.94037506700005]],[[-90.12999426999994,69.06500885600008],[-90.18203691299993,69.11920807500007],[-90.15469316299993,69.13963450700004],[-90.23298092399995,69.11920807500007],[-90.26398678299995,69.14712148600006],[-90.25373287699995,69.08161041900007],[-90.1609594389999,69.07819245000007],[-90.15465247299994,69.05101146000004],[-90.12999426999994,69.06500885600008]],[[-95.35326087099992,68.90395742400005],[-95.62901770699995,68.83104075700004],[-95.7066137359999,68.88418203300006],[-95.8281957669999,68.87588125200006],[-95.85533606699994,68.96906159100007],[-95.97459876199991,69.04002513200004],[-95.92467200399994,69.08502838700008],[-96.04820716099994,69.22972239800004],[-96.15477454299992,69.16421133000006],[-96.15660559799994,69.08494700700004],[-96.12340247299994,69.03335195500006],[-96.22557532499991,69.05442942900004],[-96.21662350199995,69.11888255400004],[-96.25300045499995,69.16014232000003],[-96.17105058499993,69.26312897300005],[-96.21979732999995,69.31395091400003],[-96.53416907499991,69.42829010600008],[-96.89342200399994,69.49774811400005],[-97.2840063139999,69.69696686400005],[-97.39073645699995,69.60016510600008],[-97.49315344999991,69.67405833500004],[-97.34227454299992,69.70880768400008],[-97.47524980399993,69.77716705900008],[-97.67638098899994,69.80853913000004],[-97.70665442599994,69.85285065300008],[-97.92516028599994,69.89594147300005],[-98.02147376199991,69.88523997600004],[-98.11693274599992,69.81122467700004],[-98.28384355399993,69.75714752800008],[-98.37018795499995,69.60578034100007],[-98.00084387899994,69.44814687700006],[-98.02383378799993,69.43463776200008],[-98.0950414699999,69.42698802300004],[-98.10875403599994,69.46600983300004],[-98.27651933499993,69.49909088700008],[-98.36925208199995,69.56834544500003],[-98.54942786399994,69.58510976800005],[-98.59609941299993,69.55805084800005],[-98.59056555899991,69.52024974200003],[-98.41856848899994,69.47606028900003],[-98.57632402299993,69.48053620000007],[-98.61131751199991,69.44916413000004],[-98.41112219999991,69.35252513200004],[-98.40957597599993,69.30780670800004],[-98.55508378799993,69.27680084800005],[-98.65322831899994,69.30101146000004],[-98.71007239499994,69.25649648600006],[-98.71275794199994,69.20213450700004],[-98.92454993399991,69.17772044500003],[-99.00670325399994,69.13906484600005],[-99.29295813699991,69.16111888200004],[-99.46129309799994,69.13458893400008],[-99.59727942599994,69.02667877800008],[-99.46304277299993,68.95107656500005],[-99.44115149599992,68.89935944200005],[-99.19225012899994,68.82977936400005],[-99.04234778599994,68.86591217700004],[-99.12661699099993,68.92064036700003],[-99.01878821499992,68.90924713700008],[-98.96996008999992,68.95473867400005],[-98.81973222599993,68.92772044500003],[-98.8738500639999,68.87396881700005],[-98.8633520169999,68.83441803600005],[-98.71768144399994,68.79144928600005],[-98.58397376199991,68.79437897300005],[-98.52236894399994,68.75031159100007],[-98.41112219999991,68.77033112200007],[-98.42540442599994,68.84886302300004],[-98.36375891799992,68.85757070500006],[-98.25503495999993,68.82575104400007],[-98.29027258999992,68.75820547100005],[-98.11925208199995,68.67499420800004],[-98.0418188139999,68.70140208500004],[-97.78856360599991,68.66046784100007],[-97.46446692599994,68.53522370000007],[-97.15925045499995,68.51813385600008],[-97.09618079299992,68.53912995000007],[-97.14427649599992,68.59153880400004],[-97.10195878799993,68.58982982000003],[-96.94334876199991,68.52651601800005],[-96.52049719999991,68.44757721600007],[-96.29588782499991,68.48012929900005],[-95.99974524599992,68.62571849200003],[-95.84211178299995,68.61953359600005],[-95.85387122299994,68.66864655200004],[-95.79283606699994,68.69920482000003],[-95.79629472599993,68.73676178600005],[-95.59508216099994,68.75604889500005],[-95.54751542899993,68.72947825700004],[-95.56834876199991,68.68097565300008],[-95.53038489499994,68.67841217700004],[-95.20995032499991,68.85333893400008],[-95.35326087099992,68.90395742400005]],[[-90.4973852199999,69.24266185100004],[-90.46255449099993,69.26312897300005],[-90.57982337099992,69.36196523600006],[-90.65953528599994,69.38129303600005],[-90.77106686099995,69.34511953300006],[-90.77725175699993,69.27680084800005],[-90.66714433499993,69.35748932500007],[-90.6817113919999,69.31098053600005],[-90.65440833199995,69.31098053600005],[-90.6953832669999,69.28367747600004],[-90.64818274599992,69.26312897300005],[-90.69127356699994,69.23432038000004],[-90.62022864499994,69.25633372600004],[-90.60350501199991,69.20482005400004],[-90.45938066299993,69.22968170800004],[-90.4973852199999,69.24266185100004]],[[-90.1472875639999,69.37299225500004],[-90.19570878799993,69.38605377800008],[-90.20189368399991,69.44814687700006],[-90.25035559799994,69.42829010600008],[-90.23932857999995,69.39459870000007],[-90.30235755099994,69.43537018400008],[-90.50674394399994,69.36664459800005],[-90.51036536399994,69.33144765800006],[-90.32762610599991,69.23895905200004],[-90.1472875639999,69.37299225500004]],[[-96.61237545499995,69.50336334800005],[-96.38499915299991,69.44977448100008],[-96.23204505099994,69.36269765800006],[-96.14313717399995,69.35252513200004],[-96.15054277299993,69.42829010600008],[-96.10130774599992,69.46727122600004],[-96.1692602199999,69.57050202000005],[-96.32249915299991,69.53139883000006],[-96.3841039699999,69.56256745000007],[-96.74022376199991,69.58535390800006],[-96.61237545499995,69.50336334800005]],[[-96.01138261599993,69.48281484600005],[-95.94448808499993,69.42084381700005],[-95.99229895699995,69.39354075700004],[-95.99229895699995,69.35936107000003],[-95.88459225199995,69.34389883000006],[-95.78001868399991,69.46865469000005],[-95.8352758449999,69.55805084800005],[-95.69469153599994,69.54059479400007],[-95.65538489499994,69.40949127800008],[-95.7188207669999,69.38617584800005],[-95.71178137899994,69.34511953300006],[-95.74592037699995,69.33893463700008],[-95.71165930899991,69.32176341400003],[-95.5149633449999,69.33535390800006],[-95.41299394399994,69.38629791900007],[-95.36913001199991,69.49591705900008],[-95.61790930899991,69.61733633000006],[-95.77749589799993,69.63568756700005],[-95.9116918609999,69.60024648600006],[-95.9519750639999,69.51703522300005],[-96.01138261599993,69.48281484600005]],[[-83.85558020699995,69.83173248900005],[-83.91710364499994,69.79360586100006],[-83.70103919199994,69.72280508000006],[-83.65802975199995,69.72866445500006],[-83.70067298099991,69.76854075700004],[-83.52765865799995,69.79075755400004],[-83.85558020699995,69.83173248900005]],[[-91.53355872299994,69.73065827000005],[-91.46312415299991,69.77708567900004],[-91.50405839799993,69.81867096600007],[-91.40851803299995,69.87954336100006],[-91.47740637899994,69.87954336100006],[-91.52049719999991,69.83270905200004],[-91.73745683499993,69.79075755400004],[-91.53355872299994,69.73065827000005]],[[-91.84019934799994,69.82489655200004],[-91.64126542899993,69.85968659100007],[-91.74754798099991,69.88300202000005],[-91.86717688699991,69.84540436400005],[-91.84019934799994,69.82489655200004]],[[-97.43423417899993,69.96596914300005],[-97.49331620999993,69.93170807500007],[-97.46580969999991,69.90062083500004],[-97.27538001199991,69.85887278900003],[-97.22622636599993,69.87954336100006],[-97.32640540299991,69.89183177300004],[-97.34715735599991,69.95197174700007],[-97.43423417899993,69.96596914300005]],[[-87.26537024599992,70.03107330900008],[-87.08421790299991,69.98940664300005],[-87.00633704299992,70.01634349200003],[-86.77692623599995,69.97125885600008],[-86.50352942599994,69.98590729400007],[-86.46035722599993,70.01675039300005],[-86.59752356699994,70.11286041900007],[-86.80304928299995,70.09243398600006],[-87.1165258449999,70.16107819200005],[-87.14561926999994,70.14020416900007],[-87.09780839799993,70.12661367400005],[-87.37901770699995,70.10602448100008],[-87.30313066299993,70.08038971600007],[-87.26537024599992,70.03107330900008]],[[-95.25926673099991,71.83283112200007],[-95.45173092399995,71.82599518400008],[-95.4448949859999,71.79873281500005],[-95.36229407499991,71.79181549700007],[-95.49205481699994,71.74347565300008],[-95.31847083199995,71.74249909100007],[-95.25926673099991,71.83283112200007]],[[-96.37929379199994,72.54010651200008],[-96.43857927399995,72.53856028900003],[-96.40378923499992,72.56586334800005],[-96.44871110999992,72.59638092700004],[-96.45225114899995,72.64223867400005],[-96.58876644799994,72.69684479400007],[-96.51365251599992,72.72410716400003],[-96.53757829699992,72.75202057500007],[-96.93202816699994,72.67572663000004],[-97.06858415699992,72.61424388200004],[-97.1939096779999,72.61505768400008],[-97.18528337499993,72.66889069200005],[-97.02561540699992,72.72947825700004],[-97.09080095399992,72.78266022300005],[-97.1648976329999,72.78514232000003],[-97.21938168299994,72.84023672100005],[-97.41860043299994,72.86066315300008],[-97.27382504199994,72.87872955900008],[-97.22621761999994,72.93642812700006],[-97.2559620859999,72.96206289300005],[-97.66074724299995,73.03668854400007],[-97.9851694429999,73.04413483300004],[-98.26772152699994,72.97736237200007],[-98.3953256929999,72.90485260600008],[-98.4175831799999,72.86102936400005],[-98.44618832299994,72.87250397300005],[-98.43162126599992,72.94342682500007],[-98.4732065529999,72.96369049700007],[-98.4553842869999,72.99575429900005],[-98.51475114899995,73.00470612200007],[-98.49403988599994,73.01788971600007],[-98.34861345399992,73.04364655200004],[-97.73329769799994,73.30634186400005],[-97.29514665699992,73.36644114800004],[-97.1936655369999,73.35126373900005],[-97.1504933359999,73.39508698100008],[-97.25413103199992,73.43610260600008],[-97.16477556299992,73.44969310100004],[-97.22019548499992,73.47748444200005],[-97.34804379199994,73.46954987200007],[-97.44504899999993,73.50263092700004],[-97.63222347999994,73.46039459800005],[-97.6685190529999,73.48212311400005],[-97.64394222999994,73.53969961100006],[-97.4317026459999,73.53229401200008],[-97.44858903999994,73.58515045800004],[-97.2200327239999,73.55597565300008],[-96.99473161799995,73.62592194200005],[-96.93821306299992,73.68683502800008],[-96.95640153999994,73.73729075700004],[-97.19370622699995,73.84747955900008],[-97.6133839609999,73.89545319200005],[-97.8357553809999,73.86806875200006],[-97.73329769799994,73.90900299700007],[-97.77390642199992,73.91889069200005],[-97.90464372699995,73.90224844000005],[-97.97690935199995,73.84857819200005],[-98.0965382579999,73.81830475500004],[-98.67917985999992,73.77741120000007],[-98.7891245209999,73.73773834800005],[-98.83860368799992,73.76166413000004],[-99.12864274999993,73.75177643400008],[-99.17954607099995,73.69057851800005],[-99.24778337499993,73.69672272300005],[-99.21840511999994,73.73944733300004],[-99.3931284279999,73.79954661700003],[-99.78904314099992,73.86806875200006],[-99.8374643649999,73.90224844000005],[-99.80271501599992,73.93695709800005],[-100.1155405369999,73.94009023600006],[-100.24924821899992,73.90875885600008],[-100.30295915699992,73.86123281500005],[-100.0860402109999,73.83177317900004],[-99.84609066699994,73.88833242400005],[-99.86106462499993,73.84446849200003],[-100.02927751599992,73.76561107000003],[-100.02329607099995,73.73777903900003],[-100.0699269299999,73.77301666900007],[-100.41493832299994,73.84365469000005],[-100.6414194429999,73.85431549700007],[-100.75828142199992,73.81439850500004],[-100.88584489899995,73.83209870000007],[-101.0049448339999,73.80239492400005],[-101.02919613599994,73.77871328300006],[-100.98142595399992,73.77252838700008],[-101.11855160499994,73.72406647300005],[-101.0161753029999,73.71723053600005],[-101.0479135839999,73.68256256700005],[-100.85789079699992,73.66885000200006],[-100.9131479589999,73.63532135600008],[-100.87473649999993,73.61863841400003],[-100.54941911799995,73.60053131700005],[-100.54319353199992,73.56704336100006],[-100.6043100679999,73.49876536700003],[-100.42026872699995,73.41925690300008],[-100.65427751599992,73.46149323100008],[-100.7691456799999,73.54588450700004],[-100.91855974299995,73.60297272300005],[-101.22983903999994,73.60614655200004],[-101.26938982099995,73.56004466400003],[-101.43715511999994,73.55341217700004],[-101.53159685199995,73.49555084800005],[-101.62563168299994,73.49135976800005],[-101.56321306299992,73.44953034100007],[-101.31484066699994,73.40045807500007],[-101.28896176099994,73.36005280200004],[-101.02919613599994,73.32623932500007],[-101.03159685199995,73.30243561400005],[-100.85789079699992,73.26284414300005],[-100.33713884399992,73.32623932500007],[-100.40598649999993,73.36782461100006],[-100.3628956799999,73.39960358300004],[-100.0535695079999,73.24518463700008],[-99.7686167089999,73.21076080900008],[-100.0386769299999,73.19367096600007],[-100.13853044599995,73.22382233300004],[-100.1043507579999,73.24428945500006],[-100.1995249119999,73.24017975500004],[-100.3513803809999,73.29266998900005],[-100.5562550549999,73.23126862200007],[-100.46742855799994,73.20331452000005],[-100.61147152699994,73.14809804900005],[-100.5193491309999,73.11603424700007],[-100.52952165699992,73.09345123900005],[-100.22788591499994,73.13442617400005],[-100.32346696899992,73.10089752800008],[-100.17323910499994,73.07977936400005],[-100.22788591499994,73.05247630400004],[-100.1316945079999,73.04629140800006],[-100.1521616309999,73.03266022300005],[-100.11118669599995,73.03266022300005],[-100.11118669599995,72.99848053600005],[-100.18007504199994,72.99103424700007],[-100.0354624119999,72.94383372600004],[-100.0884409279999,72.91901276200008],[-100.07175798499992,72.88857656500005],[-100.3047902109999,72.87498607000003],[-100.3296925549999,72.90843333500004],[-100.26499528999994,72.92283763200004],[-100.26877946899992,72.96002838700008],[-100.31223649999993,72.93797435100004],[-100.4165659279999,72.97833893400008],[-100.3814096779999,73.00967031500005],[-100.40598649999993,73.01898834800005],[-100.31040544599995,73.03266022300005],[-100.3513803809999,73.05247630400004],[-100.46742855799994,73.01898834800005],[-100.44700212499993,73.00470612200007],[-100.5022592869999,72.96369049700007],[-100.3923960059999,72.95010000200006],[-100.44700212499993,72.92210521000004],[-100.39662777699994,72.90281810100004],[-100.42026872699995,72.87498607000003],[-100.33339535499994,72.85016510600008],[-100.31663103199992,72.80609772300005],[-100.44834489899995,72.73810455900008],[-100.83608090199994,72.76414622600004],[-100.87217302399995,72.73777903900003],[-100.8101206149999,72.72410716400003],[-100.94724626599992,72.68939850500004],[-101.3335581149999,72.72479889500005],[-101.4133920989999,72.75202057500007],[-101.3110971779999,72.74770742400005],[-101.27683610999992,72.77875397300005],[-101.46860857099995,72.80609772300005],[-101.5222788179999,72.88080475500004],[-101.59836931299992,72.90843333500004],[-101.5437631929999,72.92210521000004],[-101.56785173499992,72.92731354400007],[-101.59788103199992,72.92226797100005],[-101.6287241309999,72.89232005400004],[-101.73923845399992,72.92767975500004],[-101.81748552399995,72.97052643400008],[-101.7349253029999,72.97052643400008],[-101.78953142199992,72.98480866100005],[-101.76283871399994,73.01898834800005],[-101.9813038829999,73.06610748900005],[-101.9478159279999,73.09345123900005],[-102.28293962499993,73.08722565300008],[-102.48476254199994,73.04124583500004],[-102.56785173499992,72.99477773600006],[-102.60203142199992,72.91217682500007],[-102.7559620859999,72.81232330900008],[-102.75034685199995,72.76390208500004],[-102.71498715199994,72.75202057500007],[-102.7422902109999,72.73037344000005],[-102.61423845399992,72.66132233300004],[-102.39280290699992,72.57953522300005],[-101.93398129199994,72.48651764500005],[-101.90623064099992,72.47028229400007],[-101.9614878029999,72.47028229400007],[-101.91982113599994,72.40818919500003],[-101.77646989899995,72.39516836100006],[-101.89316911799995,72.39516836100006],[-101.87278337499993,72.38108958500004],[-101.89316911799995,72.36041901200008],[-101.7820444429999,72.30878327000005],[-101.60227556299992,72.31102122600004],[-101.44862972999994,72.24213288000004],[-101.39976091499994,72.25116608300004],[-101.40321957299994,72.27928294500003],[-101.35618181299992,72.30573151200008],[-101.21616716499994,72.33470286700003],[-101.0359913829999,72.27789948100008],[-101.08384294599995,72.26422760600008],[-101.0230112399999,72.25739166900007],[-101.05710954699992,72.23688385600008],[-100.96775407899992,72.17544179900005],[-100.8963022559999,72.20929596600007],[-100.6365366309999,72.18646881700005],[-100.48793636999994,72.12763092700004],[-100.5152394299999,72.12079498900005],[-100.49839372699995,72.09666575700004],[-100.42026872699995,72.09349192900004],[-100.44700212499993,72.05878327000005],[-100.11863298499992,71.89423248900005],[-99.86436052399995,71.85944245000007],[-99.8201303809999,71.80613841400003],[-99.6934620859999,71.76715729400007],[-99.56166683899994,71.62006256700005],[-99.38523454699992,71.58584219000005],[-99.37449235999992,71.56126536700003],[-99.41225277699994,71.54547760600008],[-99.31606136999994,71.47654857000003],[-99.23508806299992,71.34959544500003],[-98.9676320079999,71.38324616100005],[-98.72996110999992,71.27171458500004],[-98.54148454699992,71.29218170800004],[-98.21519060199995,71.40940989800004],[-98.0418100679999,71.53119538000004],[-98.37538754199994,71.65241120000007],[-98.39792985999992,71.70815664300005],[-98.50046892199992,71.72296784100007],[-98.34348649999993,71.86078522300005],[-98.2603159279999,71.86762116100005],[-98.2950245859999,71.90167877800008],[-98.21311540699992,71.88125234600005],[-98.31858415699992,71.81175364800004],[-98.35927426099994,71.73436107000003],[-98.2527882579999,71.66998932500007],[-97.76381527699994,71.64590078300006],[-97.68528337499993,71.61839427300004],[-97.4612436619999,71.61737702000005],[-97.21189470399992,71.66648997600004],[-97.0828663829999,71.70311107000003],[-96.96156918299994,71.80683014500005],[-96.8294077239999,71.81313711100006],[-96.73964535499994,71.85236237200007],[-96.6775522559999,71.83966705900008],[-96.7383839609999,71.82855866100005],[-96.73765153999994,71.79905833500004],[-96.58876644799994,71.82074616100005],[-96.50132341499994,71.93146393400008],[-96.76694841499994,71.92226797100005],[-96.62632341499994,71.96320221600007],[-96.54075212499993,71.95453522300005],[-96.4932260839999,72.02802155200004],[-96.86928402699994,72.04511139500005],[-96.49998064099992,72.09349192900004],[-96.48484392199992,72.12848541900007],[-96.53416032899992,72.24433014500005],[-96.61611019799994,72.25116608300004],[-96.55466814099992,72.26422760600008],[-96.58193051099994,72.28530508000006],[-96.87681169599995,72.32632070500006],[-96.66440935199995,72.31826406500005],[-96.30556332299994,72.43667226800005],[-96.37929379199994,72.54010651200008]],[[-97.01398678299995,72.77875397300005],[-96.95059160099993,72.74127838700008],[-96.77245032499991,72.72394440300008],[-96.65086829299992,72.77875397300005],[-96.72598222599993,72.83397044500003],[-96.69180253799993,72.88861725500004],[-96.79039466099994,72.88654205900008],[-97.01398678299995,72.77875397300005]],[[-95.85578365799995,72.86066315300008],[-95.77326412699995,72.80609772300005],[-95.7202856109999,72.81834544500003],[-95.72105872299994,72.84902578300006],[-95.79320227799991,72.88056061400005],[-95.85578365799995,72.86066315300008]],[[-96.76073157499991,73.18268463700008],[-96.90379798099991,73.18964264500005],[-97.04381262899994,73.15558502800008],[-97.14427649599992,73.07636139500005],[-97.10033118399991,72.99201080900008],[-96.97301184799994,72.92963288000004],[-96.71011308499993,72.94171784100007],[-96.56826738199993,73.05247630400004],[-96.65086829299992,73.14183177300004],[-96.77057857999995,73.12335846600007],[-96.72598222599993,73.16233958500004],[-96.76073157499991,73.18268463700008]],[[-90.26414954299992,73.84479401200008],[-90.19570878799993,73.90224844000005],[-90.99388587099992,74.00592682500007],[-91.57237708199995,74.03314850500004],[-91.8145238919999,74.02875397300005],[-92.10741126199991,73.99217357000003],[-92.1309301419999,73.95083242400005],[-92.33397376199991,73.94318268400008],[-92.27131100199995,73.99217357000003],[-92.43016516799992,74.06240469000005],[-92.64281165299991,74.10297272300005],[-92.74705969999991,74.08510976800005],[-92.79995683499993,74.13182200700004],[-93.27257239499994,74.17796458500004],[-93.72984778599994,74.16083405200004],[-93.76593990799995,74.13556549700007],[-93.72492428299995,74.08779531500005],[-93.75723222599993,74.07713450700004],[-93.91901607999995,74.14008209800005],[-94.72057044199994,74.10138580900008],[-94.85936438699991,74.05683014500005],[-95.24864661399994,74.00991445500006],[-95.31309973899994,73.97370026200008],[-95.33092200399994,73.91746653900003],[-95.15538489499994,73.82729726800005],[-95.04759680899991,73.86123281500005],[-94.95763098899994,73.84137604400007],[-95.11587480399993,73.81403229400007],[-94.91047115799995,73.71039459800005],[-94.62242591099994,73.65574778900003],[-95.02135169199994,73.67059967700004],[-95.24592037699995,73.75971100500004],[-95.41173255099994,73.77643463700008],[-95.66234290299991,73.73094310100004],[-95.68443762899994,73.71723053600005],[-95.65648352799991,73.70416901200008],[-95.71922766799992,73.69057851800005],[-95.68455969999991,73.66791413000004],[-95.7254125639999,73.64150625200006],[-95.54043535099993,73.58071523600006],[-95.63292395699995,73.59454987200007],[-95.67015540299991,73.58685944200005],[-95.64346269399994,73.56704336100006],[-95.70494544199994,73.55955638200004],[-95.63585364499994,73.52814362200007],[-95.68517005099994,73.46320221600007],[-95.60191809799994,73.38890208500004],[-95.65029863199993,73.33368561400005],[-95.59166419199994,73.30263906500005],[-95.58975175699993,73.24673086100006],[-95.56090247299994,73.23802317900004],[-95.58853105399993,73.23021067900004],[-95.58202063699991,73.16233958500004],[-95.5132543609999,73.13373444200005],[-95.65160071499992,73.11859772300005],[-95.69127356699994,73.08722565300008],[-95.65029863199993,73.03949616100005],[-95.71739661399994,72.99713776200008],[-95.62295488199993,72.92963288000004],[-95.66299394399994,72.88491445500006],[-95.66893469999991,72.80215078300006],[-95.56358801999994,72.78628164300005],[-95.51309160099993,72.73777903900003],[-95.59040279899995,72.74339427300004],[-95.59268144399994,72.69944896000004],[-95.36318925699993,72.63971588700008],[-95.31387285099993,72.60748932500007],[-95.34862219999991,72.59381745000007],[-95.31387285099993,72.54535553600005],[-95.21524003799993,72.53241608300004],[-95.13573157499991,72.46344635600008],[-95.19847571499992,72.45661041900007],[-95.14317786399994,72.43618398600006],[-95.23534094999991,72.43952057500007],[-95.16368567599994,72.35419342700004],[-95.21385657499991,72.20477936400005],[-95.17674719999991,72.15497467700004],[-94.79043535099993,72.15993886900003],[-95.2012426419999,72.11090729400007],[-95.08861243399991,72.10032786700003],[-95.1870824859999,72.06899648600006],[-95.21149654899995,71.99420807500007],[-95.10903886599993,71.99795156500005],[-95.17275956899994,71.97329336100006],[-95.14525305899991,71.96588776200008],[-94.34496008999992,72.02562083500004],[-94.0601293609999,71.98362864800004],[-94.03282630099994,72.00409577000005],[-94.0738012359999,72.02460358300004],[-94.02660071499992,72.06557851800005],[-94.12901770699995,72.02460358300004],[-94.23387610599991,72.03241608300004],[-94.08775794199994,72.06354401200008],[-94.02660071499992,72.15497467700004],[-93.81102454299992,72.31631094000005],[-93.62279212099992,72.35785553600005],[-93.46422278599994,72.46344635600008],[-93.62832597599993,72.60122304900005],[-93.81680253799993,72.64524974200003],[-93.78742428299995,72.74070872600004],[-93.8758031889999,72.70990631700005],[-94.18594316299993,72.73680247600004],[-94.31432044199994,72.71662018400008],[-94.32079016799992,72.76508209800005],[-93.30101477799991,72.81834544500003],[-93.2110082669999,72.78558991100005],[-92.38487708199995,72.70990631700005],[-92.09581458199995,72.74624258000006],[-91.85765540299991,72.84796784100007],[-91.37633216099994,73.20319245000007],[-91.63385982999995,73.23126862200007],[-91.25767981699994,73.27220286700003],[-91.17577063699991,73.35415273600006],[-90.92125403599994,73.49811432500007],[-90.98338782499991,73.55955638200004],[-90.78636633999992,73.55683014500005],[-90.51073157499991,73.69794342700004],[-90.37319902299993,73.79238515800006],[-90.37889563699991,73.85838450700004],[-90.31297766799992,73.87103913000004],[-90.26414954299992,73.84479401200008]],[[-98.97350012899994,73.95746491100005],[-99.4402563139999,73.90900299700007],[-99.35513261599993,73.86615631700005],[-98.81920325399994,73.83763255400004],[-99.17210852799991,73.83392975500004],[-99.1433813139999,73.82160065300008],[-98.76317298099991,73.81659577000005],[-98.72020423099991,73.82709381700005],[-98.74852454299992,73.83641185100004],[-98.71837317599994,73.86522044500003],[-98.65143795499995,73.83454010600008],[-98.14342200399994,73.87840403900003],[-97.80846106699994,73.97793203300006],[-97.64321855399993,74.07221100500004],[-97.72524980399993,74.12164948100008],[-98.17300370999993,74.09772370000007],[-98.52920488199993,74.03339264500005],[-98.75251217399995,74.03363678600005],[-99.01170813699991,73.97479889500005],[-98.97350012899994,73.95746491100005]],[[-97.51366126199991,74.60175202000005],[-97.79478919199994,74.49188873900005],[-97.63621985599991,74.45994700700004],[-97.37706458199995,74.51235586100006],[-97.26036536399994,74.59796784100007],[-97.45836341099994,74.63056061400005],[-97.53408769399994,74.60175202000005],[-97.51366126199991,74.60175202000005]],[[-95.7176000639999,74.53253815300008],[-95.34959876199991,74.49591705900008],[-95.25560462099992,74.51878489800004],[-95.49258378799993,74.63336823100008],[-95.65664628799993,74.64109935100004],[-95.75210527299993,74.61448802300004],[-95.73281816299993,74.58746979400007],[-95.87002519399994,74.58124420800004],[-95.7176000639999,74.53253815300008]],[[-93.41649329299992,74.84072500200006],[-93.4309789699999,74.96747467700004],[-93.53453528599994,75.04466380400004],[-93.64240475199995,75.03994375200006],[-93.49156653599994,75.07404205900008],[-93.51203365799995,75.09516022300005],[-93.46226966099994,75.13507721600007],[-93.58031165299991,75.20502350500004],[-93.49937903599994,75.26801178600005],[-93.80003821499992,75.30744049700007],[-93.6492406889999,75.32786692900004],[-93.67650305899991,75.36204661700003],[-93.98741614499994,75.43927643400008],[-94.39391028599994,75.60423411700003],[-94.89952551999994,75.64472077000005],[-95.1511938139999,75.59316640800006],[-95.31175696499992,75.60130442900004],[-95.37344316299993,75.55499909100007],[-95.59056555899991,75.54889557500007],[-95.84211178299995,75.46507396000004],[-95.67951412699995,75.41351959800005],[-95.70494544199994,75.40302155200004],[-95.98607337099992,75.43821849200003],[-96.15550696499992,75.40802643400008],[-96.17788652299993,75.38251373900005],[-96.03888912699995,75.40477122600004],[-95.78001868399991,75.38251373900005],[-95.93765214799993,75.34845612200007],[-95.88988196499992,75.36888255400004],[-95.92052161399994,75.38963450700004],[-96.02700761599993,75.32786692900004],[-96.17105058499993,75.30744049700007],[-96.17105058499993,75.28701406500005],[-95.90355383999992,75.29315827000005],[-96.09398352799991,75.26097239800004],[-95.98607337099992,75.25218333500004],[-96.35411536399994,75.22467682500007],[-96.40379798099991,75.21124909100007],[-96.36969967399995,75.19757721600007],[-96.3880102199999,75.17999909100007],[-96.46934973899994,75.19440338700008],[-96.59805253799993,75.07550690300008],[-96.61611894399994,74.99152252800008],[-96.32945716099994,75.00413646000004],[-96.33169511599993,74.97825755400004],[-96.39761308499993,74.98529694200005],[-96.40379798099991,74.93691640800006],[-96.26667232999995,74.90961334800005],[-96.20579993399991,74.93065013200004],[-96.15054277299993,75.01886627800008],[-96.06460527299993,75.02358633000006],[-96.14313717399995,74.95799388200004],[-96.05455481699994,74.97272370000007],[-96.0332738919999,74.95058828300006],[-96.13687089799993,74.93691640800006],[-95.87002519399994,74.85496653900003],[-95.92467200399994,74.83441803600005],[-95.89757239499994,74.82587311400005],[-95.7390844389999,74.82078685100004],[-95.71890214799993,74.84658437700006],[-95.67642167899993,74.81891510600008],[-95.51488196499992,74.81411367400005],[-95.49205481699994,74.79975006700005],[-95.54662024599992,74.77301666900007],[-95.51134192599994,74.74359772300005],[-95.45173092399995,74.74510325700004],[-95.48021399599992,74.78131745000007],[-95.46043860599991,74.80426666900007],[-95.38280188699991,74.80719635600008],[-95.46471106699994,74.77985260600008],[-95.44245357999995,74.77293528900003],[-95.30540930899991,74.80548737200007],[-95.05382239499994,74.73143138200004],[-95.08861243399991,74.69049713700008],[-95.06696529899995,74.68207428600005],[-94.92100989499994,74.66376373900005],[-94.82860266799992,74.68512604400007],[-94.7241918609999,74.63178131700005],[-93.60765540299991,74.65420156500005],[-93.46666419199994,74.70376211100006],[-93.4722387359999,74.73444245000007],[-93.56663977799991,74.74510325700004],[-93.44310462099992,74.76927317900004],[-93.41649329299992,74.84072500200006]],[[-96.65672766799992,75.38857656500005],[-96.62291419199994,75.40302155200004],[-96.70547441299993,75.42413971600007],[-96.50267493399991,75.46157461100006],[-96.5520727199999,75.51666901200008],[-96.42430579299992,75.58120351800005],[-96.36461341099994,75.57599518400008],[-96.4153539699999,75.55145905200004],[-96.40855872299994,75.52228424700007],[-96.20571855399993,75.45799388200004],[-95.91038977799991,75.56069570500006],[-96.02700761599993,75.60907623900005],[-96.37511145699995,75.65997955900008],[-96.42430579299992,75.63580963700008],[-96.43618730399993,75.58779531500005],[-97.05492102799991,75.49921295800004],[-96.94737708199995,75.41437409100007],[-96.98668372299994,75.39679596600007],[-96.87271074099993,75.35736725500004],[-96.65672766799992,75.38857656500005]],[[-79.33429928299995,74.90338776200008],[-79.43932044199994,74.92304108300004],[-79.56017005099994,74.99152252800008],[-79.50499426999994,74.99896881700005],[-79.59203040299991,75.02057526200008],[-79.77993730399993,75.03245677300004],[-80.05931555899991,74.96092357000003],[-80.24913489499994,74.95351797100005],[-80.2761938139999,74.96857330900008],[-80.1765844389999,74.98529694200005],[-80.4434301419999,75.03994375200006],[-79.96865800699993,75.09747955900008],[-79.93553626199991,75.14126211100006],[-79.82534745999993,75.17548248900005],[-79.62848873599995,75.18024323100008],[-79.44351152299993,75.28701406500005],[-79.61485755099994,75.30369700700004],[-79.53258216099994,75.32733795800004],[-79.50104732999995,75.39191315300008],[-79.68309485599991,75.43773021000004],[-79.57384192599994,75.45148346600007],[-79.64981035099993,75.46979401200008],[-80.3758031889999,75.46507396000004],[-79.9500219389999,75.54022858300004],[-80.08775794199994,75.54767487200007],[-80.0598852199999,75.56818268400008],[-80.07860266799992,75.58608633000006],[-80.33653723899994,75.63788483300004],[-80.50340735599991,75.66156647300005],[-81.01524817599994,75.63629791900007],[-81.28628495999993,75.66372304900005],[-81.09512285099993,75.75995514500005],[-81.11314856699994,75.77912018400008],[-82.33104407499991,75.84357330900008],[-83.11953691299993,75.74005768400008],[-83.39586341099994,75.74860260600008],[-83.52049719999991,75.79865143400008],[-83.75422115799995,75.80707428600005],[-83.69896399599992,75.82135651200008],[-83.73623613199993,75.82660553600005],[-84.00059973899994,75.82880280200004],[-83.91808020699995,75.81452057500007],[-84.28962154899995,75.71328359600005],[-84.66470292899993,75.69106679900005],[-84.65794837099992,75.65009186400005],[-84.50088456899994,75.63580963700008],[-84.57607988199993,75.62425364800004],[-85.04491126199991,75.65582916900007],[-85.01480058499993,75.64325592700004],[-85.17931067599994,75.62897370000007],[-85.32266191299993,75.57436758000006],[-85.22712154899995,75.56069570500006],[-85.56810462099992,75.57233307500007],[-85.52871660099993,75.60162995000007],[-86.1516820949999,75.50877513200004],[-85.52188066299993,75.40302155200004],[-85.99282792899993,75.42218659100007],[-86.61803137899994,75.36888255400004],[-86.36481686099995,75.43036530200004],[-86.57990475199995,75.47760651200008],[-86.77782141799992,75.47601959800005],[-87.26573645699995,75.62303294500003],[-87.50747636599993,75.56126536700003],[-87.42365475199995,75.50079987200007],[-87.46690833199995,75.45600006700005],[-87.60558020699995,75.45148346600007],[-87.49571692599994,75.49237702000005],[-87.75084387899994,75.58087799700007],[-88.22813880099994,75.47134023600006],[-88.30382239499994,75.49921295800004],[-88.20010331899994,75.51837799700007],[-88.22264563699991,75.54498932500007],[-88.72240149599992,75.68610260600008],[-88.75633704299992,75.67796458500004],[-88.75649980399993,75.64581940300008],[-88.90029863199993,75.60907623900005],[-88.75291907499991,75.48187897300005],[-88.76378333199995,75.43773021000004],[-88.91738847599993,75.43036530200004],[-89.1023656889999,75.48867422100005],[-89.20848548099991,75.58600495000007],[-89.67552649599992,75.54962799700007],[-89.70840410099993,75.56069570500006],[-89.54458574099993,75.57436758000006],[-89.76305091099994,75.58120351800005],[-89.64720618399991,75.62238190300008],[-89.25719153599994,75.63580963700008],[-89.16250566299993,75.76520416900007],[-89.19766191299993,75.79629140800006],[-89.51480058499993,75.85932038000004],[-89.60545813699991,75.86204661700003],[-89.55142167899993,75.85553620000007],[-89.77733313699991,75.79409414300005],[-89.77025305899991,75.84365469000005],[-89.68797766799992,75.90326569200005],[-89.84780839799993,75.96784088700008],[-89.95929928299995,75.97703685100004],[-89.92813066299993,76.00633372600004],[-89.96377519399994,76.01601797100005],[-90.04857337099992,76.01068756700005],[-90.11375891799992,75.93744538000004],[-90.31484941299993,75.97435130400004],[-90.51854407499991,75.89883047100005],[-90.51915442599994,75.94037506700005],[-90.42845618399991,75.97223541900007],[-90.55186926999994,75.98602936400005],[-90.70034745999993,75.95673248900005],[-90.73631751199991,75.96539948100008],[-90.67487545499995,75.97842031500005],[-90.79775956899994,75.99884674700007],[-90.93175208199995,75.92340729400007],[-91.06590735599991,75.89647044500003],[-91.12881425699993,75.83612702000005],[-91.14781653599994,75.90326569200005],[-90.94717363199993,75.94285716400003],[-91.07213294199994,75.99266185100004],[-90.94298255099994,76.00633372600004],[-91.16148841099994,76.02065664300005],[-90.29124915299991,76.03180573100008],[-90.18822180899991,76.06777578300006],[-90.55199133999992,76.09568919500003],[-90.71930904899995,76.05638255400004],[-90.86668860599991,76.06777578300006],[-90.66808020699995,76.11562734600005],[-91.24364173099991,76.16400788000004],[-91.40851803299995,76.14972565300008],[-91.25767981699994,76.20156484600005],[-91.6133520169999,76.26703522300005],[-91.23721269399994,76.22540924700007],[-91.16148841099994,76.19814687700006],[-90.09373938699991,76.12498607000003],[-90.05109615799995,76.13605377800008],[-90.45641028599994,76.17767975500004],[-89.38011633999992,76.18447500200006],[-89.19444739499994,76.24819570500006],[-89.29759680899991,76.30052317900004],[-90.44782467399995,76.41132233300004],[-90.57738196499992,76.39158763200004],[-90.99014238199993,76.45136139500005],[-91.40111243399991,76.45880768400008],[-91.56554114499994,76.49974192900004],[-91.34943600199995,76.51691315300008],[-91.0735570949999,76.48061758000006],[-91.01065019399994,76.49233633000006],[-91.00450598899994,76.52008698100008],[-90.65343176999994,76.45677317900004],[-90.46939042899993,76.48615143400008],[-90.53087317599994,76.50657786700003],[-90.4973852199999,76.52708567900004],[-90.53270423099991,76.55052317900004],[-90.80638587099992,76.58746979400007],[-90.92113196499992,76.64329661700003],[-91.44107011599993,76.69367096600007],[-92.00438391799992,76.66425202000005],[-92.36896725199995,76.59910716400003],[-93.07925370999993,76.62763092700004],[-93.1148168609999,76.61644114800004],[-93.09365800699993,76.59601471600007],[-93.36188717399995,76.47186920800004],[-93.58031165299991,76.43085358300004],[-93.45738684799994,76.41038646000004],[-93.56069902299993,76.39516836100006],[-93.65607662699995,76.44513580900008],[-93.29914303299995,76.55499909100007],[-93.26158606699994,76.62641022300005],[-93.17625891799992,76.68105703300006],[-93.19676673099991,76.75307851800005],[-93.2727758449999,76.75287506700005],[-93.28551184799994,76.78034088700008],[-93.70091712099992,76.92096588700008],[-93.96401933499993,76.93650950700004],[-94.11359615799995,76.88776276200008],[-94.23399817599994,76.89061107000003],[-94.30728105399993,76.92169830900008],[-94.45547441299993,76.92108795800004],[-94.50796464799993,76.97117747600004],[-94.93032792899993,76.97894928600005],[-95.42373613199993,77.06146881700005],[-95.77074133999992,77.07672760600008],[-96.3902074859999,77.03424713700008],[-96.24673417899993,77.00629303600005],[-96.47297115799995,76.95921458500004],[-96.8184301419999,76.98338450700004],[-96.65770423099991,76.95229726800005],[-96.8511449859999,76.92963288000004],[-96.81956946499992,76.87201569200005],[-96.31444251199991,76.80829498900005],[-96.51146399599992,76.80805084800005],[-96.50690670499995,76.78717682500007],[-96.58193925699993,76.77350495000007],[-96.30821692599994,76.75983307500007],[-96.66295325399994,76.75413646000004],[-96.86750240799995,76.81366608300004],[-96.90038001199991,76.78636302300004],[-96.84264075399994,76.77350495000007],[-96.96556555899991,76.73940664300005],[-96.87149003799993,76.70319245000007],[-96.49962317599994,76.69574616100005],[-96.37242591099994,76.63764069200005],[-96.22569739499994,76.63694896000004],[-96.24673417899993,76.62270742400005],[-96.14224199099993,76.58348216400003],[-95.99229895699995,76.58173248900005],[-96.02700761599993,76.55499909100007],[-95.7840063139999,76.55467357000003],[-95.58824622299994,76.60960521000004],[-95.75767981699994,76.52732982000003],[-96.05728105399993,76.52399323100008],[-96.10899817599994,76.49974192900004],[-95.82331295499995,76.39911530200004],[-95.42052161399994,76.40094635600008],[-95.37596594999991,76.39671458500004],[-95.45173092399995,76.36945221600007],[-94.80060787699995,76.32843659100007],[-95.35777747299994,76.30512116100005],[-95.39024817599994,76.23908112200007],[-95.06065833199995,76.22540924700007],[-94.74909420499995,76.31484609600005],[-94.66344153599994,76.31484609600005],[-94.64232337099992,76.29433828300006],[-94.66344153599994,76.28685130400004],[-94.60366777299993,76.27374909100007],[-94.18639075399994,76.28408437700006],[-93.70372473899994,76.25153229400007],[-93.63491777299993,76.25958893400008],[-93.76593990799995,76.28685130400004],[-93.6773168609999,76.32705312700006],[-93.62124589799993,76.31484609600005],[-93.66974850199995,76.30052317900004],[-93.59105383999992,76.29970937700006],[-93.28990637899994,76.36920807500007],[-93.06017005099994,76.34902578300006],[-93.08067786399994,76.32225169500003],[-93.04845130099994,76.29539622600004],[-92.80093339799993,76.21434153900003],[-92.75991777299993,76.16486237200007],[-92.66612708199995,76.13507721600007],[-92.61974036399994,76.01459381700005],[-92.41283118399991,75.92645905200004],[-92.12682044199994,75.87384674700007],[-92.10472571499992,75.81452057500007],[-92.17568925699993,75.75250885600008],[-92.01183020699995,75.66372304900005],[-92.07945716099994,75.62897370000007],[-92.00438391799992,75.60162995000007],[-92.19579016799992,75.55670807500007],[-92.38076738199993,75.45612213700008],[-92.46304277299993,75.37567780200004],[-92.32652747299994,75.37567780200004],[-92.42894446499992,75.34153880400004],[-92.47052975199995,75.29315827000005],[-92.45685787699995,75.25218333500004],[-92.50401770699995,75.21800364800004],[-92.28229732999995,75.14081452000005],[-92.05589758999992,75.15322500200006],[-92.11424719999991,75.13613515800006],[-92.01183020699995,75.10138580900008],[-92.23033606699994,75.07404205900008],[-92.20238196499992,75.06728750200006],[-92.22411048099991,75.03245677300004],[-92.06114661399994,74.96283600500004],[-92.07945716099994,74.93691640800006],[-92.01183020699995,74.90961334800005],[-92.0137426419999,74.85504791900007],[-92.06273352799991,74.80341217700004],[-91.80577551999994,74.73826732000003],[-91.88084876199991,74.71161530200004],[-91.66600501199991,74.72675202000005],[-91.62083899599992,74.71161530200004],[-91.68907630099994,74.68366120000007],[-91.51349850199995,74.64472077000005],[-91.3684789699999,74.64858633000006],[-91.33946692599994,74.68878815300008],[-91.37376868399991,74.70408763200004],[-91.33043372299994,74.72093333500004],[-91.29527747299994,74.70522695500006],[-91.28563391799992,74.63589101800005],[-91.09943600199995,74.62905508000006],[-91.23037675699993,74.73826732000003],[-91.09943600199995,74.75250885600008],[-90.78677324099993,74.88963450700004],[-90.75682532499991,74.88287995000007],[-90.75682532499991,74.83441803600005],[-91.0249731109999,74.70408763200004],[-90.90550696499992,74.68695709800005],[-90.84618079299992,74.72528717700004],[-90.72329667899993,74.73826732000003],[-90.76366126199991,74.71775950700004],[-90.73009192599994,74.66315338700008],[-90.5637914699999,74.60858795800004],[-90.31175696499992,74.62905508000006],[-90.37319902299993,74.60175202000005],[-90.11074785099993,74.55467357000003],[-90.00865637899994,74.59064362200007],[-89.91852779899995,74.52728913000004],[-89.43443762899994,74.55329010600008],[-89.38182532499991,74.58771393400008],[-89.14736894399994,74.60789622600004],[-89.0989477199999,74.68707916900007],[-89.27025305899991,74.75873444200005],[-89.06029212099992,74.72223541900007],[-89.01016191299993,74.78607819200005],[-89.0989477199999,74.84072500200006],[-88.92076575399994,74.78607819200005],[-88.89061438699991,74.67499420800004],[-88.84764563699991,74.66498444200005],[-88.76455644399994,74.71552155200004],[-88.75255286399994,74.77562083500004],[-88.66128495999993,74.85154857000003],[-88.62596594999991,74.85496653900003],[-88.61913001199991,74.82078685100004],[-88.55492102799991,74.84088776200008],[-88.57876542899993,74.89606354400007],[-88.53945878799993,74.90375397300005],[-88.44782467399995,74.83441803600005],[-88.48884029899995,74.79352448100008],[-88.29698645699995,74.77985260600008],[-88.43419348899994,74.76557038000004],[-88.40762285099993,74.75275299700007],[-88.43443762899994,74.70111725500004],[-88.56436113199993,74.57343170800004],[-88.51781165299991,74.50120677300004],[-88.24205481699994,74.48139069200005],[-88.14915930899991,74.51190827000005],[-88.06041419199994,74.47736237200007],[-87.87734941299993,74.48187897300005],[-87.75576738199993,74.51992422100005],[-87.73839270699995,74.47479889500005],[-87.64362545499995,74.45831940300008],[-87.29649817599994,74.54645416900007],[-87.37279212099992,74.52602773600006],[-87.33470618399991,74.48309967700004],[-87.25926673099991,74.46816640800006],[-87.04991614499994,74.47736237200007],[-87.01406816299993,74.51398346600007],[-86.91104081899994,74.46454498900005],[-86.60374915299991,74.47138092700004],[-86.80101477799991,74.54938385600008],[-86.80304928299995,74.62221914300005],[-86.74901282499991,74.61542389500005],[-86.75694739499994,74.58746979400007],[-86.6614477199999,74.53754303600005],[-86.38003495999993,74.48749420800004],[-86.25133216099994,74.52838776200008],[-86.22398841099994,74.55512116100005],[-86.23790442599994,74.60138580900008],[-86.17926998599995,74.62221914300005],[-86.15379798099991,74.60789622600004],[-86.17926998599995,74.59422435100004],[-86.08018958199995,74.54987213700008],[-86.12462317599994,74.48436107000003],[-85.60387122299994,74.49803294500003],[-85.48228919199994,74.54535553600005],[-85.5554906889999,74.66315338700008],[-85.53368079299992,74.69009023600006],[-85.48029537699995,74.67426178600005],[-85.35741126199991,74.50556061400005],[-85.18492591099994,74.49310944200005],[-85.03526770699995,74.53900788000004],[-85.0762426419999,74.64264557500007],[-85.00157630099994,74.68256256700005],[-85.00796464799993,74.70408763200004],[-84.95718339799993,74.68109772300005],[-84.99437415299991,74.64887116100005],[-84.98745683499993,74.57440827000005],[-84.9148656889999,74.51235586100006],[-84.25829016799992,74.50649648600006],[-84.04393469999991,74.54315827000005],[-83.62035071499992,74.54555898600006],[-83.49351966099994,74.57782623900005],[-83.44566809799994,74.66315338700008],[-83.32217363199993,74.76215241100005],[-83.5020238919999,74.83002350500004],[-83.56248938699991,74.89232005400004],[-83.49168860599991,74.90949127800008],[-83.35879472599993,74.85635000200006],[-83.07848059799994,74.81582265800006],[-83.03750566299993,74.77610911700003],[-83.11774654899995,74.73749420800004],[-83.1172582669999,74.66937897300005],[-82.9199926419999,74.55149974200003],[-82.60619055899991,74.51235586100006],[-82.42149817599994,74.57269928600005],[-82.38304602799991,74.54645416900007],[-82.42170162699995,74.51833730700008],[-81.78868567599994,74.45840078300006],[-81.11534583199995,74.57892487200007],[-80.54185950399994,74.56354401200008],[-80.21751868399991,74.58746979400007],[-80.23180091099994,74.60175202000005],[-80.15623938699991,74.63686758000006],[-80.19701087099992,74.64264557500007],[-80.1765844389999,74.66315338700008],[-80.20474199099993,74.69733307500007],[-80.12877356699994,74.71775950700004],[-80.2454320949999,74.75873444200005],[-80.10081946499992,74.79352448100008],[-80.12254798099991,74.81395091400003],[-80.10081946499992,74.82762278900003],[-80.41055253799993,74.90180084800005],[-80.31314042899993,74.94155508000006],[-80.26203365799995,74.87938060100004],[-80.19017493399991,74.89594147300005],[-80.1966039699999,74.94342682500007],[-80.14586341099994,74.92023346600007],[-80.16673743399991,74.86334870000007],[-79.94758053299995,74.81753164300005],[-79.33429928299995,74.90338776200008]],[[-97.47227942599994,75.42450592700004],[-97.28087317599994,75.40302155200004],[-97.40892493399991,75.47158437700006],[-97.4246313139999,75.52952708500004],[-97.37751217399995,75.67983633000006],[-97.93936113199993,75.74567291900007],[-97.66763261599993,75.80243561400005],[-97.57022050699993,75.86522044500003],[-97.65453040299991,75.98212311400005],[-97.58242753799993,76.08917877800008],[-97.50145423099991,76.14378489800004],[-97.50674394399994,76.19065989800004],[-97.78856360599991,76.32225169500003],[-97.73306230399993,76.39557526200008],[-97.66844641799992,76.42035553600005],[-97.69920813699991,76.46564362200007],[-97.66510982999995,76.48615143400008],[-98.36790930899991,76.57050202000005],[-98.40489661399994,76.59601471600007],[-98.15103105399993,76.58856842700004],[-98.42162024599992,76.62547435100004],[-98.40802975199995,76.66766998900005],[-98.45531165299991,76.68207428600005],[-98.85680091099994,76.67792389500005],[-98.7774145169999,76.65078359600005],[-98.48745683499993,76.65741608300004],[-98.54820716099994,76.61546458500004],[-98.73387610599991,76.61644114800004],[-98.75182044199994,76.58222077000005],[-98.83409583199995,76.62262604400007],[-99.02871660099993,76.60219961100006],[-99.05601966099994,76.54071686400005],[-98.87808183499993,76.47939687700006],[-98.85680091099994,76.46564362200007],[-98.89150956899994,76.45136139500005],[-98.85057532499991,76.43768952000005],[-98.97923743399991,76.47280508000006],[-99.13853919199994,76.45506419500003],[-99.07030188699991,76.40420156500005],[-99.25731360599991,76.46893952000005],[-99.13853919199994,76.49974192900004],[-99.16368567599994,76.51349518400008],[-99.2910863919999,76.50336334800005],[-99.5230199859999,76.59088776200008],[-99.68663489499994,76.60219961100006],[-99.54946855399993,76.60960521000004],[-99.64093990799995,76.63743724200003],[-99.85130774599992,76.60993073100008],[-100.33259029899995,76.64472077000005],[-100.72813880099994,76.56122467700004],[-100.70026607999995,76.54071686400005],[-100.73159745999993,76.53196849200003],[-100.98818925699993,76.50657786700003],[-100.67528235599991,76.38104889500005],[-100.13853919199994,76.38312409100007],[-100.18008378799993,76.36322663000004],[-99.92686926999994,76.32225169500003],[-100.02183997299994,76.30801015800006],[-99.99657141799992,76.29881419500003],[-99.84365800699993,76.28685130400004],[-100.06309973899994,76.28685130400004],[-100.17808997299994,76.31757233300004],[-100.21422278599994,76.30801015800006],[-100.07705644399994,76.27326080900008],[-100.44456946499992,76.28375885600008],[-100.51097571499992,76.24994538000004],[-100.47874915299991,76.23383209800005],[-100.16869055899991,76.19041575700004],[-99.9942113919999,76.20498281500005],[-99.69961503799993,76.14105866100005],[-99.41852779899995,76.16400788000004],[-99.68374589799993,76.12376536700003],[-100.08385169199994,76.16054922100005],[-100.22105872299994,76.13605377800008],[-100.11660722599993,76.10370514500005],[-100.06017005099994,76.04254791900007],[-99.99449622299994,76.04047272300005],[-100.03547115799995,76.01312897300005],[-99.89073645699995,75.98948802300004],[-99.87165279899995,75.97842031500005],[-99.90200761599993,75.95477936400005],[-99.86412512899994,75.93744538000004],[-99.4402563139999,75.97223541900007],[-99.94709225199995,75.87518952000005],[-99.9995824859999,75.92666250200006],[-100.15217037699995,75.91693756700005],[-100.07022050699993,75.95172760600008],[-100.16779537699995,75.96344635600008],[-100.35391191299993,76.06557851800005],[-100.62511145699995,76.08148834800005],[-100.42027747299994,76.12299225500004],[-100.74120032499991,76.09568919500003],[-100.62511145699995,76.12299225500004],[-100.84626217399995,76.21059804900005],[-101.13206946499992,76.24518463700008],[-101.05711829299992,76.32843659100007],[-101.32164466099994,76.41453685100004],[-101.81126868399991,76.45880768400008],[-102.03514563699991,76.41278717700004],[-102.05768795499995,76.39671458500004],[-101.9546606109999,76.36945221600007],[-102.09862219999991,76.34902578300006],[-102.05211341099994,76.32306549700007],[-102.19481360599991,76.29433828300006],[-102.05768795499995,76.28001536700003],[-102.1675512359999,76.23908112200007],[-101.78673255099994,76.21857330900008],[-101.38548743399991,76.25336334800005],[-101.74233964799993,76.18447500200006],[-101.90290279899995,76.10590241100005],[-101.8438207669999,76.02700429900005],[-101.70995032499991,75.98969147300005],[-101.3035375639999,76.02065664300005],[-101.58946692599994,75.92450592700004],[-101.55060787699995,75.86981842700004],[-101.37181555899991,75.85179271000004],[-101.3274633449999,75.81793854400007],[-101.35875403599994,75.77973053600005],[-100.91315670499995,75.81452057500007],[-101.27578691299993,75.74567291900007],[-101.44591223899994,75.76410553600005],[-101.47484290299991,75.77358633000006],[-101.4544164699999,75.81452057500007],[-101.83299719999991,75.90582916900007],[-102.26227779899995,75.86981842700004],[-102.37413489499994,75.81049225500004],[-102.32583574099993,75.78375885600008],[-102.11896725199995,75.79950592700004],[-102.09117591099994,75.78725820500006],[-102.23582923099991,75.74567291900007],[-102.00926673099991,75.70465729400007],[-102.10606848899994,75.69798411700003],[-102.24673417899993,75.72443268400008],[-102.56187903599994,75.72553131700005],[-102.5852758449999,75.71149323100008],[-102.53062903599994,75.69847239800004],[-102.68765214799993,75.67796458500004],[-102.66714433499993,75.65009186400005],[-102.7019750639999,75.63580963700008],[-102.63304602799991,75.61591217700004],[-102.82140051999994,75.63739655200004],[-102.8816625639999,75.61782461100006],[-102.72862708199995,75.57436758000006],[-102.77611243399991,75.54498932500007],[-102.6858617829999,75.53668854400007],[-102.63341223899994,75.49811432500007],[-102.40029863199993,75.54022858300004],[-101.44937089799993,75.60765208500004],[-101.36115475199995,75.57831452000005],[-100.22325598899994,75.66669342700004],[-98.89419511599993,75.69965241100005],[-99.82323157499991,75.65623607000003],[-99.80955969999991,75.63580963700008],[-99.86412512899994,75.61591217700004],[-99.66551673099991,75.61591217700004],[-100.0423070949999,75.56069570500006],[-99.82998613199993,75.54767487200007],[-100.2825414699999,75.52716705900008],[-99.95352128799993,75.49921295800004],[-100.03917395699995,75.48021067900004],[-100.31041419199994,75.47874583500004],[-100.00877844999991,75.47134023600006],[-100.04116777299993,75.45722077000005],[-100.72134355399993,75.43773021000004],[-100.42650305899991,75.38251373900005],[-100.78213456899994,75.35521067900004],[-100.50291907499991,75.29262929900005],[-100.24771074099993,75.31427643400008],[-100.40599524599992,75.27334219000005],[-99.98704993399991,75.23859284100007],[-100.41649329299992,75.23456452000005],[-100.54942786399994,75.20502350500004],[-100.39854895699995,75.16339752800008],[-100.43333899599992,75.14980703300006],[-100.38756262899994,75.12059153900003],[-100.39793860599991,75.05882396000004],[-100.36876380099994,75.02309804900005],[-99.64541581899994,74.97601959800005],[-99.42593339799993,74.99152252800008],[-99.50104732999995,75.03245677300004],[-99.30577551999994,75.13129303600005],[-99.28075110599991,75.11001211100006],[-99.40550696499992,74.99896881700005],[-98.95417232999995,75.00893789300005],[-98.96666419199994,75.04677969000005],[-98.90021725199995,75.06708405200004],[-98.83690344999991,75.05418528900003],[-98.85680091099994,75.01886627800008],[-98.74693762899994,75.01264069200005],[-98.7891332669999,74.99896881700005],[-98.75023352799991,74.98843008000006],[-97.97581946499992,75.01447174700007],[-97.94432532499991,75.05255768400008],[-97.97325598899994,75.11196523600006],[-98.15103105399993,75.17023346600007],[-98.07994544199994,75.20758698100008],[-98.10326087099992,75.22553131700005],[-98.02135169199994,75.21124909100007],[-98.01329505099994,75.15957265800006],[-97.81285559799994,75.11310455900008],[-97.56883704299992,75.14980703300006],[-97.80223548099991,75.19757721600007],[-97.73330644399994,75.21124909100007],[-97.8977758449999,75.30548737200007],[-97.91148841099994,75.26650625200006],[-98.00084387899994,75.27952708500004],[-97.89098059799994,75.32786692900004],[-97.93053137899994,75.33954498900005],[-98.05724036399994,75.28681061400005],[-98.11668860599991,75.29800039300005],[-98.13121497299994,75.31427643400008],[-98.07599850199995,75.32786692900004],[-98.16470292899993,75.33417389500005],[-98.12295488199993,75.36863841400003],[-97.87999426999994,75.37433502800008],[-98.06232662699995,75.40302155200004],[-98.03530839799993,75.41551341400003],[-97.77428137899994,75.42413971600007],[-98.02037512899994,75.44912344000005],[-98.0554906889999,75.45831940300008],[-97.94562740799995,75.47134023600006],[-98.0418188139999,75.48493073100008],[-97.92369544199994,75.51959870000007],[-97.77383378799993,75.46015045800004],[-97.74742591099994,75.47540924700007],[-97.76121985599991,75.50006745000007],[-97.8562719389999,75.54767487200007],[-97.74982662699995,75.54775625200006],[-97.76060950399994,75.57436758000006],[-97.47948157499991,75.49237702000005],[-97.49876868399991,75.45453522300005],[-97.47227942599994,75.42450592700004]],[[-94.45750891799992,75.96588776200008],[-94.53233801999994,75.99803294500003],[-94.91047115799995,75.93744538000004],[-94.82787024599992,75.88898346600007],[-94.82335364499994,75.81049225500004],[-94.74380449099993,75.76154205900008],[-94.31651770699995,75.76434967700004],[-94.29458574099993,75.77570221600007],[-94.42320716099994,75.87287018400008],[-94.45750891799992,75.96588776200008]],[[-89.49620520699995,76.47870514500005],[-89.62653561099995,76.45136139500005],[-89.59642493399991,76.44367096600007],[-89.38011633999992,76.44513580900008],[-89.49620520699995,76.47870514500005]],[[-84.10362708199995,76.48240794500003],[-84.12344316299993,76.45136139500005],[-83.9922582669999,76.42536041900007],[-83.91124426999994,76.47186920800004],[-84.01341712099992,76.50336334800005],[-84.13780676999994,76.51406484600005],[-84.10362708199995,76.48240794500003]],[[-89.81615149599992,76.66766998900005],[-89.69420325399994,76.69261302300004],[-89.67495683499993,76.73261139500005],[-89.98216712099992,76.84235260600008],[-90.33047441299993,76.82379791900007],[-90.52953040299991,76.79218170800004],[-90.59447180899991,76.75088125200006],[-90.15782630099994,76.50608958500004],[-89.9773656889999,76.47772858300004],[-89.91958574099993,76.51581452000005],[-89.82579505099994,76.48615143400008],[-89.67495683499993,76.50657786700003],[-89.82209225199995,76.55125560100004],[-89.85928300699993,76.61644114800004],[-89.81615149599992,76.66766998900005]],[[-90.09390214799993,77.20408763200004],[-89.79088294199994,77.27069733300004],[-89.64452063699991,77.34341054900005],[-89.71593176999994,77.37002187700006],[-89.69481360599991,77.39044830900008],[-89.71593176999994,77.45872630400004],[-89.77574622299994,77.48639557500007],[-90.30410722599993,77.62938060100004],[-90.88170325399994,77.65770091400003],[-91.16869055899991,77.61749909100007],[-91.20929928299995,77.57538483300004],[-91.18199622299994,77.54071686400005],[-91.20929928299995,77.52020905200004],[-91.16832434799994,77.45254140800006],[-91.20205644399994,77.41966380400004],[-91.17951412699995,77.39419179900005],[-90.92446855399993,77.30703359600005],[-90.3875219389999,77.23338450700004],[-90.40501868399991,77.20319245000007],[-90.09390214799993,77.20408763200004]],[[-85.15485592399995,77.51251862200007],[-85.16222083199995,77.45872630400004],[-84.81623287699995,77.49970123900005],[-85.0183813139999,77.58348216400003],[-85.32331295499995,77.58909739800004],[-85.52529863199993,77.54832591400003],[-85.15485592399995,77.51251862200007]],[[-93.37486731699994,77.58909739800004],[-93.4090063139999,77.60956452000005],[-93.37466386599993,77.63397858300004],[-93.1011449859999,77.66421133000006],[-93.23827063699991,77.73334381700005],[-93.60802161399994,77.78148021000004],[-93.94001217399995,77.73725006700005],[-94.06297766799992,77.77338288000004],[-94.94835364499994,77.79144928600005],[-95.19961503799993,77.74591705900008],[-95.29356848899994,77.76923248900005],[-95.35545813699991,77.73993561400005],[-95.40151933499993,77.74681224200003],[-95.4441625639999,77.81126536700003],[-95.50649980399993,77.81073639500005],[-96.23546301999994,77.70551178600005],[-96.2573949859999,77.65745677300004],[-96.28774980399993,77.65802643400008],[-96.27505449099993,77.62238190300008],[-96.32872473899994,77.60956452000005],[-95.9876195949999,77.47907135600008],[-94.33079993399991,77.47748444200005],[-93.95767167899993,77.43829987200007],[-93.58096269399994,77.44017161700003],[-93.47842363199993,77.48810455900008],[-93.50584876199991,77.50714752800008],[-93.48790442599994,77.54804108300004],[-93.37486731699994,77.58909739800004]],[[-97.10334225199995,77.80817291900007],[-96.8613988919999,77.78896719000005],[-96.72667395699995,77.83681875200006],[-96.5249731109999,77.84638092700004],[-96.57510331899994,77.85663483300004],[-96.49323482999995,77.87714264500005],[-96.61827551999994,77.85195547100005],[-96.74022376199991,77.87030670800004],[-96.4961645169999,77.90607330900008],[-96.36554928299995,77.86298248900005],[-95.80850175699993,77.90298086100006],[-95.37743079299992,77.97264232000003],[-95.06065833199995,77.97264232000003],[-94.88931230399993,78.06207916900007],[-94.92418372299994,78.08673737200007],[-94.88931230399993,78.10927969000005],[-95.10903886599993,78.19236888200004],[-95.40322831899994,78.23334381700005],[-94.82787024599992,78.36371491100005],[-95.1187231109999,78.45465729400007],[-95.46108964799993,78.51113515800006],[-95.69981848899994,78.52610911700003],[-95.90697180899991,78.48725006700005],[-96.2735082669999,78.53506094000005],[-96.15729732999995,78.61957428600005],[-96.31387285099993,78.62075429900005],[-96.54308020699995,78.68561432500007],[-96.89419511599993,78.70294830900008],[-97.45103919199994,78.79710521000004],[-98.14907792899993,78.81867096600007],[-98.36188717399995,78.76618073100008],[-98.31554114499994,78.74725983300004],[-98.37018795499995,78.72679271000004],[-98.31554114499994,78.70636627800008],[-98.31607011599993,78.64622630400004],[-98.0249731109999,78.55255768400008],[-98.3399145169999,78.54364655200004],[-98.32298743399991,78.52073802300004],[-98.40282141799992,78.51300690300008],[-98.40729732999995,78.48818594000005],[-98.21666419199994,78.41518789300005],[-98.03502356699994,78.39850495000007],[-98.09024003799993,78.36994049700007],[-98.01390540299991,78.33637116100005],[-98.06847083199995,78.30849844000005],[-97.76683508999992,78.24701569200005],[-97.92210852799991,78.24404531500005],[-97.91954505099994,78.22028229400007],[-97.39415442599994,78.21287669500003],[-96.86929277299993,78.13715241100005],[-96.90412350199995,78.12348053600005],[-96.85631262899994,78.10927969000005],[-96.93761145699995,78.08104075700004],[-97.65689042899993,78.09707265800006],[-97.68492591099994,78.07566966400003],[-97.65143795499995,78.05585358300004],[-97.77428137899994,78.04157135600008],[-96.9934789699999,77.92487213700008],[-97.1238500639999,77.87714264500005],[-97.08731035099993,77.84198639500005],[-97.10334225199995,77.80817291900007]],[[-88.18724524599992,78.29657623900005],[-88.16047115799995,78.36371491100005],[-88.04674231699994,78.42324453300006],[-88.0574438139999,78.45246002800008],[-88.22191321499992,78.43260325700004],[-88.24742591099994,78.37262604400007],[-88.20140540299991,78.35687897300005],[-88.40127519399994,78.30109284100007],[-88.4055883449999,78.25897858300004],[-88.33385169199994,78.24103424700007],[-88.18724524599992,78.29657623900005]],[[-78.67568925699993,56.18154531500005],[-78.64903723899994,56.29075755400004],[-78.67076575399994,56.443060614000046],[-78.77774003799993,56.41486237200007],[-78.83336341099994,56.345404364000046],[-78.81456458199995,56.310248114000046],[-78.84048417899993,56.248480536000045],[-78.93639075399994,56.11945221600007],[-78.67568925699993,56.18154531500005]],[[-79.97793535099993,56.202053127000056],[-79.71572831899994,56.30914948100008],[-79.59260006399995,56.430121161000045],[-79.54588782499991,56.53034088700008],[-79.67442786399994,56.38450755400004],[-79.86742102799991,56.38548411700003],[-79.87173417899993,56.33551666900007],[-80.03099524599992,56.31972890800006],[-80.10187740799995,56.19757721600007],[-79.97793535099993,56.202053127000056]],[[-78.76504472599993,56.67719147300005],[-78.85094153599994,56.67267487200007],[-78.78294837099992,56.65509674700007],[-78.73989824099993,56.66697825700004],[-78.76504472599993,56.67719147300005]],[[-78.4338679679999,56.69969310100004],[-78.34760494699992,56.69086334800005],[-78.42524166599992,56.705064195000034],[-78.4338679679999,56.69969310100004]],[[-79.59373938699991,56.771185614000046],[-79.54759680899991,56.72752513200004],[-79.5833227199999,56.648871161000045],[-79.56493079299992,56.62055084800005],[-79.47996985599991,56.69513580900008],[-79.49815833199995,56.771185614000046],[-79.56554114499994,56.81028880400004],[-79.59373938699991,56.771185614000046]],[[-79.90591386599993,56.866848049000055],[-79.94375566299993,56.839504299000055],[-79.93936113199993,56.76048411700003],[-79.88805091099994,56.74909088700008],[-79.82420813699991,56.84796784100007],[-79.90591386599993,56.866848049000055]],[[-79.85147050699993,56.938788153000075],[-79.90282141799992,56.89411041900007],[-79.81248938699991,56.89667389500005],[-79.79076087099992,56.796087958000044],[-79.75121008999992,56.79319896000004],[-79.72370357999995,56.820746161000045],[-79.78612219999991,56.94188060100004],[-79.85147050699993,56.938788153000075]],[[-78.32555091099994,57.20766836100006],[-78.38243567599994,57.17812734600005],[-78.33299719999991,57.17047760600008],[-78.25694739499994,57.19448476800005],[-78.32555091099994,57.20766836100006]],[[-78.37975012899994,57.28815338700008],[-78.32640540299991,57.31777578300006],[-78.48078365799995,57.291449286000045],[-78.37975012899994,57.28815338700008]],[[-78.4290258449999,57.35940176000008],[-78.41706295499995,57.36497630400004],[-78.47915605399993,57.37539297100005],[-78.49974524599992,57.35036855700008],[-78.4290258449999,57.35940176000008]],[[-79.85098222599993,57.48651764500005],[-79.79295813699991,57.42853424700007],[-79.77993730399993,57.511053778000075],[-79.72276770699995,57.50189850500004],[-79.69640051999994,57.52948639500005],[-79.73717200399994,57.62201569200005],[-79.82567298099991,57.539048570000034],[-79.78404700399994,57.52212148600006],[-79.85098222599993,57.48651764500005]],[[-78.54413814999992,57.537949937000064],[-78.53648841099994,57.52924225500004],[-78.51093502499992,57.54319896000004],[-78.54413814999992,57.537949937000064]],[[-79.64834550699993,57.91856517100007],[-79.65367591099994,57.91311269700003],[-79.64671790299991,57.90131256700005],[-79.64834550699993,57.91856517100007]],[[-78.09243730399993,58.369574286000045],[-78.07803300699993,58.37669505400004],[-78.12165279899995,58.40253327000005],[-78.20380611899992,58.40534088700008],[-78.09243730399993,58.369574286000045]],[[-80.8105769519999,58.41120026200008],[-80.78172766799992,58.40802643400008],[-80.75816809799994,58.41978587400007],[-80.8105769519999,58.41120026200008]],[[-78.19945227799991,58.44293854400007],[-78.25051835799991,58.454006252000056],[-78.2363582019999,58.44350820500006],[-78.17609615799995,58.426662502000056],[-78.19945227799991,58.44293854400007]],[[-78.68317623599995,58.62083567900004],[-78.45665442599994,58.53888580900008],[-78.62385006399995,58.61570872600004],[-78.64159094999991,58.63450755400004],[-78.60741126199991,58.63450755400004],[-78.69619706899994,58.696600653000075],[-78.65526282499991,58.63450755400004],[-78.68317623599995,58.62083567900004]],[[-78.65697180899991,58.78021881700005],[-78.62523352799991,58.77334219000005],[-78.65086829299992,58.802069403000075],[-78.69664466099994,58.778631903000075],[-78.65697180899991,58.78021881700005]],[[-78.62877356699994,58.811753648000035],[-78.61107337099992,58.797308661000045],[-78.55410722599993,58.82371653900003],[-78.62877356699994,58.811753648000035]],[[-78.90807044199994,58.82339101800005],[-78.88434811099995,58.80996328300006],[-78.9270727199999,58.86554596600007],[-78.93809973899994,58.833970445000034],[-78.90807044199994,58.82339101800005]],[[-78.60020911399994,58.94253164300005],[-78.58092200399994,58.937608140000066],[-78.58657792899993,58.95457591400003],[-78.60020911399994,58.94253164300005]],[[-80.61103268099993,59.052842515000066],[-80.5847875639999,59.052394924000055],[-80.60855058499993,59.06509023600006],[-80.61103268099993,59.052842515000066]],[[-80.58287512899994,59.09833405200004],[-80.54832923099991,59.091131903000075],[-80.55239824099993,59.11005280200004],[-80.58287512899994,59.09833405200004]],[[-80.62417558499993,59.26357656500005],[-80.63666744699992,59.23655833500004],[-80.61465410099993,59.25214264500005],[-80.62417558499993,59.26357656500005]],[[-80.40420488199993,59.27240631700005],[-80.42845618399991,59.25381094000005],[-80.4094945949999,59.25930410400008],[-80.40420488199993,59.27240631700005]],[[-80.6291804679999,59.29446035400008],[-80.60073808499993,59.28204987200007],[-80.5847875639999,59.30056386900009],[-80.6291804679999,59.29446035400008]],[[-80.31794186099995,59.37877024900007],[-80.29161536399994,59.39162832200003],[-80.31318111899992,59.39142487200007],[-80.31794186099995,59.37877024900007]],[[-80.2551570299999,59.414129950000074],[-80.25845292899993,59.41551341400003],[-80.27627519399994,59.39976634300007],[-80.25934811099995,59.37604401200008],[-80.2551570299999,59.414129950000074]],[[-80.55329342399995,59.450100002000056],[-80.51915442599994,59.44383372600004],[-80.54222571499992,59.37132396000004],[-80.52721106699994,59.37539297100005],[-80.4707738919999,59.49103424700007],[-80.55329342399995,59.450100002000056]],[[-80.63255774599992,59.48375071800007],[-80.62181555899991,59.49677155200004],[-80.65599524599992,59.48318105700008],[-80.67084713399993,59.46133047100005],[-80.63255774599992,59.48375071800007]],[[-80.29222571499992,59.572780666000085],[-80.29649817599994,59.57562897300005],[-80.3386531239999,59.54710521000004],[-80.29222571499992,59.572780666000085]],[[-80.55150305899991,59.64940013200004],[-80.51040605399993,59.69245026200008],[-80.53758704299992,59.68854401200008],[-80.58824622299994,59.66156647300005],[-80.55150305899991,59.64940013200004]],[[-80.23180091099994,59.73126862200007],[-80.2454320949999,59.676662502000056],[-80.30003821499992,59.676662502000056],[-80.34219316299993,59.619574286000045],[-80.25617428299995,59.62669505400004],[-80.1492406889999,59.710150458000044],[-80.23180091099994,59.73126862200007]],[[-80.42186438699991,59.69476959800005],[-80.44367428299995,59.64817942900004],[-80.37026933499993,59.70872630400004],[-80.42186438699991,59.69476959800005]],[[-80.07315019399994,59.802069403000075],[-80.10826575399994,59.76479726800005],[-80.01891028599994,59.77220286700003],[-79.88170325399994,59.861029364000046],[-80.01231848899994,59.887884833000044],[-80.10997473899994,59.844183661000045],[-80.17983964799993,59.74876536700003],[-80.09459387899994,59.81317780200004],[-80.07315019399994,59.802069403000075]],[[-79.86473548099991,59.89679596600007],[-79.88239498599995,59.88934967700004],[-79.8701472649999,59.88703034100007],[-79.86473548099991,59.89679596600007]],[[-79.94888261599993,59.908189195000034],[-79.91527258999992,59.92531972900008],[-79.94741777299993,59.923895575000074],[-79.94888261599993,59.908189195000034]],[[-79.88569088399993,59.941107489000046],[-79.89789791599992,59.905137437000064],[-79.86440995999993,59.934027411000045],[-79.84007727799991,59.95327383000006],[-79.88569088399993,59.941107489000046]],[[-78.22325598899994,60.834865627000056],[-78.60374915299991,60.77960846600007],[-78.69611568899995,60.714097398000035],[-78.27847245999993,60.77960846600007],[-78.34056555899991,60.772772528000075],[-78.22325598899994,60.834865627000056]],[[-79.26952063699991,62.14520905200004],[-79.28246008999992,62.26992422100005],[-79.53970292899993,62.417629299000055],[-79.55858313699991,62.42039622600004],[-79.61107337099992,62.417629299000055],[-79.70360266799992,62.376654364000046],[-79.72398841099994,62.40289948100008],[-79.83079993399991,62.41079336100006],[-79.9345649139999,62.378049640000086],[-79.98922957999991,62.30844035000007],[-80.1582746329999,62.19935992900008],[-80.21497305199995,62.137658473000045],[-80.28555253799993,61.93036530200004],[-80.20445716099994,61.79010651200008],[-80.0598852199999,61.74603913000004],[-79.81029212099992,61.57404205900008],[-79.63898678299995,61.66054922100005],[-79.38638261599993,62.00218333500004],[-79.32599850199995,61.98843008000006],[-79.33429928299995,62.04767487200007],[-79.26952063699991,62.14520905200004]],[[-82.25719153599994,62.99555084800005],[-82.42048092399995,62.92796458500004],[-82.69546464799993,62.94521719000005],[-83.06041419199994,62.84198639500005],[-83.29645748599995,62.930894273000035],[-83.51984615799995,62.82636139500005],[-83.56550045499995,62.68227773600006],[-83.71324622299994,62.568426825000074],[-83.90697180899991,62.491400458000044],[-83.93980872299994,62.423814195000034],[-83.72484290299991,62.28563060100004],[-83.70518958199995,62.14350006700005],[-83.41779537699995,62.239447333000044],[-83.28062903599994,62.25250885600008],[-83.13459225199995,62.17658112200007],[-83.06615149599992,62.187160549000055],[-82.42467200399994,62.47223541900007],[-82.3445531889999,62.564439195000034],[-81.95693925699993,62.69765859600005],[-81.92373613199993,62.74591705900008],[-81.96475175699993,62.801214911000045],[-81.86237545499995,62.92475006700005],[-82.25719153599994,62.99555084800005]],[[-81.39378821499992,64.22972239800004],[-81.53677324099993,64.22321198100008],[-81.51699785099993,64.19672272300005],[-81.42308508999992,64.19647858300004],[-81.39378821499992,64.22972239800004]],[[-83.36937415299991,65.87107982000003],[-83.58250891799992,65.86151764500005],[-83.50340735599991,65.80971914300005],[-83.29116777299993,65.84686920800004],[-83.36937415299991,65.87107982000003]],[[-83.60301673099991,66.06891510600008],[-83.61986243399991,66.04092031500005],[-83.55874589799993,66.04596588700008],[-83.5703832669999,66.08368561400005],[-83.60301673099991,66.06891510600008]],[[-83.29263261599993,66.26788971600007],[-83.03954016799992,66.19476959800005],[-82.90444902299993,66.26837799700007],[-83.0481664699999,66.26215241100005],[-83.17821204299992,66.28945547100005],[-83.13719641799992,66.30931224200003],[-83.2747289699999,66.34349192900004],[-83.29263261599993,66.26788971600007]],[[-79.0442602199999,68.16620514500005],[-78.87124589799993,68.23037344000005],[-78.81041419199994,68.28449127800008],[-78.92894446499992,68.35138580900008],[-79.14557857999995,68.34756094000005],[-79.18236243399991,68.32245514500005],[-79.18346106699994,68.22166575700004],[-79.0442602199999,68.16620514500005]],[[-82.22545325399994,68.36505768400008],[-82.3489477199999,68.36505768400008],[-82.08141028599994,68.30731842700004],[-82.00084387899994,68.34589264500005],[-82.11180579299992,68.35236237200007],[-82.24596106699994,68.38556549700007],[-82.22545325399994,68.36505768400008]],[[-78.73741614499994,68.45233795800004],[-78.61424719999991,68.50629303600005],[-78.72419186099995,68.52334219000005],[-78.65664628799993,68.56313711100006],[-78.50527910099993,68.54547760600008],[-78.46344967399995,68.61953359600005],[-78.88630123599995,68.65888092700004],[-78.66885331899994,68.58478424700007],[-78.93553626199991,68.52187734600005],[-78.97057044199994,68.47492096600007],[-78.73741614499994,68.45233795800004]],[[-79.2278539699999,68.83120351800005],[-79.14464270699995,68.86933014500005],[-78.84658769399994,68.90790436400005],[-78.55158443899995,69.10244375200006],[-78.5664770169999,69.13279857000003],[-78.47085527299993,69.17072174700007],[-78.45665442599994,69.22907135600008],[-78.36070716099994,69.19920482000003],[-78.21401933499993,69.30288320500006],[-78.31273352799991,69.38711172100005],[-78.47740637899994,69.39183177300004],[-78.71011308499993,69.34162018400008],[-78.73094641799992,69.32526276200008],[-78.71092688699991,69.30341217700004],[-78.62169348899994,69.26312897300005],[-78.76512610599991,69.25633372600004],[-78.85448157499991,69.20111725500004],[-78.86327063699991,69.14842357000003],[-78.95750891799992,69.10919830900008],[-79.22484290299991,69.07534414300005],[-79.32583574099993,68.96991608300004],[-79.42300370999993,68.92739492400005],[-79.38817298099991,68.90696849200003],[-79.40001380099994,68.87421295800004],[-79.2278539699999,68.83120351800005]],[[-81.78196996399993,69.38733910300004],[-81.48563125999993,69.34718034400004],[-81.50578946199994,69.40682846600004],[-81.54852694199991,69.41548622400006],[-81.8967567169999,69.41696085100006],[-81.88270248499992,69.36328218600005],[-81.76734820799993,69.36529275000004],[-81.78196996399993,69.38733910300004]],[[-80.20103765899995,69.42770454600003],[-80.20770979399992,69.40806662800009],[-80.13129082599994,69.36250101400003],[-80.07100557699994,69.38358312400004],[-80.20103765899995,69.42770454600003]],[[-78.37804114499994,69.70457591400003],[-78.39452063699991,69.64671458500004],[-78.5664770169999,69.64671458500004],[-78.88072669199994,69.48065827000005],[-78.82599850199995,69.45160553600005],[-78.65404212099992,69.50824616100005],[-78.51724199099993,69.48476797100005],[-78.28697669199994,69.55780670800004],[-78.09227454299992,69.57831452000005],[-77.94204667899993,69.64671458500004],[-78.02647864499994,69.71857330900008],[-78.17609615799995,69.75641510600008],[-78.27163652299993,69.73615143400008],[-78.23070227799991,69.67405833500004],[-78.29849199099993,69.66209544500003],[-78.37804114499994,69.70457591400003]],[[-79.9363500639999,69.53685130400004],[-80.0618383449999,69.61904531500005],[-80.05321204299992,69.64899323100008],[-79.91808020699995,69.60468170800004],[-79.61286373599995,69.61981842700004],[-79.32681230399993,69.70880768400008],[-79.41559811099995,69.74298737200007],[-79.40807044199994,69.77887604400007],[-79.45470130099994,69.80097077000005],[-79.67243404899995,69.82037995000007],[-79.75633704299992,69.78676992400005],[-79.76793372299994,69.75385163000004],[-79.97411048099991,69.73061758000006],[-80.06541907499991,69.75429922100005],[-80.15029863199993,69.72337474200003],[-80.12254798099991,69.75971100500004],[-80.20604407499991,69.80068594000005],[-80.50064042899993,69.78742096600007],[-80.46117102799991,69.73444245000007],[-80.3758031889999,69.71503327000005],[-80.42418372299994,69.70197174700007],[-80.40274003799993,69.67015208500004],[-80.49380449099993,69.72760651200008],[-80.71837317599994,69.75600820500006],[-80.81403561099995,69.69452545800004],[-80.76065019399994,69.66795482000003],[-80.49681555899991,69.66754791900007],[-80.35155188699991,69.61603424700007],[-80.33421790299991,69.55805084800005],[-80.23802649599992,69.62628815300008],[-80.21035722599993,69.61871979400007],[-80.23062089799993,69.54083893400008],[-79.99864661399994,69.50014883000006],[-79.9363500639999,69.53685130400004]],[[-82.50623510399993,69.79062566200008],[-82.64772189899992,69.82609623700006],[-82.85468069899991,69.79435394300003],[-82.5588683819999,69.74334865100008],[-82.4920467359999,69.76298116400005],[-82.50623510399993,69.79062566200008]],[[-80.80581620999993,73.72040436400005],[-80.80260169199994,73.67072174700007],[-80.83934485599991,73.62384674700007],[-80.90339107999995,73.60736725500004],[-80.85610917899993,73.54490794500003],[-80.6973363919999,73.48444245000007],[-80.84976152299993,73.47532786700003],[-80.89598548099991,73.38149648600006],[-80.84813391799992,73.36098867400005],[-80.86925208199995,73.32623932500007],[-80.77131100199995,73.27912018400008],[-80.16380774599992,73.23338450700004],[-80.11815344999991,73.18447500200006],[-80.18016516799992,73.15912506700005],[-80.12254798099991,73.12140534100007],[-80.17613684799994,73.04559967700004],[-80.00182044199994,72.87124258000006],[-79.5684301419999,72.75983307500007],[-79.17544511599993,72.75458405200004],[-78.64167232999995,72.85248444200005],[-78.17088782499991,72.89862702000005],[-76.31895911399994,72.81671784100007],[-76.1250707669999,72.84699127800008],[-76.05825761599993,72.90167877800008],[-76.11733964799993,72.94171784100007],[-76.33263098899994,72.97052643400008],[-76.2637426419999,72.99848053600005],[-76.32518469999991,73.03266022300005],[-76.2774145169999,73.05247630400004],[-76.31895911399994,73.05996328300006],[-76.24327551999994,73.09345123900005],[-76.63426673099991,73.16982656500005],[-76.58356686099995,73.21922435100004],[-76.72740637899994,73.27777741100005],[-76.75035559799994,73.29889557500007],[-76.70197506399995,73.30634186400005],[-76.71442623599995,73.32249583500004],[-77.03986568899995,73.35883209800005],[-77.06627356699994,73.38149648600006],[-77.03156490799995,73.40253327000005],[-77.16026770699995,73.48436107000003],[-77.42813066299993,73.55955638200004],[-78.13853919199994,73.66885000200006],[-79.45030676999994,73.63532135600008],[-80.02245032499991,73.73407623900005],[-80.12559973899994,73.69794342700004],[-80.44619706899994,73.77350495000007],[-80.86180579299992,73.75136953300006],[-80.80581620999993,73.72040436400005]],[[-79.14411373599995,75.98029205900008],[-78.79987545499995,76.08486562700006],[-78.89541581899994,76.12299225500004],[-79.06818600199995,76.12470123900005],[-79.26475989499994,76.03363678600005],[-79.58348548099991,75.94814687700006],[-79.60118567599994,75.90326569200005],[-79.7520238919999,75.88279857000003],[-79.58690344999991,75.86155833500004],[-79.56639563699991,75.84495677300004],[-79.59373938699991,75.82135651200008],[-79.43814042899993,75.79535553600005],[-79.34044348899994,75.82880280200004],[-79.42983964799993,75.84808991100005],[-79.27916419199994,75.87653229400007],[-79.02521725199995,75.86981842700004],[-79.07359778599994,75.84808991100005],[-79.05052649599992,75.84113190300008],[-78.87498938699991,75.85553620000007],[-79.16966712099992,75.93748607000003],[-79.14411373599995,75.98029205900008]],[[-81.31086178299995,76.19635651200008],[-81.46507727799991,76.16400788000004],[-81.35993404899995,76.14883047100005],[-81.2044164699999,76.18447500200006],[-81.31086178299995,76.19635651200008]],[[-76.77481035099993,56.10366445500006],[-76.7207738919999,56.12539297100005],[-76.73045813699991,56.16083405200004],[-76.77285722599993,56.165350653000075],[-76.77481035099993,56.10366445500006]],[[-76.75080318899995,56.21393463700008],[-76.77061926999994,56.19436269700003],[-76.73045813699991,56.204331773000035],[-76.77525794199994,56.23533763200004],[-76.75080318899995,56.21393463700008]],[[-78.00389563699991,56.30109284100007],[-78.04999752499992,56.303900458000044],[-78.08088131399995,56.29014720300006],[-78.0010066399999,56.29661692900004],[-78.00389563699991,56.30109284100007]],[[-77.84117591099994,56.320379950000074],[-77.84764563699991,56.323553778000075],[-77.98009192599994,56.28660716400003],[-77.84117591099994,56.320379950000074]],[[-76.74941972599993,56.27830638200004],[-76.67983964799993,56.29494863500008],[-76.65973873599995,56.31826406500005],[-76.68244381399995,56.33567942900004],[-76.74941972599993,56.27830638200004]],[[-77.76211503799993,56.350897528000075],[-77.76447506399995,56.353501695000034],[-77.77680416599992,56.325873114000046],[-77.76211503799993,56.350897528000075]],[[-77.73306230399993,56.354396877000056],[-77.74673417899993,56.370347398000035],[-77.74262447799993,56.35309479400007],[-77.73306230399993,56.354396877000056]],[[-77.7925105459999,56.375840562000064],[-77.7976374989999,56.36538320500006],[-77.76463782499991,56.37343984600005],[-77.7925105459999,56.375840562000064]],[[-77.50255286399994,56.38646067900004],[-77.47760982999995,56.43646881700005],[-77.49937903599994,56.43699778900003],[-77.53701738199993,56.39704010600008],[-77.50255286399994,56.38646067900004]],[[-76.68154863199993,56.44171784100007],[-76.64883378799993,56.42564524900007],[-76.62181555899991,56.44822825700004],[-76.65082760299993,56.473822333000044],[-76.68154863199993,56.44171784100007]],[[-78.04710852799991,56.54075755400004],[-78.05243893099993,56.54604726800005],[-78.0581355459999,56.54104238500008],[-78.04710852799991,56.54075755400004]],[[-78.12022864499994,56.563788153000075],[-78.09508216099994,56.56797923400006],[-78.11742102799991,56.56948476800005],[-78.12022864499994,56.563788153000075]],[[-76.61611894399994,56.69550202000005],[-76.63418535099993,56.715277411000045],[-76.65469316299993,56.548895575000074],[-76.61904863199993,56.58690013200004],[-76.61611894399994,56.69550202000005]],[[-76.62267005099994,56.74612051000008],[-76.6582738919999,56.75804271000004],[-76.65977942599994,56.733587958000044],[-76.62018795499995,56.71747467700004],[-76.62267005099994,56.74612051000008]],[[-76.64468339799993,56.85610586100006],[-76.6614070299999,56.88165924700007],[-76.67096920499995,56.84739817900004],[-76.64468339799993,56.85610586100006]],[[-76.68797766799992,56.95136139500005],[-76.66006425699993,56.97337474200003],[-76.69859778599994,56.97402578300006],[-76.68797766799992,56.95136139500005]],[[-76.71304277299993,57.054795640000066],[-76.70152747299994,56.99559153900003],[-76.6658015619999,57.04181549700007],[-76.71304277299993,57.054795640000066]],[[-76.65469316299993,57.06712474200003],[-76.67593339799993,57.10887278900003],[-76.65599524599992,57.13979726800005],[-76.71141516799992,57.19635651200008],[-76.69326738199993,57.071966864000046],[-76.65469316299993,57.06712474200003]],[[-76.72797604099992,57.244655666000085],[-76.77680416599992,57.26638418200008],[-76.75649980399993,57.22182851800005],[-76.72907467399995,57.21055735900006],[-76.72797604099992,57.244655666000085]],[[-76.76378333199995,57.28506094000005],[-76.73940995999993,57.28388092700004],[-76.74535071499992,57.36017487200007],[-76.82689368399991,57.421576239000046],[-76.76378333199995,57.28506094000005]],[[-76.89985104099992,57.58177317900004],[-76.90607662699995,57.58067454600007],[-76.8789770169999,57.50482819200005],[-76.86587480399993,57.54523346600007],[-76.89985104099992,57.58177317900004]],[[-77.60814368399991,58.18467845300006],[-77.53892981699994,58.17328522300005],[-77.66030839799993,58.22927480700008],[-77.6848445299999,58.22825755400004],[-77.60814368399991,58.18467845300006]],[[-77.66832434799994,58.24469635600008],[-77.81794186099995,58.30878327000005],[-77.94945227799991,58.326605536000045],[-77.66832434799994,58.24469635600008]],[[-77.60968990799995,59.704291083000044],[-77.6973363919999,59.70925527600008],[-77.65330969999991,59.69578685100004],[-77.60968990799995,59.704291083000044]],[[-77.40282141799992,59.853949286000045],[-77.4077449209999,59.846909898000035],[-77.38906816299993,59.85000234600005],[-77.40282141799992,59.853949286000045]],[[-77.41734778599994,59.853623765000066],[-77.40933183499993,59.86395905200004],[-77.4270727199999,59.86147695500006],[-77.41734778599994,59.853623765000066]],[[-77.63499915299991,60.19749583500004],[-77.64948482999995,60.20640696800007],[-77.70360266799992,60.19468821800007],[-77.63499915299991,60.19749583500004]],[[-77.73717200399994,60.235256252000056],[-77.68110104099992,60.20945872600004],[-77.7268367179999,60.23680247600004],[-77.73717200399994,60.235256252000056]],[[-77.64171301999994,60.259833075000074],[-77.63923092399995,60.24986399900007],[-77.62177486899992,60.26817454600007],[-77.64171301999994,60.259833075000074]],[[-77.86225338399993,60.576605536000045],[-77.88890540299991,60.585598049000055],[-77.86538652299993,60.573146877000056],[-77.86225338399993,60.576605536000045]],[[-77.92328854099992,60.746934312000064],[-77.90086829299992,60.74880605700008],[-77.90314693899995,60.760646877000056],[-77.92328854099992,60.746934312000064]],[[-78.08161373599995,60.77737051000008],[-78.12165279899995,60.78733958500004],[-78.16572018099993,60.750881252000056],[-78.08161373599995,60.77737051000008]],[[-71.56097542899994,61.33343559700006],[-71.58639617999995,61.30199068400003],[-71.48649490999992,61.301894480000044],[-71.48781845899993,61.337112320000074],[-71.56097542899994,61.33343559700006]],[[-72.05894519199995,61.85050341300007],[-71.97343957399994,61.85894228300003],[-72.13083347799994,61.88903851500004],[-72.05894519199995,61.85050341300007]],[[-72.46240092199992,62.03665243000006],[-72.4406474999999,62.026846602000035],[-72.3281161079999,62.01603765900006],[-72.46240092199992,62.03665243000006]],[[-77.83348548099991,62.60260651200008],[-77.80410722599993,62.548163153000075],[-77.62051347599993,62.588324286000045],[-77.83348548099991,62.60260651200008]],[[-78.1133520169999,62.574652411000045],[-77.86058508999992,62.550482489000046],[-77.83633378799993,62.56232330900008],[-77.85391191299993,62.588324286000045],[-78.1133520169999,62.574652411000045]],[[-74.11864173099991,62.60260651200008],[-73.96471106699994,62.609442450000074],[-74.03246008999992,62.67536041900007],[-74.37559973899994,62.68451569200005],[-74.41344153599994,62.725490627000056],[-74.53014075399994,62.75336334800005],[-74.65306555899991,62.71930573100008],[-74.54723059799994,62.67454661700003],[-74.11864173099991,62.60260651200008]],[[-70.17705041499994,62.58998812200008],[-70.27496364099994,62.65736525300008],[-70.37330199699994,62.66655719100004],[-70.32666003299994,62.68651160400003],[-70.49249324199991,62.76695743400006],[-70.78864498599995,62.84153880400004],[-71.23595130099994,62.886419989000046],[-71.19741777299993,62.85024648600006],[-71.03506425699993,62.82916901200008],[-71.17967688699991,62.81484609600005],[-71.15729732999995,62.80345286700003],[-70.78502356699994,62.777777411000045],[-70.79271399599992,62.744208075000074],[-70.92516028599994,62.74591705900008],[-70.81708156699995,62.67324603800006],[-70.79067833699992,62.602832403000036],[-70.73338782499991,62.595770575000074],[-70.74054928299995,62.55756256700005],[-70.36198192499995,62.52686493200008],[-70.17705041499994,62.58998812200008]],[[-77.49596106699994,63.27606842700004],[-77.62832597599993,63.35521067900004],[-77.65465247299994,63.397650458000044],[-77.63418535099993,63.40387604400007],[-77.68883216099994,63.41815827000005],[-77.68260657499991,63.438666083000044],[-77.80345618399991,63.42763906500005],[-77.84707597599993,63.438666083000044],[-77.81920325399994,63.452337958000044],[-77.84430904899995,63.47247955900008],[-78.18635006399995,63.49323151200008],[-78.37981091199993,63.455132752000054],[-78.44054470599991,63.51938713000004],[-78.54427181499995,63.44918435000005],[-78.50918535099993,63.374986070000034],[-77.94076413499994,63.08714883300007],[-77.55968176999994,63.184759833000044],[-77.49596106699994,63.27606842700004]],[[-76.54491126199991,63.46653880400004],[-76.68887285099993,63.48582591400003],[-76.61782792899993,63.52167389500005],[-76.70933997299994,63.56777578300006],[-77.12026933499993,63.68504466400003],[-77.10619055899991,63.669623114000046],[-77.13735917899993,63.66453685100004],[-77.36644446499992,63.70140208500004],[-77.44611568899995,63.66111888200004],[-77.33315995999993,63.63043854400007],[-77.44139563699991,63.61945221600007],[-77.40147864499994,63.60248444200005],[-77.4356176419999,63.59564850500004],[-77.25283769399994,63.549261786000045],[-76.98208574099993,63.40729401200008],[-76.70197506399995,63.36969635600008],[-76.65245520699995,63.399725653000075],[-76.65477454299992,63.43121979400007],[-76.54491126199991,63.46653880400004]],[[-72.5911352199999,63.67763906500005],[-72.45982825399994,63.687933661000045],[-72.50059973899994,63.71279531500005],[-72.78286699099993,63.66453685100004],[-72.59972083199995,63.64667389500005],[-72.55451412699995,63.66864655200004],[-72.5911352199999,63.67763906500005]],[[-77.98330644399994,63.97247955900008],[-77.73721269399994,63.932074286000045],[-77.60936438699991,64.01422760600008],[-77.54548092399995,64.02081940300008],[-77.59569251199991,64.04116445500006],[-77.92918860599991,64.02033112200007],[-77.98330644399994,63.97247955900008]],[[-73.33775794199994,64.23993561400005],[-73.31484941299993,64.20091380400004],[-73.39118404899995,64.19623444200005],[-73.39981035099993,64.16486237200007],[-73.28726152299993,64.14769114800004],[-73.17332923099991,64.20579661700003],[-73.33775794199994,64.23993561400005]],[[-76.48420162699995,64.18134186400005],[-76.47179114499994,64.20612213700008],[-76.52965247299994,64.24583567900004],[-76.57266191299993,64.23427969000005],[-76.56851152299993,64.20612213700008],[-76.48420162699995,64.18134186400005]],[[-76.56525631399995,64.25409577000005],[-76.69005286399994,64.26406484600005],[-76.60741126199991,64.22101471600007],[-76.56525631399995,64.25409577000005]],[[-73.49689693899995,64.44790273600006],[-73.52961178299995,64.50405508000006],[-73.5091039699999,64.55585358300004],[-73.57103430899991,64.56757233300004],[-73.68419348899994,64.52480703300006],[-73.57799231699994,64.49315013200004],[-73.60545813699991,64.48924388200004],[-73.57799231699994,64.44599030200004],[-73.67357337099992,64.43170807500007],[-73.65420488199993,64.32322825700004],[-73.55626380099994,64.31500885600008],[-73.57453365799995,64.34540436400005],[-73.51528886599993,64.37030670800004],[-73.5501195949999,64.41128164300005],[-73.49689693899995,64.44790273600006]],[[-75.13760331899994,68.23627350500004],[-75.91120357999995,68.34454987200007],[-76.08185787699995,68.29767487200007],[-76.29914303299995,68.33478424700007],[-76.68887285099993,68.26264069200005],[-76.86839758999992,68.15900299700007],[-77.2122289699999,67.87042877800008],[-77.32266191299993,67.70799388200004],[-77.22329667899993,67.54328034100007],[-77.25804602799991,67.52277252800008],[-77.25059973899994,67.45384349200003],[-77.17804928299995,67.42552317900004],[-77.07591712099992,67.28628164300005],[-76.98155676999994,67.24331289300005],[-76.63365637899994,67.22797272300005],[-76.24327551999994,67.26951732000003],[-75.88927161399994,67.25800202000005],[-75.59585527299993,67.31110260600008],[-75.51056881399995,67.36107005400004],[-75.39045162699995,67.35765208500004],[-75.08242753799993,67.53318919500003],[-75.02977454299992,67.61835358300004],[-75.06554114499994,67.73167552300004],[-75.04405676999994,67.81696198100008],[-75.11668860599991,67.86627838700008],[-75.16136633999992,67.95311107000003],[-75.00352942599994,68.12327708500004],[-75.13760331899994,68.23627350500004]],[[-73.00548255099994,66.77920156500005],[-72.94896399599992,66.73456452000005],[-73.09833736899992,66.72768789300005],[-73.34467525899993,66.65875885600008],[-73.45563717399995,66.55060455900008],[-73.90644283799992,66.35712311400005],[-74.34540768099993,66.22581614800004],[-74.47215735599991,66.14858633000006],[-74.42035885299993,66.08344147300005],[-74.01231848899994,65.85512929900005],[-73.71784420499995,65.77460358300004],[-73.65318762899994,65.72028229400007],[-73.69554602799991,65.71458567900004],[-73.69428463399993,65.67841217700004],[-73.61156165299991,65.65135325700004],[-73.63267981699994,65.61041901200008],[-73.47443600199995,65.45962148600006],[-73.67365475199995,65.45962148600006],[-73.77607174399992,65.52484772300005],[-73.98375403599994,65.50682200700004],[-74.11835689999992,65.53709544500003],[-74.1875707669999,65.52167389500005],[-74.15343176999994,65.49494049700007],[-74.28693600199995,65.48069896000004],[-74.34459387899994,65.41181061400005],[-74.55121822799993,65.33340078300006],[-74.66136633999992,65.35073476800005],[-74.69469153599994,65.37763092700004],[-74.66820227799991,65.39533112200007],[-74.70836341099994,65.40558502800008],[-74.67536373599995,65.43138255400004],[-74.71515865799995,65.43976471600007],[-74.78595943899995,65.38654205900008],[-75.10505123599995,65.39614492400005],[-75.08397376199991,65.30272044500003],[-75.19318600199995,65.25629303600005],[-75.54979407499991,65.27708567900004],[-75.62055416599992,65.34341054900005],[-75.71540279899995,65.30878327000005],[-75.94908606699994,65.32245514500005],[-75.90815182199992,65.26097239800004],[-75.75072180899991,65.23639557500007],[-75.70893307199992,65.21381256700005],[-75.71821041599992,65.19155508000006],[-75.56212317599994,65.16893138200004],[-75.36314856699994,65.00763580900008],[-75.27021236899992,65.04938385600008],[-75.25389563699991,65.10862864800004],[-75.19871985599991,65.10569896000004],[-75.19493567599994,65.07265859600005],[-75.29051673099991,65.00092194200005],[-75.26256262899994,64.95701732000003],[-75.39301510299993,64.98248932500007],[-75.3867895169999,64.95994700700004],[-75.46825110599991,64.93895091400003],[-75.48456783799992,64.90444570500006],[-75.57172604099992,64.88422272300005],[-75.45942135299993,64.87714264500005],[-75.34581458199995,64.92519765800006],[-75.3731176419999,64.83584219000005],[-75.29401607999995,64.75079987200007],[-75.37873287699995,64.72158437700006],[-75.44969641799992,64.77179596600007],[-75.53758704299992,64.78119538000004],[-75.4602758449999,64.84308502800008],[-75.58051510299993,64.85781484600005],[-75.60651607999995,64.91836172100005],[-75.66791744699992,64.94562409100007],[-75.51716061099995,64.93943919500003],[-75.42528235599991,64.97247955900008],[-75.4407445949999,65.06574127800008],[-75.73932857999995,65.15916575700004],[-75.75731360599991,65.21381256700005],[-75.79792232999995,65.23232656500005],[-76.67686926999994,65.41107819200005],[-77.08954830599993,65.41600169500003],[-77.27179928299995,65.45962148600006],[-77.2363988919999,65.47386302300004],[-77.39159094999991,65.47308991100005],[-77.43565833199995,65.45962148600006],[-77.29169674399992,65.38141510600008],[-77.45612545499995,65.38507721600007],[-77.51414954299992,65.32611725500004],[-77.31281490799995,65.20014069200005],[-77.48643958199995,65.14809804900005],[-77.62946529899995,65.14842357000003],[-77.96361243399991,65.05194733300004],[-78.12059485599991,64.97418854400007],[-78.14557857999995,64.95184967700004],[-78.1328832669999,64.90371328300006],[-78.06562252499992,64.85008372600004],[-78.07310950399994,64.81590403900003],[-78.17463131399995,64.76805247600004],[-78.18297278599994,64.72589752800008],[-78.29902096299992,64.70673248900005],[-78.15562903599994,64.69928620000007],[-78.1966039699999,64.65143463700008],[-78.12836666599992,64.59003327000005],[-78.18219967399995,64.57965729400007],[-78.06562252499992,64.54157135600008],[-78.0774633449999,64.51727936400005],[-77.9700414699999,64.46588776200008],[-78.01097571499992,64.42820872600004],[-77.83202063699991,64.42194245000007],[-77.90864010299993,64.40509674700007],[-77.85399329299992,64.37030670800004],[-77.67894446499992,64.32245514500005],[-77.64704342399995,64.33222077000005],[-77.65473385299993,64.39077383000006],[-77.5110570949999,64.35724518400008],[-77.49091549399992,64.34979889500005],[-77.54552161399994,64.31500885600008],[-77.40485592399995,64.32758209800005],[-77.38105221299992,64.31500885600008],[-77.44989986899992,64.29523346600007],[-77.37018795499995,64.28148021000004],[-77.38105221299992,64.24677155200004],[-77.35081946499992,64.24111562700006],[-77.13324947799993,64.30109284100007],[-76.8118383449999,64.21942780200004],[-76.84662838399993,64.20579661700003],[-76.68895423099991,64.19155508000006],[-76.65668697799993,64.22134023600006],[-76.71825110599991,64.24135976800005],[-76.71092688699991,64.30536530200004],[-76.64085852799991,64.28363678600005],[-76.59618079299992,64.31500885600008],[-76.45470130099994,64.26996491100005],[-76.37983150899993,64.28839752800008],[-76.48969479099992,64.31500885600008],[-76.42003333199995,64.32074616100005],[-76.31761633999992,64.28082916900007],[-76.18805904899995,64.30141836100006],[-76.37983150899993,64.35663483300004],[-76.35260982999995,64.36237213700008],[-76.16767330599993,64.35529205900008],[-76.14093990799995,64.37030670800004],[-76.17503821499992,64.37775299700007],[-76.12665768099993,64.39077383000006],[-76.11021887899994,64.39183177300004],[-76.07123775899993,64.36640045800004],[-75.95299231699994,64.40753815300008],[-75.94908606699994,64.37775299700007],[-75.73603268099993,64.37246328300006],[-75.71576900899993,64.38397858300004],[-75.82494055899991,64.43170807500007],[-75.79828854099992,64.43854401200008],[-75.92182369699992,64.48700592700004],[-75.86591549399992,64.48908112200007],[-75.71019446499992,64.44155508000006],[-75.74303137899994,64.46588776200008],[-75.63316809799994,64.45966217700004],[-75.81537838399993,64.53139883000006],[-75.83922278599994,64.56207916900007],[-75.78400631399995,64.57575104400007],[-75.84125729099992,64.60150788000004],[-75.82001705599993,64.62221914300005],[-75.35834713399993,64.51154205900008],[-75.21943111899992,64.43402741100005],[-75.14887447799993,64.45184967700004],[-75.18866939999992,64.48240794500003],[-75.15680904899995,64.49437083500004],[-74.97211666599992,64.41811758000006],[-74.92609615799995,64.43475983300004],[-74.81480872299994,64.38572825700004],[-74.78343665299991,64.38397858300004],[-74.79088294199994,64.40509674700007],[-74.68101966099994,64.37775299700007],[-74.50568600199995,64.46173737200007],[-74.6172582669999,64.50592682500007],[-74.5364477199999,64.50747304900005],[-74.55317135299993,64.52480703300006],[-74.64631100199995,64.53473541900007],[-74.46873938699991,64.56207916900007],[-74.98888098899994,64.80231354400007],[-74.85236568899995,64.78119538000004],[-74.8216039699999,64.80914948100008],[-74.73143469999991,64.77216217700004],[-74.70982825399994,64.80304596600007],[-74.74286861899992,64.85785553600005],[-74.64008541599992,64.86371491100005],[-74.64631100199995,64.90473053600005],[-74.54389400899993,64.89850495000007],[-74.57799231699994,64.87738678600005],[-74.48664303299995,64.83665599200003],[-74.55361894399994,64.84882233300004],[-74.70836341099994,64.74022044500003],[-74.54076087099992,64.62616608300004],[-74.41584225199995,64.62763092700004],[-74.43464107999995,64.61050039300005],[-74.39447994699992,64.57684967700004],[-74.34459387899994,64.59686920800004],[-74.42035885299993,64.66571686400005],[-74.33844967399995,64.63100820500006],[-74.30028235599991,64.68305084800005],[-74.26231848899994,64.65094635600008],[-74.29255123599995,64.62221914300005],[-74.2422582669999,64.58258698100008],[-74.21495520699995,64.67877838700008],[-74.11872311099995,64.68561432500007],[-74.1282445949999,64.73159414300005],[-74.10114498599995,64.75299713700008],[-74.04979407499991,64.72589752800008],[-74.08393307199992,64.64093659100007],[-74.00263424399992,64.58258698100008],[-74.16710364499994,64.56952545800004],[-73.95482337099992,64.51496002800008],[-74.12616939999992,64.54157135600008],[-74.04356848899994,64.44599030200004],[-74.17393958199995,64.46588776200008],[-74.07905025899993,64.42059967700004],[-74.11249752499992,64.40509674700007],[-74.09821529899995,64.37775299700007],[-74.17393958199995,64.37030670800004],[-74.07774817599994,64.32933177300004],[-73.99579830599993,64.32933177300004],[-73.98961341099994,64.39077383000006],[-73.94054114499994,64.41128164300005],[-73.96165930899991,64.48016998900005],[-73.89618893099993,64.45966217700004],[-73.87401282499991,64.49917226800005],[-73.78290768099993,64.48016998900005],[-73.84471594999991,64.50454336100006],[-73.88597571499992,64.57575104400007],[-73.93439693899995,64.59003327000005],[-73.92170162699995,64.60927969000005],[-73.75190182199992,64.54157135600008],[-73.64635169199994,64.57575104400007],[-73.68793697799993,64.58258698100008],[-73.64635169199994,64.66571686400005],[-73.58259029899995,64.59650299700007],[-73.42723548099991,64.60301341400003],[-73.45234127499992,64.59149811400005],[-73.39533443899995,64.56513092700004],[-73.4121801419999,64.55304596600007],[-73.48871822799993,64.57575104400007],[-73.46422278599994,64.50800202000005],[-73.31395423099991,64.53815338700008],[-73.30943762899994,64.59365469000005],[-73.35151119699992,64.63784414300005],[-73.30308997299994,64.66571686400005],[-73.26899166599992,64.59686920800004],[-73.17467200399994,64.61611562700006],[-73.16718502499992,64.59003327000005],[-73.41718502499992,64.47736237200007],[-73.30308997299994,64.47272370000007],[-73.32567298099991,64.45571523600006],[-73.42926998599995,64.45416901200008],[-73.48188229099992,64.40509674700007],[-73.39313717399995,64.37030670800004],[-73.34125729099992,64.40509674700007],[-73.26557369699992,64.37030670800004],[-73.33397376199991,64.38092682500007],[-73.39207923099991,64.33600495000007],[-73.38630123599995,64.28148021000004],[-73.28266354099992,64.26044342700004],[-73.27489173099991,64.29132721600007],[-73.31053626199991,64.31500885600008],[-73.24335689999992,64.33612702000005],[-73.21625729099992,64.29905833500004],[-73.10448157499991,64.28148021000004],[-73.13178463399993,64.26788971600007],[-73.05431067599994,64.22842031500005],[-73.07823645699995,64.18329498900005],[-72.9055883449999,64.16559479400007],[-72.87531490799995,64.09422435100004],[-72.93382727799991,64.05499909100007],[-72.77892005099994,64.01593659100007],[-72.73424231699994,63.96987539300005],[-72.65880286399994,63.98672109600005],[-72.70588131399995,64.01703522300005],[-72.66319739499994,64.08392975500004],[-72.66974850199995,64.01740143400008],[-72.59117591099994,64.02765534100007],[-72.61200924399992,63.94953034100007],[-72.66624915299991,63.932074286000045],[-72.64032955599993,63.89520905200004],[-72.66624915299991,63.85639069200005],[-72.59809322799993,63.86713288000004],[-72.46080481699994,63.82221100500004],[-72.53595943899995,63.80170319200005],[-72.51317298099991,63.78974030200004],[-72.3782445949999,63.782538153000075],[-72.36884518099993,63.81102122600004],[-72.4055883449999,63.82843659100007],[-72.31000729099992,63.90420156500005],[-72.25792395699995,63.884019273000035],[-72.27538001199991,63.92475006700005],[-72.24176998599995,63.959418036000045],[-72.20917721299992,63.900824286000045],[-72.09032141799992,63.91095612200007],[-72.22065182199992,63.86937083500004],[-72.27363033799992,63.80927155200004],[-72.24852454299992,63.767564195000034],[-72.36461341099994,63.76072825700004],[-72.32445227799991,63.744208075000074],[-72.31757564999992,63.67885976800005],[-72.21381588399993,63.67763906500005],[-72.20063229099992,63.78042226800005],[-72.1309301419999,63.723944403000075],[-72.06297766799992,63.732855536000045],[-72.04161536399994,63.67072174700007],[-71.95299231699994,63.72304922100005],[-71.92621822799993,63.694525458000044],[-71.97398841099994,63.65542226800005],[-71.92979895699995,63.65501536700003],[-71.87800045499995,63.68504466400003],[-71.89545650899993,63.70547109600005],[-71.84447180899991,63.76072825700004],[-72.00837154899995,63.753973700000074],[-71.92284094999991,63.819647528000075],[-71.77586829299992,63.745794989000046],[-71.75450598899994,63.691839911000045],[-71.69806881399995,63.75340403900003],[-71.67939205599993,63.740301825000074],[-71.72040768099993,63.691839911000045],[-71.65550696499992,63.65770091400003],[-71.61591549399992,63.650824286000045],[-71.66124426999994,63.698472398000035],[-71.64606686099995,63.72011953300006],[-71.53538977799991,63.71234772300005],[-71.58320064999992,63.654364325000074],[-71.4876195949999,63.63043854400007],[-71.57286536399994,63.62083567900004],[-71.56187903599994,63.58148834800005],[-71.43976803299995,63.58942291900007],[-71.45966549399992,63.60993073100008],[-71.40501868399991,63.61676666900007],[-71.41869055899991,63.63666413000004],[-71.36713619699992,63.62592194200005],[-71.40339107999995,63.56940338700008],[-71.33592688699991,63.568793036000045],[-71.2891332669999,63.61908600500004],[-71.22691809799994,63.60248444200005],[-71.27782141799992,63.59837474200003],[-71.27717037699995,63.56614817900004],[-71.41254635299993,63.513739325000074],[-71.41779537699995,63.48745351800005],[-71.55394446499992,63.471909898000035],[-71.61445064999992,63.42690664300005],[-72.14232337099992,63.44830963700008],[-72.01520748599995,63.397650458000044],[-71.98753821499992,63.43178945500006],[-71.93700110599991,63.39447663000004],[-71.82685299399992,63.38768138200004],[-71.78087317599994,63.414496161000045],[-71.72716223899994,63.356675523000035],[-71.82274329299992,63.349269924000055],[-71.76874752499992,63.32135651200008],[-71.74083411399994,63.27480703300006],[-71.76874752499992,63.26048411700003],[-71.64867102799991,63.26390208500004],[-71.76195227799991,63.23261139500005],[-71.65888424399992,63.198431708000044],[-71.71349036399994,63.17792389500005],[-71.46051998599995,63.104803778000075],[-71.40876217399995,63.12335846600007],[-71.39411373599995,63.10106028900003],[-71.42613684799994,63.075506903000075],[-71.40204830599993,63.055568752000056],[-71.21617591099994,63.00877513200004],[-71.15965735599991,63.09780508000006],[-71.02892005099994,63.07859935100004],[-70.99254309799994,63.10602448100008],[-70.99823971299992,63.14305247600004],[-70.92646236899992,63.17255280200004],[-70.89854895699995,63.164943752000056],[-70.95258541599992,63.14321523600006],[-70.93272864499994,63.116522528000075],[-70.82282467399995,63.130113023000035],[-70.94054114499994,63.098822333000044],[-71.03205318899995,63.02708567900004],[-71.12079830599993,63.03335195500006],[-71.15802975199995,62.99359772300005],[-71.05134029899995,62.98729075700004],[-70.94623775899993,63.03278229400007],[-70.9395238919999,62.973089911000045],[-71.04194088399993,62.95880768400008],[-70.76825924399992,62.93154531500005],[-70.89854895699995,62.91787344000005],[-70.82966061099995,62.89679596600007],[-70.49323482999995,62.86660390800006],[-70.2403051419999,62.75409577000005],[-70.06977291599992,62.74762604400007],[-69.93895423099991,62.801214911000045],[-69.76085364499994,62.73289622600004],[-69.83531653599994,62.82916901200008],[-69.67890377499992,62.78009674700007],[-69.69880123599995,62.74591705900008],[-69.62694251199991,62.791001695000034],[-69.39024817599994,62.76703522300005],[-69.53742428299995,62.73908112200007],[-69.56904049399992,62.71930573100008],[-69.43187415299991,62.71246979400007],[-69.58678137899994,62.65770091400003],[-69.44505774599992,62.55353424700007],[-69.42442786399994,62.560980536000045],[-69.45917721299992,62.62921784100007],[-69.42406165299991,62.61823151200008],[-69.37726803299995,62.53367747600004],[-69.30463619699992,62.62921784100007],[-69.28107662699995,62.62368398600006],[-69.31517493399991,62.541083075000074],[-69.19749915299991,62.444525458000044],[-69.02717037699995,62.379787502000056],[-68.83844967399995,62.38027578300006],[-68.81525631399995,62.341864325000074],[-68.70502682199992,62.32827383000006],[-68.72614498599995,62.30776601800005],[-68.55365963399993,62.24974192900004],[-68.08250891799992,62.23200104400007],[-67.87262936099995,62.19086334800005],[-67.82005774599992,62.20892975500004],[-67.83490963399993,62.17804596600007],[-67.67406165299991,62.157538153000075],[-67.58128821499992,62.18109772300005],[-67.52228756399995,62.15058014500005],[-67.33775794199994,62.139960028000075],[-67.31745357999995,62.07322825700004],[-67.23595130099994,62.10187409100007],[-67.10749264199995,62.03668854400007],[-67.02326412699995,62.053900458000044],[-66.93757076699995,62.01447174700007],[-66.91681881399995,62.03400299700007],[-66.94355221299992,62.04767487200007],[-66.74555416599992,62.012884833000044],[-66.69774329299992,61.96507396000004],[-66.61518307199992,61.96507396000004],[-66.65607662699995,61.94782135600008],[-66.64313717399995,61.92413971600007],[-66.53978430899991,61.90302155200004],[-66.27448482999995,61.85809967700004],[-66.06309973899994,61.87494538000004],[-65.94884192599994,61.90875885600008],[-65.98827063699991,61.96165599200003],[-66.14220130099994,62.012884833000044],[-66.1028539699999,62.04291413000004],[-66.20429439999992,62.11660390800006],[-66.17870032499991,62.13467031500005],[-66.12852942599994,62.08860911700003],[-66.04002844999991,62.07526276200008],[-66.05321204299992,62.14533112200007],[-65.93000240799995,62.19782135600008],[-65.98713131399995,62.24209219000005],[-66.05915279899995,62.22809479400007],[-66.26512610599991,62.266791083000044],[-66.15526282499991,62.248114325000074],[-66.15587317599994,62.30776601800005],[-66.22455807199992,62.34951406500005],[-66.24461829299992,62.32143789300005],[-66.30195064999992,62.35106028900003],[-66.36327063699991,62.33197663000004],[-66.30671139199995,62.27301666900007],[-66.34382076699995,62.270697333000044],[-66.47386633999992,62.33665599200003],[-66.33710689999992,62.380560614000046],[-66.39671790299991,62.423814195000034],[-66.35240637899994,62.44745514500005],[-66.51215572799993,62.423814195000034],[-66.48029537699995,62.505072333000044],[-66.60517330599993,62.58295319200005],[-66.60834713399993,62.61562734600005],[-66.71821041599992,62.62921784100007],[-66.66978919199994,62.64354075700004],[-66.77281653599994,62.63666413000004],[-66.72504635299993,62.67084381700005],[-66.75971432199992,62.68390534100007],[-67.00621497299994,62.65717194200005],[-66.91002356699994,62.69818756700005],[-67.05341549399992,62.69196198100008],[-67.01471920499995,62.73745351800005],[-67.03974361899992,62.773871161000045],[-67.12230383999992,62.75958893400008],[-67.08820553299995,62.79779694200005],[-67.12230383999992,62.82916901200008],[-67.24518795499995,62.81484609600005],[-67.17479407499991,62.85447825700004],[-67.19798743399991,62.87689850500004],[-67.36872311099995,62.85578034100007],[-67.24518795499995,62.889960028000075],[-67.41710364499994,62.93154531500005],[-67.39423580599993,62.96385325700004],[-67.42381751199991,62.97943756700005],[-67.56794186099995,62.973089911000045],[-67.67658443899995,62.92869700700004],[-67.62934322799993,62.98041413000004],[-67.51020260299993,63.00775788000004],[-67.53693600199995,63.044989325000074],[-67.66352291599992,63.04075755400004],[-67.73863684799994,62.99982330900008],[-67.71503658799992,62.962225653000075],[-67.77338619699992,62.95880768400008],[-67.73863684799994,62.98615143400008],[-67.80072994699992,63.014105536000045],[-67.71357174399992,63.06085846600007],[-67.61091061099995,63.06679922100005],[-67.61131751199991,63.09711334800005],[-67.79865475199995,63.08885325700004],[-67.89574133999992,63.118475653000075],[-67.92829342399995,63.07713450700004],[-67.9856664699999,63.075506903000075],[-67.91742916599992,63.14321523600006],[-68.13280188699991,63.157904364000046],[-68.2298070949999,63.199286200000074],[-68.24640865799995,63.21206289300005],[-68.20710201699995,63.21865469000005],[-68.21373450399994,63.24160390800006],[-68.28034420499995,63.26166413000004],[-68.28962154899995,63.30426666900007],[-68.49958248599995,63.43121979400007],[-68.44440670499995,63.44489166900007],[-68.55174719999991,63.44936758000006],[-68.8633520169999,63.60993073100008],[-68.81489010299993,63.63666413000004],[-68.99303137899994,63.76072825700004],[-68.71519934799994,63.735663153000075],[-68.74876868399991,63.77977122600004],[-68.57530676999994,63.732855536000045],[-68.52875729099992,63.746079820000034],[-68.4407445949999,63.71625397300005],[-68.38666744699992,63.65770091400003],[-68.28697669199994,63.63666413000004],[-68.31525631399995,63.691839911000045],[-68.28892981699994,63.69912344000005],[-68.22297115799995,63.63153717700004],[-68.23045813699991,63.59662506700005],[-68.14329993399991,63.58161041900007],[-68.13715572799993,63.60993073100008],[-68.09211178299995,63.55841705900008],[-67.86888587099992,63.46369049700007],[-67.82697506399995,63.407904364000046],[-67.69770260299993,63.36969635600008],[-67.67035885299993,63.39476146000004],[-67.68468176999994,63.43333567900004],[-67.79222571499992,63.54140859600005],[-67.81432044199994,63.65086497600004],[-67.92418372299994,63.767564195000034],[-67.80756588399993,63.699286200000074],[-67.78571529899995,63.64476146000004],[-67.67035885299993,63.65770091400003],[-67.68968665299991,63.632879950000074],[-67.53319251199991,63.521185614000046],[-67.54906165299991,63.505926825000074],[-67.50068111899992,63.44281647300005],[-67.41877193899995,63.414048570000034],[-67.42353268099993,63.46507396000004],[-67.40082760299993,63.46552155200004],[-67.35712643099993,63.38776276200008],[-67.20112057199992,63.28847890800006],[-67.15412350199995,63.285223700000074],[-67.18439693899995,63.32135651200008],[-67.01244055899991,63.28778717700004],[-67.03779049399992,63.34324778900003],[-67.01292883999992,63.40273672100005],[-66.97398841099994,63.39590078300006],[-67.00483150899993,63.31976959800005],[-66.95099850199995,63.29092031500005],[-67.01988684799994,63.23940664300005],[-66.83429928299995,63.15070221600007],[-66.80467688699991,63.18842194200005],[-66.84593665299991,63.252020575000074],[-66.80695553299995,63.27480703300006],[-66.76414954299992,63.18374258000006],[-66.76866614499994,63.09064362200007],[-66.55040442599994,62.99628327000005],[-66.68407141799992,63.10224030200004],[-66.60151119699992,63.068060614000046],[-66.55992591099994,63.081732489000046],[-66.62303626199991,63.164496161000045],[-66.6009008449999,63.21206289300005],[-66.73871822799993,63.29401276200008],[-66.64366614499994,63.37457916900007],[-66.68842525899993,63.28139883000006],[-66.56366939999992,63.21580638200004],[-66.57420813699991,63.164943752000056],[-66.49103756399995,63.08856842700004],[-66.51923580599993,63.077337958000044],[-66.39671790299991,62.99982330900008],[-66.10387122299994,62.951605536000045],[-66.10423743399991,62.99677155200004],[-66.20600338399993,63.04047272300005],[-66.21796627499992,63.08856842700004],[-66.28315182199992,63.13694896000004],[-66.16478430899991,63.095038153000075],[-66.11750240799995,63.03497955900008],[-66.05174719999991,63.050482489000046],[-66.07172604099992,63.02240631700005],[-66.02936764199995,62.98615143400008],[-65.94420325399994,62.97931549700007],[-65.95726477799991,62.99982330900008],[-65.83433997299994,63.03335195500006],[-65.96349036399994,62.937486070000034],[-65.87584387899994,62.928941148000035],[-65.78815670499995,62.87319570500006],[-65.82685299399992,62.92837148600006],[-65.74205481699994,62.97638580900008],[-65.75190182199992,63.033189195000034],[-65.7122289699999,63.051214911000045],[-65.68354244699992,62.99982330900008],[-65.75243079299992,62.92475006700005],[-65.66588294199994,62.91225820500006],[-65.64061438699991,62.84198639500005],[-65.60383053299995,62.82514069200005],[-65.47748775899993,62.822251695000034],[-65.45697994699992,62.848944403000075],[-65.39863033799992,62.82916901200008],[-65.32725989499994,62.91787344000005],[-65.34089107999995,62.85578034100007],[-65.25153561099995,62.83535390800006],[-65.35590572799993,62.82526276200008],[-65.37507076699995,62.78693268400008],[-65.24469967399995,62.78009674700007],[-65.31615149599992,62.745021877000056],[-65.35456295499995,62.68451569200005],[-65.26520748599995,62.69818756700005],[-65.29999752499992,62.67829010600008],[-65.24596106699994,62.60586172100005],[-65.16962643099993,62.568426825000074],[-64.92939205599993,62.64354075700004],[-65.19013424399992,62.87689850500004],[-65.18329830599993,62.92129140800006],[-65.28526770699995,62.984076239000046],[-65.27204342399995,63.00665924700007],[-65.12116451699995,62.92475006700005],[-65.14745032499991,62.98061758000006],[-65.12865149599992,62.99982330900008],[-65.08710689999992,62.94745514500005],[-64.88707434799994,62.86937083500004],[-64.78343665299991,62.86424388200004],[-64.62775631399995,62.91107819200005],[-64.69359290299991,62.95697663000004],[-64.71796627499992,62.92129140800006],[-64.84748287699995,62.973089911000045],[-64.77171790299991,62.98615143400008],[-64.81261145699995,63.05072663000004],[-64.7649633449999,63.05508047100005],[-64.86790930899991,63.09601471600007],[-64.7512914699999,63.10224030200004],[-64.90208899599992,63.15403880400004],[-64.86054439999992,63.171128648000035],[-65.05976314999992,63.17792389500005],[-65.07453365799995,63.21987539300005],[-64.99067135299993,63.20026276200008],[-64.97777258999992,63.22793203300006],[-65.09727942599994,63.23940664300005],[-65.14911861899992,63.28778717700004],[-65.02806555899991,63.249660549000055],[-65.00511633999992,63.27480703300006],[-65.06065833199995,63.316839911000045],[-64.90208899599992,63.23940664300005],[-64.94648189999992,63.359808661000045],[-65.01264400899993,63.40110911700003],[-65.12116451699995,63.40387604400007],[-65.04670162699995,63.438666083000044],[-65.14911861899992,63.43121979400007],[-65.05976314999992,63.452337958000044],[-65.09931393099993,63.54950592700004],[-64.98749752499992,63.60309479400007],[-65.30243893099993,63.81273021000004],[-65.17304439999992,63.79328034100007],[-65.14911861899992,63.77440013200004],[-65.20990963399993,63.781236070000034],[-65.05512447799993,63.67055898600006],[-64.9426977199999,63.63271719000005],[-64.93171139199995,63.57135651200008],[-64.83690344999991,63.50385163000004],[-64.79967200399994,63.397650458000044],[-64.75873775899993,63.38336823100008],[-64.77171790299991,63.32880280200004],[-64.71711178299995,63.28099192900004],[-64.64203854099992,63.23940664300005],[-64.53681393099993,63.255194403000075],[-64.48436438699991,63.28778717700004],[-64.62775631399995,63.32135651200008],[-64.51142330599993,63.314439195000034],[-64.52228756399995,63.376654364000046],[-64.60594641799992,63.38540273600006],[-64.63520260299993,63.41815827000005],[-64.50755774599992,63.42206452000005],[-64.55260169199994,63.47280508000006],[-64.52513587099992,63.500433661000045],[-64.55943762899994,63.562201239000046],[-64.53815670499995,63.56989166900007],[-64.58678137899994,63.60248444200005],[-64.52607174399992,63.61408112200007],[-64.52232825399994,63.66909414300005],[-64.70677649599992,63.76227448100008],[-64.76398678299995,63.749253648000035],[-64.92951412699995,63.77765534100007],[-64.99144446499992,63.82843659100007],[-64.89277096299992,63.868394273000035],[-64.89525305899991,63.897365627000056],[-64.64667721299992,63.975490627000056],[-64.66612708199995,64.03261953300006],[-64.69477291599992,64.04608795800004],[-64.7512914699999,64.00722890800006],[-64.83580481699994,64.02326080900008],[-64.96357174399992,63.97304922100005],[-64.92255611899992,64.01406484600005],[-65.19310462099992,64.02191803600005],[-65.22423255099994,64.04193756700005],[-65.05292721299992,64.06867096600007],[-65.19627844999991,64.07611725500004],[-65.11436926999994,64.10956452000005],[-65.25153561099995,64.17853424700007],[-65.39549719999991,64.15119049700007],[-65.24469967399995,64.19896067900004],[-65.36078854099992,64.22687409100007],[-65.34369869699992,64.25332265800006],[-65.56684322799993,64.25421784100007],[-65.43651282499991,64.27411530200004],[-65.46442623599995,64.29523346600007],[-65.41600501199991,64.28839752800008],[-65.43549557199992,64.30508047100005],[-65.65619869699992,64.30141836100006],[-65.52586829299992,64.32933177300004],[-65.22704016799992,64.30052317900004],[-65.17841549399992,64.34747955900008],[-65.26520748599995,64.38397858300004],[-65.09422766799992,64.41966380400004],[-65.07343502499992,64.44912344000005],[-65.08967037699995,64.48647695500006],[-65.17577063699991,64.48016998900005],[-65.11436926999994,64.51496002800008],[-65.23790442599994,64.48700592700004],[-65.21137447799993,64.54140859600005],[-65.26520748599995,64.52114492400005],[-65.27448482999995,64.47150299700007],[-65.33409583199995,64.48700592700004],[-65.40782630099994,64.44537995000007],[-65.34089107999995,64.52798086100006],[-65.49274654899995,64.47565338700008],[-65.51903235599991,64.48016998900005],[-65.50536048099991,64.50063711100006],[-65.70685787699995,64.49005768400008],[-65.72252356699994,64.57562897300005],[-65.75243079299992,64.59003327000005],[-65.58649654899995,64.64911530200004],[-65.58735104099992,64.69928620000007],[-65.56000729099992,64.71287669500003],[-65.58283443899995,64.75682200700004],[-65.64659583199995,64.77338288000004],[-65.70295162699995,64.75458405200004],[-65.7102758449999,64.69245026200008],[-65.73814856699994,64.74770742400005],[-65.66881262899994,64.81195709800005],[-65.71678626199991,64.84422435100004],[-65.77611243399991,64.80438873900005],[-65.78136145699995,64.86180247600004],[-65.82404537699995,64.88275788000004],[-65.95213782499991,64.88450755400004],[-65.88898678299995,64.82957591400003],[-65.93675696499992,64.80914948100008],[-65.85423743399991,64.76129791900007],[-65.89557857999995,64.73248932500007],[-65.80736243399991,64.63743724200003],[-65.90802975199995,64.67865631700005],[-65.95726477799991,64.76752350500004],[-66.01264400899993,64.75446198100008],[-65.99885006399995,64.71287669500003],[-66.04137122299994,64.71942780200004],[-66.01866614499994,64.85757070500006],[-66.10094153599994,64.80744049700007],[-66.17088782499991,64.68341705900008],[-66.21796627499992,64.69245026200008],[-66.21051998599995,64.76129791900007],[-66.34150143099993,64.77435944200005],[-66.19025631399995,64.78099192900004],[-66.19684811099995,64.82273997600004],[-66.14964758999992,64.87055084800005],[-66.24445553299995,64.90623607000003],[-66.30671139199995,64.87055084800005],[-66.34687252499992,64.94525788000004],[-66.37323971299992,64.91950104400007],[-66.47948157499991,64.93585846600007],[-66.48253333199995,64.98598867400005],[-66.53709876199991,64.95840078300006],[-66.53937740799995,65.01337311400005],[-66.68219967399995,65.04417552300004],[-66.69404049399992,65.01772695500006],[-66.64936275899993,64.96991608300004],[-66.69090735599991,64.82615794500003],[-66.63569088399993,64.78119538000004],[-66.70518958199995,64.76878489800004],[-66.76598059799994,64.87055084800005],[-66.72504635299993,64.91836172100005],[-66.83429928299995,64.94562409100007],[-66.74339758999992,64.96820709800005],[-66.78648841099994,65.03506094000005],[-66.75922604099992,65.06915924700007],[-66.85126705599993,65.03611888200004],[-66.91681881399995,65.04930247600004],[-66.81135006399995,65.06256745000007],[-66.79271399599992,65.09027741100005],[-66.8274633449999,65.09027741100005],[-66.75877844999991,65.11570872600004],[-66.72504635299993,65.18585846600007],[-66.83702551999994,65.14590078300006],[-66.90623938699991,65.07123444200005],[-67.10863196499992,65.06232330900008],[-67.05341549399992,65.11009349200003],[-66.96153723899994,65.11009349200003],[-66.93732662699995,65.24115631700005],[-66.99449622299994,65.20132070500006],[-67.02814693899995,65.22431061400005],[-67.11192786399994,65.20335521000004],[-67.17011471299992,65.22687409100007],[-67.08067786399994,65.24730052300004],[-67.16881262899994,65.26854075700004],[-67.12230383999992,65.31622955900008],[-67.28368079299992,65.35716380400004],[-67.33417721299992,65.32294342700004],[-67.41710364499994,65.35101959800005],[-67.11628170499995,65.37099844000005],[-67.0598852199999,65.42405833500004],[-67.11546790299991,65.43976471600007],[-67.06025143099993,65.45335521000004],[-67.08429928299995,65.46771881700005],[-67.33551998599995,65.45050690300008],[-67.45868893099993,65.50116608300004],[-67.32774817599994,65.50800202000005],[-67.41710364499994,65.52850983300004],[-67.3782445949999,65.54352448100008],[-67.25947018099993,65.53534577000005],[-67.34142005099994,65.57689036700003],[-67.25422115799995,65.60838450700004],[-67.27314205599993,65.64520905200004],[-67.43561764199995,65.68060944200005],[-67.48627682199992,65.64598216400003],[-67.73554439999992,65.63837311400005],[-68.03343665299991,65.48749420800004],[-67.95091712099992,65.56264883000006],[-68.06073971299992,65.56940338700008],[-67.91742916599992,65.60419342700004],[-67.99156653599994,65.63361237200007],[-67.90998287699995,65.61790599200003],[-67.86896725199995,65.64520905200004],[-67.88947506399995,65.70600006700005],[-67.97435462099992,65.70962148600006],[-67.95836341099994,65.74079010600008],[-67.84471594999991,65.76251862200007],[-67.81432044199994,65.81586334800005],[-68.00755774599992,65.78070709800005],[-68.20539303299995,65.79604726800005],[-68.08226477799991,65.83283112200007],[-68.19111080599993,65.86432526200008],[-68.15245520699995,65.87978750200006],[-68.14671790299991,65.93256256700005],[-68.17743893099993,65.90521881700005],[-68.31244869699992,65.91278717700004],[-68.33515377499992,65.93256256700005],[-68.31525631399995,65.96137116100005],[-68.19111080599993,65.95302969000005],[-68.34788977799991,66.03978099200003],[-68.11603756399995,65.96670156500005],[-68.21161861899992,66.00763580900008],[-68.12397213399993,66.02708567900004],[-68.08250891799992,65.98094310100004],[-68.05296790299991,66.00779857000003],[-68.06822669199994,66.04926178600005],[-68.02729244699992,66.07591380400004],[-68.19994055899991,66.12807851800005],[-68.25999915299991,66.11131419500003],[-68.21906490799995,66.07591380400004],[-68.26109778599994,66.08063385600008],[-68.48530025899993,66.19330475500004],[-68.54401607999995,66.19501373900005],[-68.5833227199999,66.17352936400005],[-68.71247311099995,66.17275625200006],[-68.8496801419999,66.19330475500004],[-68.49657141799992,66.21287669500003],[-68.47240149599992,66.23672109600005],[-68.51353919199994,66.30312734600005],[-68.44440670499995,66.26837799700007],[-68.39924068899995,66.18683502800008],[-68.32892818899995,66.18577708500004],[-68.33189856699994,66.22256094000005],[-68.27367102799991,66.22736237200007],[-68.21617591099994,66.14594147300005],[-67.97264563699991,66.08344147300005],[-68.02607174399992,66.06557851800005],[-68.03343665299991,66.00145091400003],[-67.9856664699999,65.98777903900003],[-67.92280025899993,65.90322500200006],[-67.81000729099992,65.87840403900003],[-67.70445716099994,65.89838288000004],[-67.74592037699995,65.96649811400005],[-67.61567135299993,65.90619538000004],[-67.47297115799995,65.89354075700004],[-67.41026770699995,65.94684479400007],[-67.18712317599994,65.91616445500006],[-67.17011471299992,65.93256256700005],[-67.31415768099993,66.00145091400003],[-67.16327877499992,66.04242584800005],[-67.25605221299992,66.05609772300005],[-67.31330318899995,66.11933014500005],[-67.75291907499991,66.25470612200007],[-67.70445716099994,66.29262929900005],[-67.76337643099993,66.36554596600007],[-67.85240637899994,66.41339752800008],[-67.87657630099994,66.46381256700005],[-67.99250240799995,66.50853099200003],[-67.93785559799994,66.52220286700003],[-67.88975989499994,66.49494049700007],[-67.85936438699991,66.52220286700003],[-67.80040442599994,66.45856354400007],[-67.62938391799992,66.44647858300004],[-67.49779212099992,66.38593170800004],[-67.39891516799992,66.29645416900007],[-67.38337154899995,66.31753164300005],[-67.30317135299993,66.28074778900003],[-67.14598548099991,66.30280182500007],[-67.12909908799992,66.31679922100005],[-67.18773352799991,66.35211823100008],[-67.41026770699995,66.43280670800004],[-67.15562903599994,66.36847565300008],[-67.14277096299992,66.44025299700007],[-67.25226803299995,66.47679271000004],[-67.28624426999994,66.52619049700007],[-67.74608313699991,66.57001373900005],[-67.63178463399993,66.59829336100006],[-67.53892981699994,66.57029857000003],[-67.52696692599994,66.59796784100007],[-67.55585689999992,66.62173086100006],[-67.52782141799992,66.62445709800005],[-67.4485570949999,66.57367584800005],[-67.32994544199994,66.59345123900005],[-67.31196041599992,66.56313711100006],[-67.19481360599991,66.53758372600004],[-67.19054114499994,66.49494049700007],[-67.12938391799992,66.48720937700006],[-67.08067786399994,66.51194896000004],[-67.16327877499992,66.52846914300005],[-67.04718990799995,66.52220286700003],[-66.88267981699994,66.57001373900005],[-67.06025143099993,66.64573802300004],[-66.84862219999991,66.59027741100005],[-66.72504635299993,66.59113190300008],[-66.86156165299991,66.54271067900004],[-66.80512447799993,66.52578359600005],[-66.79442298099991,66.47406647300005],[-66.82066809799994,66.46698639500005],[-66.78534908799992,66.44204336100006],[-66.67723548099991,66.46015045800004],[-66.70848548099991,66.40346914300005],[-66.76598059799994,66.38507721600007],[-66.61518307199992,66.37140534100007],[-66.44322669199994,66.41425202000005],[-66.57420813699991,66.37140534100007],[-66.47179114499994,66.35028717700004],[-66.51573645699995,66.32037995000007],[-66.47801673099991,66.27887604400007],[-66.54670162699995,66.28261953300006],[-66.5208227199999,66.21869538000004],[-66.38923092399995,66.20693594000005],[-66.38752193899995,66.24201080900008],[-66.44383704299992,66.26837799700007],[-66.42218990799995,66.28070709800005],[-66.36200924399992,66.25470612200007],[-66.31061764199995,66.27309804900005],[-66.2805883449999,66.24225495000007],[-66.14964758999992,66.28945547100005],[-66.25731360599991,66.22357819200005],[-66.1477758449999,66.14069245000007],[-66.01191158799992,66.11749909100007],[-65.68187415299991,66.19135163000004],[-65.47748775899993,66.39183177300004],[-65.46991939999992,66.35301341400003],[-65.53888912699995,66.32363515800006],[-65.47065182199992,66.31679922100005],[-65.63914954299992,66.17275625200006],[-65.92308508999992,66.09023672100005],[-65.96039791599992,66.05267975500004],[-65.93968665299991,65.97675202000005],[-65.89940344999991,65.95368073100008],[-65.39313717399995,65.98224518400008],[-65.30614173099991,66.00763580900008],[-65.28937740799995,66.04242584800005],[-65.23627682199992,66.02448151200008],[-64.96357174399992,66.07591380400004],[-64.85041256399995,66.12002187700006],[-64.83320064999992,66.19944896000004],[-64.71031653599994,66.28261953300006],[-64.35399329299992,66.35028717700004],[-64.71723385299993,66.22455475500004],[-64.77818762899994,66.10293203300006],[-64.85431881399995,66.03558991100005],[-64.7376195949999,65.97418854400007],[-64.93805904899995,66.00726959800005],[-65.33580481699994,65.92133209800005],[-65.45075436099995,65.84320709800005],[-65.50536048099991,65.75507233300004],[-65.46629798099991,65.74481842700004],[-65.38499915299991,65.78774648600006],[-65.45384680899991,65.67934804900005],[-65.18403072799993,65.65672435100004],[-65.06659908799992,65.71344635600008],[-64.79222571499992,65.72772858300004],[-65.09044348899994,65.67934804900005],[-65.11774654899995,65.63837311400005],[-65.30125891799992,65.62962474200003],[-65.34089107999995,65.58315664300005],[-65.31281490799995,65.55581289300005],[-65.19591223899994,65.60285065300008],[-65.22211666599992,65.56606679900005],[-65.18073482999995,65.54596588700008],[-64.99128170499995,65.54800039300005],[-64.85265051999994,65.66083405200004],[-64.71031653599994,65.65884023600006],[-64.83006751199991,65.63837311400005],[-64.83320064999992,65.60732656500005],[-64.79222571499992,65.58315664300005],[-64.85346432199992,65.58734772300005],[-64.92939205599993,65.52850983300004],[-65.16962643099993,65.48749420800004],[-65.13182532499991,65.42499420800004],[-65.01020260299993,65.36937083500004],[-64.95506751199991,65.40753815300008],[-64.70868893099993,65.43537018400008],[-64.64207923099991,65.47064850500004],[-64.49799557199992,65.45962148600006],[-64.50702877499992,65.44090403900003],[-64.40864010299993,65.48069896000004],[-64.45848548099991,65.42108795800004],[-64.60773678299995,65.43056875200006],[-64.91510982999995,65.34349192900004],[-64.68236243399991,65.34349192900004],[-64.90892493399991,65.30255768400008],[-64.86286373599995,65.29311758000006],[-64.90208899599992,65.28204987200007],[-64.83185787699995,65.24331289300005],[-64.73664303299995,65.27627187700006],[-64.64887447799993,65.25413646000004],[-64.71568762899994,65.22719961100006],[-64.68236243399991,65.20636627800008],[-64.73082434799994,65.15916575700004],[-64.61693274599992,65.19245026200008],[-64.63988196499992,65.15790436400005],[-64.61347408799992,65.13743724200003],[-64.64142818899995,65.12376536700003],[-64.57331295499995,65.12636953300006],[-64.55711829299992,65.09320709800005],[-64.4622289699999,65.20620351800005],[-64.47752844999991,65.28204987200007],[-64.44611568899995,65.31952545800004],[-64.35700436099995,65.35272858300004],[-64.29804439999992,65.42300039300005],[-64.23737545499995,65.43231842700004],[-64.25165768099993,65.39191315300008],[-64.40864010299993,65.28827545800004],[-64.33820553299995,65.29547760600008],[-64.39452063699991,65.24689362200007],[-64.3743383449999,65.17926666900007],[-64.32823645699995,65.15119049700007],[-64.22740637899994,65.20014069200005],[-64.07905025899993,65.20014069200005],[-64.17845618399991,65.17670319200005],[-64.27826900899993,65.10394928600005],[-64.19635982999995,65.11009349200003],[-64.15318762899994,65.05536530200004],[-64.10973059799994,65.05231354400007],[-64.07323157499991,65.12018463700008],[-63.968861456999946,65.10138580900008],[-63.873117641999954,65.17479075700004],[-63.80907141799992,65.18585846600007],[-63.88044186099995,65.10407135600008],[-63.87096106699994,65.04450104400007],[-63.65510006399995,65.04189687700006],[-63.82579505099994,65.01459381700005],[-63.82579505099994,64.98663971600007],[-63.756296352999925,64.96588776200008],[-63.61274166599992,65.00287506700005],[-63.60517330599993,64.96548086100006],[-63.66193600199995,64.94562409100007],[-63.63459225199995,64.93113841400003],[-63.65510006399995,64.91836172100005],[-63.53502356699994,64.89850495000007],[-63.504343227999925,64.95994700700004],[-63.53160559799994,64.97296784100007],[-63.45588131399995,65.00771719000005],[-63.46955318899995,65.03506094000005],[-63.38764400899993,65.04189687700006],[-63.463327602999925,65.06232330900008],[-63.36713619699992,65.06915924700007],[-63.43602454299992,65.10394928600005],[-63.339833136999914,65.14492422100005],[-63.51793372299994,65.19269440300008],[-63.31330318899995,65.20978424700007],[-63.45588131399995,65.24115631700005],[-63.34064693899995,65.25747304900005],[-63.442250128999945,65.29572174700007],[-63.339833136999914,65.30255768400008],[-63.49750729099992,65.37083567900004],[-63.463327602999925,65.38507721600007],[-63.52415930899991,65.38507721600007],[-63.38764400899993,65.39813873900005],[-63.65510006399995,65.46702708500004],[-63.29137122299994,65.43231842700004],[-63.530466274999924,65.48558177300004],[-63.542185024999924,65.52171458500004],[-63.620350714999915,65.54897695500006],[-63.57258053299995,65.54897695500006],[-63.60737057199992,65.59674713700008],[-63.48009192599994,65.52850983300004],[-63.36664791599992,65.53831614800004],[-63.31871497299994,65.59674713700008],[-63.36656653599994,65.63349030200004],[-63.66425533799992,65.64891185100004],[-63.72142493399991,65.67926666900007],[-63.34666907499991,65.67251211100006],[-63.38764400899993,65.71344635600008],[-63.36713619699992,65.73395416900007],[-63.53160559799994,65.87791575700004],[-63.51008053299995,65.93650950700004],[-63.47642981699994,65.93357982000003],[-63.43232174399992,65.84686920800004],[-63.196156378999945,65.63373444200005],[-63.013742641999954,65.63523997600004],[-63.00133216099994,65.59406159100007],[-62.95966549399992,65.58999258000006],[-62.896555141999954,65.64081452000005],[-62.91466223899994,65.72402578300006],[-62.96308346299992,65.75507233300004],[-62.93211829299992,65.76056549700007],[-62.87608801999994,65.72394440300008],[-62.86005611899992,65.64520905200004],[-62.8196508449999,65.61041901200008],[-62.73066158799992,65.59308502800008],[-62.729074673999946,65.62099844000005],[-62.67516028599994,65.63906484600005],[-62.65717525899993,65.58877187700006],[-62.59801184799994,65.67487213700008],[-62.81977291599992,65.73200104400007],[-62.84638424399992,65.76870351800005],[-62.60224361899992,65.72333405200004],[-62.57176673099991,65.76260000200006],[-62.82591712099992,65.84320709800005],[-62.81220455599993,65.86432526200008],[-62.87364661399994,65.88475169500003],[-62.87079830599993,65.90814850500004],[-62.644602016999954,65.81077708500004],[-62.53779049399992,65.81854889500005],[-62.510324673999946,65.79328034100007],[-62.29149329299992,65.82269928600005],[-62.369577602999925,65.86810944200005],[-62.35973059799994,65.91209544500003],[-62.45600338399993,65.92572663000004],[-62.38707434799994,65.93256256700005],[-62.428903774999924,65.97870514500005],[-62.822824673999946,66.02191803600005],[-62.928293423999946,66.12433502800008],[-63.06550045499995,66.12433502800008],[-62.92365475199995,66.15119049700007],[-62.785227016999954,66.03766510600008],[-62.41087805899991,66.02301666900007],[-62.318796352999925,65.98094310100004],[-61.95421301999994,66.01976146000004],[-61.992746548999946,66.05019765800006],[-62.113352016999954,66.05609772300005],[-62.010324673999946,66.07591380400004],[-62.170358852999925,66.12079498900005],[-62.105905727999925,66.14484284100007],[-62.32648678299995,66.16071198100008],[-62.53852291599992,66.22736237200007],[-62.69904537699995,66.19814687700006],[-62.801991339999915,66.24494049700007],[-62.89415442599994,66.33722565300008],[-62.813710089999915,66.32819245000007],[-62.76439368399991,66.25470612200007],[-62.66425533799992,66.21963125200006],[-62.318796352999925,66.30312734600005],[-62.49897213399993,66.40810781500005],[-62.61473548099991,66.38739655200004],[-62.716013149999924,66.41233958500004],[-62.606312628999945,66.40839264500005],[-62.62665768099993,66.44025299700007],[-62.25177975199995,66.40737539300005],[-62.21955318899995,66.39716217700004],[-62.236887173999946,66.37140534100007],[-62.19526119699992,66.31679922100005],[-62.08226477799991,66.33038971600007],[-61.93455969999991,66.28945547100005],[-61.753895636999914,66.34174225500004],[-61.56464596299992,66.34406159100007],[-61.4622289699999,66.37140534100007],[-61.56464596299992,66.41917552300004],[-61.98981686099995,66.41233958500004],[-61.582020636999914,66.47785065300008],[-61.821522589999915,66.62864817900004],[-62.00499426999994,66.64826080900008],[-62.089100714999915,66.60903554900005],[-62.18842525899993,66.63206614800004],[-62.04975338399993,66.64948151200008],[-61.999256964999915,66.69887929900005],[-61.734445766999954,66.64671458500004],[-61.598825649999924,66.55634186400005],[-61.43822180899991,66.54653554900005],[-61.41380774599992,66.57684967700004],[-61.28095455599993,66.59955475500004],[-61.26752682199992,66.63157786700003],[-61.505930141999954,66.80499909100007],[-61.729725714999915,66.83071523600006],[-61.605580206999946,66.87164948100008],[-61.70063229099992,66.89386627800008],[-62.00829016799992,66.88007233300004],[-61.93134518099993,66.90534088700008],[-61.79710852799991,66.89374420800004],[-61.746530727999925,66.91608307500007],[-61.75361080599993,66.95123932500007],[-61.845814581999946,66.93724192900004],[-61.86628170499995,66.94611237200007],[-61.83897864499994,66.97406647300005],[-61.906320766999954,66.97614166900007],[-62.01716061099995,66.91258372600004],[-62.105905727999925,66.91941966400003],[-62.00409908799992,67.03681061400005],[-62.09003658799992,67.05975983300004],[-62.27118893099993,67.04718659100007],[-62.29828854099992,67.02252838700008],[-62.28400631399995,66.94611237200007],[-62.425038214999915,66.92820872600004],[-62.42670650899993,66.84975820500006],[-62.298898891999954,66.77659739800004],[-62.31135006399995,66.72768789300005],[-62.41173255099994,66.81785716400003],[-62.496937628999945,66.84495677300004],[-62.555246548999946,66.93846263200004],[-62.74705969999991,66.94306061400005],[-62.775949673999946,66.85077545800004],[-62.75019283799992,66.78803131700005],[-62.83271236899992,66.72085195500006],[-62.822824673999946,66.68329498900005],[-62.901600714999915,66.63825104400007],[-62.82274329299992,66.80145905200004],[-62.83893795499995,66.96039459800005],[-62.865305141999954,66.96914297100005],[-63.34906979099992,66.89069245000007],[-63.33613033799992,66.80613841400003],[-63.42845618399991,66.70783112200007],[-63.45588131399995,66.70722077000005],[-63.41466223899994,66.80365631700005],[-63.44245357999995,66.91083405200004],[-63.48680579299992,66.90534088700008],[-63.47724361899992,66.84601471600007],[-63.52802486899992,66.81818268400008],[-63.8196508449999,66.81708405200004],[-63.6145727199999,66.82982005400004],[-63.55549068899995,66.85643138200004],[-63.55064856699994,66.90680573100008],[-63.236765102999925,66.97406647300005],[-63.22345943899995,67.01691315300008],[-63.28083248599995,67.11082591400003],[-63.058664516999954,67.16583893400008],[-62.97691809799994,67.22186920800004],[-63.002023891999954,67.28799062700006],[-63.16364498599995,67.33755117400005],[-63.20946204299992,67.31671784100007],[-63.16791744699992,67.29621002800008],[-63.22057044199994,67.25714752800008],[-63.29137122299994,67.24774811400005],[-63.20348059799994,67.29877350500004],[-63.29649817599994,67.30565013200004],[-63.412098761999914,67.21771881700005],[-63.39818274599992,67.15623607000003],[-63.439442511999914,67.12128327000005],[-63.73700924399992,67.02928294500003],[-63.77118893099993,66.96039459800005],[-63.80040442599994,66.99298737200007],[-63.76805579299992,67.02594635600008],[-63.539051886999914,67.11115143400008],[-63.45588131399995,67.17670319200005],[-63.44908606699994,67.22797272300005],[-63.88849850199995,67.24160390800006],[-63.96186275899993,67.18797435100004],[-64.49653072799993,67.13861725500004],[-64.59679114499994,67.09406159100007],[-64.64509029899995,67.01190827000005],[-64.70038814999992,67.00885651200008],[-64.69664466099994,67.08392975500004],[-64.60912024599992,67.14028554900005],[-64.14655514199995,67.22207265800006],[-64.02143307199992,67.21295807500007],[-63.962961391999954,67.27570221600007],[-64.77269446499992,67.19830963700008],[-64.81952877499992,67.20685455900008],[-64.52533932199992,67.26211172100005],[-64.34723873599995,67.25527578300006],[-64.23053951699995,67.29621002800008],[-64.79967200399994,67.35146719000005],[-63.90839596299992,67.30683014500005],[-64.00458736899992,67.33100006700005],[-63.94159908799992,67.36102936400005],[-63.99714107999995,67.45384349200003],[-64.32677161399994,67.45359935100004],[-64.44343014199995,67.48114655200004],[-64.24823971299992,67.46906159100007],[-64.04198157499991,67.53652578300006],[-64.10297604099992,67.55084870000007],[-64.07628333199995,67.61782461100006],[-64.28514563699991,67.62518952000005],[-64.20734615799995,67.65424225500004],[-64.31244869699992,67.73505280200004],[-64.37450110599991,67.70026276200008],[-64.64142818899995,67.66673411700003],[-64.39875240799995,67.71454498900005],[-64.36762447799993,67.75893789300005],[-64.45710201699995,67.76235586100006],[-64.50348873599995,67.80654531500005],[-64.75873775899993,67.82440827000005],[-64.77342688699991,67.71100495000007],[-64.82636471299992,67.69415924700007],[-64.86054439999992,67.70026276200008],[-64.82367916599992,67.71352773600006],[-64.81611080599993,67.78286367400005],[-64.91319739499994,67.79425690300008],[-65.11436926999994,67.72199127800008],[-65.16559811099995,67.64423248900005],[-65.19481360599991,67.64374420800004],[-65.20075436099995,67.69696686400005],[-65.16405188699991,67.73554108300004],[-65.01195227799991,67.79303620000007],[-65.03954016799992,67.83124420800004],[-65.14911861899992,67.79645416900007],[-65.10875403599994,67.86664459800005],[-65.04564368399991,67.85175202000005],[-64.94306393099993,67.91376373900005],[-65.06659908799992,67.93427155200004],[-64.71955318899995,67.98517487200007],[-64.74970455599993,68.00071849200003],[-65.02501380099994,68.05719635600008],[-65.16820227799991,68.03115469000005],[-65.15009518099993,67.98948802300004],[-65.18150794199994,67.96723053600005],[-65.41942298099991,67.91376373900005],[-65.54950924399992,67.79303620000007],[-65.38036048099991,67.71869538000004],[-65.32494055899991,67.60944245000007],[-65.36115475199995,67.59788646000004],[-65.44249426999994,67.70978424700007],[-65.61445064999992,67.78945547100005],[-65.52948971299992,67.83893463700008],[-65.45189368399991,67.99860260600008],[-65.80964107999995,67.97492096600007],[-65.77057857999995,67.89769114800004],[-65.95933997299994,67.81732819200005],[-65.95026607999995,67.72748444200005],[-66.01178951699995,67.63662344000005],[-66.03233801999994,67.72821686400005],[-65.94420325399994,67.89956289300005],[-66.03233801999994,67.96100495000007],[-65.8548070949999,68.08100006700005],[-65.90265865799995,68.08510976800005],[-65.86713619699992,68.11058177300004],[-65.92817135299993,68.16478099200003],[-65.96344967399995,68.14594147300005],[-65.95575924399992,68.04238515800006],[-66.27940833199995,67.96100495000007],[-66.34150143099993,67.90631745000007],[-66.35448157499991,67.81012604400007],[-66.38866126199991,67.78148021000004],[-66.42308508999992,67.83584219000005],[-66.74555416599992,67.87909577000005],[-66.41364498599995,67.86912669500003],[-66.32782955599993,67.97528717700004],[-66.18317623599995,68.01618073100008],[-66.24836178299995,68.08510976800005],[-66.47801673099991,68.07762278900003],[-66.33409583199995,68.09593333500004],[-66.31354732999995,68.12913646000004],[-66.58141028599994,68.14838288000004],[-66.66791744699992,68.00800202000005],[-66.73871822799993,67.98895905200004],[-66.67723548099991,68.05036041900007],[-66.69318600199995,68.14545319200005],[-66.90660559799994,68.06468333500004],[-66.93163001199991,68.01984284100007],[-66.97142493399991,68.03668854400007],[-66.95750891799992,68.07501862200007],[-66.8274633449999,68.13226959800005],[-66.84479732999995,68.16152578300006],[-66.77904212099992,68.21426015800006],[-66.78815670499995,68.24941640800006],[-67.06529700399994,68.29612864800004],[-67.29364986899992,68.24213288000004],[-67.27476966099994,68.19525788000004],[-67.37970943899995,68.12881094000005],[-67.60212154899995,68.16705963700008],[-67.38508053299995,68.15420156500005],[-67.32774817599994,68.18691640800006],[-67.31700598899994,68.25535716400003],[-67.23896236899992,68.29677969000005],[-67.01244055899991,68.31785716400003],[-67.0325414699999,68.32664622600004],[-67.21979732999995,68.36066315300008],[-67.33519446499992,68.32404205900008],[-67.33141028599994,68.34959544500003],[-67.40351314999992,68.35512929900005],[-67.53636633999992,68.30817291900007],[-67.56114661399994,68.25580475500004],[-67.68224036399994,68.24152252800008],[-67.57477779899995,68.27692291900007],[-67.57477779899995,68.31785716400003],[-67.52696692599994,68.34454987200007],[-67.7493383449999,68.31769440300008],[-67.85138912699995,68.26162344000005],[-67.87616939999992,68.28339264500005],[-67.79389400899993,68.33771393400008],[-67.40314693899995,68.39695872600004],[-67.02245032499991,68.36155833500004],[-66.89366614499994,68.42243073100008],[-66.80016028599994,68.40599192900004],[-66.78803463399993,68.43154531500005],[-66.66356360599991,68.44082265800006],[-66.86335201699995,68.46649811400005],[-66.98875891799992,68.44350820500006],[-67.12909908799992,68.48236725500004],[-67.09434973899994,68.45441315300008],[-67.12470455599993,68.41331614800004],[-67.34142005099994,68.41347890800006],[-67.19054114499994,68.43390534100007],[-67.24168860599991,68.49087148600006],[-67.27314205599993,68.45441315300008],[-67.32868404899995,68.50145091400003],[-67.37616939999992,68.47492096600007],[-67.54857337099992,68.49225495000007],[-67.57477779899995,68.48859284100007],[-67.55077063699991,68.42788320500006],[-67.60627193899995,68.38410065300008],[-67.62999426999994,68.49310944200005],[-67.49225826699995,68.53009674700007],[-67.66413326699995,68.56468333500004],[-67.85895748599995,68.55023834800005],[-67.89631100199995,68.43390534100007],[-67.95836341099994,68.39980703300006],[-67.90758216099994,68.45612213700008],[-67.93342037699995,68.56004466400003],[-68.00267493399991,68.52899811400005],[-68.11949622299994,68.54100169500003],[-68.14329993399991,68.57855866100005],[-68.37852942599994,68.60097890800006],[-68.45860755099994,68.56427643400008],[-68.76032467399995,68.57111237200007],[-68.47687740799995,68.60590241100005],[-68.62995357999995,68.63873932500007],[-68.79743404899995,68.59284088700008],[-68.90428626199991,68.60521067900004],[-68.64399166599992,68.66535065300008],[-68.36054439999992,68.62995026200008],[-68.22557532499991,68.66046784100007],[-68.10566158799992,68.63019440300008],[-68.07506262899994,68.64618561400005],[-68.17064368399991,68.67413971600007],[-68.04771887899994,68.68720123900005],[-68.54718990799995,68.75307851800005],[-68.87592525899993,68.76837799700007],[-68.97345943899995,68.74249909100007],[-68.99986731699994,68.75604889500005],[-68.95954342399995,68.76288483300004],[-68.95954342399995,68.79706452000005],[-69.38349361899992,68.81753164300005],[-69.15070553299995,68.83120351800005],[-69.3977758449999,68.85846588700008],[-69.3020727199999,68.88275788000004],[-68.61957760299993,68.78620026200008],[-68.49278723899994,68.79706452000005],[-68.60944576699995,68.83860911700003],[-68.58250891799992,68.84992096600007],[-67.87775631399995,68.77118561400005],[-67.77338619699992,68.78400299700007],[-68.49278723899994,68.89948151200008],[-67.99901282499991,68.85590241100005],[-67.97264563699991,68.86591217700004],[-68.08869381399995,68.90692780200004],[-68.04027258999992,68.94790273600006],[-68.55121822799993,68.98407623900005],[-68.24006100199995,69.00560130400004],[-68.00080318899995,68.97199127800008],[-67.95152747299994,69.00568268400008],[-67.70445716099994,69.02362702000005],[-68.37336178299995,69.17959219000005],[-68.86408443899995,69.09162018400008],[-68.93260657499991,68.99616120000007],[-69.01825924399992,68.96841054900005],[-68.92475338399993,69.10553620000007],[-69.09605872299994,69.09186432500007],[-69.06989498599995,69.11371491100005],[-68.70502682199992,69.13963450700004],[-68.50702877499992,69.20111725500004],[-68.96406002499992,69.22345612200007],[-68.08250891799992,69.21967194200005],[-68.21821041599992,69.28449127800008],[-68.41685950399994,69.27570221600007],[-68.9524633449999,69.33893463700008],[-69.26056881399995,69.27680084800005],[-69.01353919199994,69.35936107000003],[-68.34593665299991,69.29828522300005],[-68.19794674399992,69.31098053600005],[-67.67804928299995,69.17719147300005],[-67.50951087099992,69.16083405200004],[-67.35566158799992,69.19281647300005],[-67.21247311099995,69.14793528900003],[-67.15941321499992,69.18451569200005],[-66.97752844999991,69.17694733300004],[-66.74225826699995,69.13686758000006],[-66.64936275899993,69.22215403900003],[-66.78803463399993,69.34003327000005],[-67.22760982999995,69.46434153900003],[-68.00511633999992,69.46198151200008],[-68.58747311099995,69.59100983300004],[-68.76557369699992,69.59243398600006],[-69.29051673099991,69.50873444200005],[-69.65815182199992,69.55117422100005],[-69.88569088399993,69.50714752800008],[-70.0215551419999,69.53685130400004],[-69.70624752499992,69.57168203300006],[-69.26081295499995,69.53489817900004],[-68.72614498599995,69.64671458500004],[-68.34919186099995,69.63312409100007],[-68.25361080599993,69.66746653900003],[-68.22545325399994,69.71002838700008],[-68.01305091099994,69.77606842700004],[-67.74718176999994,69.78261953300006],[-67.34691321499992,69.71662018400008],[-67.11546790299991,69.72866445500006],[-67.21674557199992,69.87995026200008],[-67.22533118399991,69.94839101800005],[-67.54609127499992,70.14760976800005],[-67.80854244699992,70.26373932500007],[-68.05463619699992,70.32514069200005],[-68.15697180899991,70.31834544500003],[-68.17621822799993,70.28302643400008],[-68.32306881399995,70.22337474200003],[-68.29352779899995,70.18866608300004],[-68.34874426999994,70.18866608300004],[-68.29352779899995,70.16754791900007],[-68.32489986899992,70.14248281500005],[-68.19111080599993,70.12661367400005],[-68.33690344999991,70.06883372600004],[-68.56493079299992,70.05341217700004],[-68.53376217399995,70.03717682500007],[-68.67149817599994,69.98314036700003],[-68.64915930899991,69.94285716400003],[-68.92817135299993,69.95526764500005],[-69.10289466099994,69.92047760600008],[-69.39061438699991,69.78388092700004],[-69.74689693899995,69.80438873900005],[-69.98204505099994,69.61782461100006],[-70.0078832669999,69.62628815300008],[-69.99115963399993,69.67743561400005],[-69.78815670499995,69.83234284100007],[-69.40819251199991,69.82925039300005],[-69.12226314999992,69.97504303600005],[-68.79059811099995,70.04116445500006],[-68.73237057199992,70.07880280200004],[-68.76032467399995,70.10602448100008],[-68.64362545499995,70.14704010600008],[-68.70653235599991,70.20941803600005],[-69.10016842399995,70.22011953300006],[-69.1301977199999,70.21588776200008],[-69.01353919199994,70.18866608300004],[-69.68317623599995,70.13959381700005],[-69.80182857999995,70.06826406500005],[-69.74034583199995,70.00307851800005],[-69.75849361899992,69.97288646000004],[-70.05333411399994,69.96409739800004],[-70.33625240799995,69.85285065300008],[-70.47276770699995,69.84540436400005],[-70.2415258449999,69.90729401200008],[-70.22358150899993,69.94562409100007],[-70.14439856699994,69.96954987200007],[-70.00059973899994,69.99624258000006],[-69.83222408799992,69.98314036700003],[-69.85594641799992,70.03253815300008],[-69.95091712099992,70.05923086100006],[-70.17992102799991,70.02045319200005],[-70.08861243399991,70.06826406500005],[-69.90094967399995,70.09324778900003],[-69.80833899599992,70.16669342700004],[-69.47020423099991,70.24811432500007],[-68.7200414699999,70.32233307500007],[-68.65278072799993,70.36180247600004],[-68.67296301999994,70.42348867400005],[-68.59129798099991,70.46698639500005],[-68.55219479099992,70.46141185100004],[-68.56598873599995,70.39447663000004],[-68.45860755099994,70.37299225500004],[-68.43537350199995,70.42243073100008],[-68.28050696499992,70.51764557500007],[-68.29051673099991,70.55377838700008],[-68.36225338399993,70.58429596600007],[-69.09784908799992,70.72308991100005],[-69.20295162699995,70.77936432500007],[-69.47345943899995,70.79132721600007],[-69.61615963399993,70.76361725500004],[-69.68183346299992,70.68537018400008],[-69.78217525899993,70.71918366100005],[-69.8086645169999,70.70258209800005],[-69.77448482999995,70.68891022300005],[-69.97992916599992,70.65412018400008],[-70.04088294199994,70.59662506700005],[-70.05304928299995,70.63515859600005],[-70.07616126199991,70.61318594000005],[-70.39362545499995,70.61469147300005],[-70.41197669199994,70.60635000200006],[-70.30951900899993,70.50332265800006],[-70.49449622299994,70.48285553600005],[-70.40107174399992,70.52753327000005],[-70.48021399599992,70.61318594000005],[-70.44867916599992,70.63519928600005],[-70.20575924399992,70.65668366100005],[-69.95653235599991,70.73452383000006],[-69.77448482999995,70.85618724200003],[-69.91498775899993,70.87986888200004],[-70.98534094999991,70.63369375200006],[-71.05622311099995,70.55170319200005],[-70.98729407499991,70.53123607000003],[-71.06989498599995,70.51764557500007],[-71.22834225199995,70.30463288000004],[-71.21007239499994,70.27122630400004],[-71.24799557199992,70.22211334800005],[-71.35297604099992,70.12327708500004],[-71.54222571499992,70.02411530200004],[-71.27464758999992,70.26992422100005],[-71.32310950399994,70.31834544500003],[-71.27501380099994,70.34251536700003],[-71.16889400899993,70.53510163000004],[-71.51488196499992,70.57904694200005],[-71.50804602799991,70.54564036700003],[-71.65888424399992,70.46979401200008],[-71.63780676999994,70.45612213700008],[-71.6719457669999,70.37299225500004],[-71.82371985599991,70.29368724200003],[-71.85069739499994,70.29783763200004],[-71.74498450399994,70.35712311400005],[-71.72984778599994,70.42548248900005],[-71.96735592399995,70.42137278900003],[-71.74799557199992,70.44887929900005],[-71.72716223899994,70.49705638200004],[-71.59333248599995,70.54791901200008],[-71.57636471299992,70.61318594000005],[-71.2122289699999,70.58185455900008],[-71.06745357999995,70.67621491100005],[-70.80553137899994,70.72435130400004],[-70.74901282499991,70.75478750200006],[-70.7129613919999,70.83974844000005],[-70.52118893099993,70.91425202000005],[-70.62144934799994,71.06932200700004],[-70.86164303299995,71.10907623900005],[-71.20185299399992,71.00698476800005],[-71.28901119699992,70.90802643400008],[-71.17438717399995,70.85716380400004],[-71.32282467399995,70.88719310100004],[-71.59064693899995,70.87323639500005],[-72.21051998599995,70.76463450700004],[-72.32770748599995,70.67487213700008],[-72.57066809799994,70.61318594000005],[-72.55638587099992,70.63369375200006],[-72.62470455599993,70.63369375200006],[-72.36461341099994,70.68891022300005],[-72.31623287699995,70.72988515800006],[-72.33726966099994,70.75779857000003],[-72.1653539699999,70.83974844000005],[-72.30317135299993,70.87323639500005],[-72.77611243399991,70.81801992400005],[-72.35627193899995,70.87872955900008],[-72.29735266799992,70.94708893400008],[-72.18244381399995,70.96576569200005],[-72.10029049399992,71.02098216400003],[-72.11217200399994,71.05817291900007],[-72.04511471299992,71.08478424700007],[-71.86095130099994,71.11347077000005],[-71.47052975199995,71.06565989800004],[-71.34357662699995,71.16803620000007],[-71.11705481699994,71.27045319200005],[-71.54430091099994,71.50511302300004],[-72.54942786399994,71.66510651200008],[-72.60077877499992,71.63641998900005],[-72.63898678299995,71.54547760600008],[-72.83759518099993,71.51068756700005],[-72.75507564999992,71.43561432500007],[-72.99461829299992,71.40766022300005],[-72.96043860599991,71.33624909100007],[-72.99535071499992,71.25421784100007],[-73.16901607999995,71.22728099200003],[-73.17027747299994,71.17145416900007],[-73.28742428299995,71.07160065300008],[-73.39989173099991,71.04515208500004],[-73.37885494699992,70.98309967700004],[-73.45457923099991,71.03156159100007],[-73.29010982999995,71.09979889500005],[-73.24164791599992,71.15444570500006],[-73.27643795499995,71.22333405200004],[-73.04987545499995,71.27045319200005],[-73.44090735599991,71.34682851800005],[-73.43866939999992,71.31354401200008],[-73.62214107999995,71.23322174700007],[-73.69416256399995,71.08612702000005],[-73.89960689999992,71.05947500200006],[-73.74750729099992,71.08974844000005],[-73.66156979099992,71.26675039300005],[-73.49360104099992,71.37152741100005],[-73.37885494699992,71.38715241100005],[-73.46149654899995,71.44188060100004],[-73.52623450399994,71.38031647300005],[-73.63890540299991,71.36050039300005],[-73.58613033799992,71.39557526200008],[-73.65318762899994,71.44236888200004],[-73.5637914699999,71.55849844000005],[-73.68793697799993,71.59324778900003],[-73.86615963399993,71.53534577000005],[-73.89960689999992,71.45604075700004],[-74.00885982999995,71.37075429900005],[-74.00287838399993,71.32632070500006],[-74.2422582669999,71.20282623900005],[-74.09650631399995,71.28278229400007],[-74.18138587099992,71.31268952000005],[-74.07209225199995,71.33734772300005],[-74.0703832669999,71.39769114800004],[-74.02997799399992,71.44236888200004],[-74.31794186099995,71.41510651200008],[-74.10236568899995,71.46600983300004],[-73.9961645169999,71.46181875200006],[-74.01630611899992,71.49017975500004],[-73.97533118399991,71.54547760600008],[-73.87665768099993,71.61635976800005],[-73.80540930899991,71.62848541900007],[-73.80292721299992,71.65802643400008],[-73.62535559799994,71.71930573100008],[-73.59642493399991,71.76390208500004],[-73.62096106699994,71.77252838700008],[-73.68049068899995,71.72296784100007],[-73.72150631399995,71.77822500200006],[-73.99604244699992,71.75421784100007],[-74.11359615799995,71.65273672100005],[-74.21678626199991,71.62091705900008],[-74.14598548099991,71.53864166900007],[-74.23591061099995,71.56574127800008],[-74.24946041599992,71.60879140800006],[-74.12092037699995,71.68813711100006],[-74.10834713399993,71.73786041900007],[-74.28205318899995,71.73456452000005],[-74.41901607999995,71.67121002800008],[-74.52265377499992,71.66258372600004],[-74.61896725199995,71.55849844000005],[-74.72822018099993,71.54417552300004],[-74.74250240799995,71.51410553600005],[-74.63097083199995,71.39020416900007],[-75.04588782499991,71.18720123900005],[-75.09874426999994,71.19537995000007],[-74.70466061099995,71.39492422100005],[-74.74486243399991,71.44106679900005],[-74.92808997299994,71.45604075700004],[-74.82502193899995,71.49017975500004],[-74.84369869699992,71.52326080900008],[-75.02550208199995,71.52065664300005],[-75.15339107999995,71.46971263200004],[-75.0196020169999,71.54271067900004],[-74.73224850199995,71.58299388200004],[-74.63459225199995,71.65509674700007],[-74.64940344999991,71.67885976800005],[-74.71556555899991,71.70156484600005],[-74.89863033799992,71.62563711100006],[-75.41405188699991,71.52496979400007],[-74.93976803299995,71.66168854400007],[-74.97008216099994,71.69147370000007],[-75.08507239499994,71.70311107000003],[-75.39423580599993,71.67519765800006],[-75.35179602799991,71.70014069200005],[-74.90453040299991,71.71206289300005],[-74.70990963399993,71.73891836100006],[-74.55072994699992,71.79873281500005],[-74.57799231699994,71.82599518400008],[-74.55138098899994,71.83197663000004],[-74.41380774599992,71.80613841400003],[-74.21495520699995,71.83714427300004],[-74.17292232999995,71.86542389500005],[-74.20909583199995,71.91600169500003],[-74.11803137899994,71.96723053600005],[-74.2422582669999,72.07990143400008],[-75.06318111899992,72.12824127800008],[-75.19603430899991,72.02423737200007],[-75.55064856699994,71.98354726800005],[-75.67137610599991,71.81671784100007],[-75.86644446499992,71.70795319200005],[-76.09992428299995,71.69627513200004],[-75.80451412699995,71.75775788000004],[-75.69184322799993,71.84345123900005],[-75.58539791599992,72.00409577000005],[-75.22227942599994,72.06928131700005],[-75.65770423099991,72.12433502800008],[-76.00507564999992,72.05939362200007],[-76.08665930899991,71.98895905200004],[-76.35810299399992,71.85594310100004],[-76.41462154899995,71.86078522300005],[-76.15217037699995,71.98908112200007],[-76.02875729099992,72.08869049700007],[-75.63914954299992,72.14508698100008],[-75.24596106699994,72.12848541900007],[-74.94172115799995,72.25739166900007],[-75.15339107999995,72.41567617400005],[-75.19835364499994,72.49762604400007],[-75.93989010299993,72.59223053600005],[-76.06969153599994,72.55532461100006],[-76.03722083199995,72.49140045800004],[-76.10297604099992,72.47968170800004],[-76.16820227799991,72.53856028900003],[-76.16950436099995,72.59113190300008],[-76.65196692599994,72.63873932500007],[-76.67528235599991,72.68939850500004],[-76.78351803299995,72.72947825700004],[-77.60102291599992,72.75580475500004],[-78.42743893099993,72.59373607000003],[-78.55907141799992,72.51064687700006],[-78.5547582669999,72.44481028900003],[-78.22712154899995,72.33759186400005],[-77.82603919199994,72.27789948100008],[-77.54780025899993,72.19920482000003],[-77.27179928299995,72.19594961100006],[-76.99742591099994,72.13446686400005],[-77.29845130099994,72.18976471600007],[-77.58958899599992,72.18329498900005],[-77.62059485599991,72.17544179900005],[-77.59984290299991,72.12543366100005],[-77.66095943899995,72.10032786700003],[-77.62059485599991,72.13788483300004],[-77.69135494699992,72.21662018400008],[-78.40880286399994,72.32904694200005],[-78.47093665299991,72.31883372600004],[-78.47655188699991,72.24433014500005],[-78.39155025899993,72.18634674700007],[-78.42756100199995,72.17942942900004],[-78.53180904899995,72.25116608300004],[-78.53925533799992,72.30573151200008],[-78.51191158799992,72.32632070500006],[-78.60431881399995,72.35781484600005],[-78.8047582669999,72.33808014500005],[-78.81293697799993,72.31264883000006],[-78.75092525899993,72.28530508000006],[-78.8750707669999,72.23065827000005],[-78.4290258449999,72.11985911700003],[-78.29450436099995,71.97654857000003],[-78.12486731699994,71.97675202000005],[-77.88923092399995,71.84369538000004],[-77.69635982999995,71.81232330900008],[-77.74762936099995,71.75169505400004],[-77.8196508449999,71.80402252800008],[-77.97691809799994,71.84711334800005],[-78.15355383999992,71.97239817900004],[-78.30833899599992,71.94985586100006],[-78.29881751199991,71.91718170800004],[-78.17125403599994,71.85040924700007],[-77.90864010299993,71.77138906500005],[-78.20897376199991,71.82379791900007],[-78.38487708199995,71.94049713700008],[-78.43773352799991,72.04539622600004],[-78.50446529899995,72.10032786700003],[-78.83043372299994,72.17267487200007],[-78.8801977199999,72.15900299700007],[-78.86200924399992,72.10590241100005],[-78.91441809799994,72.01414622600004],[-78.60151119699992,71.94257233300004],[-78.59015865799995,71.90485260600008],[-78.50446529899995,71.87445709800005],[-79.06651770699995,71.97626373900005],[-79.15245520699995,71.95571523600006],[-79.23066158799992,71.97626373900005],[-79.03888912699995,72.07298411700003],[-79.00340735599991,72.15473053600005],[-78.94330807199992,72.19594961100006],[-78.98424231699994,72.23065827000005],[-78.95722408799992,72.28310781500005],[-79.04242916599992,72.28782786700003],[-79.33161373599995,72.40228913000004],[-79.54596920499995,72.29214101800005],[-79.48192298099991,72.26312897300005],[-79.45038814999992,72.19594961100006],[-79.54564368399991,72.27509186400005],[-79.76801510299993,72.22235748900005],[-79.77354895699995,72.24872467700004],[-79.5938207669999,72.34052155200004],[-79.77253170499995,72.41567617400005],[-79.69062252499992,72.47028229400007],[-79.81883704299992,72.50641510600008],[-79.86811275899993,72.49140045800004],[-79.87494869699992,72.42869700700004],[-80.04902096299992,72.39789459800005],[-80.16978919199994,72.32632070500006],[-79.93016516799992,72.19594961100006],[-79.67638098899994,72.12763092700004],[-80.00531979099992,72.18284739800004],[-80.24522864499994,72.29987213700008],[-80.30695553299995,72.25739166900007],[-80.23810787699995,72.20962148600006],[-80.48285885299993,72.18073151200008],[-80.3653051419999,72.11090729400007],[-80.35387122299994,72.07489655200004],[-80.39667721299992,72.05011627800008],[-80.75938880099994,71.98362864800004],[-80.76439368399991,71.93720123900005],[-80.98534094999991,71.88808828300006],[-80.84479732999995,71.93927643400008],[-80.80040442599994,72.01776764500005],[-80.84142005099994,72.05434804900005],[-81.08775794199994,72.05255768400008],[-80.99217688699991,72.07298411700003],[-81.02631588399993,72.09349192900004],[-80.56688391799992,72.08226146000004],[-80.97175045499995,72.20335521000004],[-80.83454342399995,72.20962148600006],[-80.85639400899993,72.23061758000006],[-80.83161373599995,72.26068756700005],[-80.75230872299994,72.30923086100006],[-80.51239986899992,72.38153717700004],[-80.50621497299994,72.49762604400007],[-80.55553137899994,72.51552969000005],[-80.88914954299992,72.43618398600006],[-81.24164791599992,72.26080963700008],[-81.38263912699995,72.24433014500005],[-81.20478268099993,72.29157135600008],[-81.17829342399995,72.34100983300004],[-80.9512426419999,72.45661041900007],[-80.52607174399992,72.57953522300005],[-80.55846106699994,72.62759023600006],[-80.24547278599994,72.73777903900003],[-80.32062740799995,72.80609772300005],[-80.50621497299994,72.84023672100005],[-80.64032955599993,72.92792389500005],[-80.6570531889999,72.97736237200007],[-80.58067786399994,73.02578359600005],[-80.59638424399992,73.04637278900003],[-80.54987545499995,73.09479401200008],[-80.61969967399995,73.16010163000004],[-81.1875707669999,73.26455312700006],[-81.21812903599994,73.29266998900005],[-81.18207760299993,73.36981842700004],[-81.22907467399995,73.53969961100006],[-81.52839107999995,73.71621328300006],[-82.83112545499995,73.73672109600005],[-83.05724036399994,73.64940013200004],[-83.35651607999995,73.64337799700007],[-84.00751705599993,73.50495026200008],[-83.66523189999992,73.45612213700008],[-83.62995357999995,73.42279694200005],[-83.64252682199992,73.36058177300004],[-83.59601803299995,73.32623932500007],[-83.60517330599993,73.30149974200003],[-83.67878170499995,73.32176341400003],[-83.73997962099992,73.39508698100008],[-83.7207738919999,73.40102773600006],[-83.78095455599993,73.43610260600008],[-84.18219967399995,73.47768789300005],[-84.65802975199995,73.39508698100008],[-84.57258053299995,73.32200755400004],[-84.34264075399994,73.23126862200007],[-84.63133704299992,73.29999420800004],[-84.79723059799994,73.39093659100007],[-85.1133520169999,73.32184479400007],[-85.19298255099994,73.23126862200007],[-84.56920325399994,73.11456940300008],[-83.79474850199995,73.04657623900005],[-83.63756262899994,72.98480866100005],[-83.86131751199991,73.03656647300005],[-84.45885169199994,73.06244538000004],[-85.17540442599994,73.14899323100008],[-85.22716223899994,73.13129303600005],[-85.12474524599992,73.05247630400004],[-85.3347875639999,73.09479401200008],[-85.39313717399995,73.13996002800008],[-85.46357174399992,73.11188385600008],[-85.53563391799992,73.02578359600005],[-85.1719457669999,73.01154205900008],[-85.11803137899994,73.03314850500004],[-85.06269283799992,72.99103424700007],[-85.08995520699995,72.98480866100005],[-83.95287024599992,72.75824616100005],[-85.31794186099995,72.96308014500005],[-85.57062740799995,72.97231679900005],[-85.68207760299993,72.89362213700008],[-85.65233313699991,72.87124258000006],[-85.71381588399993,72.73777903900003],[-85.68964596299992,72.69147370000007],[-85.7063695949999,72.63849518400008],[-85.63280188699991,72.59349192900004],[-85.47358150899993,72.57953522300005],[-85.61823482999995,72.54535553600005],[-85.51451575399994,72.46344635600008],[-85.11790930899991,72.38776276200008],[-85.13190670499995,72.35390859600005],[-84.78014075399994,72.46165599200003],[-84.8035375639999,72.40989817900004],[-84.87767493399991,72.40200429900005],[-84.8731176419999,72.37368398600006],[-84.43207760299993,72.38153717700004],[-84.56920325399994,72.35419342700004],[-84.81407630099994,72.35761139500005],[-84.93915768099993,72.29214101800005],[-84.68980872299994,72.24404531500005],[-84.7473852199999,72.23065827000005],[-84.59032141799992,72.16242096600007],[-84.37743079299992,72.13446686400005],[-84.41156979099992,72.12079498900005],[-84.16454016799992,72.02460358300004],[-84.19245357999995,72.01093170800004],[-84.15831458199995,71.98362864800004],[-84.17170162699995,71.95099518400008],[-84.20661373599995,71.93854401200008],[-84.27131100199995,72.02460358300004],[-84.86200924399992,72.21971263200004],[-85.03583736899992,72.25470612200007],[-85.11054439999992,72.23065827000005],[-85.09923255099994,72.25458405200004],[-85.21837317599994,72.23574453300006],[-85.24079342399995,72.25116608300004],[-85.22032630099994,72.25739166900007],[-85.47642981699994,72.26626211100006],[-85.50092525899993,72.25116608300004],[-85.41893469999991,72.21702708500004],[-85.54246985599991,72.23688385600008],[-85.50092525899993,72.21442291900007],[-85.50837154899995,72.17544179900005],[-85.3985082669999,72.13446686400005],[-85.54246985599991,72.12763092700004],[-85.49775143099993,72.07990143400008],[-85.7820531889999,72.03888580900008],[-85.72057044199994,72.01093170800004],[-85.98749752499992,72.03143952000005],[-85.96019446499992,71.98362864800004],[-86.05064856699994,72.01455312700006],[-86.02135169199994,71.98411692900004],[-85.55553137899994,71.90167877800008],[-85.43781490799995,71.81476471600007],[-85.58344479099992,71.79181549700007],[-85.2578832669999,71.66836172100005],[-84.89159094999991,71.63296133000006],[-84.84357662699995,71.65534088700008],[-84.87092037699995,71.67519765800006],[-84.6223852199999,71.66583893400008],[-84.60338294199994,71.64789459800005],[-84.65802975199995,71.61310455900008],[-84.64496822799993,71.58429596600007],[-84.56305904899995,71.55536530200004],[-84.52826900899993,71.47313060100004],[-84.76134192599994,71.40766022300005],[-84.74115963399993,71.38031647300005],[-84.79869544199994,71.28766510600008],[-84.66478430899991,71.22333405200004],[-84.79710852799991,71.18488190300008],[-84.82929439999992,71.08612702000005],[-84.75300045499995,70.97589752800008],[-84.79918372299994,70.92788320500006],[-84.96796627499992,70.92397695500006],[-84.97789466099994,70.95038483300004],[-84.93114173099991,71.00092194200005],[-85.00804602799991,71.05198802300004],[-84.95966549399992,71.07868073100008],[-85.14521236899992,71.08612702000005],[-84.98228919199994,71.10781484600005],[-84.87767493399991,71.07245514500005],[-84.85680091099994,71.15973541900007],[-84.97260494699992,71.19619375200006],[-85.04279537699995,71.18854401200008],[-84.98753821499992,71.16803620000007],[-85.01362057199992,71.16152578300006],[-85.12474524599992,71.18231842700004],[-85.08995520699995,71.15444570500006],[-85.18175208199995,71.14105866100005],[-85.48383541599992,71.17511627800008],[-85.76850338399993,71.14940013200004],[-86.28486080599993,71.00625234600005],[-86.8235570949999,70.99054596600007],[-86.30842037699995,71.05565013200004],[-85.94530188699991,71.18089427300004],[-85.70014400899993,71.20966217700004],[-85.54320227799991,71.18056875200006],[-85.4707738919999,71.21035390800006],[-85.40619869699992,71.19696686400005],[-85.39509029899995,71.22638580900008],[-85.47154700399994,71.22972239800004],[-85.1719457669999,71.27045319200005],[-85.27558346299992,71.28473541900007],[-85.19318600199995,71.29930247600004],[-84.83763587099992,71.28656647300005],[-84.88670813699991,71.34357330900008],[-84.94383704299992,71.34438711100006],[-84.91869055899991,71.39057038000004],[-84.94762122299994,71.42332591400003],[-85.49693762899994,71.51439036700003],[-85.75934811099995,71.65257396000004],[-86.11103268099993,71.78436920800004],[-86.30964107999995,71.93585846600007],[-86.33385169199994,71.98704661700003],[-86.40819251199991,72.00580475500004],[-86.46043860599991,72.20335521000004],[-86.43248450399994,72.27684153900003],[-86.24201412699995,72.42251211100006],[-86.32612057199992,72.50364817900004],[-86.68024654899995,72.64618561400005],[-86.70575924399992,72.66840241100005],[-86.68016516799992,72.68317291900007],[-86.73753821499992,72.73094310100004],[-86.67271887899994,72.84699127800008],[-86.33197994699992,73.04425690300008],[-86.28294837099992,73.08722565300008],[-86.29242916599992,73.11615631700005],[-86.03034420499995,73.30243561400005],[-85.57721920499995,73.51239655200004],[-84.9519750639999,73.66766998900005],[-84.8367406889999,73.74518463700008],[-85.10570227799991,73.81199778900003],[-86.55842037699995,73.85529205900008],[-87.1341039699999,73.80272044500003],[-87.7644750639999,73.71674225500004],[-88.68748938699991,73.42304108300004],[-88.8594457669999,73.33368561400005],[-88.6192113919999,73.28583405200004],[-88.86286373599995,73.30634186400005],[-89.05121822799993,73.25169505400004],[-88.88670813699991,73.21698639500005],[-89.04120846299992,73.21893952000005],[-89.14753170499995,73.18622467700004],[-89.18089758999992,73.15550364800004],[-89.12568111899992,73.14809804900005],[-89.21845455599993,73.13174062700006],[-89.31187903599994,73.05247630400004],[-89.2149145169999,73.01325104400007],[-89.30146236899992,73.01862213700008],[-89.3606664699999,72.98016998900005],[-89.29804439999992,72.92072174700007],[-89.41364498599995,72.83087799700007],[-89.24982662699995,72.79242584800005],[-89.29076087099992,72.77875397300005],[-89.27656002499992,72.75824616100005],[-89.5781957669999,72.79242584800005],[-89.55150305899991,72.76508209800005],[-89.58564205599993,72.72410716400003],[-89.56696529899995,72.70010000200006],[-89.46833248599995,72.66889069200005],[-89.56513424399992,72.66205475500004],[-89.54853268099993,72.64008209800005],[-89.58747311099995,72.61664459800005],[-89.73505611899992,72.62124258000006],[-89.78425045499995,72.57330963700008],[-89.79063880099994,72.47467682500007],[-89.88768469999991,72.44908274900007],[-89.78750566299993,72.42426178600005],[-89.91295325399994,72.42597077000005],[-89.83307857999995,72.40298086100006],[-89.95067298099991,72.33372630400004],[-89.93285071499992,72.27049388200004],[-89.96300208199995,72.25739166900007],[-89.90094967399995,72.18976471600007],[-89.5781957669999,72.16242096600007],[-89.67328854099992,72.11326732000003],[-89.76170813699991,72.12555573100008],[-89.99254309799994,72.07160065300008],[-89.96922766799992,72.03888580900008],[-90.0039770169999,72.02460358300004],[-89.99653072799993,71.99046458500004],[-90.11860104099992,71.92885976800005],[-89.95555579299992,71.85325755400004],[-89.95213782499991,71.82290273600006],[-89.88048255099994,71.81232330900008],[-89.91401119699992,71.79873281500005],[-89.79792232999995,71.76459381700005],[-90.04491126199991,71.59666575700004],[-89.95929928299995,71.53489817900004],[-90.01020260299993,71.51752350500004],[-89.98224850199995,71.46971263200004],[-90.0039770169999,71.45604075700004],[-89.85313880099994,71.33934153900003],[-88.08112545499995,71.20966217700004],[-87.86412512899994,71.27484772300005],[-87.81794186099995,71.25747304900005],[-87.85029049399992,71.19403717700004],[-87.74901282499991,71.14077383000006],[-87.39350338399993,71.04889557500007],[-87.00230872299994,70.99677155200004],[-87.28241939999992,71.00934479400007],[-87.35883541599992,70.94912344000005],[-87.68809973899994,70.96185944200005],[-87.89301510299993,70.93528880400004],[-88.32494055899991,70.95844147300005],[-88.41051184799994,71.02741120000007],[-88.64240475199995,71.05459219000005],[-89.12633216099994,71.03156159100007],[-89.22191321499992,71.05198802300004],[-89.22760982999995,71.07709381700005],[-89.55772864499994,71.09296295800004],[-89.18842525899993,70.96259186400005],[-89.44908606699994,70.90802643400008],[-89.29845130099994,70.77741120000007],[-89.01024329299992,70.66095612200007],[-88.90721594999991,70.54486725500004],[-88.69408118399991,70.46503327000005],[-88.40501868399991,70.45132070500006],[-87.90400143099993,70.32876211100006],[-87.87938391799992,70.31834544500003],[-87.97215735599991,70.30076732000003],[-88.19469153599994,70.35309479400007],[-88.26292883999992,70.33197663000004],[-87.85252844999991,70.23798248900005],[-87.61188717399995,70.28424713700008],[-87.7981664699999,70.31525299700007],[-87.77973385299993,70.33197663000004],[-86.97443600199995,70.29043203300006],[-86.97443600199995,70.35309479400007],[-87.00975501199991,70.37445709800005],[-87.24872799399992,70.39411041900007],[-86.97459876199991,70.47272370000007],[-86.91978919199994,70.45612213700008],[-86.99486243399991,70.43500397300005],[-86.87193762899994,70.40770091400003],[-86.9402563139999,70.40770091400003],[-86.90184485599991,70.38507721600007],[-86.74164791599992,70.38719310100004],[-86.89867102799991,70.35932038000004],[-86.88349361899992,70.33563873900005],[-86.63923092399995,70.32514069200005],[-86.66376705599993,70.38011302300004],[-86.33759518099993,70.48965078300006],[-86.39281165299991,70.52383047100005],[-86.37092037699995,70.52659739800004],[-86.29698645699995,70.47744375200006],[-86.49522864499994,70.42963288000004],[-86.59080969999991,70.36676666900007],[-86.55378170499995,70.34247467700004],[-86.57721920499995,70.31834544500003],[-86.54987545499995,70.23647695500006],[-86.26972408799992,70.11347077000005],[-85.78290768099993,69.99518463700008],[-85.59089107999995,70.01683177300004],[-85.23460852799991,69.99624258000006],[-85.6094457669999,70.07843659100007],[-85.82689368399991,70.04987213700008],[-85.87482662699995,70.07196686400005],[-85.80036373599995,70.09983958500004],[-85.36933346299992,70.10927969000005],[-84.9519750639999,70.06655508000006],[-84.81171627499992,70.11871979400007],[-84.7903539699999,70.09955475500004],[-84.87092037699995,70.07880280200004],[-84.83381100199995,70.03595612200007],[-84.69477291599992,70.00657786700003],[-84.05528723899994,69.98940664300005],[-83.67280025899993,69.94635651200008],[-83.26716061099995,70.01654694200005],[-83.05162512899994,70.01048411700003],[-82.4414770169999,69.84406159100007],[-82.39447994699992,69.86444733300004],[-82.20502682199992,69.83234284100007],[-82.32856197799993,69.82489655200004],[-82.13837643099993,69.78595612200007],[-82.14354407499991,69.82489655200004],[-82.02525794199994,69.87421295800004],[-81.96483313699991,69.84540436400005],[-81.85558020699995,69.88694896000004],[-81.73888098899994,69.87954336100006],[-81.76679439999992,69.90745677300004],[-81.71153723899994,69.93475983300004],[-81.96703040299991,69.99762604400007],[-82.05870520699995,70.05902741100005],[-82.24604244699992,70.11286041900007],[-82.81517493399991,70.20848216400003],[-83.04792232999995,70.31216054900005],[-82.55394446499992,70.18561432500007],[-82.11823482999995,70.11688873900005],[-81.75255286399994,69.97333405200004],[-81.56757564999992,69.96954987200007],[-81.57905025899993,69.93256256700005],[-81.17589270699995,69.82892487200007],[-80.9512426419999,69.71503327000005],[-80.79352779899995,69.74713776200008],[-80.7703344389999,69.78229401200008],[-81.12458248599995,69.92902252800008],[-81.19322669199994,70.00079987200007],[-81.33759518099993,70.03709544500003],[-81.44526119699992,70.00482819200005],[-81.76244055899991,70.12287018400008],[-81.07152258999992,70.09926992400005],[-81.00914466099994,70.06264883000006],[-80.54950924399992,70.04751211100006],[-80.3665258449999,69.99404531500005],[-80.06834876199991,70.00413646000004],[-80.01154537699995,69.94562409100007],[-79.90607662699995,69.98309967700004],[-79.68085689999992,69.84857819200005],[-79.43244381399995,69.88369375200006],[-78.79991614499994,69.87954336100006],[-78.70002193899995,69.93134186400005],[-78.66510982999995,70.01382070500006],[-78.73664303299995,70.07770416900007],[-78.75568600199995,70.18219635600008],[-78.92536373599995,70.30206940300008],[-79.04633541599992,70.34251536700003],[-79.12804114499994,70.30923086100006],[-79.33141028599994,70.36847565300008],[-79.45014400899993,70.35272858300004],[-79.59125729099992,70.41132233300004],[-79.50385494699992,70.46067942900004],[-79.40644283799992,70.43984609600005],[-79.38898678299995,70.46295807500007],[-79.42430579299992,70.49225495000007],[-79.31659908799992,70.48322174700007],[-79.27904212099992,70.52383047100005],[-79.31322180899991,70.54486725500004],[-79.23066158799992,70.55853913000004],[-79.22447669199994,70.53123607000003],[-79.29625403599994,70.49380117400005],[-79.29308020699995,70.45522695500006],[-79.34675045499995,70.44871653900003],[-79.21336829299992,70.42080312700006],[-79.14875240799995,70.45612213700008],[-79.14252682199992,70.51072825700004],[-79.17609615799995,70.51764557500007],[-79.0032445949999,70.61859772300005],[-79.15546627499992,70.63178131700005],[-79.01581783799992,70.68211497600004],[-78.9590551419999,70.63080475500004],[-78.8399145169999,70.63568756700005],[-78.71735592399995,70.55170319200005],[-78.78172766799992,70.55634186400005],[-78.88178463399993,70.60077545800004],[-78.99791419199994,70.56537506700005],[-78.88190670499995,70.55170319200005],[-79.07990475199995,70.53807200700004],[-79.03888912699995,70.51764557500007],[-79.10094153599994,70.50332265800006],[-78.89704342399995,70.41689687700006],[-78.86754309799994,70.41453685100004],[-78.90912838399993,70.44871653900003],[-78.89179439999992,70.47972239800004],[-78.8333227199999,70.44708893400008],[-78.74469967399995,70.45612213700008],[-78.69965572799993,70.38251373900005],[-78.6348363919999,70.37978750200006],[-78.66279049399992,70.35309479400007],[-78.58165442599994,70.31443919500003],[-78.55907141799992,70.31834544500003],[-78.58018958199995,70.34564850500004],[-78.53587805899991,70.35659414300005],[-78.38841712099992,70.33881256700005],[-78.53925533799992,70.31216054900005],[-78.42747962099992,70.25739166900007],[-78.4082738919999,70.21588776200008],[-78.23078365799995,70.22955963700008],[-78.2415258449999,70.21263255400004],[-78.15221106699994,70.20229726800005],[-78.13402258999992,70.22532786700003],[-78.1966039699999,70.25690338700008],[-78.05573482999995,70.22211334800005],[-77.89155025899993,70.26373932500007],[-77.70392818899995,70.20123932500007],[-77.66987057199992,70.08991120000007],[-77.69770260299993,69.99445221600007],[-77.68268795499995,69.82489655200004],[-77.61436926999994,69.74298737200007],[-77.54576575399994,69.75409577000005],[-77.51756751199991,69.79759349200003],[-77.44245357999995,69.79075755400004],[-77.51899166599992,69.83209870000007],[-77.63426673099991,69.82489655200004],[-76.97638912699995,69.94220612200007],[-77.31281490799995,69.84198639500005],[-77.1504613919999,69.81818268400008],[-77.0501195949999,69.85757070500006],[-76.99742591099994,69.85968659100007],[-77.07258053299995,69.81867096600007],[-76.77672278599994,69.83608633000006],[-76.75727291599992,69.81867096600007],[-76.88910885299993,69.80170319200005],[-76.90123450399994,69.77708567900004],[-76.78453528599994,69.74982330900008],[-76.79478919199994,69.72247955900008],[-76.87348385299993,69.68724192900004],[-76.94220943899995,69.68154531500005],[-76.90123450399994,69.71503327000005],[-77.13666744699992,69.68618398600006],[-77.20287024599992,69.64671458500004],[-76.98375403599994,69.59723541900007],[-76.81867428299995,69.63312409100007],[-76.8821508449999,69.59072500200006],[-76.70299231699994,69.56500885600008],[-76.64399166599992,69.62287018400008],[-76.57526607999995,69.62348053600005],[-76.51703854099992,69.66787344000005],[-76.64057369699992,69.67405833500004],[-76.62205969999991,69.68866608300004],[-76.41466223899994,69.70229726800005],[-76.36127682199992,69.67084381700005],[-76.18187415299991,69.66787344000005],[-76.22919674399992,69.63760000200006],[-76.20978756399995,69.61945221600007],[-76.46955318899995,69.65761953300006],[-76.61628170499995,69.59198639500005],[-76.62958736899992,69.54596588700008],[-76.45213782499991,69.46889883000006],[-76.39130611899992,69.40534088700008],[-76.16820227799991,69.41400788000004],[-75.96214758999992,69.37348053600005],[-75.68744869699992,69.28705475500004],[-75.59557044199994,69.22907135600008],[-75.57172604099992,69.15704987200007],[-75.62096106699994,69.08795807500007],[-75.81159420499995,69.08307526200008],[-75.98985755099994,69.01089101800005],[-76.42247473899994,69.05988190300008],[-76.63813229099992,69.01593659100007],[-76.64464270699995,68.91693756700005],[-76.53380286399994,68.88141510600008],[-76.57294674399992,68.82094961100006],[-76.6731664699999,68.76581452000005],[-76.68150794199994,68.72939687700006],[-76.62498938699991,68.68235911700003],[-76.32555091099994,68.69847239800004],[-75.93464107999995,68.82493724200003],[-75.60651607999995,68.88580963700008],[-75.49665279899995,68.93423086100006],[-75.57042395699995,68.98651764500005],[-75.4863988919999,69.02204010600008],[-75.20197506399995,68.89679596600007],[-75.11603756399995,68.89297109600005],[-75.05158443899995,69.00934479400007],[-74.80907141799992,69.08331940300008],[-74.64008541599992,69.02362702000005],[-74.94066321499992,68.99774811400005],[-75.02367102799991,68.95473867400005],[-74.85920162699995,68.96832916900007],[-75.04413814999992,68.93423086100006],[-74.84491939999992,68.94037506700005],[-75.04413814999992,68.90692780200004],[-74.7031957669999,68.93756745000007],[-74.67357337099992,68.92112864800004],[-74.70152747299994,68.90692780200004],[-74.68480383999992,68.87982819200005],[-74.98273678299995,68.81126536700003],[-74.82502193899995,68.77655670800004],[-74.63263912699995,68.80390045800004],[-74.74994869699992,68.81753164300005],[-74.68724524599992,68.84544505400004],[-74.57445227799991,68.84186432500007],[-74.55072994699992,68.82493724200003],[-74.57860266799992,68.80133698100008],[-74.71776282499991,68.77391185100004],[-74.7207738919999,68.73554108300004],[-74.53754635299993,68.66518789300005],[-74.50462805899991,68.59951406500005],[-74.2200414699999,68.51581452000005],[-74.00263424399992,68.53701406500005],[-74.02489173099991,68.50702545800004],[-73.98582923099991,68.49542877800008],[-73.88520260299993,68.55487702000005],[-74.1875707669999,68.72939687700006],[-73.75560462099992,68.68720123900005],[-73.79657955599993,68.66669342700004],[-73.70775305899991,68.66046784100007],[-73.82453365799995,68.61953359600005],[-73.72150631399995,68.61579010600008],[-73.81700598899994,68.57111237200007],[-73.72887122299994,68.54035065300008],[-73.73863684799994,68.51923248900005],[-73.86095130099994,68.49819570500006],[-73.94737708199995,68.41347890800006],[-73.83128821499992,68.34393952000005],[-73.58429928299995,68.30418528900003],[-73.68793697799993,68.27692291900007],[-73.61908932199992,68.24957916900007],[-73.59174557199992,68.25580475500004],[-73.61156165299991,68.27692291900007],[-73.46532141799992,68.33319733300004],[-73.3555395169999,68.33527252800008],[-73.35126705599993,68.37563711100006],[-73.29625403599994,68.38556549700007],[-73.31737219999991,68.39980703300006],[-73.21373450399994,68.37929922100005],[-73.2988988919999,68.37494538000004],[-73.29967200399994,68.33152903900003],[-73.49494381399995,68.27692291900007],[-73.36384029899995,68.24823639500005],[-73.30308997299994,68.29059479400007],[-73.21397864499994,68.27802155200004],[-73.19725501199991,68.25446198100008],[-73.22801673099991,68.24213288000004],[-73.05182857999995,68.20294830900008],[-73.04364986899992,68.23590729400007],[-72.99461829299992,68.23590729400007],[-72.97541256399995,68.13983795800004],[-72.89903723899994,68.02301666900007],[-72.90587317599994,67.96100495000007],[-72.94404049399992,67.93227773600006],[-72.87852942599994,67.93427155200004],[-72.91331946499992,67.90631745000007],[-72.83759518099993,67.85114166900007],[-72.7637426419999,67.88043854400007],[-72.60822506399995,67.78628164300005],[-72.59654700399994,67.74518463700008],[-72.66624915299991,67.72199127800008],[-72.66295325399994,67.68480052300004],[-72.48204505099994,67.61758047100005],[-72.49498450399994,67.59788646000004],[-72.42609615799995,67.54328034100007],[-72.50800533799992,67.50226471600007],[-72.43354244699992,67.47500234600005],[-72.35716712099992,67.36505768400008],[-72.36982174399992,67.33079661700003],[-72.19334876199991,67.27570221600007],[-72.26903235599991,67.24420807500007],[-72.28083248599995,67.16917552300004],[-72.3509008449999,67.11945221600007],[-72.73847408799992,67.06830475500004],[-72.80345618399991,67.04295482000003],[-73.00580807199992,66.81769440300008],[-73.00548255099994,66.77920156500005]],[[-74.40233313699991,67.77887604400007],[-73.4094945949999,67.77602773600006],[-73.35826575399994,67.83808014500005],[-73.40607662699995,67.86196523600006],[-73.43342037699995,67.93427155200004],[-73.41291256399995,67.96841054900005],[-73.44615637899994,67.99298737200007],[-73.71548417899993,68.01715729400007],[-73.78966223899994,67.99510325700004],[-74.12580318899995,68.06708405200004],[-74.25544186099995,68.06346263200004],[-74.27212480399993,68.08844635600008],[-74.21442623599995,68.13540273600006],[-74.33836829299992,68.18073151200008],[-74.46206620999993,68.07103099200003],[-74.75601152299993,68.06342194200005],[-74.77721106699994,67.98517487200007],[-74.59797115799995,67.83022695500006],[-74.40233313699991,67.77887604400007]],[[-74.39976966099994,68.44082265800006],[-74.33454342399995,68.36050039300005],[-74.2149145169999,68.32404205900008],[-74.27131100199995,68.29482656500005],[-74.22166907499991,68.24957916900007],[-74.15387936099995,68.25556061400005],[-74.08071855399993,68.33270905200004],[-74.32022050699993,68.46881745000007],[-74.39976966099994,68.44082265800006]],[[-74.78425045499995,68.41791413000004],[-74.90005449099993,68.43390534100007],[-74.79759680899991,68.45140208500004],[-74.77375240799995,68.48550039300005],[-74.93390865799995,68.57135651200008],[-74.98936926999994,68.66876862200007],[-75.23892167899993,68.72479889500005],[-75.40038001199991,68.60871002800008],[-75.41148841099994,68.52277252800008],[-75.3789770169999,68.49884674700007],[-75.03465735599991,68.39720286700003],[-74.99624589799993,68.33771393400008],[-74.81126868399991,68.32404205900008],[-74.85912024599992,68.34454987200007],[-74.80752519399994,68.36615631700005],[-74.85008704299992,68.37840403900003],[-74.78425045499995,68.41791413000004]],[[-74.64606686099995,68.64744700700004],[-74.68301347599993,68.66327545800004],[-74.79259192599994,68.67568594000005],[-74.89321855399993,68.62571849200003],[-74.78819739499994,68.56134674700007],[-74.51707923099991,68.56427643400008],[-74.64745032499991,68.61163971600007],[-74.64606686099995,68.64744700700004]],[[-76.64732825399994,69.38296133000006],[-76.71678626199991,69.42499420800004],[-76.97630774599992,69.40778229400007],[-77.11343339799993,69.44814687700006],[-77.32677161399994,69.41705963700008],[-77.36046301999994,69.38979726800005],[-77.33999589799993,69.32526276200008],[-77.38719641799992,69.26654694200005],[-77.2649633449999,69.14671458500004],[-77.15819251199991,69.11815013200004],[-76.95506751199991,69.14101797100005],[-76.90119381399995,69.10553620000007],[-76.92170162699995,69.12665436400005],[-76.86021887899994,69.15395742400005],[-76.92589270699995,69.17133209800005],[-76.93028723899994,69.22284577000005],[-76.64732825399994,69.33893463700008],[-76.64732825399994,69.38296133000006]],[[-71.34349524599992,71.00763580900008],[-71.85973059799994,71.07855866100005],[-72.02196204299992,71.04515208500004],[-72.06749426999994,70.93162669500003],[-72.22801673099991,70.93528880400004],[-72.09068762899994,70.81232330900008],[-71.40607662699995,70.91657135600008],[-71.34349524599992,71.00763580900008]],[[-72.81704667899993,71.44863515800006],[-72.97720292899993,71.52167389500005],[-73.15599524599992,71.42316315300008],[-73.18008378799993,71.45233795800004],[-73.07713782499991,71.53864166900007],[-73.17186438699991,71.57322825700004],[-73.37877356699994,71.51752350500004],[-73.25523841099994,71.42133209800005],[-73.26683508999992,71.36440664300005],[-73.06346594999991,71.32575104400007],[-73.08788001199991,71.31793854400007],[-73.07022050699993,71.29840729400007],[-72.98013261599993,71.32208893400008],[-73.01561438699991,71.34682851800005],[-73.01154537699995,71.41950104400007],[-72.81704667899993,71.44863515800006]],[[-73.04356848899994,71.58641185100004],[-72.76528886599993,71.52899811400005],[-72.65876217399995,71.60004303600005],[-72.70848548099991,71.65688711100006],[-72.92625891799992,71.65534088700008],[-73.04356848899994,71.58641185100004]],[[-71.34349524599992,77.37685781500005],[-72.23424231699994,77.45872630400004],[-72.57681230399993,77.41160716400003],[-72.09752356699994,77.33901601800005],[-72.13182532499991,77.32160065300008],[-71.70352128799993,77.31537506700005],[-71.34349524599992,77.37685781500005]],[[-77.67178300699993,77.79661692900004],[-77.59658769399994,77.81659577000005],[-77.57274329299992,77.85663483300004],[-77.95628821499992,77.83612702000005],[-77.88121497299994,77.78461334800005],[-77.67178300699993,77.79661692900004]],[[-74.69229081899994,78.72166575700004],[-74.33112545499995,78.67841217700004],[-74.16706295499995,78.72679271000004],[-74.55809485599991,78.78143952000005],[-74.6946508449999,78.74725983300004],[-74.69229081899994,78.72166575700004]],[[-60.940663214999915,56.01894765800006],[-61.00967363199993,56.037543036000045],[-60.94078528599994,56.09218984600005],[-61.053578253999945,56.12579987200007],[-61.043812628999945,56.16107819200005],[-61.09845943899995,56.174709377000056],[-61.13377844999991,56.11945221600007],[-61.188384568999936,56.107855536000045],[-61.14683997299994,56.09218984600005],[-61.20067298099991,56.08307526200008],[-61.2083227199999,56.10643138200004],[-61.23232988199993,56.09979889500005],[-61.17414303299995,56.032416083000044],[-60.940663214999915,56.01894765800006]],[[-61.462147589999915,56.345404364000046],[-61.413726365999935,56.37335846600007],[-61.462147589999915,56.40810781500005],[-61.79735266799992,56.421128648000035],[-61.70872962099992,56.363267320000034],[-61.413726365999935,56.32558828300006],[-61.462147589999915,56.345404364000046]],[[-61.22883053299995,56.45526764500005],[-61.16734778599994,56.47573476800005],[-61.19322669199994,56.48505280200004],[-61.36656653599994,56.47573476800005],[-61.31135006399995,56.49689362200007],[-61.46231035099993,56.550034898000035],[-61.605539516999954,56.558294989000046],[-61.57140051999994,56.52415599200003],[-61.63345292899993,56.51048411700003],[-61.42804928299995,56.48322174700007],[-61.63963782499991,56.49689362200007],[-61.63345292899993,56.46954987200007],[-61.14683997299994,56.44220612200007],[-61.22883053299995,56.45526764500005]],[[-61.215728318999936,56.585638739000046],[-61.057484503999945,56.62653229400007],[-61.10586503799993,56.62653229400007],[-61.071156378999945,56.661322333000044],[-61.094960089999915,56.684759833000044],[-61.155181443999936,56.69440338700008],[-61.13377844999991,56.661322333000044],[-61.23497473899994,56.62653229400007],[-61.215728318999936,56.585638739000046]],[[-61.527007615999935,56.914129950000074],[-61.634429490999935,56.85248444200005],[-61.64712480399993,56.73647695500006],[-61.45352128799993,56.62604401200008],[-61.38841712099992,56.62323639500005],[-61.38438880099994,56.77216217700004],[-61.58470618399991,56.77167389500005],[-61.48232988199993,56.84349192900004],[-61.43272864499994,56.822251695000034],[-61.370757615999935,56.84707265800006],[-61.35228430899991,56.85993073100008],[-61.40689042899993,56.87982819200005],[-61.33869381399995,56.93504466400003],[-61.51988684799994,56.94871653900003],[-61.527007615999935,56.914129950000074]],[[-61.890736456999946,57.42755768400008],[-61.612945115999935,57.41547272300005],[-61.82526607999995,57.43528880400004],[-61.68065344999991,57.46263255400004],[-61.64712480399993,57.489935614000046],[-61.69493567599994,57.49746328300006],[-61.63345292899993,57.511053778000075],[-61.72280839799993,57.538397528000075],[-61.900380011999914,57.44896067900004],[-61.890736456999946,57.42755768400008]],[[-61.92906653599994,57.45612213700008],[-61.77989661399994,57.53611888200004],[-61.89415442599994,57.592962958000044],[-61.92613684799994,57.55613841400003],[-61.955148891999954,57.559027411000045],[-61.93517005099994,57.592962958000044],[-62.01829993399991,57.547308661000045],[-61.92906653599994,57.45612213700008]],[[-61.80040442599994,57.844916083000044],[-61.900380011999914,57.76430898600006],[-61.83893795499995,57.784816799000055],[-61.76634680899991,57.72028229400007],[-61.67796790299991,57.72793203300006],[-61.65412350199995,57.78998444200005],[-61.72280839799993,57.784816799000055],[-61.69493567599994,57.833197333000044],[-61.80040442599994,57.844916083000044]],[[-61.959828253999945,57.78953685100004],[-61.87173417899993,57.84845612200007],[-61.94131425699993,57.87417226800005],[-61.92105058499993,57.909409898000035],[-61.98232988199993,57.91510651200008],[-62.10578365799995,57.83856842700004],[-61.959828253999945,57.78953685100004]],[[-67.59281628199994,58.422209096000074],[-67.6365571959999,58.40222478900006],[-67.6618649799999,58.327191387000084],[-67.58197791399994,58.27845345800006],[-67.53084201999991,58.29689722300009],[-67.52616662499992,58.34705647100009],[-67.59281628199994,58.422209096000074]],[[-69.06119749499993,59.01117469500008],[-69.12027897899992,58.95730195800007],[-69.01556438099993,58.97241520600005],[-68.98498982099994,59.005283175000045],[-69.06119749499993,59.01117469500008]],[[-69.11433516399995,59.14220012800007],[-69.35415605399993,59.14057038000004],[-69.28624426999994,59.06981028900003],[-69.36351477799991,58.96344635600008],[-69.34361731699994,58.94940827000005],[-69.29458574099993,58.98395416900007],[-69.23766028599994,58.95416901200008],[-69.06131108499994,59.07658107300006],[-69.11433516399995,59.14220012800007]],[[-63.962880011999914,59.75177643400008],[-64.07896887899994,59.79954661700003],[-64.03184973899994,59.80573151200008],[-64.05919348899994,59.86375560100004],[-64.13036048099991,59.84202708500004],[-64.15534420499995,59.78652578300006],[-64.12743079299992,59.75861237200007],[-64.18260657499991,59.77220286700003],[-64.20311438699991,59.74494049700007],[-64.12409420499995,59.69989655200004],[-63.962880011999914,59.75177643400008]],[[-64.42666581899994,60.28620026200008],[-64.47744706899994,60.34137604400007],[-64.42247473899994,60.39760976800005],[-64.53148352799991,60.37555573100008],[-64.56041419199994,60.44940827000005],[-64.64134680899991,60.492254950000074],[-64.86156165299991,60.46552155200004],[-64.82437089799993,60.41547272300005],[-64.62002519399994,60.35504791900007],[-64.42666581899994,60.28620026200008]],[[-67.82649431599992,60.46566278600005],[-67.9991310769999,60.585889412000085],[-68.13055740399994,60.596545407000065],[-68.24130644199994,60.585605927000074],[-68.43903429499994,60.25933281600004],[-68.41938190299993,60.20967631800005],[-68.32096725199995,60.197129027000074],[-68.06123732399993,60.29412336300004],[-67.9878783389999,60.28941290400007],[-67.82649431599992,60.46566278600005]],[[-64.59398352799991,60.683661200000074],[-64.71646074099993,60.60492584800005],[-64.62555904899995,60.614569403000075],[-64.59398352799991,60.683661200000074]],[[-70.00385575299993,60.935066418000076],[-69.97764268199995,60.92986044700007],[-69.91106216599991,60.99987031100005],[-69.92339611699992,61.03158912200007],[-70.01194644199995,60.99676388100005],[-70.00385575299993,60.935066418000076]],[[-64.85118567599994,61.33372630400004],[-64.78262285099993,61.42413971600007],[-64.6966039699999,61.45799388200004],[-64.67503821499992,61.50800202000005],[-64.71703040299991,61.51325104400007],[-64.68228105399993,61.53375885600008],[-64.72337805899991,61.550482489000046],[-64.64997311099995,61.604722398000035],[-64.73753821499992,61.615668036000045],[-64.72325598899994,61.63613515800006],[-64.79214433499993,61.62250397300005],[-64.71703040299991,61.66347890800006],[-65.04662024599992,61.69765859600005],[-65.42918860599991,61.66225820500006],[-65.48424231699994,61.62250397300005],[-65.48582923099991,61.599310614000046],[-65.3762914699999,61.54824453300006],[-65.19310462099992,61.502386786000045],[-65.16079667899993,61.458970445000034],[-65.08698482999995,61.45799388200004],[-65.12108313699991,61.43695709800005],[-65.07579505099994,61.41860586100006],[-64.92247473899994,61.402777411000045],[-64.97541256399995,61.34935130400004],[-64.85118567599994,61.33372630400004]],[[-65.77220618399991,61.78701406500005],[-65.67601477799991,61.75971100500004],[-65.72329667899993,61.84430573100008],[-65.78453528599994,61.83112213700008],[-65.75234941299993,61.85586172100005],[-65.79149329299992,61.87250397300005],[-65.94640051999994,61.80109284100007],[-65.81354732999995,61.75971100500004],[-65.77220618399991,61.78701406500005]],[[-65.16242428299995,61.95148346600007],[-65.2551977199999,61.89085521000004],[-65.14732825399994,61.78392161700003],[-64.92992102799991,61.72711823100008],[-64.82787024599992,61.76117584800005],[-64.89195716099994,61.83283112200007],[-64.95010331899994,61.82111237200007],[-64.97777258999992,61.89687734600005],[-65.0188695949999,61.85614655200004],[-65.06651770699995,61.93036530200004],[-65.16242428299995,61.95148346600007]],[[-64.48428300699993,62.47842031500005],[-64.36017818899995,62.49957916900007],[-64.40440833199995,62.53595612200007],[-64.46666419199994,62.526678778000075],[-64.52623450399994,62.56122467700004],[-64.68602454299992,62.53367747600004],[-64.80134029899995,62.56850820500006],[-64.86782792899993,62.52749258000006],[-64.79214433499993,62.49274323100008],[-64.96349036399994,62.46478913000004],[-64.92296301999994,62.41950104400007],[-64.59414628799993,62.36981842700004],[-64.4700414699999,62.417629299000055],[-64.49762936099995,62.448553778000075],[-64.39492753799993,62.46478913000004],[-64.48428300699993,62.47842031500005]],[[-64.96690833199995,62.53367747600004],[-64.84056555899991,62.582098700000074],[-64.91454016799992,62.60691966400003],[-65.14159094999991,62.55414459800005],[-64.96690833199995,62.53367747600004]],[[-66.34254113299994,62.84955253000004],[-66.56199630499992,62.931058343000075],[-66.56904397499994,62.91483245300003],[-66.41058775399995,62.848266049000074],[-66.34254113299994,62.84955253000004]],[[-66.79311113299991,62.92548263200007],[-66.77079867599991,62.94491295700004],[-66.9246942449999,63.065198025000086],[-67.07445693099993,63.09750051000003],[-66.79311113299991,62.92548263200007]],[[-68.14525118299991,63.27246623600007],[-68.21611053899994,63.276375474000076],[-68.04981915399992,63.19243036100005],[-68.14525118299991,63.27246623600007]],[[-68.02338663699993,63.30086902900007],[-68.0919993039999,63.320381069000064],[-67.8949939869999,63.18944830400005],[-68.02338663699993,63.30086902900007]],[[-67.86624350799991,63.29177552800007],[-67.81829291299994,63.29133348700003],[-67.96400659999995,63.40998460000009],[-67.86624350799991,63.29177552800007]],[[-64.18260657499991,63.32135651200008],[-64.05972245999993,63.27480703300006],[-64.08641516799992,63.33502838700008],[-64.29255123599995,63.438666083000044],[-64.25157630099994,63.44489166900007],[-64.30553137899994,63.48582591400003],[-64.28189042899993,63.51630280200004],[-64.33800208199995,63.65692780200004],[-64.39492753799993,63.67763906500005],[-64.47716223899994,63.63768138200004],[-64.49791419199994,63.61676666900007],[-64.41779537699995,63.53156159100007],[-64.38805091099994,63.48582591400003],[-64.42223059799994,63.47280508000006],[-64.35155188699991,63.39472077000005],[-64.17267818899995,63.30345286700003],[-64.18260657499991,63.32135651200008]],[[-64.0911717429999,63.48646979600005],[-64.0434301379999,63.56314675500005],[-64.13730843299993,63.61804039800006],[-64.1686679579999,63.60457708000007],[-64.0911717429999,63.48646979600005]],[[-64.33399378999991,63.84482888000008],[-64.34285968699993,63.76929604900005],[-64.26110485799995,63.723886975000084],[-64.25656607299993,63.76163359800006],[-64.17420067599994,63.80567614600005],[-64.21724374399992,63.842612957000085],[-64.33399378999991,63.84482888000008]],[[-64.75121008999992,63.82843659100007],[-64.81261145699995,63.883693752000056],[-64.91649329299992,63.82367584800005],[-64.79214433499993,63.767564195000034],[-64.70274817599994,63.78705475500004],[-64.47215735599991,63.680568752000056],[-64.39354407499991,63.700832424000055],[-64.42223059799994,63.781236070000034],[-64.50108801999994,63.751166083000044],[-64.61339270699995,63.78750234600005],[-64.50475012899994,63.84271881700005],[-64.60716712099992,63.84271881700005],[-64.56257076699995,63.90859609600005],[-64.61384029899995,63.886053778000075],[-64.68748938699991,63.917629299000055],[-64.77847245999993,63.86318594000005],[-64.75121008999992,63.82843659100007]],[[-64.9912955769999,64.19319186700005],[-64.87830309299994,64.22957797200007],[-64.93754360699995,64.24421977900005],[-64.88446014699991,64.26371383800006],[-64.9868067619999,64.29008803000005],[-64.9653635059999,64.30970681700006],[-65.04617802399991,64.32785207700005],[-65.07548654899995,64.30696785600009],[-64.9912955769999,64.19319186700005]],[[-65.68346106699994,64.51496002800008],[-65.47313391799992,64.52277252800008],[-65.45067298099991,64.53473541900007],[-65.54625403599994,64.54840729400007],[-65.39093990799995,64.56207916900007],[-65.36070716099994,64.58258698100008],[-65.43643144399994,64.59003327000005],[-65.20982825399994,64.64398834800005],[-65.31354732999995,64.66571686400005],[-65.25145423099991,64.71287669500003],[-65.29308020699995,64.74022044500003],[-65.40908769399994,64.65827057500007],[-65.38182532499991,64.72589752800008],[-65.41193600199995,64.73981354400007],[-65.45836341099994,64.67951080900008],[-65.65404212099992,64.58075592700004],[-65.68346106699994,64.51496002800008]],[[-66.96784715399991,65.28303024200005],[-66.9029544359999,65.34502933500005],[-66.92456464799994,65.36489784500003],[-67.01671657799994,65.31978103800003],[-66.96784715399991,65.28303024200005]],[[-62.29820716099994,65.71344635600008],[-62.24982662699995,65.74823639500005],[-62.38703365799995,65.72772858300004],[-62.469634568999936,65.74884674700007],[-62.48570716099994,65.72370026200008],[-62.44163977799991,65.69301992400005],[-62.46955318899995,65.66502513200004],[-62.31126868399991,65.66502513200004],[-62.34862219999991,65.63011302300004],[-62.31810462099992,65.61517975500004],[-62.26622473899994,65.66380442900004],[-62.20885169199994,65.60952383000006],[-62.202015753999945,65.64520905200004],[-62.13438880099994,65.65452708500004],[-62.126942511999914,65.67934804900005],[-62.202015753999945,65.68618398600006],[-62.18455969999991,65.69822825700004],[-62.29820716099994,65.71344635600008]],[[-67.70002082699995,65.70072386300006],[-67.38915832099991,65.73617606600004],[-67.43251604399995,65.74271277700007],[-67.6249355839999,65.73368893400004],[-67.70002082699995,65.70072386300006]],[[-65.77063519399991,65.76331209400007],[-65.86555236099991,65.78122830700005],[-65.86111316299991,65.70516739600004],[-65.79811229899991,65.68344979300008],[-65.77063519399991,65.76331209400007]],[[-67.22983971199994,65.81067152000008],[-67.41020683699992,65.79873707500008],[-67.2367573809999,65.79274671100006],[-67.22983971199994,65.81067152000008]],[[-67.10566440999992,65.95769003700008],[-67.05736008899993,65.98330854800008],[-66.92946670399994,65.94983440500005],[-66.92157402999993,65.97527494600007],[-67.14855654399992,65.99589014200006],[-67.10566440999992,65.95769003700008]],[[-62.42845618399991,67.19293854400007],[-62.63898678299995,67.17841217700004],[-62.61290442599994,67.14541250200006],[-62.79987545499995,67.10248444200005],[-62.821929490999935,67.05841705900008],[-62.90151933499993,67.06342194200005],[-62.80776933499993,67.02024974200003],[-62.373931443999936,67.16583893400008],[-62.42845618399991,67.19293854400007]],[[-63.46084550699993,67.27024974200003],[-63.360218878999945,67.29621002800008],[-63.48713131399995,67.34174225500004],[-63.593006964999915,67.31049225500004],[-63.58531653599994,67.34186432500007],[-63.63158118399991,67.35610586100006],[-63.82249915299991,67.29303620000007],[-63.46084550699993,67.27024974200003]],[[-64.01667232999995,67.51243724200003],[-63.757476365999935,67.52277252800008],[-63.95470130099994,67.65497467700004],[-64.03213456899994,67.55621979400007],[-64.01667232999995,67.51243724200003]],[[-66.18309485599991,68.26264069200005],[-66.66112219999991,68.20945872600004],[-66.31663977799991,68.15949127800008],[-66.27057857999995,68.16144440300008],[-66.27065995999993,68.20026276200008],[-66.18309485599991,68.26264069200005]],[[-68.45856686099995,68.79364655200004],[-67.66344153599994,68.70140208500004],[-68.00609290299991,68.77033112200007],[-68.42682857999995,68.81781647300005],[-68.45856686099995,68.79364655200004]],[[-67.30776933499993,69.55805084800005],[-67.51109778599994,69.60740794500003],[-67.54727128799993,69.56952545800004],[-67.72594153599994,69.54987213700008],[-67.75283769399994,69.52326080900008],[-67.48501542899993,69.50755442900004],[-67.55418860599991,69.52326080900008],[-67.30776933499993,69.55805084800005]],[[-68.30772864499994,69.59210846600007],[-67.90990149599992,69.53375885600008],[-67.72492428299995,69.64671458500004],[-67.89146887899994,69.71210358300004],[-67.97256425699993,69.69452545800004],[-67.82795162699995,69.66107819200005],[-68.01398678299995,69.67792389500005],[-68.30772864499994,69.59210846600007]],[[-55.027455206999946,70.48627350500004],[-54.99746660099993,70.41132233300004],[-54.92650305899991,70.37474192900004],[-54.65420488199993,70.38287995000007],[-54.79865475199995,70.45799388200004],[-55.027455206999946,70.48627350500004]],[[-53.98570716099994,71.11774323100008],[-53.66771399599992,71.03168366100005],[-53.479400193999936,71.04311758000006],[-53.399728969999956,71.09638092700004],[-53.382069464999915,71.13662344000005],[-53.40933183499993,71.17487213700008],[-53.61180579299992,71.32172272300005],[-53.954009568999936,71.17064036700003],[-53.98570716099994,71.11774323100008]],[[-55.411040818999936,71.89423248900005],[-55.60423743399991,71.93292877800008],[-55.808257615999935,71.88125234600005],[-55.698150193999936,71.83266836100006],[-55.56086178299995,71.82143789300005],[-55.411040818999936,71.89423248900005]],[[-55.08893795499995,72.31264883000006],[-55.027455206999946,72.29954661700003],[-55.04796301999994,72.31883372600004],[-55.01317298099991,72.38153717700004],[-55.418527798999946,72.29214101800005],[-55.623931443999936,72.30263906500005],[-55.602853969999956,72.27789948100008],[-55.43464107999995,72.26797109600005],[-55.637603318999936,72.23330312700006],[-55.682932094999956,72.19000885600008],[-55.46865800699993,72.15070221600007],[-55.12987219999991,72.27167389500005],[-55.08893795499995,72.31264883000006]],[[-55.63634192599994,72.68903229400007],[-55.791005011999914,72.66583893400008],[-55.849273240999935,72.61424388200004],[-55.70677649599992,72.61538320500006],[-55.64806067599994,72.65371328300006],[-55.47996985599991,72.61424388200004],[-55.58922278599994,72.58698151200008],[-55.541127081999946,72.55560944200005],[-55.42682857999995,72.61635976800005],[-55.36705481699994,72.58991120000007],[-55.35732988199993,72.63165924700007],[-55.28075110599991,72.68622467700004],[-55.090687628999945,72.73578522300005],[-55.068470831999946,72.77875397300005],[-54.96544348899994,72.81232330900008],[-55.19884192599994,72.84699127800008],[-55.23289954299992,72.84023672100005],[-55.109445766999954,72.80609772300005],[-55.24657141799992,72.81976959800005],[-55.61082923099991,72.74884674700007],[-55.63634192599994,72.68903229400007]],[[-55.90306555899991,72.72345612200007],[-55.80211341099994,72.68939850500004],[-55.726226365999935,72.70282623900005],[-55.69090735599991,72.76463450700004],[-55.64024817599994,72.77594635600008],[-55.97203528599994,72.77313873900005],[-56.000111456999946,72.76508209800005],[-55.97280839799993,72.74457428600005],[-56.22598222599993,72.70990631700005],[-56.15379798099991,72.66095612200007],[-55.897694464999915,72.66205475500004],[-55.93862870999993,72.70302969000005],[-55.90306555899991,72.72345612200007]],[[-55.15933183499993,72.99774811400005],[-55.52090410099993,73.05247630400004],[-55.692250128999945,72.99848053600005],[-55.50047766799992,72.95010000200006],[-55.35582434799994,72.99848053600005],[-55.299712693999936,72.92218659100007],[-55.068470831999946,72.95685455900008],[-55.15933183499993,72.99774811400005]],[[-56.11681067599994,73.55955638200004],[-55.89785722599993,73.52960846600007],[-55.87100175699993,73.51862213700008],[-55.88581295499995,73.50031159100007],[-55.75243079299992,73.46409739800004],[-55.66429602799991,73.48444245000007],[-55.698475714999915,73.44969310100004],[-55.64757239499994,73.41925690300008],[-55.75373287699995,73.39508698100008],[-55.58922278599994,73.38149648600006],[-55.60968990799995,73.39508698100008],[-55.58967037699995,73.41600169500003],[-55.47252356699994,73.42987702000005],[-55.96776282499991,73.57819245000007],[-56.11681067599994,73.55955638200004]],[[-56.31700598899994,73.78660716400003],[-56.127064581999946,73.82709381700005],[-55.99844316299993,73.80516185100004],[-55.95457923099991,73.83299388200004],[-56.623890753999945,73.92328522300005],[-56.77476966099994,73.88231028900003],[-56.657134568999936,73.87909577000005],[-56.63133704299992,73.86123281500005],[-56.69277910099993,73.84137604400007],[-56.65868079299992,73.81883372600004],[-56.31602942599994,73.83392975500004],[-56.348500128999945,73.78994375200006],[-56.31700598899994,73.78660716400003]],[[-57.55622311099995,74.49188873900005],[-57.19517981699994,74.47333405200004],[-56.466867641999954,74.51235586100006],[-56.76789303299995,74.55707428600005],[-57.55622311099995,74.49188873900005]],[[-69.67772376199991,76.53384023600006],[-69.46792558499993,76.57941315300008],[-69.55675208199995,76.61395905200004],[-70.0344945949999,76.56806061400005],[-69.67772376199991,76.53384023600006]],[[-70.05500240799995,77.40412018400008],[-70.89867102799991,77.47345612200007],[-71.30260169199994,77.45254140800006],[-71.07994544199994,77.37775299700007],[-70.05500240799995,77.40412018400008]],[[-53.05060787699995,68.47858307500007],[-52.97179114499994,68.44082265800006],[-53.22500566299993,68.43390534100007],[-53.207915818999936,68.39980703300006],[-53.091786261999914,68.36102936400005],[-52.95034745999993,68.36859772300005],[-52.85448157499991,68.42401764500005],[-53.02916419199994,68.49542877800008],[-53.05060787699995,68.47858307500007]],[[-51.806752081999946,68.63255442900004],[-51.94082597599993,68.64667389500005],[-52.08495032499991,68.58441803600005],[-52.11461341099994,68.59780508000006],[-52.03262285099993,68.62571849200003],[-52.176625128999945,68.64618561400005],[-52.401234503999945,68.61688873900005],[-52.42373613199993,68.59056224200003],[-52.409087693999936,68.56427643400008],[-52.03278561099995,68.58502838700008],[-51.806752081999946,68.63255442900004]],[[-51.86392167899993,68.61212799700007],[-51.88634192599994,68.60480377800008],[-51.85899817599994,68.60659414300005],[-51.834095831999946,68.60521067900004],[-51.86392167899993,68.61212799700007]],[[-52.32591712099992,68.63373444200005],[-52.12828528599994,68.70766836100006],[-52.649647589999915,68.71507396000004],[-52.632476365999935,68.70038483300004],[-52.84825598899994,68.67413971600007],[-52.765695766999954,68.66669342700004],[-52.82575436099995,68.65485260600008],[-53.02574622299994,68.64248281500005],[-53.121937628999945,68.57111237200007],[-52.39366614499994,68.66327545800004],[-52.32591712099992,68.63373444200005]],[[-51.014963344999956,69.92536041900007],[-51.22329667899993,69.91425202000005],[-51.18228105399993,69.90745677300004],[-51.36107337099992,69.85285065300008],[-51.212147589999915,69.84296295800004],[-51.004750128999945,69.88694896000004],[-51.386789516999954,69.70115794500003],[-51.33311926999994,69.68773021000004],[-51.21251380099994,69.52179596600007],[-51.13512122299994,69.50958893400008],[-50.97716223899994,69.55117422100005],[-50.95107988199993,69.55939362200007],[-50.987172003999945,69.63410065300008],[-50.962147589999915,69.73041413000004],[-50.87441972599993,69.77708567900004],[-50.791086391999954,69.76837799700007],[-50.66185462099992,69.83515045800004],[-50.680531378999945,69.87030670800004],[-50.799387173999946,69.86587148600006],[-50.778228318999936,69.88694896000004],[-51.014963344999956,69.92536041900007]],[[-53.20645097599993,69.31443919500003],[-52.27769934799994,69.44647858300004],[-52.02570553299995,69.52033112200007],[-51.83747311099995,69.64362213700008],[-52.02586829299992,69.67405833500004],[-51.90855872299994,69.74282461100006],[-51.998158331999946,69.80508047100005],[-52.72809811099995,69.92865631700005],[-53.03148352799991,70.11904531500005],[-53.26598059799994,70.20229726800005],[-54.329741990999935,70.32404205900008],[-54.740793423999946,70.25446198100008],[-54.82917232999995,70.20083242400005],[-54.83193925699993,70.08559804900005],[-54.76134192599994,70.03510163000004],[-54.22492428299995,69.92047760600008],[-54.66344153599994,69.97345612200007],[-54.86497962099992,69.94342682500007],[-54.79409745999993,69.87954336100006],[-54.93195553299995,69.86587148600006],[-54.91185462099992,69.82062409100007],[-54.61986243399991,69.77358633000006],[-54.38939368399991,69.68154531500005],[-54.684885219999956,69.75600820500006],[-54.89281165299991,69.75116608300004],[-54.992746548999946,69.70197174700007],[-54.81460527299993,69.64057038000004],[-54.828236456999946,69.61945221600007],[-54.73737545499995,69.58905670800004],[-54.12999426999994,69.55117422100005],[-53.99327551999994,69.55801015800006],[-53.98814856699994,69.60317617400005],[-53.95946204299992,69.60993073100008],[-53.88109290299991,69.56110260600008],[-53.99962317599994,69.50275299700007],[-53.73273678299995,69.51703522300005],[-53.86241614499994,69.46865469000005],[-53.81663977799991,69.45856354400007],[-53.657541469999956,69.48655833500004],[-53.564442511999914,69.56891510600008],[-53.34911048099991,69.58535390800006],[-53.47301184799994,69.56696198100008],[-53.58189856699994,69.47606028900003],[-53.375843878999945,69.44814687700006],[-53.40298417899993,69.43919505400004],[-54.224680141999954,69.45368073100008],[-54.27334550699993,69.40033600500004],[-54.148548956999946,69.33783600500004],[-53.92520097599993,69.32221100500004],[-53.844634568999936,69.26504140800006],[-53.55215410099993,69.23590729400007],[-53.20645097599993,69.31443919500003]],[[-51.861317511999914,70.72304922100005],[-51.58340410099993,70.65814850500004],[-51.505116339999915,70.67462799700007],[-51.62474524599992,70.71771881700005],[-51.820423956999946,70.75039297100005],[-51.861317511999914,70.72304922100005]],[[-51.665353969999956,70.84552643400008],[-51.56582597599993,70.87970612200007],[-52.01109778599994,70.98053620000007],[-52.13573157499991,70.95270416900007],[-52.161366339999915,70.89166901200008],[-52.09520423099991,70.86066315300008],[-51.665353969999956,70.84552643400008]],[[-52.66161048099991,71.16840241100005],[-52.60342363199993,71.23729075700004],[-52.32750403599994,71.29840729400007],[-52.409087693999936,71.35366445500006],[-52.97179114499994,71.38715241100005],[-53.16974850199995,71.34625885600008],[-53.11974036399994,71.21283600500004],[-52.95742753799993,71.15444570500006],[-52.66161048099991,71.16840241100005]],[[-53.43724524599992,71.55849844000005],[-53.229359503999945,71.53017812700006],[-53.11245683499993,71.54096100500004],[-53.07359778599994,71.58661530200004],[-52.75951087099992,71.66152578300006],[-53.47826087099992,71.65534088700008],[-53.43724524599992,71.55849844000005]]],[[[-79.19172582341349,56.0],[-79.05931555899991,56.202053127000056],[-79.05247962099992,56.22931549700007],[-79.10228430899991,56.22150299700007],[-79.05622311099995,56.34857819200005],[-78.98021399599992,56.39203522300005],[-78.99787350199995,56.352850653000075],[-78.97020423099991,56.34284088700008],[-78.97362219999991,56.30426666900007],[-79.11107337099992,56.08698151200008],[-79.13193458814375,56.0],[-79.19172582341349,56.0]]],[[[-79.3407566643707,56.0],[-79.1555883449999,56.23615143400008],[-79.12816321499992,56.16107819200005],[-79.19172582341349,56.0],[-79.3407566643707,56.0]]],[[[-79.70027531718509,56.0],[-79.52391516799992,56.13532135600008],[-79.47451738199993,56.102728583000044],[-79.58257009849729,56.0],[-79.70027531718509,56.0]]],[[[-147.6128258686076,61.04265920889854],[-147.58185787699992,61.05923086100006],[-147.5611466139999,61.155910549000055],[-147.51134192599991,61.14956289300005],[-147.5272517569999,61.12474192900004],[-147.48399817599991,61.07379791900007],[-147.53246008999992,61.053941148000035],[-147.5326715054455,61.050845166015776],[-147.6128258686076,61.04265920889854]]],[[[-147.9788464913557,60.90697761095433],[-148.1077774729999,60.92300039300005],[-148.06989498599992,60.90424225500004],[-148.1282852859999,60.85809967700004],[-148.12714596299992,60.80060455900008],[-148.01124362918625,60.807464266646356],[-148.0142526170237,60.79822164637995],[-148.13541077604435,60.75168627122017],[-148.15868079299992,60.76471588700008],[-148.2170304029999,60.759100653000075],[-148.19660396999993,60.74481842700004],[-148.23009192599991,60.729722398000035],[-148.21891649236647,60.71961274131144],[-148.24829918245354,60.708327207448455],[-148.25495357999992,60.71857330900008],[-148.2307022779999,60.772772528000075],[-148.4299210279999,60.62872955900008],[-148.40196692599991,60.72500234600005],[-148.36107337099992,60.74481842700004],[-148.37470455599993,60.77960846600007],[-148.5295304029999,60.757025458000044],[-148.6674698559999,60.67450592700004],[-148.70368404899992,60.684027411000045],[-148.6111954419999,60.762884833000044],[-148.4498184889999,60.800116278000075],[-148.70368404899992,60.792669989000046],[-148.5234268869999,60.84039948100008],[-148.33287512899992,60.81940338700008],[-148.39582271999993,60.86155833500004],[-148.30719967399992,60.852728583000044],[-148.28119869699992,60.92059967700004],[-148.3331192699999,60.97138092700004],[-148.2519425119999,60.954738674000055],[-148.14875240799992,61.06012604400007],[-148.2276505199999,61.07099030200004],[-148.4498184889999,60.991888739000046],[-148.36107337099992,61.046535549000055],[-148.40949459499993,61.06012604400007],[-148.14594479099992,61.11790599200003],[-148.08625240799992,61.03139883000006],[-148.0494278639999,61.026597398000035],[-147.7304581369999,61.27985260600008],[-147.76520748599992,61.218451239000046],[-147.7021378249999,61.21320221600007],[-147.91808020699992,61.09430573100008],[-147.9569392569999,61.01235586100006],[-148.05040442599991,60.95014069200005],[-147.97396427928712,60.92197415951078],[-147.9788464913557,60.90697761095433]]],[[[-148.36784458397213,60.5249626453301],[-148.3895470394451,60.52141597698334],[-148.4702042309999,60.546210028000075],[-148.62735234869578,60.48255325179257],[-148.65683465550566,60.477735181114696],[-148.48847408799992,60.58222077000005],[-148.35824690232067,60.546437152222815],[-148.36784458397213,60.5249626453301]]],[[[-150.0,61.129611393139946],[-149.35789954299992,60.93382396000004],[-149.1693009109999,60.946966864000046],[-149.02582760299993,60.854681708000044],[-149.7529190749999,60.973822333000044],[-150.0,60.931406143112035],[-150.0,61.129611393139946]]],[[[-150.0,61.24707020955362],[-149.93891354099992,61.27122630400004],[-149.89740963399993,61.37128327000005],[-149.75739498599992,61.45335521000004],[-149.42817135299993,61.51316966400003],[-149.24555416599992,61.49896881700005],[-149.68342037699992,61.39935944200005],[-149.81065833199992,61.331366278000075],[-149.8959854809999,61.232082424000055],[-150.0,61.20204807106645],[-150.0,61.24707020955362]]],[[[-82.03268221267021,80.0],[-81.40371660099993,79.93968333500004],[-81.66169186099995,79.90757884300007],[-81.56558183499993,79.80662669500003],[-81.6289770169999,79.76837799700007],[-81.50609290299991,79.75470612200007],[-81.53343665299991,79.72125885600008],[-81.5032445949999,79.71482982000003],[-81.32217363199993,79.72064850500004],[-80.88101152299993,79.65391673400006],[-79.7520238919999,79.70697663000004],[-79.91958574099993,79.64854564000007],[-80.64273027299993,79.59080638200004],[-80.58747311099995,79.56915924700007],[-81.37800045499995,79.64293040600006],[-81.6516414049999,79.59422435100004],[-81.78726152299993,79.61139557500007],[-81.61595618399991,79.62437571800007],[-81.67747962099992,79.64838288000004],[-81.67056230399993,79.69330475500004],[-81.9858699209999,79.72740306200006],[-81.96483313699991,79.74730052300004],[-82.17088782499991,79.86888255400004],[-82.72088692412188,80.0],[-82.03268221267021,80.0]]],[[[-42.0,63.092387299746854],[-42.02090410099993,63.25307851800005],[-42.0,63.24788346180423],[-42.0,63.092387299746854]]],[[[-42.0,62.74528348538962],[-42.035267706999946,62.76703522300005],[-42.0,62.777423084599405],[-42.0,62.74528348538962]]],[[[-89.8044224066581,65.94159903628079],[-89.86737022887343,65.91559877258165],[-90.00389563699991,65.94684479400007],[-89.68797766799992,65.94684479400007],[-89.6723725348042,65.94182976064408],[-89.8044224066581,65.94159903628079]]],[[[-90.10610600677813,65.81699022725799],[-90.52969316299993,65.88194407800006],[-91.10765540299991,65.92304108300004],[-91.12734941299993,65.90521881700005],[-91.00446529899995,65.81586334800005],[-91.03164628799993,65.80833567900004],[-91.49730383999992,65.94684479400007],[-91.31029212099992,65.97593821800007],[-90.40078691299993,65.90521881700005],[-90.23696855399993,65.92686595300006],[-90.21711178299995,65.90709056200006],[-90.43529212099992,65.88475169500003],[-90.22866777299993,65.85936107000003],[-90.0442602199999,65.89158763200004],[-89.97047007191529,65.87301392989622],[-90.10610600677813,65.81699022725799]]]]}}]}
