{"type":"FeatureCollection","features":[{"type":"Feature","properties":{"year":2024,"month":"september","kind":"observed","threshold_percent":15},"geometry":{"type":"MultiPolygon","coordinates":[[[[-114.53128280848534,75.05309908870237],[-114.44082597599993,75.06793854400007],[-114.30329342399995,75.18178945500006],[-114.42589270699995,75.25836823100008],[-114.61514238199993,75.28327057500007],[-114.51121985599991,75.31696198100008],[-114.19579016799992,75.22516510600008],[-114.0464574859999,75.36644114800004],[-114.08853105399993,75.40884023600006],[-114.07066809799994,75.47492096600007],[-113.87393144399994,75.37376536700003],[-113.47398841099994,75.43773021000004],[-113.32315019399994,75.42413971600007],[-113.32315019399994,75.41669342700004],[-113.60138912699995,75.36538320500006],[-113.78429114499994,75.33966705900008],[-113.81297766799992,75.32391998900005],[-113.9395238919999,75.18329498900005],[-113.6453344389999,75.19074127800008],[-113.9290258449999,75.14427317900004],[-113.95763098899994,75.07444896000004],[-113.88662675699993,75.05817291900007],[-113.20645097599993,75.08771393400008],[-113.13817298099991,75.14980703300006],[-113.05459550699993,75.09739817900004],[-112.85708574099993,75.10984935100004],[-112.69937089799993,75.14232005400004],[-112.69595292899993,75.18024323100008],[-112.74095618399991,75.20502350500004],[-112.67886308499993,75.27952708500004],[-112.59520423099991,75.24990469000005],[-112.63792883999992,75.20815664300005],[-112.58950761599993,75.18329498900005],[-112.4363500639999,75.18732330900008],[-112.46141516799992,75.22280508000006],[-112.40489661399994,75.24603913000004],[-112.33690344999991,75.22553131700005],[-112.39150956899994,75.21124909100007],[-112.29527747299994,75.20502350500004],[-112.4734594389999,75.14980703300006],[-112.34605872299994,75.12152741100005],[-111.92345130099994,75.13641998900005],[-111.7534887359999,75.19074127800008],[-111.67833411399994,75.14980703300006],[-111.56163489499994,75.14980703300006],[-111.6243383449999,75.16339752800008],[-111.37218176999994,75.18724192900004],[-111.24351966099994,75.26650625200006],[-111.10269120999993,75.27334219000005],[-110.9180395169999,75.23236725500004],[-111.01357988199993,75.21800364800004],[-111.06883704299992,75.19074127800008],[-111.02790279899995,75.17715078300006],[-111.15160071499992,75.13825104400007],[-111.36363684799994,75.10822174700007],[-111.28795325399994,75.08771393400008],[-111.54295813699991,75.07290273600006],[-111.57591712099992,75.06037018400008],[-111.47972571499992,75.04677969000005],[-111.58580481699994,75.00641510600008],[-112.79784094999991,74.98505280200004],[-113.18047339887363,74.91158666927622],[-114.53128280848534,75.05309908870237]]],[[[-117.35696906071442,75.54443174535626],[-117.78529123184526,75.62555216290933],[-118.20077208655889,75.64067579711939],[-117.93545488199993,75.73468659100007],[-117.9514867829999,75.77448151200008],[-117.58409583199995,75.97833893400008],[-117.46251380099994,76.08828359600005],[-117.6597387359999,76.12588125200006],[-117.79869544199994,76.11163971600007],[-118.08706620999993,76.03546784100007],[-118.17446855399993,75.97223541900007],[-118.62120520699995,75.92206452000005],[-118.99205481699994,75.76154205900008],[-119.07541432986721,75.73684442176827],[-119.33405371407908,75.91341486431207],[-119.68157030494018,75.93812501499677],[-119.70323645699995,75.94428131700005],[-119.63532467399995,75.99555084800005],[-119.48595130099994,75.97492096600007],[-119.49168860599991,76.03685130400004],[-119.52334550699993,76.05255768400008],[-119.80565344999991,76.11562734600005],[-119.55239824099993,76.12299225500004],[-119.70323645699995,76.16400788000004],[-119.56460527299993,76.17182038000004],[-119.71068274599992,76.26703522300005],[-119.65542558499993,76.29743073100008],[-119.7168676419999,76.33527252800008],[-119.57591712099992,76.32074616100005],[-119.52261308499993,76.36163971600007],[-119.48082434799994,76.35516998900005],[-119.45958411399994,76.26333242400005],[-119.30333411399994,76.18744538000004],[-119.28551184799994,76.12921784100007],[-119.08385169199994,76.08958567900004],[-119.0586645169999,76.12641022300005],[-118.96353105399993,76.13572825700004],[-118.96336829299992,76.16400788000004],[-118.88760331899994,76.18447500200006],[-118.93691972599993,76.22968170800004],[-118.8997289699999,76.27509186400005],[-118.65160071499992,76.29108307500007],[-118.56895911399994,76.34520091400003],[-118.67430579299992,76.44660065300008],[-118.97642981699994,76.49233633000006],[-118.94627844999991,76.52285390800006],[-118.77774003799993,76.53335195500006],[-118.85350501199991,76.55499909100007],[-118.82921301999994,76.55939362200007],[-118.53490149599992,76.50381094000005],[-118.47984778599994,76.54523346600007],[-118.30540930899991,76.55499909100007],[-118.34821529899995,76.64459870000007],[-118.4761449859999,76.68414948100008],[-118.49665279899995,76.71889883000006],[-118.31427975199995,76.71149323100008],[-118.30540930899991,76.74310944200005],[-118.33983313699991,76.77130768400008],[-118.01060950399994,76.76727936400005],[-117.81851152299993,76.82469310100004],[-117.73623613199993,76.78034088700008],[-117.91856848899994,76.69334544500003],[-117.90074622299994,76.64321523600006],[-117.97647050699993,76.60219961100006],[-117.90758216099994,76.58173248900005],[-117.9553930329999,76.56806061400005],[-117.90758216099994,76.53335195500006],[-118.01012122299994,76.50503164300005],[-118.03107662699995,76.48615143400008],[-117.99010169199994,76.46564362200007],[-118.0515844389999,76.44513580900008],[-118.03107662699995,76.43085358300004],[-118.05842037699995,76.41038646000004],[-117.85802161399994,76.33047109600005],[-117.67625891799992,76.32660553600005],[-117.66051184799994,76.29433828300006],[-117.57140051999994,76.27163320500006],[-117.35244706899994,76.25958893400008],[-117.13634192599994,76.29022858300004],[-116.93431555899991,76.35578034100007],[-116.99303137899994,76.42035553600005],[-116.98643958199995,76.46238841400003],[-117.07762610599991,76.51959870000007],[-117.00792395699995,76.55215078300006],[-116.32481848899994,76.58173248900005],[-115.89281165299991,76.69843170800004],[-116.04015051999994,76.82831452000005],[-116.17491614499994,76.84174225500004],[-116.36579342399995,76.93178945500006],[-115.90709387899994,76.89704010600008],[-115.73204505099994,76.94855377800008],[-116.22166907499991,77.04165273600006],[-116.28990637899994,77.11188385600008],[-116.40054277299993,77.13727448100008],[-116.30182857999989,77.14826080900008],[-116.24722245999993,77.19594961100006],[-115.9278051419999,77.21234772300005],[-115.39256751199991,77.30792877800008],[-115.44782467399995,77.34886302300004],[-115.77651933499993,77.42983633000006],[-116.08665930899991,77.46027252800008],[-116.12559973899994,77.47239817900004],[-116.06411699099993,77.48672109600005],[-116.42723548099991,77.54816315300008],[-116.40672766799992,77.56240469000005],[-116.90074622299994,77.53636302300004],[-116.92813066299993,77.52765534100007],[-116.75682532499991,77.51337311400005],[-117.15404212099992,77.45872630400004],[-116.99400794199994,77.39956289300005],[-116.64696204299992,77.39044830900008],[-116.8108617829999,77.34267812700006],[-116.77733313699991,77.32904694200005],[-116.81309973899994,77.31659577000005],[-117.18138587099992,77.34886302300004],[-117.0100805329999,77.30170319200005],[-117.03921464799993,77.29279205900008],[-117.23110917899993,77.28571198100008],[-117.47435462099992,77.33588288000004],[-117.9622289699999,77.37002187700006],[-117.8523656889999,77.39044830900008],[-119.16270911399994,77.32489655200004],[-119.28970292899993,77.28880442900004],[-119.38731848899994,77.19253164300005],[-119.8269750639999,77.09857819200005],[-119.83665930899991,77.06525299700007],[-119.92235266799992,77.04726797100005],[-119.93081620999993,77.02008698100008],[-120.0911352199999,77.00560130400004],[-120.09361731699994,76.96588776200008],[-120.1753637359999,76.95404694200005],[-120.1687719389999,76.93178945500006],[-120.2280981109999,76.90265534100007],[-120.42943274599992,76.86908600500004],[-120.3679906889999,76.84235260600008],[-120.38849850199995,76.82876211100006],[-120.3679906889999,76.81452057500007],[-120.91954505099994,76.69546133000006],[-121.08934485599991,76.67072174700007],[-121.18732662699995,76.68817780200004],[-121.22801673099991,76.62116120000007],[-121.41356360599991,76.55426666900007],[-121.40884355399993,76.51406484600005],[-121.51187089799993,76.44822825700004],[-122.40322831899994,76.40420156500005],[-122.49378674412978,76.37839413512974],[-122.75591711932763,76.41229577786974],[-123.9716290144171,76.39717836628786],[-124.68024584760806,76.22566516307089],[-128.0137305545929,76.34765727511653],[-128.35272071210733,76.53635658535704],[-129.02069910359964,76.62992614594489],[-129.2272013432331,76.78745544588428],[-129.90799638293586,76.87691655607648],[-129.93186540872497,77.22190684140215],[-130.72671976495312,77.34038045316154],[-130.9513056622705,77.49239402098696],[-131.38467469147628,77.55740458454738],[-137.8751481735631,77.56967470605278],[-138.1452611051315,77.60278544590588],[-138.45977598967522,77.7439985880553],[-139.01915527193097,77.78328003390202],[-142.97584400990465,77.69131249728667],[-143.3651690747498,77.62364073855524],[-143.4947663682008,77.48505289042856],[-143.72601386934474,77.44093088606085],[-148.24697982855446,77.24848202404543],[-149.06889738901617,77.40945931536908],[-150.0,77.3780838451682],[-150.0,80.0],[-100.15385005896705,80.0],[-100.13853919199994,79.94989655200004],[-100.18008378799993,79.91168854400007],[-100.07022050699993,79.87815989800004],[-99.58360755099994,79.89866771000004],[-99.3118383449999,79.84837474200003],[-99.29564368399991,79.81610748900005],[-99.33653723899994,79.80927155200004],[-99.30304928299995,79.78880442900004],[-99.33039303299995,79.76829661700003],[-98.95885169199994,79.72817617400005],[-98.8238012359999,79.66925690300008],[-98.65135657499991,79.79222239800004],[-98.69570878799993,79.86774323100008],[-98.77505449099993,79.90468984600005],[-98.70596269399994,79.96698639500005],[-98.77803296865234,80.0],[-96.650768699876,80.0],[-96.5579320949999,79.94855377800008],[-96.13687089799993,79.91168854400007],[-96.61611894399994,79.88499583500004],[-96.54271399599992,79.84837474200003],[-96.3902074859999,79.86448802300004],[-96.49323482999995,79.83722565300008],[-96.2852270169999,79.80646393400008],[-96.23814856699994,79.74339427300004],[-95.85374915299991,79.65241120000007],[-95.19326738199993,79.64740631700005],[-94.77017167899993,79.68211497600004],[-94.37083899599992,79.78485748900005],[-94.30028235599991,79.77521393400008],[-94.36172441299993,79.73419830900008],[-94.3406469389999,79.68622467700004],[-94.72769120999993,79.61050039300005],[-95.7390844389999,79.54242584800005],[-95.70494544199994,79.50763580900008],[-95.78001868399991,79.48094310100004],[-95.67015540299991,79.44684479400007],[-95.78001868399991,79.43256256700005],[-95.75536048099991,79.40623607000003],[-95.39024817599994,79.37726471600007],[-95.38597571499992,79.39984772300005],[-95.28038489499994,79.40521881700005],[-95.30768795499995,79.39158763200004],[-95.29015051999994,79.36196523600006],[-95.16368567599994,79.35000234600005],[-95.32135982999995,79.33698151200008],[-95.19102942599994,79.31586334800005],[-95.23875891799992,79.28851959800005],[-95.2110082669999,79.28095123900005],[-95.00230872299994,79.26740143400008],[-94.38841712099992,79.37103913000004],[-94.49828040299991,79.38475169500003],[-94.51256262899994,79.41950104400007],[-94.48009192599994,79.42666250200006],[-93.84097245999993,79.39899323100008],[-94.1441137359999,79.33685944200005],[-94.21092688699991,79.27488841400003],[-93.92979895699995,79.25918203300006],[-93.62873287699995,79.32269928600005],[-93.68394934799994,79.34316640800006],[-93.65440833199995,79.36652252800008],[-93.49510657499991,79.36017487200007],[-93.32103430899991,79.45205312700006],[-93.23436438699991,79.41815827000005],[-93.38853919199994,79.34316640800006],[-93.00495357999995,79.39158763200004],[-93.14696204299992,79.46625397300005],[-93.08665930899991,79.48712799700007],[-92.92381751199991,79.41600169500003],[-92.60631262899994,79.45062897300005],[-92.28746497299994,79.45750560100004],[-92.23033606699994,79.43256256700005],[-92.58039303299995,79.38475169500003],[-92.49535071499992,79.36542389500005],[-91.83031165299991,79.34316640800006],[-91.12051347599993,79.39158763200004],[-91.17027747299994,79.35439687700006],[-91.91502844999991,79.30219147300005],[-92.56444251199991,79.31037018400008],[-92.69587154899995,79.26740143400008],[-92.62734941299993,79.24542877800008],[-92.08629309799994,79.20600006700005],[-91.04417883999992,79.25165436400005],[-90.36636308499993,79.24754466400003],[-91.88121497299994,79.16351959800005],[-92.84044348899994,79.14516836100006],[-93.33047441299993,79.17096588700008],[-93.43297278599994,79.15648021000004],[-93.60924231699994,79.05687083500004],[-94.29352779899995,78.98688385600008],[-93.8745824859999,78.83397044500003],[-93.5469457669999,78.83856842700004],[-93.03844153599994,78.76776764500005],[-93.16258704299992,78.73989492400005],[-93.56615149599992,78.78628164300005],[-93.81309973899994,78.76776764500005],[-93.53937740799995,78.67841217700004],[-93.37368730399993,78.68829987200007],[-93.34752356699994,78.67841217700004],[-93.47175045499995,78.65176015800006],[-93.28172766799992,78.59471263200004],[-92.8113500639999,78.63808828300006],[-91.64915930899991,78.56500885600008],[-91.65396074099993,78.52985260600008],[-91.84398352799991,78.54995351800005],[-92.54271399599992,78.52741120000007],[-92.56672115799995,78.52073802300004],[-92.49095618399991,78.51455312700006],[-92.88198808499993,78.50706614800004],[-92.88556494162214,78.50572649134575],[-93.1787994615661,78.52680803734143],[-93.81525802868896,78.47207220168377],[-95.04839399033033,78.16943613471422],[-95.10903886599993,78.19236888200004],[-95.40322831899994,78.23334381700005],[-94.82787024599992,78.36371491100005],[-95.1187231109999,78.45465729400007],[-95.46108964799993,78.51113515800006],[-95.69981848899994,78.52610911700003],[-95.90697180899991,78.48725006700005],[-96.2735082669999,78.53506094000005],[-96.15729732999995,78.61957428600005],[-96.31387285099993,78.62075429900005],[-96.54308020699995,78.68561432500007],[-96.89419511599993,78.70294830900008],[-97.45103919199994,78.79710521000004],[-98.14907792899993,78.81867096600007],[-98.36188717399995,78.76618073100008],[-98.31554114499994,78.74725983300004],[-98.37018795499995,78.72679271000004],[-98.31554114499994,78.70636627800008],[-98.31607011599993,78.64622630400004],[-98.0249731109999,78.55255768400008],[-98.3399145169999,78.54364655200004],[-98.32298743399991,78.52073802300004],[-98.40282141799992,78.51300690300008],[-98.40729732999995,78.48818594000005],[-98.21666419199994,78.41518789300005],[-98.03502356699994,78.39850495000007],[-98.09024003799993,78.36994049700007],[-98.01390540299991,78.33637116100005],[-98.06847083199995,78.30849844000005],[-97.76683508999992,78.24701569200005],[-97.92210852799991,78.24404531500005],[-97.91954505099994,78.22028229400007],[-97.39415442599994,78.21287669500003],[-96.86929277299993,78.13715241100005],[-96.90412350199995,78.12348053600005],[-96.85631262899994,78.10927969000005],[-96.93761145699995,78.08104075700004],[-97.65689042899993,78.09707265800006],[-97.68492591099994,78.07566966400003],[-97.65143795499995,78.05585358300004],[-97.77428137899994,78.04157135600008],[-96.9934789699999,77.92487213700008],[-97.1238500639999,77.87714264500005],[-97.08731035099993,77.84198639500005],[-97.10334225199995,77.80817291900007],[-96.8613988919999,77.78896719000005],[-96.72667395699995,77.83681875200006],[-96.5249731109999,77.84638092700004],[-96.57510331899994,77.85663483300004],[-96.49323482999995,77.87714264500005],[-96.61827551999994,77.85195547100005],[-96.74022376199991,77.87030670800004],[-96.4961645169999,77.90607330900008],[-96.36554928299995,77.86298248900005],[-96.26876978124858,77.86993166718027],[-96.3630013952491,77.84680535675514],[-96.5293033329053,77.74095303071458],[-96.27881530445755,77.63294110952577],[-96.27505449099993,77.62238190300008],[-96.32872473899994,77.60956452000005],[-96.16812607080274,77.54812590285849],[-96.2970566264943,77.35777800539003],[-95.21104608780621,77.12278599847426],[-95.31617003602177,77.04347903949402],[-95.42373613199993,77.06146881700005],[-95.77074133999992,77.07672760600008],[-96.3902074859999,77.03424713700008],[-96.24673417899993,77.00629303600005],[-96.47297115799995,76.95921458500004],[-96.8184301419999,76.98338450700004],[-96.65770423099991,76.95229726800005],[-96.8511449859999,76.92963288000004],[-96.81956946499992,76.87201569200005],[-96.31444251199991,76.80829498900005],[-96.51146399599992,76.80805084800005],[-96.50690670499995,76.78717682500007],[-96.58193925699993,76.77350495000007],[-96.30821692599994,76.75983307500007],[-96.66295325399994,76.75413646000004],[-96.86750240799995,76.81366608300004],[-96.90038001199991,76.78636302300004],[-96.84264075399994,76.77350495000007],[-96.96556555899991,76.73940664300005],[-96.87149003799993,76.70319245000007],[-96.49962317599994,76.69574616100005],[-96.37242591099994,76.63764069200005],[-96.22569739499994,76.63694896000004],[-96.24673417899993,76.62270742400005],[-96.14224199099993,76.58348216400003],[-95.99229895699995,76.58173248900005],[-96.02700761599993,76.55499909100007],[-95.7840063139999,76.55467357000003],[-95.58824622299994,76.60960521000004],[-95.75767981699994,76.52732982000003],[-96.05728105399993,76.52399323100008],[-96.10899817599994,76.49974192900004],[-95.82331295499995,76.39911530200004],[-95.42052161399994,76.40094635600008],[-95.37596594999991,76.39671458500004],[-95.45173092399995,76.36945221600007],[-94.80060787699995,76.32843659100007],[-95.35777747299994,76.30512116100005],[-95.39024817599994,76.23908112200007],[-95.06065833199995,76.22540924700007],[-94.74909420499995,76.31484609600005],[-94.66344153599994,76.31484609600005],[-94.64232337099992,76.29433828300006],[-94.66344153599994,76.28685130400004],[-94.60366777299993,76.27374909100007],[-94.18639075399994,76.28408437700006],[-93.70372473899994,76.25153229400007],[-93.63491777299993,76.25958893400008],[-93.76593990799995,76.28685130400004],[-93.6773168609999,76.32705312700006],[-93.62124589799993,76.31484609600005],[-93.66974850199995,76.30052317900004],[-93.59105383999992,76.29970937700006],[-93.28990637899994,76.36920807500007],[-93.06017005099994,76.34902578300006],[-93.08067786399994,76.32225169500003],[-93.04845130099994,76.29539622600004],[-92.80093339799993,76.21434153900003],[-92.75991777299993,76.16486237200007],[-92.66612708199995,76.13507721600007],[-92.61974036399994,76.01459381700005],[-92.41283118399991,75.92645905200004],[-92.12682044199994,75.87384674700007],[-92.10472571499992,75.81452057500007],[-92.17568925699993,75.75250885600008],[-92.01183020699995,75.66372304900005],[-92.07945716099994,75.62897370000007],[-92.00438391799992,75.60162995000007],[-92.19579016799992,75.55670807500007],[-92.38076738199993,75.45612213700008],[-92.46304277299993,75.37567780200004],[-92.32652747299994,75.37567780200004],[-92.42894446499992,75.34153880400004],[-92.47052975199995,75.29315827000005],[-92.45685787699995,75.25218333500004],[-92.50401770699995,75.21800364800004],[-92.28229732999995,75.14081452000005],[-92.05589758999992,75.15322500200006],[-92.11424719999991,75.13613515800006],[-92.01183020699995,75.10138580900008],[-92.23033606699994,75.07404205900008],[-92.20238196499992,75.06728750200006],[-92.22411048099991,75.03245677300004],[-92.06114661399994,74.96283600500004],[-92.07945716099994,74.93691640800006],[-92.01183020699995,74.90961334800005],[-92.0137426419999,74.85504791900007],[-92.06273352799991,74.80341217700004],[-91.80577551999994,74.73826732000003],[-91.88084876199991,74.71161530200004],[-91.66600501199991,74.72675202000005],[-91.62083899599992,74.71161530200004],[-91.68907630099994,74.68366120000007],[-91.51349850199995,74.64472077000005],[-91.3684789699999,74.64858633000006],[-91.33946692599994,74.68878815300008],[-91.37376868399991,74.70408763200004],[-91.33043372299994,74.72093333500004],[-91.29527747299994,74.70522695500006],[-91.28563391799992,74.63589101800005],[-91.09943600199995,74.62905508000006],[-91.23037675699993,74.73826732000003],[-91.09943600199995,74.75250885600008],[-90.78677324099993,74.88963450700004],[-90.75682532499991,74.88287995000007],[-90.75682532499991,74.83441803600005],[-91.0249731109999,74.70408763200004],[-90.90550696499992,74.68695709800005],[-90.84618079299992,74.72528717700004],[-90.72329667899993,74.73826732000003],[-90.76366126199991,74.71775950700004],[-90.73009192599994,74.66315338700008],[-90.5637914699999,74.60858795800004],[-90.46703324315078,74.61644546319928],[-91.09058530332483,74.45991927669213],[-91.79408364249235,74.51214851493663],[-92.54313208204817,74.45417711567899],[-93.23342307027248,74.68021765435445],[-93.46704912739074,74.70588066065773],[-93.4722387359999,74.73444245000007],[-93.56663977799991,74.74510325700004],[-93.44310462099992,74.76927317900004],[-93.41649329299992,74.84072500200006],[-93.4309789699999,74.96747467700004],[-93.53453528599994,75.04466380400004],[-93.64240475199995,75.03994375200006],[-93.49156653599994,75.07404205900008],[-93.51203365799995,75.09516022300005],[-93.46226966099994,75.13507721600007],[-93.58031165299991,75.20502350500004],[-93.49937903599994,75.26801178600005],[-93.80003821499992,75.30744049700007],[-93.6492406889999,75.32786692900004],[-93.67650305899991,75.36204661700003],[-93.98741614499994,75.43927643400008],[-94.39391028599994,75.60423411700003],[-94.89952551999994,75.64472077000005],[-95.1511938139999,75.59316640800006],[-95.31175696499992,75.60130442900004],[-95.37344316299993,75.55499909100007],[-95.59056555899991,75.54889557500007],[-95.84211178299995,75.46507396000004],[-95.67951412699995,75.41351959800005],[-95.70494544199994,75.40302155200004],[-95.98607337099992,75.43821849200003],[-96.15550696499992,75.40802643400008],[-96.17788652299993,75.38251373900005],[-96.03888912699995,75.40477122600004],[-95.78001868399991,75.38251373900005],[-95.93765214799993,75.34845612200007],[-95.88988196499992,75.36888255400004],[-95.92052161399994,75.38963450700004],[-96.02700761599993,75.32786692900004],[-96.17105058499993,75.30744049700007],[-96.17105058499993,75.28701406500005],[-95.90355383999992,75.29315827000005],[-96.09398352799991,75.26097239800004],[-95.98607337099992,75.25218333500004],[-96.07871500853557,75.24525953777648],[-96.2591443754345,75.28445372042232],[-96.6634016880065,75.42205147571687],[-96.6982946976507,75.42546502458347],[-96.50267493399991,75.46157461100006],[-96.5520727199999,75.51666901200008],[-96.42430579299992,75.58120351800005],[-96.36461341099994,75.57599518400008],[-96.4153539699999,75.55145905200004],[-96.40855872299994,75.52228424700007],[-96.20571855399993,75.45799388200004],[-95.91038977799991,75.56069570500006],[-96.02700761599993,75.60907623900005],[-96.37511145699995,75.65997955900008],[-96.42430579299992,75.63580963700008],[-96.43618730399993,75.58779531500005],[-97.05492102799991,75.49921295800004],[-96.99868821668309,75.45485222754718],[-97.41544095040322,75.49562273821252],[-97.4246313139999,75.52952708500004],[-97.37751217399995,75.67983633000006],[-97.93936113199993,75.74567291900007],[-97.66763261599993,75.80243561400005],[-97.57022050699993,75.86522044500003],[-97.65453040299991,75.98212311400005],[-97.58242753799993,76.08917877800008],[-97.50145423099991,76.14378489800004],[-97.50674394399994,76.19065989800004],[-97.78856360599991,76.32225169500003],[-97.73306230399993,76.39557526200008],[-97.66844641799992,76.42035553600005],[-97.69920813699991,76.46564362200007],[-97.66510982999995,76.48615143400008],[-98.36790930899991,76.57050202000005],[-98.40489661399994,76.59601471600007],[-98.15103105399993,76.58856842700004],[-98.42162024599992,76.62547435100004],[-98.40802975199995,76.66766998900005],[-98.45531165299991,76.68207428600005],[-98.85680091099994,76.67792389500005],[-98.7774145169999,76.65078359600005],[-98.48745683499993,76.65741608300004],[-98.54820716099994,76.61546458500004],[-98.73387610599991,76.61644114800004],[-98.75182044199994,76.58222077000005],[-98.83409583199995,76.62262604400007],[-99.02871660099993,76.60219961100006],[-99.05601966099994,76.54071686400005],[-98.87808183499993,76.47939687700006],[-98.85680091099994,76.46564362200007],[-98.89150956899994,76.45136139500005],[-98.85057532499991,76.43768952000005],[-98.97923743399991,76.47280508000006],[-99.13853919199994,76.45506419500003],[-99.07030188699991,76.40420156500005],[-99.25731360599991,76.46893952000005],[-99.13853919199994,76.49974192900004],[-99.16368567599994,76.51349518400008],[-99.2910863919999,76.50336334800005],[-99.5230199859999,76.59088776200008],[-99.68663489499994,76.60219961100006],[-99.54946855399993,76.60960521000004],[-99.64093990799995,76.63743724200003],[-99.85130774599992,76.60993073100008],[-100.33259029899995,76.64472077000005],[-100.72813880099994,76.56122467700004],[-100.70026607999995,76.54071686400005],[-100.73159745999993,76.53196849200003],[-100.98818925699993,76.50657786700003],[-100.67528235599991,76.38104889500005],[-100.13853919199994,76.38312409100007],[-100.18008378799993,76.36322663000004],[-99.92686926999994,76.32225169500003],[-100.02183997299994,76.30801015800006],[-99.99657141799992,76.29881419500003],[-99.84365800699993,76.28685130400004],[-100.06309973899994,76.28685130400004],[-100.17808997299994,76.31757233300004],[-100.21422278599994,76.30801015800006],[-100.07705644399994,76.27326080900008],[-100.44456946499992,76.28375885600008],[-100.51097571499992,76.24994538000004],[-100.47874915299991,76.23383209800005],[-100.16869055899991,76.19041575700004],[-99.9942113919999,76.20498281500005],[-99.69961503799993,76.14105866100005],[-99.41852779899995,76.16400788000004],[-99.68374589799993,76.12376536700003],[-100.08385169199994,76.16054922100005],[-100.22105872299994,76.13605377800008],[-100.11660722599993,76.10370514500005],[-100.06017005099994,76.04254791900007],[-99.99449622299994,76.04047272300005],[-100.03547115799995,76.01312897300005],[-99.89073645699995,75.98948802300004],[-99.87165279899995,75.97842031500005],[-99.90200761599993,75.95477936400005],[-99.86412512899994,75.93744538000004],[-99.4402563139999,75.97223541900007],[-99.94709225199995,75.87518952000005],[-99.9995824859999,75.92666250200006],[-100.15217037699995,75.91693756700005],[-100.07022050699993,75.95172760600008],[-100.16779537699995,75.96344635600008],[-100.35391191299993,76.06557851800005],[-100.62511145699995,76.08148834800005],[-100.42027747299994,76.12299225500004],[-100.74120032499991,76.09568919500003],[-100.62511145699995,76.12299225500004],[-100.84626217399995,76.21059804900005],[-101.13206946499992,76.24518463700008],[-101.05711829299992,76.32843659100007],[-101.32164466099994,76.41453685100004],[-101.81126868399991,76.45880768400008],[-102.03514563699991,76.41278717700004],[-102.05768795499995,76.39671458500004],[-101.9546606109999,76.36945221600007],[-102.09862219999991,76.34902578300006],[-102.05211341099994,76.32306549700007],[-102.19481360599991,76.29433828300006],[-102.05768795499995,76.28001536700003],[-102.1675512359999,76.23908112200007],[-101.78673255099994,76.21857330900008],[-101.38548743399991,76.25336334800005],[-101.74233964799993,76.18447500200006],[-101.90290279899995,76.10590241100005],[-101.8438207669999,76.02700429900005],[-101.70995032499991,75.98969147300005],[-101.3035375639999,76.02065664300005],[-101.58946692599994,75.92450592700004],[-101.55060787699995,75.86981842700004],[-101.37181555899991,75.85179271000004],[-101.36460618029307,75.84628977155602],[-101.50172780526509,75.82593143445752],[-101.83299719999991,75.90582916900007],[-102.26227779899995,75.86981842700004],[-102.36378604763767,75.81598102165474],[-102.46640024452283,75.82909321048925],[-102.38866126199991,75.89036692900004],[-101.98131262899994,75.95172760600008],[-102.21467037699995,75.99266185100004],[-103.04491126199991,75.90615469000005],[-103.05073902818881,75.90376085597437],[-103.13864525635343,75.91499363953076],[-103.65902470837938,75.86413753727508],[-104.32134125470216,75.6219942033551],[-105.01340999699015,75.6397612695689],[-105.59159433519717,75.53764573992423],[-105.49364173099991,75.56549713700008],[-105.3899633449999,75.65338776200008],[-105.46336829299992,75.73261139500005],[-105.42243404899995,75.74567291900007],[-105.46344967399995,75.80121491100005],[-105.4429418609999,75.82135651200008],[-105.51183020699995,75.89057038000004],[-105.75991777299993,75.99017975500004],[-106.33983313699991,76.06159088700008],[-106.63174394399994,76.05853913000004],[-106.87486731699994,75.96539948100008],[-106.88589433499993,75.83820221600007],[-106.6148168609999,75.80093008000006],[-106.88231360599991,75.76609935100004],[-106.86119544199994,75.75995514500005],[-106.9090063139999,75.69847239800004],[-106.8809301419999,75.64923737200007],[-106.96165930899991,75.71039459800005],[-106.94994055899991,75.75250885600008],[-107.03307044199994,75.77358633000006],[-106.95677649599992,75.79409414300005],[-107.10757402299993,75.84186432500007],[-107.04613196499992,75.88898346600007],[-107.07599850199995,75.89940013200004],[-107.36717688699991,75.91864655200004],[-107.72057044199994,75.88580963700008],[-107.9214574859999,75.79067617400005],[-108.02623450399994,75.78725820500006],[-108.04670162699995,75.80707428600005],[-107.89736894399994,75.90110911700003],[-107.73818925699993,75.91693756700005],[-107.79344641799992,75.93060944200005],[-107.64012610599991,75.98924388200004],[-107.73070227799991,76.03900788000004],[-107.88902747299994,76.06777578300006],[-108.49917558499993,76.04047272300005],[-108.38247636599993,76.08828359600005],[-108.45759029899995,76.10252513200004],[-108.37755286399994,76.17377350500004],[-108.1199438139999,76.21010976800005],[-108.08763587099992,76.22540924700007],[-108.23167883999992,76.25336334800005],[-108.0808813139999,76.28685130400004],[-108.31883704299992,76.39638906500005],[-108.61587480399993,76.42348867400005],[-108.48493404899995,76.45880768400008],[-108.59105383999992,76.48240794500003],[-108.52586829299992,76.51406484600005],[-108.62889563699991,76.52020905200004],[-108.53868567599994,76.56175364800004],[-108.68724524599992,76.60219961100006],[-108.73192298099991,76.64321523600006],[-108.57652747299994,76.64598216400003],[-108.46861731699994,76.68626536700003],[-108.45079505099994,76.73261139500005],[-108.53233801999994,76.76699453300006],[-108.69001217399995,76.77114492400005],[-108.64940344999991,76.81452057500007],[-108.77562415299991,76.86416250200006],[-108.90123450399994,76.81614817900004],[-109.18443762899994,76.82192617400005],[-109.32510331899994,76.78888580900008],[-109.3352758449999,76.75983307500007],[-109.4944555329999,76.72284577000005],[-109.5520727199999,76.67487213700008],[-109.55431067599994,76.63007233300004],[-109.66356360599991,76.61644114800004],[-109.65054277299993,76.58856842700004],[-109.78026282499991,76.59601471600007],[-109.7598363919999,76.57489655200004],[-109.8491918609999,76.54071686400005],[-109.70518958199995,76.52708567900004],[-109.77196204299992,76.50018952000005],[-110.3836156889999,76.43085358300004],[-110.39720618399991,76.39671458500004],[-110.32835852799991,76.34149811400005],[-110.3836156889999,76.30052317900004],[-110.14696204299992,76.27631256700005],[-109.9097387359999,76.19672272300005],[-109.86961829299992,76.23981354400007],[-109.69546464799993,76.22467682500007],[-109.72500566299993,76.20498281500005],[-109.54222571499992,76.18943919500003],[-109.3230688139999,76.11538320500006],[-109.38988196499992,76.06777578300006],[-109.27257239499994,76.05414459800005],[-109.29735266799992,76.03912995000007],[-109.39948482999995,76.04132721600007],[-109.43765214799993,76.03363678600005],[-109.38988196499992,76.02065664300005],[-109.43333899599992,76.00360748900005],[-110.05459550699993,75.89647044500003],[-109.8933813139999,75.85224030200004],[-109.70107988199993,75.88035716400003],[-109.65737870999993,75.86981842700004],[-109.70518958199995,75.84808991100005],[-109.62946529899995,75.83441803600005],[-109.69151770699995,75.80707428600005],[-109.40416419199994,75.80093008000006],[-109.46434485599991,75.79409414300005],[-108.82811438699991,75.69106679900005],[-108.93736731699994,75.67796458500004],[-108.83495032499991,75.62274811400005],[-108.89639238199993,75.58860911700003],[-108.85545813699991,75.56069570500006],[-109.03359941299993,75.55390045800004],[-108.92682857999995,75.53025950700004],[-108.90998287699995,75.47874583500004],[-110.06826738199993,75.54767487200007],[-110.41869055899991,75.53986237200007],[-110.51357988199993,75.57330963700008],[-111.25084387899994,75.52187734600005],[-111.32209225199995,75.54767487200007],[-111.29474850199995,75.57436758000006],[-111.41079667899993,75.61591217700004],[-111.37669837099992,75.65314362200007],[-111.41079667899993,75.67796458500004],[-111.36986243399991,75.73261139500005],[-111.44871985599991,75.74225495000007],[-111.4319555329999,75.76609935100004],[-111.45889238199993,75.78880442900004],[-111.59642493399991,75.81452057500007],[-111.49327551999994,75.81452057500007],[-111.4590551419999,75.84186432500007],[-111.94896399599992,75.80707428600005],[-112.03465735599991,75.84186432500007],[-112.22704016799992,75.81452057500007],[-112.07274329299992,75.87563711100006],[-111.72679602799991,75.91693756700005],[-112.11803137899994,76.01239655200004],[-112.36461341099994,76.03363678600005],[-112.52574622299994,76.12099844000005],[-112.42564856699994,76.17084381700005],[-112.75462805899991,76.20498281500005],[-112.9942113919999,76.27326080900008],[-113.35435950399994,76.26605866100005],[-113.96304277299993,76.19061920800004],[-114.06362870999993,76.21857330900008],[-113.98485266799992,76.25592682500007],[-114.1797582669999,76.35578034100007],[-114.09093176999994,76.38987864800004],[-114.15925045499989,76.45880768400008],[-114.87242591099994,76.52020905200004],[-115.02147376199991,76.47907135600008],[-115.51231848899994,76.45620351800005],[-115.91331946499992,76.34902578300006],[-115.8518774079999,76.32225169500003],[-115.92699133999992,76.28685130400004],[-115.77944902299993,76.23729075700004],[-115.27928626199991,76.23704661700003],[-114.97533118399991,76.17731354400007],[-114.66698157499991,76.16400788000004],[-116.16270911399994,76.20384349200003],[-116.52623450399994,76.16014232000003],[-116.63027910099993,76.12042877800008],[-116.70156816299993,76.04047272300005],[-116.4961645169999,76.02680084800005],[-116.53026282499991,76.01312897300005],[-116.46133378799993,75.97842031500005],[-116.61611894399994,75.97626373900005],[-116.73631751199991,75.93744538000004],[-116.70811926999994,75.89956289300005],[-116.20254472599993,75.86806875200006],[-114.8577367829999,75.91079336100006],[-114.81248938699991,75.90216705900008],[-114.82738196499992,75.87938060100004],[-115.57811438699991,75.83441803600005],[-115.76231848899994,75.86176178600005],[-115.80064856699994,75.83441803600005],[-116.88536536399994,75.78900788000004],[-117.24901282499991,75.60907623900005],[-117.19831295499989,75.57550690300008],[-116.11563066299993,75.57778554900005],[-115.69749915299991,75.64581940300008],[-115.00210527299993,75.69847239800004],[-115.25487219999991,75.64923737200007],[-115.2835180329999,75.62714264500005],[-115.26280676999994,75.60162995000007],[-115.58971106699994,75.58795807500007],[-116.04190019399994,75.48480866100005],[-116.66328025381105,75.48265139416326],[-117.35696906071442,75.54443174535626]],[[-103.91417395699995,75.90326569200005],[-103.69163977799991,75.88898346600007],[-102.35594641799992,76.01312897300005],[-102.31851152299993,76.04413483300004],[-102.44383704299992,76.08991120000007],[-103.11302649599992,76.05036041900007],[-103.49791419199994,75.98236725500004],[-103.97622636599993,75.94428131700005],[-103.91417395699995,75.90326569200005]],[[-103.81143144399994,76.03363678600005],[-103.2363988919999,76.04730866100005],[-102.83763587099992,76.08063385600008],[-102.62621008999992,76.15717194200005],[-102.53062903599994,76.15717194200005],[-102.5852758449999,76.18447500200006],[-102.54157467399995,76.23135000200006],[-102.7266332669999,76.31561920800004],[-104.31200110599991,76.21238841400003],[-104.47813880099994,76.14704010600008],[-104.41087805899991,76.08966705900008],[-103.81143144399994,76.03363678600005]],[[-104.3980199859999,76.46873607000003],[-104.40367591099994,76.42072174700007],[-104.4622289699999,76.39671458500004],[-104.33311926999994,76.36945221600007],[-104.40758216099994,76.33527252800008],[-104.37767493399991,76.32485586100006],[-103.3362524079999,76.33173248900005],[-103.01040605399993,76.42348867400005],[-103.07005774599992,76.46458567900004],[-103.23424231699994,76.47361888200004],[-103.24937903599994,76.50657786700003],[-103.57974199099993,76.52684153900003],[-103.5579320949999,76.56806061400005],[-103.79613196499992,76.62311432500007],[-103.88296464799993,76.57786692900004],[-104.0581762359999,76.56806061400005],[-103.92471269399994,76.64008209800005],[-104.02464758999992,76.67047760600008],[-104.35240637899994,76.66331614800004],[-104.68130449099993,76.60219961100006],[-104.64098059799994,76.58173248900005],[-104.6682836579999,76.55499909100007],[-104.58836829299992,76.53953685100004],[-104.57445227799991,76.50364817900004],[-104.3980199859999,76.46873607000003]],[[-101.68712317599994,76.58856842700004],[-101.33812415299991,76.56122467700004],[-100.24771074099993,76.73940664300005],[-100.62852942599994,76.75983307500007],[-100.97248287699995,76.73554108300004],[-101.09019934799994,76.68622467700004],[-101.68712317599994,76.58856842700004]],[[-114.63158118399991,76.86163971600007],[-114.84048417899993,76.80939362200007],[-114.87857011599993,76.76727936400005],[-113.6731664699999,76.70425039300005],[-113.45348059799994,76.77350495000007],[-113.51036536399994,76.83633047100005],[-113.84605872299994,76.89887116100005],[-114.63158118399991,76.86163971600007]],[[-104.75401770699995,77.11123281500005],[-104.4500219389999,77.15176015800006],[-104.37108313699991,77.23476797100005],[-104.39720618399991,77.27326080900008],[-104.47647050699993,77.28742096600007],[-104.42125403599994,77.30792877800008],[-104.74852454299992,77.41766998900005],[-105.01585852799991,77.41461823100008],[-105.00621497299994,77.46084219000005],[-104.95201575399994,77.48700592700004],[-104.99608313699991,77.53709544500003],[-105.50304114499994,77.72109609600005],[-105.90876217399995,77.76788971600007],[-106.09365800699993,77.72964101800005],[-105.84422766799992,77.62026601800005],[-105.82103430899991,77.56793854400007],[-105.8606664699999,77.54816315300008],[-105.68163001199991,77.51618073100008],[-105.76504472599993,77.46621328300006],[-105.6597387359999,77.44098541900007],[-105.68932044199994,77.42523834800005],[-105.62783769399994,77.40412018400008],[-105.66136633999992,77.38361237200007],[-105.54405676999994,77.37083567900004],[-105.56578528599994,77.32160065300008],[-105.40819251199991,77.28742096600007],[-105.46959387899994,77.27440013200004],[-105.31875566299993,77.22601959800005],[-105.39513098899994,77.21918366100005],[-105.24364173099991,77.20551178600005],[-105.26414954299992,77.17816803600005],[-105.22459876199991,77.16449616100005],[-105.00576738199993,77.17495351800005],[-104.75401770699995,77.11123281500005]],[[-109.68614661399994,77.97138092700004],[-109.58153235599991,78.05410390800006],[-109.69717363199993,78.09735748900005],[-110.7117406889999,78.10382721600007],[-110.86050370999993,78.06875234600005],[-111.00763912699995,78.09686920800004],[-111.27806555899991,78.09003327000005],[-111.71165930899991,78.02924225500004],[-111.82412675699993,78.05263906500005],[-111.95055091099994,78.02130768400008],[-112.27090410099993,78.01532623900005],[-112.92491614499994,77.92959219000005],[-112.98151607999995,77.89760976800005],[-113.14110266799992,77.92251211100006],[-113.24128170499989,77.90497467700004],[-113.21328691299993,77.89077383000006],[-113.32315019399994,77.80817291900007],[-113.30557206899994,77.77684153900003],[-113.18602454299992,77.73993561400005],[-113.22667395699995,77.73444245000007],[-113.20677649599992,77.69379303600005],[-113.25426184799994,77.67161692900004],[-113.08975175699993,77.62323639500005],[-113.24128170499989,77.58226146000004],[-113.19961503799993,77.52765534100007],[-112.99233964799993,77.51105377800008],[-112.92760169199994,77.46478913000004],[-112.63744055899991,77.46405670800004],[-112.46930904899995,77.37059153900003],[-112.10924231699994,77.32575104400007],[-111.28111731699994,77.43146393400008],[-110.88072669199994,77.41242096600007],[-110.23542232999995,77.50421784100007],[-110.09557044199994,77.55491771000004],[-110.09215247299994,77.58197663000004],[-110.16368567599994,77.60016510600008],[-110.04100501199991,77.64435455900008],[-110.11070716099994,77.69245026200008],[-110.08079993399991,77.75250885600008],[-110.10789954299992,77.77619049700007],[-110.71996008999992,77.76618073100008],[-110.90371660099993,77.85321686400005],[-109.78685462099992,77.94977448100008],[-109.68614661399994,77.97138092700004]],[[-102.41331946499992,77.76044342700004],[-102.44871985599991,77.73309967700004],[-102.17634029899995,77.69513580900008],[-101.7905981109999,77.67938873900005],[-101.55797278599994,77.73069896000004],[-100.93199622299994,77.74453359600005],[-101.21434485599991,77.84072500200006],[-101.69810950399994,77.90521881700005],[-102.39818274599992,77.88886139500005],[-102.49518795499995,77.86473216400003],[-102.53062903599994,77.83612702000005],[-102.49889075399994,77.78237539300005],[-102.41331946499992,77.76044342700004]],[[-113.57701575399994,77.81500885600008],[-113.67149817599994,77.84593333500004],[-113.70152747299994,77.89036692900004],[-113.95132402299993,77.91885000200006],[-114.11461341099994,78.00043366100005],[-114.25780188699991,77.98944733300004],[-114.35098222599993,78.03473541900007],[-114.2827856109999,78.06207916900007],[-114.32725989499994,78.08079661700003],[-114.67967688699991,78.03449127800008],[-114.79507402299993,77.98285553600005],[-115.11823482999989,77.95966217700004],[-114.51610266799992,77.76044342700004],[-114.65269934799994,77.76788971600007],[-114.16258704299992,77.70673248900005],[-113.57701575399994,77.81500885600008]],[[-102.79918372299994,78.20014069200005],[-102.78384355399993,78.23704661700003],[-102.83446204299992,78.26609935100004],[-103.0242406889999,78.26984284100007],[-103.28416907499991,78.16136302300004],[-103.23424231699994,78.12807851800005],[-103.04723059799994,78.12702057500007],[-102.79918372299994,78.20014069200005]],[[-109.33893795499995,78.35468170800004],[-109.32510331899994,78.37384674700007],[-109.35570227799991,78.39105866100005],[-109.25951087099992,78.45929596600007],[-109.26646887899994,78.49359772300005],[-109.50450598899994,78.58958567900004],[-109.63345292899993,78.58681875200006],[-109.8401586579999,78.63629791900007],[-109.88727779899995,78.67593008000006],[-110.42690995999993,78.76634349200003],[-110.74095618399991,78.75796133000006],[-111.16441809799994,78.69891998900005],[-111.31436113199993,78.64842357000003],[-111.43814042899993,78.64423248900005],[-111.37669837099992,78.62376536700003],[-111.42015540299991,78.60663483300004],[-111.81602942599994,78.54889557500007],[-112.15005449099993,78.55703359600005],[-112.68203691299993,78.49827708500004],[-113.21422278599994,78.40656159100007],[-113.2207738919999,78.36371491100005],[-113.33617102799991,78.33637116100005],[-113.24828040299991,78.28497955900008],[-113.06151282499991,78.27435944200005],[-112.17552649599992,78.37738678600005],[-111.91246497299994,78.33584219000005],[-111.77847245999993,78.27020905200004],[-111.43399003799993,78.27460358300004],[-111.4046117829999,78.29197825700004],[-111.4319555329999,78.30849844000005],[-111.41148841099994,78.32982005400004],[-111.24010169199994,78.33637116100005],[-111.3152563139999,78.36994049700007],[-111.1546117829999,78.39052969000005],[-110.84032141799992,78.31517161700003],[-110.33242753799993,78.28595612200007],[-110.01305091099994,78.32900625200006],[-109.82323157499991,78.29539622600004],[-109.4063207669999,78.31321849200003],[-109.33893795499995,78.35468170800004]],[[-105.62783769399994,79.16502513200004],[-105.59178626199991,79.03782786700003],[-105.40249589799993,79.01288483300004],[-104.95335852799991,79.05385976800005],[-104.6785375639999,79.01113515800006],[-104.87376868399991,78.89069245000007],[-105.00999915299991,78.84511953300006],[-105.03184973899994,78.82615794500003],[-105.00560462099992,78.80711497600004],[-104.78498287699995,78.80878327000005],[-104.57949785099993,78.86334870000007],[-104.45628821499992,78.95697663000004],[-104.29942786399994,78.95868561400005],[-104.24722245999993,78.99705638200004],[-104.07762610599991,78.98627350500004],[-104.02586829299992,78.94415924700007],[-103.83218339799993,78.90497467700004],[-104.22325598899994,78.78827545800004],[-104.18805904899995,78.77667877800008],[-103.99229895699995,78.75739166900007],[-103.89366614499994,78.78143952000005],[-103.88914954299992,78.80975983300004],[-103.72093665299991,78.80646393400008],[-103.69505774599992,78.79572174700007],[-103.8179418609999,78.74046458500004],[-103.61607825399994,78.77289459800005],[-103.5821020169999,78.74652741100005],[-103.49844316299993,78.78827545800004],[-103.31826738199993,78.73704661700003],[-103.5305883449999,78.70636627800008],[-103.48277747299994,78.67157623900005],[-103.91030839799993,78.66876862200007],[-104.0445043609999,78.63060130400004],[-103.43936113199993,78.62518952000005],[-103.37975012899994,78.58958567900004],[-103.49429277299993,78.56614817900004],[-103.45360266799992,78.53961823100008],[-103.53954016799992,78.50039297100005],[-104.64098059799994,78.58344147300005],[-104.8191625639999,78.57802969000005],[-105.04637610599991,78.50478750200006],[-104.99038652299993,78.43886953300006],[-104.81956946499992,78.36163971600007],[-104.46568762899994,78.27464427300004],[-103.94652258999992,78.24282461100006],[-103.90453040299991,78.25299713700008],[-103.91417395699995,78.27435944200005],[-103.65880286399994,78.32111237200007],[-102.74413001199991,78.38056061400005],[-102.66714433499993,78.36371491100005],[-102.7971899079999,78.32876211100006],[-102.80223548099991,78.28778717700004],[-102.59251868399991,78.24445221600007],[-102.16075598899994,78.28831614800004],[-101.49836178299995,78.23777903900003],[-101.26256262899994,78.18553294500003],[-101.05972245999993,78.20551178600005],[-101.00230872299994,78.13800690300008],[-100.76207434799994,78.08299388200004],[-100.82848059799994,78.05499909100007],[-100.83067786399994,78.01532623900005],[-100.61628170499995,77.90062083500004],[-100.61001542899993,77.86395905200004],[-99.93858801999994,77.78290436400005],[-99.79674231699994,77.81940338700008],[-99.18224036399994,77.84369538000004],[-99.02904212099992,77.88271719000005],[-99.10383053299995,77.96588776200008],[-98.97008216099994,78.00405508000006],[-98.94615637899994,78.06891510600008],[-99.43276933499993,78.21287669500003],[-99.53392493399991,78.28839752800008],[-99.80272376199991,78.30849844000005],[-99.7481176419999,78.38080475500004],[-99.87165279899995,78.43886953300006],[-99.67784583199995,78.48411692900004],[-99.59727942599994,78.53506094000005],[-99.6519262359999,78.54246653900003],[-99.52839107999995,78.58344147300005],[-99.5579320949999,78.59870026200008],[-100.06338456899994,78.63808828300006],[-99.89207923099991,78.69891998900005],[-100.27391516799992,78.77212148600006],[-100.34976152299993,78.82371653900003],[-100.90636145699995,78.77374909100007],[-101.18517005099994,78.80744049700007],[-101.20791581899994,78.82245514500005],[-100.98818925699993,78.93162669500003],[-101.13369706899994,78.97825755400004],[-101.30540930899991,78.97748444200005],[-101.64842688699991,79.08100006700005],[-101.91030839799993,79.09121328300006],[-102.42076575399994,79.01422760600008],[-102.37979081899994,78.96698639500005],[-102.40274003799993,78.93480052300004],[-102.5989477199999,78.87763092700004],[-102.62621008999992,78.90497467700004],[-102.57164466099994,78.94594961100006],[-102.77643795499995,78.94594961100006],[-102.66490637899994,78.98598867400005],[-102.61876380099994,79.09674713700008],[-102.89370683499993,79.17186107000003],[-102.92784583199995,79.21344635600008],[-102.87946529899995,79.23330312700006],[-103.12092037699995,79.29067617400005],[-103.37242591099994,79.30093008000006],[-103.72158769399994,79.36334870000007],[-105.15684973899994,79.29987213700008],[-105.40811113199993,79.33429596600007],[-105.48387610599991,79.30219147300005],[-105.42564856699994,79.29637278900003],[-105.56078040299991,79.23550039300005],[-105.62783769399994,79.16502513200004]],[[-94.45750891799992,75.96588776200008],[-94.53233801999994,75.99803294500003],[-94.91047115799995,75.93744538000004],[-94.82787024599992,75.88898346600007],[-94.82335364499994,75.81049225500004],[-94.74380449099993,75.76154205900008],[-94.31651770699995,75.76434967700004],[-94.29458574099993,75.77570221600007],[-94.42320716099994,75.87287018400008],[-94.45750891799992,75.96588776200008]]],[[[-120.53833598555188,75.99904529801675],[-120.46031653599994,76.01544830900008],[-120.43565833199995,76.00633372600004],[-120.44387314919472,75.99232852252494],[-120.53833598555188,75.99904529801675]]],[[[-120.98040305867787,76.03047845625134],[-121.02529863199993,76.06159088700008],[-121.01121985599991,76.13886139500005],[-120.86497962099992,76.20099518400008],[-120.66222083199995,76.14350006700005],[-120.75157630099994,76.10252513200004],[-120.64915930899991,76.10252513200004],[-120.7324926419999,76.05508047100005],[-120.68719320530644,76.00962978355606],[-120.98040305867787,76.03047845625134]]],[[[-86.20712605764783,80.0],[-85.25381425699993,79.92601146000004],[-85.33259029899995,79.90013255400004],[-85.53457597599993,79.93549225500004],[-86.3117976549999,79.97374095300006],[-86.4492895169999,79.93724192900004],[-86.45986894399994,79.86029694200005],[-86.37848873599995,79.82359446800007],[-86.48192298099991,79.82164134300007],[-86.4961238269999,79.77757396000004],[-85.86278235599991,79.69810618700006],[-85.3215632799999,79.67967357000003],[-85.0210261709999,79.61753978100006],[-85.04898027299993,79.59080638200004],[-84.8845515619999,79.51451243700006],[-84.87930253799993,79.48741282800006],[-84.4866023429999,79.41270579600007],[-84.4297175769999,79.29710521000004],[-84.33584550699993,79.24762604400007],[-84.3296199209999,79.19236888200004],[-84.14281165299991,79.18268463700008],[-83.96247311099995,79.22040436400005],[-83.93179277299993,79.19236888200004],[-84.02798417899993,79.15888092700004],[-83.6924128899999,79.07001373900005],[-83.36318925699993,79.05524323100008],[-83.44741777299993,79.02899811400005],[-83.9824926419999,79.05109284100007],[-84.06887773299991,79.08311595300006],[-84.0508520169999,79.10468170800004],[-84.16454016799992,79.13092682500007],[-84.4529109369999,79.14830149900007],[-84.76593990799995,79.08710358300004],[-84.78278561099995,79.05280182500007],[-84.75210527299993,79.03892649900007],[-84.27928626199991,78.95530833500004],[-82.9678035149999,78.94078196800007],[-82.53457597599993,78.88511790600006],[-82.12246660099993,78.91648997600004],[-81.88137773299991,79.01886627800008],[-81.54702714799993,79.06944407800006],[-81.4787898429999,79.04901764500005],[-81.6985570949999,78.97850169500003],[-81.75999915299991,78.91864655200004],[-81.65689042899993,78.89073314000007],[-81.7536921869999,78.84300364800004],[-81.80728105399993,78.84752024900007],[-81.73884029899995,78.85716380400004],[-81.77171790299991,78.86591217700004],[-82.01797441299993,78.86701080900008],[-82.40143795499995,78.82868073100008],[-82.9837133449999,78.85521067900004],[-83.26016191299993,78.83673737200007],[-83.2275691399999,78.80719635600008],[-82.7734675769999,78.73371002800008],[-82.33942623599995,78.75922272300005],[-82.21926835799991,78.72687409100007],[-82.4793188139999,78.73371002800008],[-82.59601803299995,78.70640696800007],[-82.2390437489999,78.59434642100007],[-82.3428035149999,78.56919993700006],[-82.5791316399999,78.60704173400006],[-82.78783118399991,78.69273509300007],[-83.16169186099995,78.72443268400008],[-83.7456355459999,78.83885325700004],[-84.70612545499995,78.87083567900004],[-85.03107662699995,78.92186107000003],[-85.2461238269999,78.91685618700006],[-85.75731360599991,78.83165110900006],[-86.60985266799992,78.80927155200004],[-86.9404597649999,78.71417877800008],[-86.98875891799992,78.64817942900004],[-87.1223445299999,78.58287181200006],[-86.90355383999992,78.58295319200005],[-86.85830644399994,78.54877350500004],[-87.1572566399999,78.54930247600004],[-87.4824519519999,78.45197174700007],[-87.52928626199991,78.41095612200007],[-87.49868730399993,78.37449778900003],[-87.52301998599995,78.23338450700004],[-87.09105383999992,78.20677317900004],[-87.43553626199991,78.18711985900006],[-87.53669186099995,78.14463939000007],[-86.76976477799991,78.12042877800008],[-86.50625566299993,78.21519603100006],[-86.23648027299993,78.20506419500003],[-86.0833227199999,78.25189850500004],[-86.05638587099992,78.30231354400007],[-85.90859941299993,78.34227122600004],[-85.86025956899994,78.38556549700007],[-85.83039303299995,78.37742747600004],[-85.83657792899993,78.34178294500003],[-85.9055476549999,78.30231354400007],[-85.8782039049999,78.29547760600008],[-85.93919837099992,78.23737213700008],[-86.1179906889999,78.17198314000007],[-86.25560462099992,78.15831126500007],[-86.23452714799993,78.13719310100004],[-86.28937740799995,78.08336009300007],[-86.22769120999993,78.06211985900006],[-85.4914851549999,78.10606517100007],[-85.02855383999992,78.28868235900006],[-85.04898027299993,78.31537506700005],[-84.95962480399993,78.35008372600004],[-84.97232011599993,78.42222728100006],[-84.87287350199995,78.46588776200008],[-84.8572078119999,78.50714752800008],[-84.67959550699993,78.59100983300004],[-84.61701412699995,78.58966705900008],[-84.78831946499992,78.50714752800008],[-84.7683406239999,78.48761627800008],[-84.8708796869999,78.36998118700006],[-84.7610164049999,78.34324778900003],[-84.6213679679999,78.37140534100007],[-84.57599850199995,78.35350169500003],[-84.80882727799991,78.32652415600006],[-84.96833248599995,78.21405670800004],[-84.42520097599993,78.21295807500007],[-84.02798417899993,78.17881907800006],[-84.20881100199995,78.15953196800007],[-84.62356523299991,78.20319245000007],[-84.84211178299995,78.16893138200004],[-85.03530839799993,78.17881907800006],[-84.9944148429999,78.15831126500007],[-85.09740149599992,78.10309479400007],[-84.85195878799993,78.05772532800006],[-84.58926347599993,78.08055247600004],[-84.2886042959999,78.08258698100008],[-84.5386042959999,78.07453034100007],[-84.70669511599993,78.03477610900006],[-85.0627742179999,78.06268952000005],[-85.67959550699993,77.93516673400006],[-85.4878230459999,77.91132233300004],[-85.50833085799991,77.88336823100008],[-85.47264563699991,77.87205638200004],[-85.23615475199995,77.90997955900008],[-84.5498347649999,77.92808665600006],[-84.31533769399994,77.89765045800004],[-84.67682857999995,77.90770091400003],[-84.89110266799992,77.83783600500004],[-84.8366999989999,77.89081452000005],[-84.8982234369999,77.89655182500007],[-85.03579667899993,77.87852610900006],[-85.25051835799991,77.88544342700004],[-85.4016820949999,77.83165110900006],[-85.2600398429999,77.80390045800004],[-84.97142493399991,77.84373607000003],[-84.94595292899993,77.82872142100007],[-85.1641332669999,77.80621979400007],[-85.21060136599993,77.75877513200004],[-85.3506160149999,77.73997630400004],[-85.26809648299991,77.71332428600005],[-85.30715898299991,77.67108795800004],[-85.28246008999992,77.65965403900003],[-84.94302324099993,77.60272858300004],[-84.54450436099995,77.68089427300004],[-84.47362219999991,77.73997630400004],[-84.50837154899995,77.75425853100006],[-84.4988093739999,77.75474681200006],[-84.4648738269999,77.74876536700003],[-84.4350886709999,77.72858307500007],[-84.63125566299993,77.63011302300004],[-84.8681941399999,77.57347239800004],[-84.7610164049999,77.52024974200003],[-84.33421790299991,77.53257884300007],[-83.90444902299993,77.51341380400004],[-83.9182429679999,77.49351634300007],[-83.6784968739999,77.53453196800007],[-83.20189368399991,77.70954010600008],[-83.12360592399995,77.78778717700004],[-83.00072180899991,77.82615794500003],[-82.93602454299992,77.88190338700008],[-82.73599199099993,77.92833079600007],[-82.7929988269999,77.98899974200003],[-82.76488196499992,78.02769603100006],[-82.5090632799999,78.08026764500005],[-82.3210749989999,78.08258698100008],[-82.37010657499991,78.04161204600007],[-82.59601803299995,78.02118561400005],[-82.5134578119999,77.95970286700003],[-82.58177649599992,77.94603099200003],[-82.5408015619999,77.92491282800006],[-82.6406957669999,77.89423248900005],[-82.68431555899991,77.83331940300008],[-82.80833899599992,77.80145905200004],[-82.78034420499995,77.79523346600007],[-82.9861140619999,77.67853424700007],[-83.3889460929999,77.51410553600005],[-83.83617102799991,77.45880768400008],[-83.7998347649999,77.42902252800008],[-83.4841609369999,77.39142487200007],[-83.46621660099993,77.34894440300008],[-84.06208248599995,77.40416087400007],[-84.57331295499995,77.40668366100005],[-84.61701412699995,77.38365306200006],[-84.4661352199999,77.30174388200004],[-84.7610164049999,77.32164134300007],[-85.00055904899995,77.38365306200006],[-85.40225175699993,77.40074290600006],[-85.5273738269999,77.44346751500007],[-85.48037675699993,77.46625397300005],[-85.5080867179999,77.47911204600007],[-85.7956843739999,77.42527903900003],[-85.7185359369999,77.47447337400007],[-85.79588782499991,77.51292552300004],[-85.9743953119999,77.71332428600005],[-86.4521785149999,77.83641185100004],[-87.19204667899993,77.90452708500004],[-87.34160079601564,77.89013999904304],[-87.23831873498528,77.93877981551175],[-87.43439501880218,78.07073718971166],[-88.25311423474218,78.21285685695905],[-88.77281179204026,78.19165073270081],[-88.73672441299993,78.21625397300005],[-88.67373613199993,78.32273997600004],[-88.54002844999991,78.41689687700006],[-88.75633704299992,78.54873281500005],[-88.76431230399993,78.59837474200003],[-88.8047582669999,78.61017487200007],[-88.55768795499995,78.61017487200007],[-88.22850501199991,78.46356842700004],[-88.04214433499993,78.47931549700007],[-87.90973873599995,78.55243561400005],[-87.9070531889999,78.59601471600007],[-88.02204342399995,78.65460846600007],[-88.35846920499995,78.65790436400005],[-88.13621985599991,78.68691640800006],[-88.22891191299993,78.80451080900008],[-88.18712317599994,78.90497467700004],[-88.21654212099992,78.95286692900004],[-88.17373613199993,78.99559153900003],[-87.92857825399994,79.00897858300004],[-87.8054906889999,79.07904694200005],[-87.72842363199993,79.08307526200008],[-87.83828691299993,79.02846914300005],[-87.79735266799992,79.00800202000005],[-87.98473059799994,78.96430084800005],[-87.95579993399991,78.90648021000004],[-87.99754798099991,78.81122467700004],[-87.88792883999992,78.70648834800005],[-87.6492406889999,78.64301178600005],[-87.53669186099995,78.67157623900005],[-87.30980383999992,78.80931224200003],[-86.94017493399991,78.91860586100006],[-87.00112870999993,78.99005768400008],[-86.96825110599991,79.06419505400004],[-86.74665279899995,78.95905182500007],[-86.59752356699994,78.98004791900007],[-86.56281490799995,79.04897695500006],[-86.50389563699991,79.06867096600007],[-85.51048743399991,79.16620514500005],[-84.91258704299992,79.27069733300004],[-85.05577551999994,79.35683828300006],[-85.39443925699993,79.45331452000005],[-85.5637914699999,79.57977936400005],[-85.69871985599991,79.61798737200007],[-85.86180579299992,79.59300364800004],[-85.89443925699993,79.49896881700005],[-86.06753495999993,79.43618398600006],[-86.16616777299993,79.45986562700006],[-86.02839107999995,79.48094310100004],[-86.13825436099995,79.52191803600005],[-86.04206295499995,79.56907786700003],[-86.30907141799992,79.64809804900005],[-86.71934973899994,79.64248281500005],[-86.81725012899994,79.61749909100007],[-86.69375566299993,79.56907786700003],[-86.82135982999995,79.54669830900008],[-86.84483801999994,79.59316640800006],[-86.9910375639999,79.60346100500004],[-87.15929114499994,79.57656484600005],[-87.2805883449999,79.51219310100004],[-87.46092688699991,79.53558991100005],[-87.41071529899995,79.59039948100008],[-87.13581295499995,79.64948151200008],[-87.05687415299991,79.73794179900005],[-87.06456458199995,79.79462311400005],[-86.96202551999994,79.90875885600008],[-87.48827063699991,79.83722565300008],[-87.00845292899993,79.95331452000005],[-87.15073517408044,80.0],[-86.20712605764783,80.0]],[[-85.15485592399995,77.51251862200007],[-85.16222083199995,77.45872630400004],[-84.81623287699995,77.49970123900005],[-85.0183813139999,77.58348216400003],[-85.32331295499995,77.58909739800004],[-85.52529863199993,77.54832591400003],[-85.15485592399995,77.51251862200007]],[[-88.18724524599992,78.29657623900005],[-88.16047115799995,78.36371491100005],[-88.04674231699994,78.42324453300006],[-88.0574438139999,78.45246002800008],[-88.22191321499992,78.43260325700004],[-88.24742591099994,78.37262604400007],[-88.20140540299991,78.35687897300005],[-88.40127519399994,78.30109284100007],[-88.4055883449999,78.25897858300004],[-88.33385169199994,78.24103424700007],[-88.18724524599992,78.29657623900005]]],[[[-82.03268221267021,80.0],[-81.40371660099993,79.93968333500004],[-81.66169186099995,79.90757884300007],[-81.56558183499993,79.80662669500003],[-81.6289770169999,79.76837799700007],[-81.50609290299991,79.75470612200007],[-81.53343665299991,79.72125885600008],[-81.5032445949999,79.71482982000003],[-81.32217363199993,79.72064850500004],[-80.88101152299993,79.65391673400006],[-79.7520238919999,79.70697663000004],[-79.91958574099993,79.64854564000007],[-80.64273027299993,79.59080638200004],[-80.58747311099995,79.56915924700007],[-81.37800045499995,79.64293040600006],[-81.6516414049999,79.59422435100004],[-81.78726152299993,79.61139557500007],[-81.61595618399991,79.62437571800007],[-81.67747962099992,79.64838288000004],[-81.67056230399993,79.69330475500004],[-81.9858699209999,79.72740306200006],[-81.96483313699991,79.74730052300004],[-82.17088782499991,79.86888255400004],[-82.72088692412188,80.0],[-82.03268221267021,80.0]]],[[[-65.04393426843698,80.0],[-64.94981848899994,79.96015045800004],[-65.04662024599992,79.89866771000004],[-64.99819902299993,79.86448802300004],[-65.12857011599993,79.85028717700004],[-64.99819902299993,79.82977936400005],[-65.05284583199995,79.82355377800008],[-64.94298255099994,79.78266022300005],[-65.03233801999994,79.75462474200003],[-64.90884355399993,79.70693594000005],[-65.01187089799993,79.65851471600007],[-64.83580481699994,79.61237213700008],[-64.83141028599994,79.52716705900008],[-65.05134029899995,79.46381256700005],[-65.08698482999995,79.44000885600008],[-65.04662024599992,79.43256256700005],[-65.12677975199995,79.41347890800006],[-65.15355383999992,79.37641022300005],[-65.42808997299994,79.33368561400005],[-65.55247962099992,79.28851959800005],[-65.51895097599993,79.26740143400008],[-65.66950436099995,79.25324127800008],[-65.71019446499992,79.24070872600004],[-65.66234290299991,79.22028229400007],[-65.90941321499992,79.15131256700005],[-65.78587805899991,79.13833242400005],[-65.81883704299992,79.12909577000005],[-66.27065995999993,79.10358307500007],[-66.33641516799992,79.10956452000005],[-66.32774817599994,79.13833242400005],[-66.36310787699995,79.14325592700004],[-66.67886308499993,79.14443594000005],[-66.82062740799995,79.11786530200004],[-66.74547278599994,79.14516836100006],[-66.93040930899991,79.10358307500007],[-66.90998287699995,79.13084544500003],[-66.96165930899991,79.15412018400008],[-67.04010982999995,79.11570872600004],[-67.11270097599993,79.15643952000005],[-67.18285071499992,79.15786367400005],[-67.21841386599993,79.13833242400005],[-67.17747962099992,79.11786530200004],[-67.22691809799994,79.11517975500004],[-67.50584876199991,79.13833242400005],[-67.47598222599993,79.10651276200008],[-67.7122289699999,79.09438711100006],[-67.74600175699993,79.07684967700004],[-67.67027747299994,79.05516185100004],[-67.75865637899994,79.03827545800004],[-68.04019120999993,79.07684967700004],[-69.03392493399991,78.98004791900007],[-69.17174231699994,78.92544179900005],[-68.91319739499994,78.90086497600004],[-68.78075110599991,78.83665599200003],[-69.14834550699993,78.88060130400004],[-69.3587133449999,78.79938385600008],[-69.90855872299994,78.80394114800004],[-70.02147376199991,78.77521393400008],[-69.96279863199993,78.76325104400007],[-69.98668372299994,78.75348541900007],[-70.74583899599992,78.69537995000007],[-70.80231686099995,78.67841217700004],[-70.80199133999992,78.59878164300005],[-71.55455481699994,78.64345937700006],[-71.94180253799993,78.55825429900005],[-72.4796478691433,78.52753956702541],[-72.84410185514098,78.66359459769394],[-73.25153662050946,78.71590286667485],[-73.73949392539477,78.7142436947994],[-74.66882002363123,78.59790035328271],[-74.8728328119999,78.64427317900004],[-74.83185787699995,78.65794505400004],[-74.86628170499995,78.67711009300007],[-74.84487870999993,78.69896067900004],[-74.7219539049999,78.71263255400004],[-74.83185787699995,78.74730052300004],[-74.7629695299999,78.76780833500004],[-74.78620357999995,78.78270091400003],[-74.9063207669999,78.78831614800004],[-74.7776179679999,78.80548737200007],[-74.77375240799995,78.83482493700006],[-75.74429277299993,78.89716217700004],[-76.45921790299991,78.84935130400004],[-76.26838131399995,78.90464915600006],[-75.82762610599991,78.92609284100007],[-75.72191321499992,78.96702708500004],[-75.78075110599991,78.98200104400007],[-76.73281816299993,79.03672923400006],[-77.71800696499992,78.96971263200004],[-78.06265214799993,78.85777415600006],[-78.2268367179999,78.77220286700003],[-78.29898027299993,78.79576243700006],[-77.9563289049999,78.95958079600007],[-77.7031550769999,79.00804271000004],[-77.9150691399999,79.05589427300004],[-78.89549719999991,79.06944407800006],[-78.09618079299992,79.08482493700006],[-77.53392493399991,79.02387116100005],[-76.70645097599993,79.09068431200006],[-76.16869055899991,79.07733795800004],[-76.08560136599993,79.10362376500007],[-76.7417292959999,79.14964427300004],[-78.25739498599995,79.17194245000007],[-78.1824031239999,79.19542064000007],[-76.08877519399994,79.20469798400006],[-75.89362545499995,79.16966380400004],[-75.8528539699999,79.14520905200004],[-75.8938289049999,79.10362376500007],[-75.7571508449999,79.08421458500004],[-75.08698482999995,79.03184642100007],[-74.49233964799993,79.03672923400006],[-74.44082597599993,79.06268952000005],[-74.66738847599993,79.14520905200004],[-74.61213131399995,79.15135325700004],[-74.8249812489999,79.17930735900006],[-74.46873938699991,79.22715892100007],[-75.94815019399994,79.23716868700006],[-76.20559648299991,79.27716705900008],[-77.49705969999991,79.24762604400007],[-77.32575436099995,79.26744212400007],[-78.05939693899995,79.35687897300005],[-77.1618953119999,79.33018626500007],[-77.40151933499993,79.45307038000004],[-77.12450110599991,79.46893952000005],[-77.08706620999993,79.40607330900008],[-76.87328040299991,79.35004303600005],[-75.8801570299999,79.35687897300005],[-76.15233313699991,79.39500560100004],[-76.20754960799991,79.42991771000004],[-76.1408992179999,79.44688548400006],[-76.19359290299991,79.47028229400007],[-77.1885066399999,79.50840892100007],[-77.13377844999991,79.54865143400008],[-77.0449519519999,79.52195872600004],[-76.19522050699993,79.49351634300007],[-75.96125240799995,79.42731354400007],[-75.81867428299995,79.45307038000004],[-75.7556453119999,79.41404857000003],[-75.67495683499993,79.43394603100006],[-75.51244055899991,79.39618561400005],[-75.02798417899993,79.37327708500004],[-74.88857988199993,79.41563548400006],[-75.06460527299993,79.49408600500004],[-74.9963679679999,79.51341380400004],[-74.69611568899995,79.45001862200007],[-74.2820124989999,79.43992747600004],[-73.9922175769999,79.45868561400005],[-73.95107988199993,79.48749420800004],[-74.00259355399993,79.54246653900003],[-73.96580969999991,79.56358470300006],[-73.7337133449999,79.49616120000007],[-73.31688391799992,79.50914134300007],[-73.12531490799995,79.56635163000004],[-73.1870417959999,79.59703196800007],[-73.1733699209999,79.65855540600006],[-73.36001542899993,79.71714915600006],[-73.3862605459999,79.75470612200007],[-73.35147050699993,79.76837799700007],[-73.38333085799991,79.77562083500004],[-74.67015540299991,79.79572174700007],[-74.84487870999993,79.85032786700003],[-74.22777258999992,79.89569733300004],[-73.74193274599992,79.85032786700003],[-73.86546790299991,79.83726634300007],[-73.8132624989999,79.82233307500007],[-72.9309789699999,79.82359446800007],[-72.90583248599995,79.81614817900004],[-73.0635066399999,79.80186595300006],[-72.9201960929999,79.70958079600007],[-72.23167883999992,79.66258372600004],[-71.14240475199995,79.78949616100005],[-70.91161048099991,79.89256419500003],[-71.17853756399995,79.91636790600006],[-71.45962480399993,79.89874909100007],[-71.3760066399999,79.94232819200005],[-70.68882108291062,80.0],[-65.04393426843698,80.0]],[[-74.69229081899994,78.72166575700004],[-74.33112545499995,78.67841217700004],[-74.16706295499995,78.72679271000004],[-74.55809485599991,78.78143952000005],[-74.6946508449999,78.74725983300004],[-74.69229081899994,78.72166575700004]]],[[[-68.32187269739588,77.21398838607266],[-68.21597245999993,77.20579661700003],[-67.99282792899993,77.22601959800005],[-66.63683020699995,77.15399811400005],[-66.17007402299993,77.19867584800005],[-66.45128333199995,77.14411041900007],[-66.36192786399994,77.11615631700005],[-67.87816321499992,77.20229726800005],[-68.26308326519678,77.1858427998403],[-68.32187269739588,77.21398838607266]]],[[[-68.8937111696015,77.48775747055593],[-68.61091061099995,77.51772695500006],[-68.60997473899994,77.56488678600005],[-68.81480872299994,77.65802643400008],[-68.72984778599994,77.66913483300004],[-68.37026933499993,77.56655508000006],[-68.39028886599993,77.50714752800008],[-68.35643469999991,77.49994538000004],[-67.59166419199994,77.52435944200005],[-67.25011145699995,77.57477448100008],[-67.14085852799991,77.67226797100005],[-66.66348222599993,77.71942780200004],[-66.72374426999994,77.68024323100008],[-66.28132076699995,77.61790599200003],[-66.24144446499992,77.59967682500007],[-66.29979407499991,77.57538483300004],[-66.16323808499993,77.56858958500004],[-66.23155676999994,77.55491771000004],[-66.05337480399993,77.49347565300008],[-66.12515214799993,77.43333567900004],[-66.66348222599993,77.41779205900008],[-66.49722245999993,77.31232330900008],[-66.19676673099991,77.26072825700004],[-66.22614498599995,77.25250885600008],[-66.50503495999993,77.27899811400005],[-66.7727758449999,77.35635000200006],[-67.43594316299993,77.38357168200008],[-68.36949622299994,77.37685781500005],[-68.59597635638137,77.34521619151312],[-68.8937111696015,77.48775747055593]]],[[[-75.87383139908644,78.44704367310109],[-76.07860266799992,78.46617259300007],[-76.15021725199995,78.50694407800006],[-76.6875707669999,78.51972077000005],[-76.50051835799991,78.54747142100007],[-75.39810136599993,78.51561107000003],[-75.08139112455652,78.54625012998008],[-75.87383139908644,78.44704367310109]]],[[[-80.55361663671381,77.3084714457476],[-80.69080353006676,77.2532831743867],[-81.10301673099991,77.28746165600006],[-81.81908118399991,77.16551341400003],[-81.89183508999992,77.18272532800006],[-81.9101863269999,77.20555247600004],[-81.8828425769999,77.21922435100004],[-81.91763261599993,77.25336334800005],[-82.19815019399994,77.30174388200004],[-81.84886633999992,77.29002513200004],[-81.1709285149999,77.33250560100004],[-81.2070613269999,77.37413157800006],[-81.4800105459999,77.37592194200005],[-81.73721269399994,77.43480052300004],[-81.67300370999993,77.52366771000004],[-81.8040258449999,77.59727610900006],[-81.9109594389999,77.61790599200003],[-81.94603430899991,77.65428294500003],[-81.91641191299993,77.69049713700008],[-81.8555395169999,77.67377350500004],[-81.82477779899995,77.62494538000004],[-81.6091609369999,77.58234284100007],[-81.67056230399993,77.56867096600007],[-81.58877519399994,77.55442942900004],[-81.58226477799991,77.51695384300007],[-81.39899654899995,77.48936595300006],[-81.29686438699991,77.43650950700004],[-80.56404470843042,77.32210625504928],[-80.55361663671381,77.3084714457476]]],[[[-82.51653150061964,76.66515898480996],[-82.56126868399991,76.69261302300004],[-82.55443274599992,76.72516510600008],[-82.7735082669999,76.81456126500007],[-82.7297664049999,76.82099030200004],[-82.40147403975645,76.68625640493528],[-82.51653150061964,76.66515898480996]]],[[[-82.67207341918477,76.3592255666848],[-83.18967853214183,76.28886399025862],[-83.76770681329955,76.36697536054359],[-84.39647011619232,76.33226225578129],[-84.3999324209999,76.33934153900003],[-84.94204667899993,76.42234935100004],[-85.0176082019999,76.45860423400006],[-85.05581620999993,76.52024974200003],[-85.03530839799993,76.57493724200003],[-84.98745683499993,76.58604564000007],[-84.8445124989999,76.53538646000004],[-84.7957250639999,76.47874583500004],[-84.63337154899995,76.43903229400007],[-84.21589107999995,76.45079173400006],[-84.1787410149999,76.48619212400007],[-84.25104732999995,76.53709544500003],[-84.19725501199991,76.61810944200005],[-84.3296199209999,76.65070221600007],[-84.29295813699991,76.66380442900004],[-84.1013484369999,76.63483307500007],[-84.0505671869999,76.55333079600007],[-83.71279863199993,76.43504466400003],[-83.2793269519999,76.40619538000004],[-83.1850886709999,76.43089427300004],[-83.24649003799993,76.45884837400007],[-83.1850886709999,76.49607982000003],[-83.23688717399995,76.51866282800006],[-83.25161699099993,76.57725657800006],[-83.52765865799995,76.70872630400004],[-83.38101152299993,76.76133860900006],[-83.35635331899994,76.75311920800004],[-83.40481523299991,76.71893952000005],[-83.39114335799991,76.67796458500004],[-83.11611894399994,76.58860911700003],[-83.0615535149999,76.49982330900008],[-83.10252844999991,76.46568431200006],[-83.00104732999995,76.43626536700003],[-82.8008520169999,76.38996002800008],[-82.66779249613752,76.39266275060902],[-82.67207341918477,76.3592255666848]],[[-84.10362708199995,76.48240794500003],[-84.12344316299993,76.45136139500005],[-83.9922582669999,76.42536041900007],[-83.91124426999994,76.47186920800004],[-84.01341712099992,76.50336334800005],[-84.13780676999994,76.51406484600005],[-84.10362708199995,76.48240794500003]]],[[[-86.47888719147174,76.20687496114759],[-87.48140235657142,76.26713459645818],[-88.30081959371682,76.1025013004098],[-88.27982449487898,75.93424279314554],[-87.01131354718251,75.61085702672264],[-86.44866750140336,75.6112651534072],[-85.49654108805765,75.79540506474149],[-84.95923382330692,75.7193546451351],[-84.89470654428445,75.65121187393717],[-84.90535611286073,75.64643021080255],[-85.04491126199991,75.65582916900007],[-85.01480058499993,75.64325592700004],[-85.17931067599994,75.62897370000007],[-85.32266191299993,75.57436758000006],[-85.22712154899995,75.56069570500006],[-85.56810462099992,75.57233307500007],[-85.52871660099993,75.60162995000007],[-86.1516820949999,75.50877513200004],[-85.52188066299993,75.40302155200004],[-85.99282792899993,75.42218659100007],[-86.61803137899994,75.36888255400004],[-86.36481686099995,75.43036530200004],[-86.57990475199995,75.47760651200008],[-86.77782141799992,75.47601959800005],[-87.26573645699995,75.62303294500003],[-87.50747636599993,75.56126536700003],[-87.42365475199995,75.50079987200007],[-87.46690833199995,75.45600006700005],[-87.60558020699995,75.45148346600007],[-87.49571692599994,75.49237702000005],[-87.75084387899994,75.58087799700007],[-88.22813880099994,75.47134023600006],[-88.30382239499994,75.49921295800004],[-88.20010331899994,75.51837799700007],[-88.22264563699991,75.54498932500007],[-88.72240149599992,75.68610260600008],[-88.75633704299992,75.67796458500004],[-88.75649980399993,75.64581940300008],[-88.90029863199993,75.60907623900005],[-88.75291907499991,75.48187897300005],[-88.76378333199995,75.43773021000004],[-88.91738847599993,75.43036530200004],[-89.1023656889999,75.48867422100005],[-89.20848548099991,75.58600495000007],[-89.67552649599992,75.54962799700007],[-89.70840410099993,75.56069570500006],[-89.54458574099993,75.57436758000006],[-89.76305091099994,75.58120351800005],[-89.64720618399991,75.62238190300008],[-89.25719153599994,75.63580963700008],[-89.16250566299993,75.76520416900007],[-89.19766191299993,75.79629140800006],[-89.51480058499993,75.85932038000004],[-89.60545813699991,75.86204661700003],[-89.55142167899993,75.85553620000007],[-89.77733313699991,75.79409414300005],[-89.77025305899991,75.84365469000005],[-89.68797766799992,75.90326569200005],[-89.84780839799993,75.96784088700008],[-89.95929928299995,75.97703685100004],[-89.92813066299993,76.00633372600004],[-89.96377519399994,76.01601797100005],[-90.04857337099992,76.01068756700005],[-90.11375891799992,75.93744538000004],[-90.31484941299993,75.97435130400004],[-90.51854407499991,75.89883047100005],[-90.51915442599994,75.94037506700005],[-90.42845618399991,75.97223541900007],[-90.55186926999994,75.98602936400005],[-90.70034745999993,75.95673248900005],[-90.73631751199991,75.96539948100008],[-90.67487545499995,75.97842031500005],[-90.79775956899994,75.99884674700007],[-90.93175208199995,75.92340729400007],[-91.06590735599991,75.89647044500003],[-91.12881425699993,75.83612702000005],[-91.14781653599994,75.90326569200005],[-90.94717363199993,75.94285716400003],[-91.07213294199994,75.99266185100004],[-90.94298255099994,76.00633372600004],[-91.16148841099994,76.02065664300005],[-90.29124915299991,76.03180573100008],[-90.18822180899991,76.06777578300006],[-90.55199133999992,76.09568919500003],[-90.71930904899995,76.05638255400004],[-90.86668860599991,76.06777578300006],[-90.66808020699995,76.11562734600005],[-91.24364173099991,76.16400788000004],[-91.40851803299995,76.14972565300008],[-91.25767981699994,76.20156484600005],[-91.6133520169999,76.26703522300005],[-91.23721269399994,76.22540924700007],[-91.16148841099994,76.19814687700006],[-90.09373938699991,76.12498607000003],[-90.05109615799995,76.13605377800008],[-90.45641028599994,76.17767975500004],[-89.38011633999992,76.18447500200006],[-89.19444739499994,76.24819570500006],[-89.29759680899991,76.30052317900004],[-90.44782467399995,76.41132233300004],[-90.57738196499992,76.39158763200004],[-90.9781798986308,76.44962905193529],[-90.81381127759202,76.48569651155768],[-90.65343176999994,76.45677317900004],[-90.46939042899993,76.48615143400008],[-90.53087317599994,76.50657786700003],[-90.4973852199999,76.52708567900004],[-90.5291445830197,76.54816101632407],[-90.3162136682043,76.59488451576044],[-90.15782630099994,76.50608958500004],[-89.9773656889999,76.47772858300004],[-89.91958574099993,76.51581452000005],[-89.82579505099994,76.48615143400008],[-89.67495683499993,76.50657786700003],[-89.82209225199995,76.55125560100004],[-89.85928300699993,76.61644114800004],[-89.85214121509705,76.62492371013072],[-89.61077043397488,76.60655797329547],[-89.61969967399995,76.58860911700003],[-89.6811824209999,76.57493724200003],[-89.54385331899994,76.54291413000004],[-89.46157792899993,76.57550690300008],[-89.41055253799993,76.54417552300004],[-89.43480383999992,76.49982330900008],[-89.23550370999993,76.43773021000004],[-89.1338191399999,76.42369212400007],[-89.04678300699993,76.45030345300006],[-89.01943925699993,76.41730377800008],[-88.91063391799992,76.41046784100007],[-88.79051673099991,76.45884837400007],[-88.83145097599993,76.49982330900008],[-88.7785945299999,76.53563060100004],[-88.79735266799992,76.55503978100006],[-88.7104792959999,76.60081614800004],[-88.6396785149999,76.56126536700003],[-88.68065344999991,76.52374909100007],[-88.61294511599993,76.48619212400007],[-88.6577449209999,76.47508372600004],[-88.69583085799991,76.41526927300004],[-88.61839758999992,76.40440501500007],[-88.59870357999995,76.41046784100007],[-88.62157141799992,76.43817780200004],[-88.48884029899995,76.50665924700007],[-88.49632727799991,76.54759349200003],[-88.53107662699995,76.58136627800008],[-88.6601863269999,76.60224030200004],[-88.58503170499995,76.63703034100007],[-88.58953215684016,76.63976529937993],[-88.55977413699254,76.64215648000423],[-88.50483277832423,76.63690861360546],[-88.5195613269999,76.62144603100006],[-88.3543188139999,76.51911041900007],[-88.35895748599995,76.48997630400004],[-88.44107011599993,76.46568431200006],[-88.35846920499995,76.43773021000004],[-88.43423417899993,76.40424225500004],[-88.40355383999992,76.39366282800006],[-87.91787675699993,76.36408112200007],[-87.83706620999993,76.41795482000003],[-87.70669511599993,76.33958567900004],[-87.6299128899999,76.33555735900006],[-87.5605769519999,76.37144603100006],[-87.4063207669999,76.35582103100006],[-87.5019832019999,76.38316478100006],[-87.43309485599991,76.42352936400005],[-87.54739335799991,76.44904205900008],[-87.49575761599993,76.50324127800008],[-87.59528561099995,76.53754303600005],[-87.56561148883847,76.61354321375589],[-87.54872987971017,76.61576364063349],[-87.4609675769999,76.58860911700003],[-87.5019832019999,76.54759349200003],[-87.3957820299999,76.51036204600007],[-87.43309485599991,76.46568431200006],[-87.1513972649999,76.44867584800005],[-87.12181555899991,76.43431224200003],[-87.15583248599995,76.40403880400004],[-87.13137773299991,76.38996002800008],[-86.7219539049999,76.34837474200003],[-86.63540605399993,76.44920482000003],[-86.64273027299993,76.47715892100007],[-86.30288652299993,76.52769603100006],[-86.63174394399994,76.63703034100007],[-86.57795162699995,76.64166901200008],[-86.20718339799993,76.52716705900008],[-86.41755123599995,76.47166575700004],[-86.41266842399995,76.41046784100007],[-86.34740149599992,76.38853587400007],[-85.72329667899993,76.35472239800004],[-85.7117792990624,76.35287323297437],[-86.47888719147174,76.20687496114759]],[[-89.49620520699995,76.47870514500005],[-89.62653561099995,76.45136139500005],[-89.59642493399991,76.44367096600007],[-89.38011633999992,76.44513580900008],[-89.49620520699995,76.47870514500005]]],[[[-97.60761650530706,75.51442308402162],[-97.7610483459455,75.49976085680005],[-97.76121985599991,75.50006745000007],[-97.8562719389999,75.54767487200007],[-97.74982662699995,75.54775625200006],[-97.76060950399994,75.57436758000006],[-97.52855169851982,75.50668825161968],[-97.60761650530706,75.51442308402162]]],[[[-97.99114992814653,75.47777192889413],[-98.0418188139999,75.48493073100008],[-97.92369544199994,75.51959870000007],[-97.85181987728924,75.49108656330091],[-97.99114992814653,75.47777192889413]]],[[[-99.87752618177427,75.67526707732424],[-98.89419511599993,75.69965241100005],[-99.77917438297106,75.6582949795876],[-99.87752618177427,75.67526707732424]]],[[[-102.19159114850939,75.79397771117482],[-102.11896725199995,75.79950592700004],[-102.09117591099994,75.78725820500006],[-102.10589353338275,75.78302714735113],[-102.19159114850939,75.79397771117482]]],[[[-107.74488728050116,75.05501380868378],[-107.77171790299991,75.10138580900008],[-107.69253495999993,75.07587311400005],[-107.69081586000407,75.0512234335047],[-107.74488728050116,75.05501380868378]]],[[[-93.24752729023847,76.75294264894443],[-93.2727758449999,76.75287506700005],[-93.27553176847367,76.75881835219433],[-93.24752729023847,76.75294264894443]]],[[[-92.54873114886713,76.60632614267047],[-93.07925370999993,76.62763092700004],[-93.1148168609999,76.61644114800004],[-93.09365800699993,76.59601471600007],[-93.36188717399995,76.47186920800004],[-93.58031165299991,76.43085358300004],[-93.45738684799994,76.41038646000004],[-93.56069902299993,76.39516836100006],[-93.65607662699995,76.44513580900008],[-93.29914303299995,76.55499909100007],[-93.26158606699994,76.62641022300005],[-93.17625891799992,76.68105703300006],[-93.19350028822089,76.74160708223003],[-92.54873114886713,76.60632614267047]]],[[[-87.68984480201493,77.1414664336354],[-87.37418215522136,77.3065236571097],[-87.43046041378051,77.34189902142253],[-87.3486628899999,77.33397044500003],[-87.1233210929999,77.36871979400007],[-86.8503718739999,77.36387767100007],[-86.83096269399994,77.35639069200005],[-87.24868730399993,77.30796946800007],[-87.17080644399994,77.27452220300006],[-86.9129125639999,77.26703522300005],[-87.21458899599992,77.21238841400003],[-87.18130449099993,77.20018138200004],[-86.6037898429999,77.17820872600004],[-86.89240475199995,77.17076243700006],[-86.79002844999991,77.13731517100007],[-86.82323157499991,77.12933991100005],[-87.08348548099991,77.18903229400007],[-87.36156165299991,77.17649974200003],[-87.4609675769999,77.12982819200005],[-87.33747311099995,77.11619700700004],[-87.54980848945668,77.10039627595413],[-87.68984480201493,77.1414664336354]]],[[[-89.38218160690067,78.16678555519192],[-89.48542022142705,78.18579358906209],[-89.7871801419999,78.39838288000004],[-89.98884029899995,78.44867584800005],[-90.09947669199994,78.56171295800004],[-90.06672115799995,78.60553620000007],[-90.00617428299995,78.61375560100004],[-89.04995683499993,78.18170807500007],[-89.03742247406288,78.18085336233754],[-89.38218160690067,78.16678555519192]]],[[[-89.6958851682677,78.22454386536504],[-89.69522050699993,78.22455475500004],[-89.6948858155099,78.2243598670505],[-89.6958851682677,78.22454386536504]]],[[[-90.25942677880845,78.32830172834636],[-90.04649817599994,78.30463288000004],[-90.00675398742115,78.28178024993642],[-90.25942677880845,78.32830172834636]]],[[[-65.42084971887785,65.86353166897695],[-65.45075436099995,65.84320709800005],[-65.50536048099991,65.75507233300004],[-65.46629798099991,65.74481842700004],[-65.38499915299991,65.78774648600006],[-65.41711444833288,65.73718197850415],[-65.42142556312426,65.73275259045475],[-65.78910535630034,65.70962850320127],[-65.77063519399991,65.76331209400007],[-65.86555236099991,65.78122830700005],[-65.8640641540831,65.75572947278492],[-66.05404349708058,65.96324781703306],[-66.33244990454952,66.03850797450681],[-66.90596274001679,65.96518171855581],[-66.92946049462645,65.94985441974036],[-66.92157402999993,65.97527494600007],[-67.14855654399992,65.99589014200006],[-67.10566440999992,65.95769003700008],[-67.05736008899993,65.98330854800008],[-66.92948417013532,65.9498389764946],[-67.08273023001968,65.84987844021548],[-66.81854596626528,65.52599185767708],[-66.80767328368405,65.3959149799043],[-66.59046969521387,65.28724468367047],[-66.27460597387713,64.94539394601318],[-66.32760627911962,64.90941914886912],[-66.34687252499992,64.94525788000004],[-66.37323971299992,64.91950104400007],[-66.47948157499991,64.93585846600007],[-66.48253333199995,64.98598867400005],[-66.53709876199991,64.95840078300006],[-66.53937740799995,65.01337311400005],[-66.68219967399995,65.04417552300004],[-66.69404049399992,65.01772695500006],[-66.64936275899993,64.96991608300004],[-66.69090735599991,64.82615794500003],[-66.63569088399993,64.78119538000004],[-66.70518958199995,64.76878489800004],[-66.76598059799994,64.87055084800005],[-66.72504635299993,64.91836172100005],[-66.83429928299995,64.94562409100007],[-66.74339758999992,64.96820709800005],[-66.78648841099994,65.03506094000005],[-66.75922604099992,65.06915924700007],[-66.85126705599993,65.03611888200004],[-66.91681881399995,65.04930247600004],[-66.81135006399995,65.06256745000007],[-66.79271399599992,65.09027741100005],[-66.8274633449999,65.09027741100005],[-66.75877844999991,65.11570872600004],[-66.72504635299993,65.18585846600007],[-66.83702551999994,65.14590078300006],[-66.90623938699991,65.07123444200005],[-67.10863196499992,65.06232330900008],[-67.05341549399992,65.11009349200003],[-66.96153723899994,65.11009349200003],[-66.93732662699995,65.24115631700005],[-66.99449622299994,65.20132070500006],[-67.02814693899995,65.22431061400005],[-67.11192786399994,65.20335521000004],[-67.17011471299992,65.22687409100007],[-67.08067786399994,65.24730052300004],[-67.16881262899994,65.26854075700004],[-67.12230383999992,65.31622955900008],[-67.28368079299992,65.35716380400004],[-67.33417721299992,65.32294342700004],[-67.41710364499994,65.35101959800005],[-67.11628170499995,65.37099844000005],[-67.0598852199999,65.42405833500004],[-67.11546790299991,65.43976471600007],[-67.06025143099993,65.45335521000004],[-67.08429928299995,65.46771881700005],[-67.33551998599995,65.45050690300008],[-67.45868893099993,65.50116608300004],[-67.32774817599994,65.50800202000005],[-67.41710364499994,65.52850983300004],[-67.3782445949999,65.54352448100008],[-67.25947018099993,65.53534577000005],[-67.34142005099994,65.57689036700003],[-67.25422115799995,65.60838450700004],[-67.27314205599993,65.64520905200004],[-67.43561764199995,65.68060944200005],[-67.48627682199992,65.64598216400003],[-67.73554439999992,65.63837311400005],[-68.03343665299991,65.48749420800004],[-67.95091712099992,65.56264883000006],[-68.06073971299992,65.56940338700008],[-67.91742916599992,65.60419342700004],[-67.99156653599994,65.63361237200007],[-67.90998287699995,65.61790599200003],[-67.86896725199995,65.64520905200004],[-67.88947506399995,65.70600006700005],[-67.97435462099992,65.70962148600006],[-67.95836341099994,65.74079010600008],[-67.84471594999991,65.76251862200007],[-67.81432044199994,65.81586334800005],[-68.00755774599992,65.78070709800005],[-68.20539303299995,65.79604726800005],[-68.08226477799991,65.83283112200007],[-68.19111080599993,65.86432526200008],[-68.15245520699995,65.87978750200006],[-68.14671790299991,65.93256256700005],[-68.17743893099993,65.90521881700005],[-68.31244869699992,65.91278717700004],[-68.33515377499992,65.93256256700005],[-68.31525631399995,65.96137116100005],[-68.19111080599993,65.95302969000005],[-68.34788977799991,66.03978099200003],[-68.11603756399995,65.96670156500005],[-68.21161861899992,66.00763580900008],[-68.12397213399993,66.02708567900004],[-68.08250891799992,65.98094310100004],[-68.05296790299991,66.00779857000003],[-68.06822669199994,66.04926178600005],[-68.02729244699992,66.07591380400004],[-68.19994055899991,66.12807851800005],[-68.25999915299991,66.11131419500003],[-68.21906490799995,66.07591380400004],[-68.26109778599994,66.08063385600008],[-68.48530025899993,66.19330475500004],[-68.54401607999995,66.19501373900005],[-68.5833227199999,66.17352936400005],[-68.71247311099995,66.17275625200006],[-68.8496801419999,66.19330475500004],[-68.49657141799992,66.21287669500003],[-68.47240149599992,66.23672109600005],[-68.51353919199994,66.30312734600005],[-68.44440670499995,66.26837799700007],[-68.39924068899995,66.18683502800008],[-68.32892818899995,66.18577708500004],[-68.33189856699994,66.22256094000005],[-68.27367102799991,66.22736237200007],[-68.21617591099994,66.14594147300005],[-67.97264563699991,66.08344147300005],[-68.02607174399992,66.06557851800005],[-68.03343665299991,66.00145091400003],[-67.9856664699999,65.98777903900003],[-67.92280025899993,65.90322500200006],[-67.81000729099992,65.87840403900003],[-67.70445716099994,65.89838288000004],[-67.74592037699995,65.96649811400005],[-67.61567135299993,65.90619538000004],[-67.47297115799995,65.89354075700004],[-67.41026770699995,65.94684479400007],[-67.18712317599994,65.91616445500006],[-67.17011471299992,65.93256256700005],[-67.31415768099993,66.00145091400003],[-67.16327877499992,66.04242584800005],[-67.25605221299992,66.05609772300005],[-67.31330318899995,66.11933014500005],[-67.75291907499991,66.25470612200007],[-67.70445716099994,66.29262929900005],[-67.76337643099993,66.36554596600007],[-67.85240637899994,66.41339752800008],[-67.87657630099994,66.46381256700005],[-67.99250240799995,66.50853099200003],[-67.93785559799994,66.52220286700003],[-67.88975989499994,66.49494049700007],[-67.85936438699991,66.52220286700003],[-67.80040442599994,66.45856354400007],[-67.62938391799992,66.44647858300004],[-67.49779212099992,66.38593170800004],[-67.39891516799992,66.29645416900007],[-67.38337154899995,66.31753164300005],[-67.30317135299993,66.28074778900003],[-67.14598548099991,66.30280182500007],[-67.12909908799992,66.31679922100005],[-67.18773352799991,66.35211823100008],[-67.41026770699995,66.43280670800004],[-67.15562903599994,66.36847565300008],[-67.14277096299992,66.44025299700007],[-67.25226803299995,66.47679271000004],[-67.28624426999994,66.52619049700007],[-67.74608313699991,66.57001373900005],[-67.63178463399993,66.59829336100006],[-67.53892981699994,66.57029857000003],[-67.52696692599994,66.59796784100007],[-67.55585689999992,66.62173086100006],[-67.52782141799992,66.62445709800005],[-67.4485570949999,66.57367584800005],[-67.32994544199994,66.59345123900005],[-67.31196041599992,66.56313711100006],[-67.19481360599991,66.53758372600004],[-67.19054114499994,66.49494049700007],[-67.12938391799992,66.48720937700006],[-67.08067786399994,66.51194896000004],[-67.16327877499992,66.52846914300005],[-67.04718990799995,66.52220286700003],[-66.88267981699994,66.57001373900005],[-67.06025143099993,66.64573802300004],[-66.84862219999991,66.59027741100005],[-66.72504635299993,66.59113190300008],[-66.86156165299991,66.54271067900004],[-66.80512447799993,66.52578359600005],[-66.79442298099991,66.47406647300005],[-66.82066809799994,66.46698639500005],[-66.78534908799992,66.44204336100006],[-66.67723548099991,66.46015045800004],[-66.70848548099991,66.40346914300005],[-66.76598059799994,66.38507721600007],[-66.61518307199992,66.37140534100007],[-66.44322669199994,66.41425202000005],[-66.57420813699991,66.37140534100007],[-66.47179114499994,66.35028717700004],[-66.51573645699995,66.32037995000007],[-66.47801673099991,66.27887604400007],[-66.54670162699995,66.28261953300006],[-66.5208227199999,66.21869538000004],[-66.38923092399995,66.20693594000005],[-66.38752193899995,66.24201080900008],[-66.44383704299992,66.26837799700007],[-66.42218990799995,66.28070709800005],[-66.36200924399992,66.25470612200007],[-66.31061764199995,66.27309804900005],[-66.2805883449999,66.24225495000007],[-66.14964758999992,66.28945547100005],[-66.25731360599991,66.22357819200005],[-66.1477758449999,66.14069245000007],[-66.01191158799992,66.11749909100007],[-65.68187415299991,66.19135163000004],[-65.47748775899993,66.39183177300004],[-65.46991939999992,66.35301341400003],[-65.53888912699995,66.32363515800006],[-65.47065182199992,66.31679922100005],[-65.63914954299992,66.17275625200006],[-65.92308508999992,66.09023672100005],[-65.96039791599992,66.05267975500004],[-65.93968665299991,65.97675202000005],[-65.89940344999991,65.95368073100008],[-65.53483544043209,65.97425031319086],[-65.42084971887785,65.86353166897695]],[[-66.96784715399991,65.28303024200005],[-66.9029544359999,65.34502933500005],[-66.92456464799994,65.36489784500003],[-67.01671657799994,65.31978103800003],[-66.96784715399991,65.28303024200005]],[[-67.70002082699995,65.70072386300006],[-67.38915832099991,65.73617606600004],[-67.43251604399995,65.74271277700007],[-67.6249355839999,65.73368893400004],[-67.70002082699995,65.70072386300006]],[[-67.22983971199994,65.81067152000008],[-67.41020683699992,65.79873707500008],[-67.2367573809999,65.79274671100006],[-67.22983971199994,65.81067152000008]]],[[[-66.21649893758786,63.08266913176793],[-66.21796627499992,63.08856842700004],[-66.28315182199992,63.13694896000004],[-66.2104420214765,63.11120434190755],[-66.21649893758786,63.08266913176793]]],[[[-66.49029512933377,62.914402298740654],[-66.49267701213728,62.90531310642229],[-66.56199630499992,62.931058343000075],[-66.56904397499994,62.91483245300003],[-66.49800316208886,62.88498868023503],[-66.54013649303802,62.72420917108063],[-66.7579282639841,62.683232424751665],[-66.75971432199992,62.68390534100007],[-67.00621497299994,62.65717194200005],[-66.91002356699994,62.69818756700005],[-67.05341549399992,62.69196198100008],[-67.01471920499995,62.73745351800005],[-67.03974361899992,62.773871161000045],[-67.12230383999992,62.75958893400008],[-67.08820553299995,62.79779694200005],[-67.12230383999992,62.82916901200008],[-67.24518795499995,62.81484609600005],[-67.17479407499991,62.85447825700004],[-67.19798743399991,62.87689850500004],[-67.36872311099995,62.85578034100007],[-67.24518795499995,62.889960028000075],[-67.41710364499994,62.93154531500005],[-67.39423580599993,62.96385325700004],[-67.42381751199991,62.97943756700005],[-67.56794186099995,62.973089911000045],[-67.67658443899995,62.92869700700004],[-67.62934322799993,62.98041413000004],[-67.51020260299993,63.00775788000004],[-67.53693600199995,63.044989325000074],[-67.66352291599992,63.04075755400004],[-67.73863684799994,62.99982330900008],[-67.71503658799992,62.962225653000075],[-67.77338619699992,62.95880768400008],[-67.73863684799994,62.98615143400008],[-67.80072994699992,63.014105536000045],[-67.71357174399992,63.06085846600007],[-67.61091061099995,63.06679922100005],[-67.61131751199991,63.09711334800005],[-67.79865475199995,63.08885325700004],[-67.89574133999992,63.118475653000075],[-67.92829342399995,63.07713450700004],[-67.9856664699999,63.075506903000075],[-67.91742916599992,63.14321523600006],[-68.13280188699991,63.157904364000046],[-68.2298070949999,63.199286200000074],[-68.24640865799995,63.21206289300005],[-68.20710201699995,63.21865469000005],[-68.21373450399994,63.24160390800006],[-68.28034420499995,63.26166413000004],[-68.28962154899995,63.30426666900007],[-68.49958248599995,63.43121979400007],[-68.44440670499995,63.44489166900007],[-68.55174719999991,63.44936758000006],[-68.8633520169999,63.60993073100008],[-68.81489010299993,63.63666413000004],[-68.99303137899994,63.76072825700004],[-68.71519934799994,63.735663153000075],[-68.74876868399991,63.77977122600004],[-68.57530676999994,63.732855536000045],[-68.52875729099992,63.746079820000034],[-68.4407445949999,63.71625397300005],[-68.38666744699992,63.65770091400003],[-68.28697669199994,63.63666413000004],[-68.31525631399995,63.691839911000045],[-68.28892981699994,63.69912344000005],[-68.22297115799995,63.63153717700004],[-68.23045813699991,63.59662506700005],[-68.14329993399991,63.58161041900007],[-68.13715572799993,63.60993073100008],[-68.09211178299995,63.55841705900008],[-67.86888587099992,63.46369049700007],[-67.82697506399995,63.407904364000046],[-67.69770260299993,63.36969635600008],[-67.67035885299993,63.39476146000004],[-67.68468176999994,63.43333567900004],[-67.79222571499992,63.54140859600005],[-67.81432044199994,63.65086497600004],[-67.92418372299994,63.767564195000034],[-67.80756588399993,63.699286200000074],[-67.78571529899995,63.64476146000004],[-67.67035885299993,63.65770091400003],[-67.68968665299991,63.632879950000074],[-67.53319251199991,63.521185614000046],[-67.54906165299991,63.505926825000074],[-67.50068111899992,63.44281647300005],[-67.41877193899995,63.414048570000034],[-67.42353268099993,63.46507396000004],[-67.40082760299993,63.46552155200004],[-67.35712643099993,63.38776276200008],[-67.20112057199992,63.28847890800006],[-67.15412350199995,63.285223700000074],[-67.18439693899995,63.32135651200008],[-67.01244055899991,63.28778717700004],[-67.03779049399992,63.34324778900003],[-67.01292883999992,63.40273672100005],[-66.97398841099994,63.39590078300006],[-67.00483150899993,63.31976959800005],[-66.95099850199995,63.29092031500005],[-67.01988684799994,63.23940664300005],[-66.83429928299995,63.15070221600007],[-66.80467688699991,63.18842194200005],[-66.84593665299991,63.252020575000074],[-66.80695553299995,63.27480703300006],[-66.76414954299992,63.18374258000006],[-66.76866614499994,63.09064362200007],[-66.55040442599994,62.99628327000005],[-66.68407141799992,63.10224030200004],[-66.60151119699992,63.068060614000046],[-66.55992591099994,63.081732489000046],[-66.62303626199991,63.164496161000045],[-66.6009008449999,63.21206289300005],[-66.73871822799993,63.29401276200008],[-66.64366614499994,63.37457916900007],[-66.68842525899993,63.28139883000006],[-66.56366939999992,63.21580638200004],[-66.57420813699991,63.164943752000056],[-66.49103756399995,63.08856842700004],[-66.51923580599993,63.077337958000044],[-66.39671790299991,62.99982330900008],[-66.33234229674018,62.98922374075716],[-66.49029512933377,62.914402298740654]],[[-66.79311113299991,62.92548263200007],[-66.77079867599991,62.94491295700004],[-66.9246942449999,63.065198025000086],[-67.07445693099993,63.09750051000003],[-66.79311113299991,62.92548263200007]],[[-68.14525118299991,63.27246623600007],[-68.21611053899994,63.276375474000076],[-68.04981915399992,63.19243036100005],[-68.14525118299991,63.27246623600007]],[[-68.02338663699993,63.30086902900007],[-68.0919993039999,63.320381069000064],[-67.8949939869999,63.18944830400005],[-68.02338663699993,63.30086902900007]],[[-67.86624350799991,63.29177552800007],[-67.81829291299994,63.29133348700003],[-67.96400659999995,63.40998460000009],[-67.86624350799991,63.29177552800007]]],[[[-83.93720034993827,75.81782983057991],[-83.91808020699995,75.81452057500007],[-83.98228160150676,75.79702708371732],[-83.9938355387362,75.8058077816552],[-83.93720034993827,75.81782983057991]]],[[[-83.52573566044856,75.9051721478358],[-83.24603739365648,75.89726871725378],[-82.93298817449369,75.79958137606272],[-82.95184517092386,75.76207274190773],[-83.11953691299993,75.74005768400008],[-83.39586341099994,75.74860260600008],[-83.52049719999991,75.79865143400008],[-83.75422115799995,75.80707428600005],[-83.69896399599992,75.82135651200008],[-83.73623613199993,75.82660553600005],[-83.88984396395348,75.82788225207422],[-83.52573566044856,75.9051721478358]]],[[[-87.61218777152557,69.80885617456609],[-86.98437108217013,70.01202666246026],[-86.77692623599995,69.97125885600008],[-86.50352942599994,69.98590729400007],[-86.46035722599993,70.01675039300005],[-86.59752356699994,70.11286041900007],[-86.70614354482936,70.10206508524439],[-86.54516170256619,70.15416111898999],[-86.50584490744528,70.21714444295074],[-86.26972408799992,70.11347077000005],[-85.78290768099993,69.99518463700008],[-85.59089107999995,70.01683177300004],[-85.23460852799991,69.99624258000006],[-85.6094457669999,70.07843659100007],[-85.82689368399991,70.04987213700008],[-85.87482662699995,70.07196686400005],[-85.80036373599995,70.09983958500004],[-85.36933346299992,70.10927969000005],[-84.9519750639999,70.06655508000006],[-84.81171627499992,70.11871979400007],[-84.7903539699999,70.09955475500004],[-84.87092037699995,70.07880280200004],[-84.83381100199995,70.03595612200007],[-84.69477291599992,70.00657786700003],[-84.05528723899994,69.98940664300005],[-83.67280025899993,69.94635651200008],[-83.26716061099995,70.01654694200005],[-83.05162512899994,70.01048411700003],[-82.4414770169999,69.84406159100007],[-82.39447994699992,69.86444733300004],[-82.20502682199992,69.83234284100007],[-82.32856197799993,69.82489655200004],[-82.13837643099993,69.78595612200007],[-82.14354407499991,69.82489655200004],[-82.02525794199994,69.87421295800004],[-81.96483313699991,69.84540436400005],[-81.85558020699995,69.88694896000004],[-81.73888098899994,69.87954336100006],[-81.76679439999992,69.90745677300004],[-81.71153723899994,69.93475983300004],[-81.96703040299991,69.99762604400007],[-82.05870520699995,70.05902741100005],[-82.24604244699992,70.11286041900007],[-82.81517493399991,70.20848216400003],[-83.04792232999995,70.31216054900005],[-82.55394446499992,70.18561432500007],[-82.11823482999995,70.11688873900005],[-81.75255286399994,69.97333405200004],[-81.56757564999992,69.96954987200007],[-81.57905025899993,69.93256256700005],[-81.31699480144285,69.86519728152133],[-82.0084668332192,69.67178062751051],[-82.00323655187282,69.41085428937163],[-82.24866800521772,69.34163009989717],[-82.3899633449999,69.40033600500004],[-82.22545325399994,69.39354075700004],[-82.28156490799995,69.41941966400003],[-83.29381262899994,69.53990306200006],[-83.25328528599994,69.55805084800005],[-82.51610266799992,69.49371979400007],[-82.4793188139999,69.50275299700007],[-82.6179906889999,69.57001373900005],[-82.75365149599992,69.57786692900004],[-82.55435136599993,69.59955475500004],[-82.65746008999992,69.61945221600007],[-82.5891820949999,69.63312409100007],[-82.61644446499992,69.64671458500004],[-82.40615800699993,69.61810944200005],[-82.25340735599991,69.64057038000004],[-82.41722571499992,69.64671458500004],[-82.63027910099993,69.70258209800005],[-83.02057857999995,69.68150462400007],[-83.25328528599994,69.70880768400008],[-83.35659745999993,69.68150462400007],[-83.73119055899991,69.70897044500003],[-84.33983313699991,69.85968659100007],[-84.77432206899994,69.83856842700004],[-84.86286373599995,69.86163971600007],[-84.89810136599993,69.85285065300008],[-84.85716712099992,69.83234284100007],[-84.87926184799994,69.81879303600005],[-85.02928626199991,69.80646393400008],[-85.05577551999994,69.77708567900004],[-85.32017981699994,69.84699127800008],[-85.56322180899991,69.85809967700004],[-85.59019934799994,69.83234284100007],[-85.37075761599993,69.82489655200004],[-85.33315995999993,69.79136790600006],[-85.39167232999995,69.75604889500005],[-85.39785722599993,69.78534577000005],[-85.5144750639999,69.77024974200003],[-85.44001217399995,69.71190013200004],[-85.54409745999993,69.65350983300004],[-85.38536536399994,69.56419505400004],[-85.45060549269232,69.56419505400004],[-86.03617484760007,69.81392207565405],[-86.50673799586156,69.84708083101303],[-87.12122403190962,69.6724299285848],[-87.3822986205852,69.66786824718211],[-87.61218777152557,69.80885617456609]],[[-83.85558020699995,69.83173248900005],[-83.91710364499994,69.79360586100006],[-83.70103919199994,69.72280508000006],[-83.65802975199995,69.72866445500006],[-83.70067298099991,69.76854075700004],[-83.52765865799995,69.79075755400004],[-83.85558020699995,69.83173248900005]],[[-82.50623510399993,69.79062566200008],[-82.64772189899992,69.82609623700006],[-82.85468069899991,69.79435394300003],[-82.5588683819999,69.74334865100008],[-82.4920467359999,69.76298116400005],[-82.50623510399993,69.79062566200008]]],[[[-86.65927090246475,70.37003955093188],[-86.66376705599993,70.38011302300004],[-86.33759518099993,70.48965078300006],[-86.39281165299991,70.52383047100005],[-86.37092037699995,70.52659739800004],[-86.29698645699995,70.47744375200006],[-86.49522864499994,70.42963288000004],[-86.59080969999991,70.36676666900007],[-86.55378170499995,70.34247467700004],[-86.56322428877594,70.33275340576333],[-86.65927090246475,70.37003955093188]]],[[[-87.79183351671438,71.12424024648898],[-88.05300294383721,71.2181100041477],[-87.86412512899994,71.27484772300005],[-87.81794186099995,71.25747304900005],[-87.85029049399992,71.19403717700004],[-87.74901282499991,71.14077383000006],[-87.39350338399993,71.04889557500007],[-87.00230872299994,70.99677155200004],[-87.28241939999992,71.00934479400007],[-87.35883541599992,70.94912344000005],[-87.68809973899994,70.96185944200005],[-87.89301510299993,70.93528880400004],[-87.9051295606252,70.93593818000605],[-87.79183351671438,71.12424024648898]]],[[[-85.13283349065433,73.29968548877004],[-85.19298255099994,73.23126862200007],[-84.56920325399994,73.11456940300008],[-83.79474850199995,73.04657623900005],[-83.63756262899994,72.98480866100005],[-83.86131751199991,73.03656647300005],[-84.45885169199994,73.06244538000004],[-85.17540442599994,73.14899323100008],[-85.22716223899994,73.13129303600005],[-85.12474524599992,73.05247630400004],[-85.3347875639999,73.09479401200008],[-85.39313717399995,73.13996002800008],[-85.46357174399992,73.11188385600008],[-85.53563391799992,73.02578359600005],[-85.1719457669999,73.01154205900008],[-85.11803137899994,73.03314850500004],[-85.06269283799992,72.99103424700007],[-85.08995520699995,72.98480866100005],[-83.95287024599992,72.75824616100005],[-85.31794186099995,72.96308014500005],[-85.57062740799995,72.97231679900005],[-85.68207760299993,72.89362213700008],[-85.65233313699991,72.87124258000006],[-85.71381588399993,72.73777903900003],[-85.68964596299992,72.69147370000007],[-85.7063695949999,72.63849518400008],[-85.63280188699991,72.59349192900004],[-85.47358150899993,72.57953522300005],[-85.61823482999995,72.54535553600005],[-85.51451575399994,72.46344635600008],[-85.11790930899991,72.38776276200008],[-85.13190670499995,72.35390859600005],[-84.78014075399994,72.46165599200003],[-84.8035375639999,72.40989817900004],[-84.87767493399991,72.40200429900005],[-84.8731176419999,72.37368398600006],[-84.43207760299993,72.38153717700004],[-84.56920325399994,72.35419342700004],[-84.81407630099994,72.35761139500005],[-84.93915768099993,72.29214101800005],[-84.68980872299994,72.24404531500005],[-84.7473852199999,72.23065827000005],[-84.59032141799992,72.16242096600007],[-84.37743079299992,72.13446686400005],[-84.41156979099992,72.12079498900005],[-84.16454016799992,72.02460358300004],[-84.19245357999995,72.01093170800004],[-84.15831458199995,71.98362864800004],[-84.17170162699995,71.95099518400008],[-84.20661373599995,71.93854401200008],[-84.27131100199995,72.02460358300004],[-84.86200924399992,72.21971263200004],[-85.03583736899992,72.25470612200007],[-85.11054439999992,72.23065827000005],[-85.09923255099994,72.25458405200004],[-85.21837317599994,72.23574453300006],[-85.24079342399995,72.25116608300004],[-85.22032630099994,72.25739166900007],[-85.47642981699994,72.26626211100006],[-85.50092525899993,72.25116608300004],[-85.41893469999991,72.21702708500004],[-85.54246985599991,72.23688385600008],[-85.50092525899993,72.21442291900007],[-85.50837154899995,72.17544179900005],[-85.3985082669999,72.13446686400005],[-85.54246985599991,72.12763092700004],[-85.49775143099993,72.07990143400008],[-85.7820531889999,72.03888580900008],[-85.72057044199994,72.01093170800004],[-85.98749752499992,72.03143952000005],[-85.96019446499992,71.98362864800004],[-86.05064856699994,72.01455312700006],[-86.02135169199994,71.98411692900004],[-85.55553137899994,71.90167877800008],[-85.43781490799995,71.81476471600007],[-85.58344479099992,71.79181549700007],[-85.2578832669999,71.66836172100005],[-84.89159094999991,71.63296133000006],[-84.84357662699995,71.65534088700008],[-84.87092037699995,71.67519765800006],[-84.6223852199999,71.66583893400008],[-84.60338294199994,71.64789459800005],[-84.65802975199995,71.61310455900008],[-84.64496822799993,71.58429596600007],[-84.56305904899995,71.55536530200004],[-84.52826900899993,71.47313060100004],[-84.76134192599994,71.40766022300005],[-84.74115963399993,71.38031647300005],[-84.79869544199994,71.28766510600008],[-84.66478430899991,71.22333405200004],[-84.79710852799991,71.18488190300008],[-84.82929439999992,71.08612702000005],[-84.75300045499995,70.97589752800008],[-84.79918372299994,70.92788320500006],[-84.96796627499992,70.92397695500006],[-84.97789466099994,70.95038483300004],[-84.93114173099991,71.00092194200005],[-85.00804602799991,71.05198802300004],[-84.95966549399992,71.07868073100008],[-85.14521236899992,71.08612702000005],[-84.98228919199994,71.10781484600005],[-84.87767493399991,71.07245514500005],[-84.85680091099994,71.15973541900007],[-84.97260494699992,71.19619375200006],[-85.04279537699995,71.18854401200008],[-84.98753821499992,71.16803620000007],[-85.01362057199992,71.16152578300006],[-85.12474524599992,71.18231842700004],[-85.08995520699995,71.15444570500006],[-85.18175208199995,71.14105866100005],[-85.48383541599992,71.17511627800008],[-85.76850338399993,71.14940013200004],[-86.28486080599993,71.00625234600005],[-86.8235570949999,70.99054596600007],[-86.30842037699995,71.05565013200004],[-85.94530188699991,71.18089427300004],[-85.70014400899993,71.20966217700004],[-85.54320227799991,71.18056875200006],[-85.4707738919999,71.21035390800006],[-85.40619869699992,71.19696686400005],[-85.39509029899995,71.22638580900008],[-85.47154700399994,71.22972239800004],[-85.1719457669999,71.27045319200005],[-85.27558346299992,71.28473541900007],[-85.19318600199995,71.29930247600004],[-84.83763587099992,71.28656647300005],[-84.88670813699991,71.34357330900008],[-84.94383704299992,71.34438711100006],[-84.91869055899991,71.39057038000004],[-84.94762122299994,71.42332591400003],[-85.49693762899994,71.51439036700003],[-85.75934811099995,71.65257396000004],[-86.11103268099993,71.78436920800004],[-86.30964107999995,71.93585846600007],[-86.33385169199994,71.98704661700003],[-86.40819251199991,72.00580475500004],[-86.46043860599991,72.20335521000004],[-86.43248450399994,72.27684153900003],[-86.24201412699995,72.42251211100006],[-86.32612057199992,72.50364817900004],[-86.68024654899995,72.64618561400005],[-86.70575924399992,72.66840241100005],[-86.68016516799992,72.68317291900007],[-86.73753821499992,72.73094310100004],[-86.67271887899994,72.84699127800008],[-86.33197994699992,73.04425690300008],[-86.28294837099992,73.08722565300008],[-86.29242916599992,73.11615631700005],[-86.03034420499995,73.30243561400005],[-85.67255735622916,73.46822046888992],[-85.13283349065433,73.29968548877004]]],[[[-80.8675000274263,73.32912228186348],[-80.86925208199995,73.32623932500007],[-80.77131100199995,73.27912018400008],[-80.16380774599992,73.23338450700004],[-80.11815344999991,73.18447500200006],[-80.18016516799992,73.15912506700005],[-80.12254798099991,73.12140534100007],[-80.17613684799994,73.04559967700004],[-80.00182044199994,72.87124258000006],[-79.5684301419999,72.75983307500007],[-79.17544511599993,72.75458405200004],[-78.64167232999995,72.85248444200005],[-78.17088782499991,72.89862702000005],[-77.16511799075771,72.85414270432612],[-77.14716650564328,72.77904301755636],[-77.06714131956751,72.7386119123969],[-77.60102291599992,72.75580475500004],[-78.42743893099993,72.59373607000003],[-78.55907141799992,72.51064687700006],[-78.5547582669999,72.44481028900003],[-78.22712154899995,72.33759186400005],[-77.82603919199994,72.27789948100008],[-77.54780025899993,72.19920482000003],[-77.27179928299995,72.19594961100006],[-76.99742591099994,72.13446686400005],[-77.29845130099994,72.18976471600007],[-77.58958899599992,72.18329498900005],[-77.62059485599991,72.17544179900005],[-77.59984290299991,72.12543366100005],[-77.66095943899995,72.10032786700003],[-77.62059485599991,72.13788483300004],[-77.69135494699992,72.21662018400008],[-78.40880286399994,72.32904694200005],[-78.47093665299991,72.31883372600004],[-78.47655188699991,72.24433014500005],[-78.39155025899993,72.18634674700007],[-78.42756100199995,72.17942942900004],[-78.53180904899995,72.25116608300004],[-78.53925533799992,72.30573151200008],[-78.51191158799992,72.32632070500006],[-78.60431881399995,72.35781484600005],[-78.8047582669999,72.33808014500005],[-78.81293697799993,72.31264883000006],[-78.75092525899993,72.28530508000006],[-78.8750707669999,72.23065827000005],[-78.4290258449999,72.11985911700003],[-78.29450436099995,71.97654857000003],[-78.12486731699994,71.97675202000005],[-77.88923092399995,71.84369538000004],[-77.69635982999995,71.81232330900008],[-77.74762936099995,71.75169505400004],[-77.8196508449999,71.80402252800008],[-77.97691809799994,71.84711334800005],[-78.15355383999992,71.97239817900004],[-78.30833899599992,71.94985586100006],[-78.29881751199991,71.91718170800004],[-78.17125403599994,71.85040924700007],[-77.90864010299993,71.77138906500005],[-78.20897376199991,71.82379791900007],[-78.38487708199995,71.94049713700008],[-78.43773352799991,72.04539622600004],[-78.50446529899995,72.10032786700003],[-78.83043372299994,72.17267487200007],[-78.8801977199999,72.15900299700007],[-78.86200924399992,72.10590241100005],[-78.91441809799994,72.01414622600004],[-78.60151119699992,71.94257233300004],[-78.59015865799995,71.90485260600008],[-78.50446529899995,71.87445709800005],[-79.06651770699995,71.97626373900005],[-79.15245520699995,71.95571523600006],[-79.23066158799992,71.97626373900005],[-79.03888912699995,72.07298411700003],[-79.00340735599991,72.15473053600005],[-78.94330807199992,72.19594961100006],[-78.98424231699994,72.23065827000005],[-78.95722408799992,72.28310781500005],[-79.04242916599992,72.28782786700003],[-79.33161373599995,72.40228913000004],[-79.54596920499995,72.29214101800005],[-79.48192298099991,72.26312897300005],[-79.45038814999992,72.19594961100006],[-79.54564368399991,72.27509186400005],[-79.76801510299993,72.22235748900005],[-79.77354895699995,72.24872467700004],[-79.5938207669999,72.34052155200004],[-79.77253170499995,72.41567617400005],[-79.69062252499992,72.47028229400007],[-79.81883704299992,72.50641510600008],[-79.86811275899993,72.49140045800004],[-79.87494869699992,72.42869700700004],[-80.04902096299992,72.39789459800005],[-80.16978919199994,72.32632070500006],[-79.93016516799992,72.19594961100006],[-79.67638098899994,72.12763092700004],[-80.00531979099992,72.18284739800004],[-80.24522864499994,72.29987213700008],[-80.30695553299995,72.25739166900007],[-80.23810787699995,72.20962148600006],[-80.48285885299993,72.18073151200008],[-80.3653051419999,72.11090729400007],[-80.35387122299994,72.07489655200004],[-80.39667721299992,72.05011627800008],[-80.75938880099994,71.98362864800004],[-80.76439368399991,71.93720123900005],[-80.98534094999991,71.88808828300006],[-80.84479732999995,71.93927643400008],[-80.80040442599994,72.01776764500005],[-80.84142005099994,72.05434804900005],[-81.08775794199994,72.05255768400008],[-80.99217688699991,72.07298411700003],[-81.02631588399993,72.09349192900004],[-80.56688391799992,72.08226146000004],[-80.97175045499995,72.20335521000004],[-80.83454342399995,72.20962148600006],[-80.85639400899993,72.23061758000006],[-80.83161373599995,72.26068756700005],[-80.75230872299994,72.30923086100006],[-80.51239986899992,72.38153717700004],[-80.50621497299994,72.49762604400007],[-80.55553137899994,72.51552969000005],[-80.88914954299992,72.43618398600006],[-81.24164791599992,72.26080963700008],[-81.38263912699995,72.24433014500005],[-81.20478268099993,72.29157135600008],[-81.17829342399995,72.34100983300004],[-80.9512426419999,72.45661041900007],[-80.52607174399992,72.57953522300005],[-80.55846106699994,72.62759023600006],[-80.24547278599994,72.73777903900003],[-80.32062740799995,72.80609772300005],[-80.50621497299994,72.84023672100005],[-80.64032955599993,72.92792389500005],[-80.6570531889999,72.97736237200007],[-80.58067786399994,73.02578359600005],[-80.59638424399992,73.04637278900003],[-80.54987545499995,73.09479401200008],[-80.61969967399995,73.16010163000004],[-81.1875707669999,73.26455312700006],[-81.21812903599994,73.29266998900005],[-81.18542931159918,73.36264592201076],[-80.8675000274263,73.32912228186348]]],[[[-75.79901512611907,72.0979168262995],[-76.00507564999992,72.05939362200007],[-76.08665930899991,71.98895905200004],[-76.35810299399992,71.85594310100004],[-76.41462154899995,71.86078522300005],[-76.15217037699995,71.98908112200007],[-76.02875729099992,72.08869049700007],[-75.83598431807324,72.11659476209516],[-75.79901512611907,72.0979168262995]]],[[[-75.55653730391079,71.97540981557844],[-75.67137610599991,71.81671784100007],[-75.86644446499992,71.70795319200005],[-76.09992428299995,71.69627513200004],[-75.80451412699995,71.75775788000004],[-75.69184322799993,71.84345123900005],[-75.5923998450781,71.99352863846813],[-75.55653730391079,71.97540981557844]]],[[[-75.10229478063745,71.70155611385445],[-75.39423580599993,71.67519765800006],[-75.35179602799991,71.70014069200005],[-75.10553365770708,71.70670500035119],[-75.10229478063745,71.70155611385445]]],[[[-75.00048034952901,71.60574471919583],[-75.41405188699991,71.52496979400007],[-75.05509536964276,71.62844387591016],[-75.00048034952901,71.60574471919583]]],[[[-74.72009166884163,71.48920925714539],[-74.63097083199995,71.39020416900007],[-74.90695488780297,71.25517578282523],[-75.02819850446588,71.23110080021587],[-74.70466061099995,71.39492422100005],[-74.74486243399991,71.44106679900005],[-74.92808997299994,71.45604075700004],[-74.82502193899995,71.49017975500004],[-74.84369869699992,71.52326080900008],[-75.02550208199995,71.52065664300005],[-75.15339107999995,71.46971263200004],[-75.0196020169999,71.54271067900004],[-74.89189352284637,71.5606137389115],[-74.72009166884163,71.48920925714539]]],[[[-78.77789432283642,70.19788597551975],[-78.92536373599995,70.30206940300008],[-79.04633541599992,70.34251536700003],[-79.12804114499994,70.30923086100006],[-79.33141028599994,70.36847565300008],[-79.45014400899993,70.35272858300004],[-79.59125729099992,70.41132233300004],[-79.50385494699992,70.46067942900004],[-79.40644283799992,70.43984609600005],[-79.38898678299995,70.46295807500007],[-79.42430579299992,70.49225495000007],[-79.31659908799992,70.48322174700007],[-79.27904212099992,70.52383047100005],[-79.31322180899991,70.54486725500004],[-79.23066158799992,70.55853913000004],[-79.22447669199994,70.53123607000003],[-79.29625403599994,70.49380117400005],[-79.29308020699995,70.45522695500006],[-79.34675045499995,70.44871653900003],[-79.21336829299992,70.42080312700006],[-79.14875240799995,70.45612213700008],[-79.14252682199992,70.51072825700004],[-79.17609615799995,70.51764557500007],[-79.0032445949999,70.61859772300005],[-79.15546627499992,70.63178131700005],[-79.01581783799992,70.68211497600004],[-78.9590551419999,70.63080475500004],[-78.8399145169999,70.63568756700005],[-78.71735592399995,70.55170319200005],[-78.78172766799992,70.55634186400005],[-78.88178463399993,70.60077545800004],[-78.99791419199994,70.56537506700005],[-78.88190670499995,70.55170319200005],[-79.07990475199995,70.53807200700004],[-79.03888912699995,70.51764557500007],[-79.10094153599994,70.50332265800006],[-78.89704342399995,70.41689687700006],[-78.86754309799994,70.41453685100004],[-78.90912838399993,70.44871653900003],[-78.89179439999992,70.47972239800004],[-78.8333227199999,70.44708893400008],[-78.74469967399995,70.45612213700008],[-78.69965572799993,70.38251373900005],[-78.6348363919999,70.37978750200006],[-78.66279049399992,70.35309479400007],[-78.58165442599994,70.31443919500003],[-78.55907141799992,70.31834544500003],[-78.58018958199995,70.34564850500004],[-78.53587805899991,70.35659414300005],[-78.38841712099992,70.33881256700005],[-78.53925533799992,70.31216054900005],[-78.4493296034566,70.26809792165754],[-78.77789432283642,70.19788597551975]]],[[[-80.64699441206574,70.03356792363492],[-81.05539144150958,69.98767604037936],[-81.13919377122387,69.94430071835164],[-81.19322669199994,70.00079987200007],[-81.33759518099993,70.03709544500003],[-81.44526119699992,70.00482819200005],[-81.76244055899991,70.12287018400008],[-81.07152258999992,70.09926992400005],[-81.00914466099994,70.06264883000006],[-80.57924419247283,70.04849134267558],[-80.64699441206574,70.03356792363492]]],[[[-84.83968904642975,69.04647743078036],[-85.11175209815445,69.12865843543516],[-84.96637936099995,69.13963450700004],[-85.02847245999993,69.11920807500007],[-84.92174231699994,69.08063385600008],[-84.75475012899994,69.08502838700008],[-84.72984778599994,69.03595612200007],[-84.52818762899994,69.02362702000005],[-84.58161373599995,68.99681224200003],[-84.80809485599991,69.03461334800005],[-84.81745973224643,69.02632903458651],[-84.83968904642975,69.04647743078036]]],[[[-85.18752468268889,69.15154675886922],[-85.01227779899995,69.18048737200007],[-84.98745683499993,69.17442454600007],[-85.12209858017859,69.13178375613562],[-85.18752468268889,69.15154675886922]]],[[[-85.41429570514593,69.22004658026714],[-85.409270687263,69.22865269693274],[-85.39159094999991,69.21539948100008],[-85.20661373599995,69.18805573100008],[-85.25678096574033,69.1724667290149],[-85.41429570514593,69.22004658026714]]],[[[-85.35437016806392,69.32267828733599],[-85.33698482999995,69.31842682500007],[-85.3562619005286,69.31943840428077],[-85.35437016806392,69.32267828733599]]],[[[-74.74783321188904,68.4005768292721],[-74.68257282781794,68.46342554880816],[-74.29949662172865,68.539183014176],[-74.2200414699999,68.51581452000005],[-74.00263424399992,68.53701406500005],[-74.02489173099991,68.50702545800004],[-73.98582923099991,68.49542877800008],[-73.88520260299993,68.55487702000005],[-73.97067674581264,68.60421070309532],[-73.73564702677362,68.6506903735042],[-73.82453365799995,68.61953359600005],[-73.72150631399995,68.61579010600008],[-73.81700598899994,68.57111237200007],[-73.72887122299994,68.54035065300008],[-73.73863684799994,68.51923248900005],[-73.86095130099994,68.49819570500006],[-73.94737708199995,68.41347890800006],[-73.83128821499992,68.34393952000005],[-73.58429928299995,68.30418528900003],[-73.68793697799993,68.27692291900007],[-73.61908932199992,68.24957916900007],[-73.59174557199992,68.25580475500004],[-73.61156165299991,68.27692291900007],[-73.46532141799992,68.33319733300004],[-73.3555395169999,68.33527252800008],[-73.35126705599993,68.37563711100006],[-73.30567866855415,68.38386460165009],[-73.30981672931419,68.32869215185346],[-73.49494381399995,68.27692291900007],[-73.36384029899995,68.24823639500005],[-73.3132029853648,68.28354345714234],[-73.316753916369,68.23619916378334],[-73.64406497944779,68.18161066659704],[-74.00966877995288,68.28292723915905],[-74.12413051848117,68.28693091767414],[-74.08071855399993,68.33270905200004],[-74.32022050699993,68.46881745000007],[-74.39976966099994,68.44082265800006],[-74.33454342399995,68.36050039300005],[-74.2149145169999,68.32404205900008],[-74.27131100199995,68.29482656500005],[-74.26817633982866,68.29196939749747],[-74.61588517898865,68.30413166610137],[-74.74783321188904,68.4005768292721]]],[[[-73.30510349549095,68.39153334041306],[-73.31737219999991,68.39980703300006],[-73.30467144701892,68.39729380987329],[-73.30510349549095,68.39153334041306]]],[[[-97.44826175942579,73.24751119070416],[-97.12078321093807,73.24921709461016],[-96.62089892986975,73.32337281034644],[-95.73805630844032,73.14377723026524],[-95.53726134657265,73.14372077971169],[-95.5132543609999,73.13373444200005],[-95.65160071499992,73.11859772300005],[-95.69127356699994,73.08722565300008],[-95.65029863199993,73.03949616100005],[-95.71739661399994,72.99713776200008],[-95.62295488199993,72.92963288000004],[-95.66299394399994,72.88491445500006],[-95.66893469999991,72.80215078300006],[-95.56358801999994,72.78628164300005],[-95.51309160099993,72.73777903900003],[-95.59040279899995,72.74339427300004],[-95.59268144399994,72.69944896000004],[-95.36318925699993,72.63971588700008],[-95.31387285099993,72.60748932500007],[-95.34862219999991,72.59381745000007],[-95.31387285099993,72.54535553600005],[-95.21524003799993,72.53241608300004],[-95.13581320829213,72.46351716891314],[-95.13608510425901,72.46340783919607],[-95.19847571499992,72.45661041900007],[-95.174768458609,72.44785321278815],[-95.19878270532338,72.43819705337833],[-95.23534094999991,72.43952057500007],[-95.22528154947251,72.4275418341527],[-95.54207073077875,72.30016049796585],[-95.29104055395891,72.11730599971807],[-95.44407522975548,71.95102775735339],[-95.30931818016005,71.8310533959829],[-95.45173092399995,71.82599518400008],[-95.4448949859999,71.79873281500005],[-95.36229407499991,71.79181549700007],[-95.49205481699994,71.74347565300008],[-95.31847083199995,71.74249909100007],[-95.27844602067051,71.80356787570769],[-95.26432966146555,71.79100006433472],[-95.28038489499994,71.77818431200006],[-95.27822436494272,71.74151069773262],[-95.34705809101972,71.72387407024216],[-95.49205481699994,71.72296784100007],[-95.64869348005624,71.66300823375444],[-96.44724812609249,71.83603045632404],[-96.58508135304193,71.82541211885909],[-96.50132341499994,71.93146393400008],[-96.76694841499994,71.92226797100005],[-96.62632341499994,71.96320221600007],[-96.54075212499993,71.95453522300005],[-96.4932260839999,72.02802155200004],[-96.86928402699994,72.04511139500005],[-96.49998064099992,72.09349192900004],[-96.48484392199992,72.12848541900007],[-96.53416032899992,72.24433014500005],[-96.61611019799994,72.25116608300004],[-96.55466814099992,72.26422760600008],[-96.58193051099994,72.28530508000006],[-96.87681169599995,72.32632070500006],[-96.66440935199995,72.31826406500005],[-96.30556332299994,72.43667226800005],[-96.37929379199994,72.54010651200008],[-96.43857927399995,72.53856028900003],[-96.40378923499992,72.56586334800005],[-96.44871110999992,72.59638092700004],[-96.45225114899995,72.64223867400005],[-96.58876644799994,72.69684479400007],[-96.51365251599992,72.72410716400003],[-96.53757829699992,72.75202057500007],[-96.93202816699994,72.67572663000004],[-97.06858415699992,72.61424388200004],[-97.1939096779999,72.61505768400008],[-97.18528337499993,72.66889069200005],[-97.02561540699992,72.72947825700004],[-97.09080095399992,72.78266022300005],[-97.1648976329999,72.78514232000003],[-97.21938168299994,72.84023672100005],[-97.41860043299994,72.86066315300008],[-97.27382504199994,72.87872955900008],[-97.22621761999994,72.93642812700006],[-97.2559620859999,72.96206289300005],[-97.66074724299995,73.03668854400007],[-97.9851694429999,73.04413483300004],[-98.26772152699994,72.97736237200007],[-98.3953256929999,72.90485260600008],[-98.4175831799999,72.86102936400005],[-98.44618832299994,72.87250397300005],[-98.43162126599992,72.94342682500007],[-98.4732065529999,72.96369049700007],[-98.4553842869999,72.99575429900005],[-98.51475114899995,73.00470612200007],[-98.49403988599994,73.01788971600007],[-98.34861345399992,73.04364655200004],[-97.7345311894612,73.30581525238462],[-97.44826175942579,73.24751119070416]],[[-97.01398678299995,72.77875397300005],[-96.95059160099993,72.74127838700008],[-96.77245032499991,72.72394440300008],[-96.65086829299992,72.77875397300005],[-96.72598222599993,72.83397044500003],[-96.69180253799993,72.88861725500004],[-96.79039466099994,72.88654205900008],[-97.01398678299995,72.77875397300005]],[[-95.85578365799995,72.86066315300008],[-95.77326412699995,72.80609772300005],[-95.7202856109999,72.81834544500003],[-95.72105872299994,72.84902578300006],[-95.79320227799991,72.88056061400005],[-95.85578365799995,72.86066315300008]],[[-96.76073157499991,73.18268463700008],[-96.90379798099991,73.18964264500005],[-97.04381262899994,73.15558502800008],[-97.14427649599992,73.07636139500005],[-97.10033118399991,72.99201080900008],[-96.97301184799994,72.92963288000004],[-96.71011308499993,72.94171784100007],[-96.56826738199993,73.05247630400004],[-96.65086829299992,73.14183177300004],[-96.77057857999995,73.12335846600007],[-96.72598222599993,73.16233958500004],[-96.76073157499991,73.18268463700008]]],[[[-96.97496396160015,71.79537650842605],[-96.96156918299994,71.80683014500005],[-96.8294077239999,71.81313711100006],[-96.73964535499994,71.85236237200007],[-96.6775522559999,71.83966705900008],[-96.7383839609999,71.82855866100005],[-96.73801333397591,71.81363061001193],[-96.97496396160015,71.79537650842605]]],[[[-117.04105720089771,68.90263451129756],[-117.16539466099994,68.89394765800006],[-117.18969271037746,68.90068909068567],[-117.04105720089771,68.90263451129756]]],[[[-116.87943767899135,68.90474987357071],[-116.67685804299936,68.96303906454155],[-116.28310968505137,69.36358894299477],[-115.97484290299991,69.30019765800006],[-115.18895423099991,69.24266185100004],[-115.00645911399994,69.28461334800005],[-114.85570227799991,69.25287506700005],[-114.25479081899994,69.28367747600004],[-113.54112708199995,69.19074127800008],[-113.50877844999991,69.17446523600006],[-113.69310462099992,69.19489166900007],[-113.70055091099994,69.16351959800005],[-113.63784745999993,69.13963450700004],[-113.67259680899991,69.13279857000003],[-113.65217037699995,69.08844635600008],[-113.54971269399994,69.04409414300005],[-113.63784745999993,69.02977122600004],[-113.57022050699993,69.02977122600004],[-113.57188880099994,68.96515534100007],[-113.67210852799991,68.90989817900004],[-113.6192113919999,68.84540436400005],[-113.66812089799993,68.81537506700005],[-113.45201575399994,68.70160553600005],[-113.44391842399995,68.64655182500007],[-113.35049394399994,68.59153880400004],[-113.10342363199993,68.53701406500005],[-113.0391332669999,68.49494049700007],[-113.29808508999992,68.49103424700007],[-113.24400794199994,68.45441315300008],[-112.74901282499991,68.46308014500005],[-112.60240637899994,68.50775788000004],[-112.29670162699995,68.52553945500006],[-111.53123938699991,68.54376862200007],[-111.25104732999995,68.51968008000006],[-111.2053930329999,68.55068594000005],[-111.4182836579999,68.57855866100005],[-110.84520423099991,68.59516022300005],[-111.04157467399995,68.56427643400008],[-110.98009192599994,68.54840729400007],[-110.56944739499994,68.61908600500004],[-110.37608801999994,68.57636139500005],[-110.22866777299993,68.62787506700005],[-109.62462317599994,68.64166901200008],[-109.02855383999992,68.72675202000005],[-108.56480872299994,68.87596263200004],[-108.53331458199995,68.90692780200004],[-108.56745357999995,68.93423086100006],[-108.53945878799993,68.94696686400005],[-107.94123287699995,68.94110748900005],[-107.33482825399994,69.02558014500005],[-107.16869055899991,69.13686758000006],[-107.1082250639999,69.16372304900005],[-107.02733313699991,69.15228913000004],[-107.02611243399991,69.19794342700004],[-106.93736731699994,69.21564362200007],[-106.92638098899994,69.23895905200004],[-106.99274654899995,69.32721588700008],[-106.96344967399995,69.36273834800005],[-106.75133216099994,69.37986888200004],[-106.74107825399994,69.44472890800006],[-106.58389238199993,69.50360748900005],[-106.31753495999993,69.40131256700005],[-106.2742406889999,69.28807200700004],[-106.4019262359999,69.23700592700004],[-106.41209876199991,69.18805573100008],[-106.20396887899994,69.14988841400003],[-105.98412024599992,69.14712148600006],[-105.88585364499994,69.17645905200004],[-105.54845130099994,69.15395742400005],[-105.45787512899994,69.10114166900007],[-105.03888912699995,69.06460195500006],[-105.1270238919999,69.09186432500007],[-105.08071855399993,69.10618724200003],[-104.91844641799992,69.07514069200005],[-104.91706295499995,69.04791901200008],[-105.05186926999994,69.01679108300004],[-105.03136145699995,69.00311920800004],[-105.06484941299993,68.98745351800005],[-105.14659583199995,69.00193919500003],[-105.27782141799992,68.95473867400005],[-105.12303626199991,68.89642975500004],[-104.59361731699994,68.86448802300004],[-104.5296117829999,68.87498607000003],[-104.4468481109999,68.94155508000006],[-104.39739055060349,68.9318483495958],[-104.93873453829293,68.57807933943566],[-105.0860082669999,68.55068594000005],[-105.00425888547953,68.5217169487137],[-104.97706069835809,68.42557509809419],[-104.72750296150504,68.29525773294819],[-104.76908917014534,68.25816215494741],[-104.82005774599992,68.26512278900003],[-104.93517005099994,68.23590729400007],[-104.94497636599993,68.26056549700007],[-104.84219316299993,68.29189687700006],[-104.89419511599993,68.35138580900008],[-104.9531957669999,68.30744049700007],[-105.0860082669999,68.31037018400008],[-104.99665279899995,68.27692291900007],[-105.03921464799993,68.25910065300008],[-105.3230688139999,68.35443756700005],[-105.35350501199991,68.37929922100005],[-105.33307857999995,68.41347890800006],[-105.54393469999991,68.41388580900008],[-105.5359594389999,68.44989655200004],[-105.43732662699995,68.49042389500005],[-105.32412675699993,68.48248932500007],[-105.3262426419999,68.51585521000004],[-105.40916907499991,68.53058502800008],[-105.53917395699995,68.65005117400005],[-105.46959387899994,68.72199127800008],[-105.79649817599994,68.88271719000005],[-106.22175045499995,68.94599030200004],[-106.30581620999993,68.89642975500004],[-106.66567949099993,68.81622955900008],[-106.91079667899993,68.80036041900007],[-107.29259192599994,68.70140208500004],[-108.2808324859999,68.62156810100004],[-108.40611731699994,68.56085846600007],[-108.59459387899994,68.39915599200003],[-108.74901282499991,68.34454987200007],[-108.74404863199993,68.30634186400005],[-108.81505286399994,68.27423737200007],[-108.73216712099992,68.23493073100008],[-108.41661536399994,68.30418528900003],[-108.40217037699995,68.26894765800006],[-108.45759029899995,68.18691640800006],[-108.40977942599994,68.18073151200008],[-108.36196855399993,68.23590729400007],[-108.32787024599992,68.20457591400003],[-108.35423743399991,68.14044830900008],[-108.38247636599993,68.13971588700008],[-108.37755286399994,68.16632721600007],[-108.43399003799993,68.15615469000005],[-108.38923092399995,68.11102936400005],[-108.14907792899993,68.17328522300005],[-107.92467200399994,68.14801666900007],[-107.84434973899994,68.18073151200008],[-107.61465410099993,68.16705963700008],[-107.88902747299994,68.26947663000004],[-107.8269750639999,68.34454987200007],[-107.54653886599993,68.35175202000005],[-107.50890051999994,68.32355377800008],[-107.33556067599994,68.31879303600005],[-107.27391516799992,68.26874420800004],[-107.15514075399994,68.27008698100008],[-107.02562415299991,68.36505768400008],[-106.80996660099993,68.37079498900005],[-106.78673255099994,68.41494375200006],[-106.7168676419999,68.35138580900008],[-106.65172278599994,68.35138580900008],[-106.55272376199991,68.29677969000005],[-106.52806555899991,68.30109284100007],[-106.5562231109999,68.35879140800006],[-106.48794511599993,68.40741608300004],[-106.59264075399994,68.42743561400005],[-106.63524329299992,68.46869538000004],[-106.53221594999991,68.44757721600007],[-106.50975501199991,68.45856354400007],[-106.55955969999991,68.48859284100007],[-106.53888912699995,68.50779857000003],[-106.42235266799992,68.51585521000004],[-106.55333411399994,68.51585521000004],[-105.94123287699995,68.64008209800005],[-105.79100501199991,68.61196523600006],[-105.64834550699993,68.63873932500007],[-105.77867591099994,68.55068594000005],[-105.6975805329999,68.48883698100008],[-105.72712154899995,68.42658112200007],[-105.79857337099992,68.42772044500003],[-105.8184301419999,68.45514557500007],[-105.87409420499995,68.41046784100007],[-105.97052975199995,68.42772044500003],[-105.9910375639999,68.39642975500004],[-106.12242591099994,68.36603424700007],[-106.25108801999994,68.39301178600005],[-106.44566809799994,68.35126373900005],[-106.4707738919999,68.33152903900003],[-106.42601477799991,68.30426666900007],[-106.48412024599992,68.22866445500006],[-106.34658769399994,68.18691640800006],[-106.44347083199995,68.15277741100005],[-106.49649003799993,68.20258209800005],[-106.63149980399993,68.24957916900007],[-106.64488684799994,68.17328522300005],[-106.69981848899994,68.19830963700008],[-106.6824438139999,68.22846100500004],[-106.81338456899994,68.20799388200004],[-106.74575761599993,68.13955312700006],[-106.75816809799994,68.10496653900003],[-106.9260961579999,68.12645091400003],[-106.97044837099992,68.11180247600004],[-106.95254472599993,68.10008372600004],[-107.13487708199995,68.09129466400003],[-107.10757402299993,68.12604401200008],[-107.14663652299993,68.13182200700004],[-107.37267005099994,68.04743073100008],[-107.68175208199995,68.04873281500005],[-107.77407792899993,67.98859284100007],[-107.83438066299993,68.00942617400005],[-107.73818925699993,68.04291413000004],[-107.81395423099991,68.05719635600008],[-107.69725501199991,68.07762278900003],[-107.87950598899994,68.09300364800004],[-107.90953528599994,67.99510325700004],[-107.65933183499993,67.94672272300005],[-107.69977779899995,67.90289948100008],[-107.94163977799991,67.85431549700007],[-108.01260331899994,67.75910065300008],[-108.00572669199994,67.70966217700004],[-107.58584550699993,67.50116608300004],[-107.63516191299993,67.40607330900008],[-107.69725501199991,67.42649974200003],[-107.71642005099994,67.40460846600007],[-107.58885657499991,67.31049225500004],[-107.52700761599993,67.21234772300005],[-107.39000403599994,67.14883047100005],[-107.2031957669999,67.12490469000005],[-107.24644934799994,67.08421458500004],[-107.40339107999995,67.04116445500006],[-107.26740475199995,66.98940664300005],[-107.08771725199995,66.83071523600006],[-107.40103105399993,66.97431061400005],[-107.44139563699991,66.96295807500007],[-107.39561926999994,66.89215729400007],[-107.48436438699991,66.88593170800004],[-107.40925045499995,66.81708405200004],[-107.56297766799992,66.83950429900005],[-107.5327856109999,66.87848541900007],[-107.61632239499994,66.88540273600006],[-107.69725501199991,66.95355866100005],[-107.48436438699991,66.91941966400003],[-107.52399654899995,67.02041250200006],[-107.64297441299993,67.07709381700005],[-107.66649329299992,67.06342194200005],[-107.60789954299992,66.97406647300005],[-107.76585852799991,66.99632396000004],[-107.68980872299994,66.76862213700008],[-107.79967200399994,66.76862213700008],[-107.65868079299992,66.70770905200004],[-107.56354732999995,66.59454987200007],[-107.20177161399994,66.37848541900007],[-107.2415258449999,66.34853750200006],[-107.43252519399994,66.45473867400005],[-107.52114824099993,66.55341217700004],[-107.56554114499994,66.53074778900003],[-107.63516191299993,66.57001373900005],[-107.72451738199993,66.63206614800004],[-107.68980872299994,66.64573802300004],[-107.8577367829999,66.76007721600007],[-107.88902747299994,66.76178620000007],[-107.85753333199995,66.72382233300004],[-107.88890540299991,66.66974518400008],[-107.9505102199999,66.73509349200003],[-107.9368383449999,66.78229401200008],[-107.99522864499994,66.83222077000005],[-108.23167883999992,66.85114166900007],[-108.1360570949999,66.86009349200003],[-108.1194555329999,66.93939850500004],[-108.33971106699994,66.99042389500005],[-108.46499589799993,67.07489655200004],[-108.51829993399991,67.03717682500007],[-108.62205969999991,67.15281810100004],[-108.21495520699995,67.02741120000007],[-108.13939368399991,67.08002350500004],[-107.88536536399994,67.04824453300006],[-107.91637122299994,67.13922760600008],[-107.88231360599991,67.15517812700006],[-107.99254309799994,67.28245677300004],[-108.37026933499993,67.44757721600007],[-108.44395911399994,67.43402741100005],[-108.4312231109999,67.36937083500004],[-108.47126217399995,67.35146719000005],[-108.51040605399993,67.39203522300005],[-108.51964270699995,67.49481842700004],[-108.58112545499995,67.60846588700008],[-108.63988196499992,67.62946198100008],[-108.73070227799991,67.61579010600008],[-108.75690670499995,67.41461823100008],[-108.82412675699993,67.35716380400004],[-108.86595618399991,67.41461823100008],[-109.01309160099993,67.46133047100005],[-109.02257239499994,67.48769765800006],[-108.92943274599992,67.53180573100008],[-108.9851781889999,67.59039948100008],[-109.00625566299993,67.67357005400004],[-109.06704667899993,67.72016022300005],[-109.31232662699995,67.72256094000005],[-109.40416419199994,67.74188873900005],[-109.38243567599994,67.75551992400005],[-109.40587317599994,67.76976146000004],[-109.49551347599993,67.74079010600008],[-109.51846269399994,67.69135163000004],[-109.71670488199993,67.71918366100005],[-109.74274654899995,67.74530670800004],[-109.6226293609999,67.74188873900005],[-109.7461645169999,67.77602773600006],[-109.69835364499994,67.81012604400007],[-109.83202063699991,67.87360260600008],[-109.95221920499995,67.88589101800005],[-109.91063391799992,67.85854726800005],[-109.96690833199995,67.83380768400008],[-109.99937903599994,67.88589101800005],[-109.97118079299992,67.96727122600004],[-110.05964107999995,68.00507233300004],[-110.17784583199995,67.99884674700007],[-110.20303300699993,67.97406647300005],[-110.12975012899994,67.92682526200008],[-110.15819251199991,67.91840241100005],[-110.34264075399994,67.96841054900005],[-110.32835852799991,67.94794342700004],[-110.7395727199999,67.86542389500005],[-111.01895097599993,67.76813385600008],[-111.08812415299991,67.79067617400005],[-111.2122289699999,67.76235586100006],[-111.17125403599994,67.78286367400005],[-111.2122289699999,67.78969961100006],[-111.15282141799992,67.83124420800004],[-111.16738847599993,67.84609609600005],[-111.29198157499991,67.82611725500004],[-111.42491614499994,67.73956940300008],[-111.53498287699995,67.76923248900005],[-111.57591712099992,67.74868398600006],[-111.54564368399991,67.72138092700004],[-111.93154863199993,67.74868398600006],[-111.88548743399991,67.68520742400005],[-111.9800512359999,67.69403717700004],[-112.02774003799993,67.74868398600006],[-112.32762610599991,67.74555084800005],[-112.37100175699993,67.73505280200004],[-112.35460364499994,67.69428131700005],[-112.42100989499994,67.68244049700007],[-113.85875403599994,67.69623444200005],[-114.17210852799991,67.74225495000007],[-114.32982337099992,67.72821686400005],[-114.53526770699995,67.79694245000007],[-114.59902910099993,67.77456289300005],[-114.78921464799993,67.81696198100008],[-115.11823482999989,67.80390045800004],[-115.28270423099991,67.87221914300005],[-115.25601152299993,67.88589101800005],[-115.51821855399993,67.89524974200003],[-115.54336503799993,67.92340729400007],[-115.11196855399993,68.01618073100008],[-115.24913489499994,68.04291413000004],[-115.17951412699995,68.14183177300004],[-115.24168860599991,68.18691640800006],[-114.8960668609999,68.15135325700004],[-114.75511633999992,68.19432200700004],[-114.96861731699994,68.28314850500004],[-114.94151770699995,68.29132721600007],[-114.83702551999994,68.26264069200005],[-114.0354711579999,68.24119700700004],[-114.01524817599994,68.25267161700003],[-114.05679277299993,68.30418528900003],[-113.90538489499994,68.39980703300006],[-113.96715247299994,68.44082265800006],[-114.00499426999994,68.39980703300006],[-114.11082923099991,68.41347890800006],[-114.11168372299994,68.43964264500005],[-114.05679277299993,68.44082265800006],[-114.07994544199994,68.49445221600007],[-114.20103919199994,68.57192617400005],[-114.4011938139999,68.61692942900004],[-114.46776282499991,68.66669342700004],[-114.43980872299994,68.68720123900005],[-114.52257239499994,68.71723053600005],[-114.74205481699994,68.75531647300005],[-114.98778235599991,68.86741771000004],[-115.11436926999994,68.85643138200004],[-115.56725012899994,68.97186920800004],[-115.94123287699995,69.00311920800004],[-115.76992753799993,68.94037506700005],[-115.8792211579999,68.92739492400005],[-116.1604711579999,68.98411692900004],[-116.31798255099994,68.96832916900007],[-116.0852758449999,68.88580963700008],[-116.12559973899994,68.87897370000007],[-116.09870357999989,68.85639069200005],[-115.94123287699995,68.81753164300005],[-115.97118079299992,68.80927155200004],[-116.20811926999994,68.83120351800005],[-116.38613847599993,68.88532135600008],[-116.46784420499989,68.86375560100004],[-116.84707597599993,68.88768138200004],[-116.88381542812506,68.90469257526138],[-116.87943767899135,68.90474987357071]],[[-107.81151282499991,67.01520416900007],[-107.9505102199999,66.85797760600008],[-107.81908118399991,66.91909414300005],[-107.81151282499991,67.01520416900007]],[[-107.99364173099991,66.95600006700005],[-108.11497962099992,67.03681061400005],[-108.04898027299993,66.91010163000004],[-107.9368383449999,66.95355866100005],[-107.99364173099991,66.95600006700005]],[[-107.54356848899994,67.08844635600008],[-107.32046464799993,67.10443756700005],[-107.41665605399993,67.11871979400007],[-107.62417558499993,67.20453522300005],[-107.54356848899994,67.08844635600008]],[[-108.14907792899993,67.41290924700007],[-107.90733801999994,67.31683991100005],[-107.9368383449999,67.35765208500004],[-107.88902747299994,67.40607330900008],[-107.88158118399991,67.46747467700004],[-107.91966712099992,67.48769765800006],[-108.05199133999992,67.44647858300004],[-108.0808813139999,67.42649974200003],[-108.03237870999993,67.41290924700007],[-108.0398656889999,67.39240143400008],[-108.14907792899993,67.41290924700007]],[[-108.38247636599993,67.46747467700004],[-108.29991614499994,67.49481842700004],[-108.28693600199995,67.53579336100006],[-108.31419837099992,67.56370677300004],[-108.45824133999992,67.57367584800005],[-108.49917558499993,67.53579336100006],[-108.38247636599993,67.46747467700004]],[[-108.11196855399993,67.67597077000005],[-108.12865149599992,67.59788646000004],[-108.07339433499993,67.56370677300004],[-108.14224199099993,67.52960846600007],[-108.0847875639999,67.46954987200007],[-108.03490149599992,67.50438060100004],[-108.07030188699991,67.53949616100005],[-107.93455969999991,67.53701406500005],[-108.00381425699993,67.66054922100005],[-108.11196855399993,67.67597077000005]],[[-109.03978430899991,67.78969961100006],[-109.07070878799993,67.81098053600005],[-109.2117406889999,67.78969961100006],[-109.17951412699995,67.76911041900007],[-109.03978430899991,67.78969961100006]],[[-114.23778235599991,67.87909577000005],[-113.92650305899991,67.87909577000005],[-114.21629798099991,67.90619538000004],[-114.2964574859999,67.89272695500006],[-114.23778235599991,67.87909577000005]],[[-110.8081762359999,67.96100495000007],[-111.08934485599991,67.86542389500005],[-111.07530676999994,67.85529205900008],[-110.87865149599992,67.89252350500004],[-110.8081762359999,67.96100495000007]],[[-113.52843176999994,67.89524974200003],[-113.24803626199991,67.91998932500007],[-113.34129798099991,67.93895091400003],[-113.44603430899991,67.92682526200008],[-113.39891516799992,67.91376373900005],[-113.42153886599993,67.90696849200003],[-113.60374915299991,67.90631745000007],[-113.52843176999994,67.89524974200003]],[[-108.09219316299993,67.88471100500004],[-108.0535375639999,67.95477936400005],[-108.10440019399994,67.97850169500003],[-108.1770727199999,67.96100495000007],[-108.24787350199995,67.88296133000006],[-108.09219316299993,67.88471100500004]],[[-109.19810950399994,67.99510325700004],[-109.13923092399995,67.93284739800004],[-108.94107011599993,67.87588125200006],[-108.87340247299994,67.90070221600007],[-108.91071529899995,67.91998932500007],[-108.88585364499994,67.95477936400005],[-108.9351293609999,67.97064850500004],[-109.07457434799994,67.97528717700004],[-109.04723059799994,67.95477936400005],[-109.19810950399994,67.99510325700004]],[[-112.76134112599993,67.96408139800008],[-113.1550986989999,67.92177371400004],[-112.93934158699994,67.92062475300008],[-112.76134112599993,67.96408139800008]],[[-109.38345292899993,67.98940664300005],[-109.31753495999993,67.98517487200007],[-109.30821692599994,68.00836823100008],[-109.45132402299993,68.09813060100004],[-109.49771074099993,68.09577057500007],[-109.47179114499994,68.05036041900007],[-109.54751542899993,68.05719635600008],[-109.38345292899993,67.98940664300005]],[[-109.87584387899994,68.13226959800005],[-110.25942949099993,68.04291413000004],[-109.91392981699994,68.08832428600005],[-109.87584387899994,68.13226959800005]],[[-112.91225559799994,68.14488428200008],[-112.78970056399993,68.13009472700008],[-112.71780054099992,68.15592047600006],[-112.7461299659999,68.16762650300006],[-112.85534452199994,68.17595131100006],[-112.91225559799994,68.14488428200008]],[[-109.85602779899995,68.15961334800005],[-109.78197180899991,68.14264557500007],[-109.56798255099994,68.24957916900007],[-109.85602779899995,68.15961334800005]],[[-111.61693274599992,68.28314850500004],[-111.50023352799991,68.30418528900003],[-111.71275794199994,68.30418528900003],[-111.78136145699995,68.25580475500004],[-111.72606360599991,68.22150299700007],[-111.6448461579999,68.23590729400007],[-111.61693274599992,68.28314850500004]],[[-110.9024145169999,68.46987539300005],[-110.69888261599993,68.48859284100007],[-110.83604895699995,68.55068594000005],[-111.09520423099991,68.48004791900007],[-110.9024145169999,68.46987539300005]],[[-110.61432857999995,68.52260976800005],[-110.52074133999992,68.55068594000005],[-110.64427649599992,68.55068594000005],[-110.62999426999994,68.57855866100005],[-110.76048743399991,68.56622955900008],[-110.61432857999995,68.52260976800005]],[[-113.7620336579999,68.59780508000006],[-113.8352758449999,68.61444733300004],[-113.96743730399993,68.59780508000006],[-113.7620336579999,68.59780508000006]],[[-114.04775956899994,68.62718333500004],[-114.07176673099991,68.64459870000007],[-114.19273841099994,68.68097565300008],[-114.04775956899994,68.62718333500004]],[[-114.38219153599994,68.86920807500007],[-114.33047441299993,68.88617584800005],[-114.43838456899994,68.90037669500003],[-114.4739477199999,68.89325592700004],[-114.38219153599994,68.86920807500007]]],[[[-115.50047872973929,70.31644220843702],[-115.8726318105916,70.44781754437957],[-115.71808104491669,70.60463008644152],[-115.56069902299993,70.57904694200005],[-114.50625566299993,70.64451732000003],[-114.34675045499989,70.68650950700004],[-114.18309485599991,70.66779205900008],[-113.98839270699995,70.71621328300006],[-113.71959387899994,70.69188060100004],[-113.5613500639999,70.64313385600008],[-113.50304114499994,70.68378327000005],[-113.2071020169999,70.64793528900003],[-113.19302324099993,70.61017487200007],[-113.10594641799992,70.61847565300008],[-112.86656653599994,70.54319896000004],[-112.84609941299993,70.56989166900007],[-112.72533118399991,70.56915924700007],[-112.53799394399994,70.51862213700008],[-112.45641028599994,70.53807200700004],[-112.41197669199994,70.51072825700004],[-112.17243404899995,70.50332265800006],[-112.0567113919999,70.40668366100005],[-111.96426347599993,70.37457916900007],[-111.56680253799993,70.35993073100008],[-111.48656165299991,70.33197663000004],[-111.58958899599992,70.31216054900005],[-111.4456274079999,70.29043203300006],[-111.7163793609999,70.26186758000006],[-112.26089433499993,70.30931224200003],[-112.30894934799994,70.29783763200004],[-112.13760331899994,70.27732982000003],[-112.37413489499994,70.26166413000004],[-112.39150956899994,70.25006745000007],[-112.34312903599994,70.23647695500006],[-112.40176347599993,70.22955963700008],[-112.52696692599994,70.24518463700008],[-112.5833227199999,70.22211334800005],[-112.52122962099992,70.20848216400003],[-112.5862524079999,70.20001862200007],[-112.96467037699995,70.25336334800005],[-112.99339758999992,70.23139069200005],[-113.4768774079999,70.28359609600005],[-113.64268958199995,70.26239655200004],[-114.03844153599994,70.28123607000003],[-114.18472245999993,70.31574127800008],[-114.50942949099993,70.31525299700007],[-115.47503821016544,70.2550507652726],[-115.50047872973929,70.31644220843702]],[[-112.94640051999994,70.29043203300006],[-113.05630449099993,70.31134674700007],[-113.2071020169999,70.29783763200004],[-112.94640051999994,70.29043203300006]],[[-112.10846920499995,70.30093008000006],[-111.67149817599994,70.31216054900005],[-112.32262122299994,70.35618724200003],[-112.10846920499995,70.30093008000006]]],[[[-115.7930608041767,71.5473750584313],[-115.4546606109999,71.53864166900007],[-115.55699622299994,71.51068756700005],[-115.43032792899993,71.48944733300004],[-115.05675208199995,71.52496979400007],[-115.41901607999989,71.45184967700004],[-115.61266028599994,71.49795156500005],[-115.63912991682881,71.49540777119029],[-115.7930608041767,71.5473750584313]]],[[[-120.3782289140904,71.99745655540188],[-120.15807044199994,72.12836334800005],[-120.18346106699994,72.20429108300004],[-120.25475012899994,72.26080963700008],[-119.80565344999991,72.22321198100008],[-119.3401586579999,72.34674713700008],[-119.30479895699995,72.37006256700005],[-119.32957923099991,72.38446686400005],[-119.30532792899993,72.45038483300004],[-119.18187415299991,72.53856028900003],[-119.16388912699995,72.62982819200005],[-118.7678930329999,72.73948802300004],[-118.52196204299992,72.75771719000005],[-118.23802649599992,72.85757070500006],[-117.3902074859999,73.05548737200007],[-117.19994055899991,73.06952545800004],[-116.4590551419999,73.26117584800005],[-116.09721388610217,73.31058900540114],[-115.47299959668211,73.21986676305637],[-115.57042395699995,73.20180898600006],[-116.59365800699993,73.06020742400005],[-116.8948461579999,72.96743398600006],[-117.36925208199995,72.91779205900008],[-117.86729895699995,72.70148346600007],[-118.18980872299994,72.63544342700004],[-118.51284745999993,72.51044342700004],[-118.59341386599993,72.42869700700004],[-118.5405981109999,72.37319570500006],[-118.42894446499992,72.34674713700008],[-118.17446855399993,72.33836497600004],[-118.12486731699994,72.30951569200005],[-118.10558020699995,72.24774811400005],[-118.12783769399994,72.22724030200004],[-118.57673092399995,72.17942942900004],[-118.67821204299992,72.14227936400005],[-118.74754798099991,72.05320872600004],[-119.07603919199994,71.91885000200006],[-119.08746550228273,71.89203253455683],[-120.3782289140904,71.99745655540188]]],[[[-114.2799133489821,72.58569649049716],[-114.36070716099994,72.55890534100007],[-114.54613196499992,72.56781647300005],[-114.60423743399991,72.60748932500007],[-114.4620324138224,72.64018965703217],[-114.2799133489821,72.58569649049716]]],[[[-111.0778242653914,72.43707963250294],[-111.02687512547674,72.43169823293803],[-111.08629309799994,72.40827057500007],[-111.02790279899995,72.28530508000006],[-111.21693586218281,72.36241545322936],[-111.0778242653914,72.43707963250294]]],[[[-108.22902607617551,72.34119051969263],[-107.92134635585553,72.39836061983067],[-107.86514608691266,72.42994427834735],[-107.80650794199994,72.38776276200008],[-107.84805253799993,72.36041901200008],[-107.71776282499991,72.30267975500004],[-107.86485755099994,72.29584381700005],[-107.79478919199994,72.25104401200008],[-107.77916419199994,72.14130280200004],[-107.63516191299993,72.12763092700004],[-107.66315670499995,72.12079498900005],[-107.61465410099993,72.09690989800004],[-107.6563207669999,72.07298411700003],[-107.6048070949999,72.01093170800004],[-107.42271887899994,71.97719961100006],[-107.41665605399993,71.92902252800008],[-107.25157630099994,71.90167877800008],[-107.47248287699995,71.87026601800005],[-107.25157630099994,71.80613841400003],[-107.56362870999993,71.77521393400008],[-107.66844641799992,71.70815664300005],[-107.80113684799994,71.73436107000003],[-107.83438066299993,71.70990631700005],[-107.83307857999995,71.67918528900003],[-107.72451738199993,71.63483307500007],[-107.74095618399991,71.61815013200004],[-107.98521887899994,71.63483307500007],[-107.99193274599992,71.68341705900008],[-108.04670162699995,71.71674225500004],[-108.24596106699994,71.72296784100007],[-108.17031816299993,71.75409577000005],[-108.28693600199995,71.79873281500005],[-108.24596106699994,71.83283112200007],[-108.29430091099994,71.88149648600006],[-108.22109941299993,71.91168854400007],[-108.19151770699995,71.96295807500007],[-108.34093176999994,71.93585846600007],[-108.29312089799993,71.97626373900005],[-108.41661536399994,71.99046458500004],[-108.39614824099993,72.08608633000006],[-108.43773352799991,72.13446686400005],[-108.4024145169999,72.14874909100007],[-108.54015051999994,72.14874909100007],[-108.53429114499994,72.20246002800008],[-108.66307532499991,72.36102936400005],[-108.65055175996882,72.38538922530364],[-108.22902607617551,72.34119051969263]]],[[[-107.79912880375883,72.46704494292688],[-107.78600012899994,72.46344635600008],[-107.83403967134021,72.44742558983567],[-107.79912880375883,72.46704494292688]]],[[[-97.75535325309696,67.77898455706574],[-97.72078033897976,67.88611491787852],[-97.8262421802948,67.97393897846409],[-97.72960364499994,67.97325267100007],[-97.69322669199994,68.02265045800004],[-97.36351477799991,67.87693919500003],[-97.2495824859999,67.92462799700007],[-97.12083899599992,67.79303620000007],[-97.22622636599993,67.71454498900005],[-97.06114661399994,67.68040599200003],[-97.19692949099993,67.66437409100007],[-97.21324622299994,67.62457916900007],[-97.27464758999992,67.66673411700003],[-97.41502844999991,67.61066315300008],[-97.5579320949999,67.59540436400005],[-97.79596920499995,67.68463776200008],[-97.91524772948837,67.69576697395779],[-97.75535325309696,67.77898455706574]],[[-97.34605872299994,67.67357005400004],[-97.33608964799993,67.72821686400005],[-97.56200110599991,67.69403717700004],[-97.52790279899995,67.68040599200003],[-97.55117753799993,67.64533112200007],[-97.51813717399995,67.62425364800004],[-97.34605872299994,67.67357005400004]]],[[[-97.11586195930983,68.46221946636355],[-97.11132774453311,68.53408748095681],[-97.09618079299992,68.53912995000007],[-97.11005572645294,68.55424916681658],[-97.10924803507493,68.56705120170032],[-97.137013770238,68.58362476781062],[-97.14427649599992,68.59153880400004],[-97.10195878799993,68.58982982000003],[-96.94334876199991,68.52651601800005],[-96.52049719999991,68.44757721600007],[-96.29588782499991,68.48012929900005],[-95.99974524599992,68.62571849200003],[-95.84211178299995,68.61953359600005],[-95.85387122299994,68.66864655200004],[-95.79283606699994,68.69920482000003],[-95.79629472599993,68.73676178600005],[-95.59508216099994,68.75604889500005],[-95.54751542899993,68.72947825700004],[-95.56834876199991,68.68097565300008],[-95.53038489499994,68.67841217700004],[-95.20995032499991,68.85333893400008],[-95.35326087099992,68.90395742400005],[-95.62901770699995,68.83104075700004],[-95.7066137359999,68.88418203300006],[-95.8281957669999,68.87588125200006],[-95.85533606699994,68.96906159100007],[-95.97459876199991,69.04002513200004],[-95.92467200399994,69.08502838700008],[-96.04820716099994,69.22972239800004],[-96.15477454299992,69.16421133000006],[-96.15660559799994,69.08494700700004],[-96.12340247299994,69.03335195500006],[-96.22557532499991,69.05442942900004],[-96.21662350199995,69.11888255400004],[-96.25300045499995,69.16014232000003],[-96.17105058499993,69.26312897300005],[-96.21979732999995,69.31395091400003],[-96.52933646355827,69.42653245157891],[-96.44425789034332,69.46374079396298],[-96.38499915299991,69.44977448100008],[-96.23204505099994,69.36269765800006],[-96.14313717399995,69.35252513200004],[-96.15054277299993,69.42829010600008],[-96.10130774599992,69.46727122600004],[-96.1692602199999,69.57050202000005],[-96.24340540415068,69.55158180718813],[-95.79435244635738,69.74797104563885],[-95.78685462099992,69.74298737200007],[-95.77578963309291,69.75608932366652],[-95.70487040666961,69.78710520414802],[-95.66905676999994,69.78843821800007],[-95.41051184799994,69.68589915600006],[-95.13158118399991,69.62103913000004],[-95.02476966099994,69.62677643400008],[-94.87511145699995,69.57164134300007],[-94.74575761599993,69.59434642100007],[-94.72423255099994,69.61945221600007],[-94.76431230399993,69.66168854400007],[-94.62987219999991,69.68773021000004],[-94.6179906889999,69.63788483300004],[-94.56102454299992,69.64057038000004],[-94.52171790299991,69.57591380400004],[-94.32217363199993,69.45298899900007],[-93.93040930899991,69.43541087400007],[-93.86831620999993,69.45433177300004],[-93.87279212099992,69.48651764500005],[-93.55797278599994,69.53070709800005],[-93.45059160099993,69.48969147300005],[-93.58775794199994,69.36619700700004],[-93.36188717399995,69.37299225500004],[-93.84032141799992,69.16868724200003],[-93.81309973899994,69.22215403900003],[-93.88194739499994,69.22907135600008],[-93.81309973899994,69.27000560100004],[-93.88194739499994,69.24949778900003],[-93.80996660099993,69.31098053600005],[-93.52570553299995,69.44135163000004],[-93.73916581899994,69.40904368700006],[-93.84618079299992,69.34979889500005],[-94.02660071499992,69.36619700700004],[-94.28164628799993,69.32212962400007],[-94.31395423099991,69.29791901200008],[-94.25938880099994,69.27680084800005],[-94.30028235599991,69.24949778900003],[-94.27985592399995,69.22907135600008],[-94.32404537699995,69.15582916900007],[-94.25283769399994,69.12697988500008],[-94.00548255099994,69.16014232000003],[-94.17247473899994,69.10785553600005],[-94.18602454299992,69.08592357000003],[-94.14952551999994,69.06456126500007],[-94.17617753799993,69.04950592700004],[-94.34585527299993,69.02582428600005],[-94.44298255099994,68.94415924700007],[-94.60195878799993,68.96832916900007],[-94.56676184799994,68.93577708500004],[-94.58429928299995,68.90318431200006],[-94.55052649599992,68.89073314000007],[-94.63609778599994,68.75604889500005],[-94.41250566299993,68.72300853100006],[-94.09422766799992,68.76288483300004],[-93.8262426419999,68.87933991100005],[-93.81309973899994,68.89948151200008],[-94.03652910099993,68.83860911700003],[-94.08055579299992,68.85228099200003],[-94.04027258999992,68.86591217700004],[-94.0698949859999,68.87482330900008],[-94.06163489499994,68.90326569200005],[-93.92296301999994,68.98200104400007],[-93.95083574099993,68.99567291900007],[-93.90245520699995,69.02977122600004],[-93.93659420499995,69.02977122600004],[-93.82713782499991,69.06919993700006],[-93.80003821499992,69.06456126500007],[-93.90929114499994,68.99567291900007],[-93.8335668609999,69.00934479400007],[-93.8758031889999,68.97516510600008],[-93.85728919199994,68.96259186400005],[-93.63491777299993,68.96214427300004],[-93.6492406889999,68.89948151200008],[-93.57066809799994,68.84406159100007],[-93.69762122299994,68.74860260600008],[-93.70571855399993,68.66461823100008],[-93.75226803299995,68.61212799700007],[-93.37486731699994,68.63873932500007],[-93.44644120999993,68.61485423400006],[-93.52375240799995,68.60728587400007],[-93.56065833199995,68.55841705900008],[-94.1223852199999,68.42234935100004],[-94.21141516799992,68.36387767100007],[-94.21092688699991,68.26947663000004],[-94.56037350199995,68.16331614800004],[-94.79824785099993,68.03807200700004],[-95.03966223899994,68.05524323100008],[-95.09479732999995,68.09129466400003],[-95.27293860599991,68.03668854400007],[-95.2183324859999,68.07762278900003],[-95.47838294199994,68.06342194200005],[-95.4312231109999,68.05719635600008],[-95.42174231699994,68.01996491100005],[-95.58202063699991,67.89952220300006],[-95.53652910099993,67.88670482000003],[-95.54548092399995,67.80829498900005],[-95.70767167899993,67.73334381700005],[-95.46324622299994,67.63934967700004],[-95.33812415299991,67.55223216400003],[-95.32494055899991,67.51080963700008],[-95.41380774599992,67.45661041900007],[-95.37596594999991,67.44700755400004],[-95.33018958199995,67.34345123900005],[-95.17284094999991,67.27863190300008],[-95.25560462099992,67.26227448100008],[-95.26846269399994,67.21124909100007],[-95.34813391799992,67.15269603100006],[-95.3235570949999,67.11717357000003],[-95.34520423099991,67.07396067900004],[-95.29149329299992,67.03119538000004],[-95.30089270699995,67.00885651200008],[-95.2183324859999,66.97406647300005],[-95.31631425699993,66.90021393400008],[-95.41071529899995,66.93309153900003],[-95.50670325399994,66.90253327000005],[-95.73379472599993,66.90306224200003],[-95.77594967399995,66.93683502800008],[-95.88613847599993,66.92999909100007],[-95.9761449859999,66.95392487200007],[-96.09349524599992,66.92023346600007],[-95.90953528599994,66.81928131700005],[-95.75438391799992,66.68305084800005],[-95.68691972599993,66.68768952000005],[-95.66478430899991,66.74144114800004],[-95.64346269399994,66.66929759300007],[-95.82095292899993,66.59113190300008],[-95.78001868399991,66.66246165600006],[-95.85204016799992,66.75812409100007],[-96.09691321499992,66.83063385600008],[-96.15274003799993,66.90062083500004],[-96.39761308499993,66.99457428600005],[-96.45567786399994,67.05975983300004],[-96.39220130099994,67.09332916900007],[-96.28034420499995,67.07025788000004],[-96.2598363919999,66.99144114800004],[-96.11583411399994,66.98834870000007],[-96.15737870999993,66.96784088700008],[-96.12706458199995,66.95697663000004],[-96.02700761599993,66.97406647300005],[-96.04873613199993,67.01654694200005],[-95.95579993399991,67.07453034100007],[-95.93081620999993,67.07025788000004],[-95.99229895699995,67.00885651200008],[-95.91372636599993,66.94782135600008],[-95.60191809799994,66.98834870000007],[-95.63662675699993,66.96784088700008],[-95.60350501199991,66.94684479400007],[-95.4214574859999,66.94928620000007],[-95.40322831899994,66.97406647300005],[-95.35545813699991,66.96409739800004],[-95.33031165299991,67.01036204600007],[-95.33779863199993,67.04173411700003],[-95.41763261599993,67.06976959800005],[-95.37938391799992,67.10785553600005],[-95.38280188699991,67.15965403900003],[-95.43740800699993,67.20062897300005],[-95.44273841099994,67.15180084800005],[-95.48257402299993,67.14134349200003],[-95.48521887899994,67.20062897300005],[-95.52188066299993,67.21959056200006],[-95.66612708199995,67.22410716400003],[-95.8352758449999,67.16583893400008],[-95.55410722599993,67.32416413000004],[-95.53392493399991,67.35773346600007],[-95.5813695949999,67.38483307500007],[-95.67804928299995,67.33502838700008],[-95.71629798099991,67.37604401200008],[-95.76097571499992,67.37116120000007],[-95.90807044199994,67.28656647300005],[-95.94448808499993,67.29621002800008],[-96.11074785099993,67.22186920800004],[-96.1421606109999,67.26264069200005],[-96.25300045499995,67.24774811400005],[-96.22533118399991,67.32212962400007],[-96.06802324099993,67.44086334800005],[-96.09593665299991,67.46747467700004],[-96.21003170499995,67.42560455900008],[-96.33495032499991,67.44391510600008],[-96.39207923099991,67.49607982000003],[-96.46524003799993,67.47801341400003],[-96.43114173099991,67.54328034100007],[-96.46524003799993,67.54950592700004],[-96.33495032499991,67.61212799700007],[-96.34390214799993,67.68939850500004],[-96.30724036399994,67.69635651200008],[-96.25304114499994,67.62982819200005],[-96.18187415299991,67.64288971600007],[-96.17105058499993,67.70026276200008],[-96.22215735599991,67.69896067900004],[-96.19131425699993,67.73651764500005],[-96.21678626199991,67.81024811400005],[-96.02440344999991,68.11570872600004],[-96.08165442599994,68.14594147300005],[-95.89671790299991,68.29673899900007],[-96.39810136599993,68.17137278900003],[-96.54845130099994,68.08506907800006],[-96.47891191299993,68.09056224200003],[-96.44481360599991,68.05036041900007],[-96.56273352799991,68.04047272300005],[-96.6167699859999,68.06818268400008],[-96.69180253799993,68.01618073100008],[-96.76451575399994,68.01715729400007],[-96.80186926999994,68.02684153900003],[-96.79503333199995,68.07196686400005],[-96.63768469999991,68.11347077000005],[-96.64342200399994,68.13971588700008],[-96.52452551999994,68.19171784100007],[-96.46939042899993,68.28595612200007],[-96.40379798099991,68.31785716400003],[-96.59203040299991,68.25421784100007],[-96.63394120999993,68.21393463700008],[-96.62096106699994,68.18565501500007],[-96.68126380099994,68.21112702000005],[-96.67951412699995,68.23871491100005],[-96.63036048099991,68.24957916900007],[-96.69001217399995,68.28644440300008],[-96.92642167899993,68.24274323100008],[-97.08063717399995,68.26569245000007],[-97.05606035099993,68.30662669500003],[-96.9934789699999,68.29673899900007],[-96.9934789699999,68.33771393400008],[-97.16197669199994,68.37763092700004],[-97.10952714799993,68.39301178600005],[-97.18146953020297,68.42910912386598],[-97.11586195930983,68.46221946636355]],[[-96.01138261599993,69.48281484600005],[-95.94448808499993,69.42084381700005],[-95.99229895699995,69.39354075700004],[-95.99229895699995,69.35936107000003],[-95.88459225199995,69.34389883000006],[-95.78001868399991,69.46865469000005],[-95.8352758449999,69.55805084800005],[-95.69469153599994,69.54059479400007],[-95.65538489499994,69.40949127800008],[-95.7188207669999,69.38617584800005],[-95.71178137899994,69.34511953300006],[-95.74592037699995,69.33893463700008],[-95.71165930899991,69.32176341400003],[-95.5149633449999,69.33535390800006],[-95.41299394399994,69.38629791900007],[-95.36913001199991,69.49591705900008],[-95.61790930899991,69.61733633000006],[-95.77749589799993,69.63568756700005],[-95.9116918609999,69.60024648600006],[-95.9519750639999,69.51703522300005],[-96.01138261599993,69.48281484600005]]],[[[-90.43336052601273,68.8467512574197],[-90.48306230399993,68.85228099200003],[-90.47036557052239,68.85937558904753],[-90.43336052601273,68.8467512574197]]],[[[-89.89545609904317,68.66324427992161],[-89.90086829299992,68.66046784100007],[-89.94595292899993,68.60431549700007],[-89.89614824099993,68.55023834800005],[-89.82095292899993,68.54454173400006],[-89.8645727199999,68.48834870000007],[-90.00389563699991,68.43390534100007],[-89.98216712099992,68.42772044500003],[-90.00015214799993,68.37925853100006],[-90.1641332669999,68.31517161700003],[-90.11998450399994,68.26264069200005],[-90.2708227199999,68.24213288000004],[-90.33836829299992,68.35203685100004],[-90.47565670499995,68.33771393400008],[-90.31859290299991,68.37925853100006],[-90.60704505099994,68.44391510600008],[-90.47716223899994,68.53440989800004],[-90.53990637899994,68.57208893400008],[-90.48989824099993,68.59153880400004],[-90.56501217399995,68.62571849200003],[-90.48558508999992,68.70111725500004],[-90.53087317599994,68.74241771000004],[-90.51036536399994,68.78400299700007],[-90.4571020169999,68.77704498900005],[-90.47581946499992,68.79649485900006],[-90.44212805899991,68.83116282800006],[-90.59976152299993,68.80390045800004],[-90.42631938515446,68.84434916066745],[-89.89545609904317,68.66324427992161]]],[[[-89.76166280537986,68.62905775822388],[-89.77057857999995,68.62571849200003],[-89.76926855925683,68.62976997070868],[-89.76166280537986,68.62905775822388]]],[[[-87.27152218674561,67.65032767709731],[-86.90362573579776,67.65008345367615],[-86.40257250578367,67.79490793195458],[-86.52928626199991,67.68720123900005],[-86.45295162699995,67.60594310100004],[-86.48688717399995,67.55219147300005],[-86.48082434799994,67.45905182500007],[-86.53612219999991,67.44700755400004],[-86.50194251199991,67.37938060100004],[-86.58385169199994,67.34918854400007],[-86.61514238199993,67.41437409100007],[-86.65343176999994,67.36371491100005],[-86.77896074099993,67.41864655200004],[-86.8965551419999,67.40074290600006],[-86.96051998599995,67.36737702000005],[-86.97667395699995,67.32330963700008],[-87.07770748599995,67.35765208500004],[-86.96068274599992,67.25523509300007],[-87.07066809799994,67.26337311400005],[-87.11412512899994,67.17894114800004],[-87.13719641799992,67.22882721600007],[-87.22813880099994,67.22809479400007],[-87.28929602799991,67.09760163000004],[-87.32778886599993,67.17328522300005],[-87.37218176999994,67.18012116100005],[-87.51618404899995,67.11871979400007],[-87.50194251199991,67.19379303600005],[-87.36294511599993,67.26719798400006],[-87.44737708199995,67.26386139500005],[-87.48379472599993,67.36310455900008],[-87.9407445949999,67.60468170800004],[-88.14053300699993,67.67072174700007],[-88.16348222599993,67.73619212400007],[-88.28099524599992,67.81098053600005],[-88.37364661399994,67.97581614800004],[-88.37954667899993,68.02985260600008],[-88.33482825399994,68.04559967700004],[-88.34222894295864,68.07338072214331],[-87.27152218674561,67.65032767709731]]],[[[-84.28105524586879,66.69582171643343],[-84.2716893439408,66.68162340556022],[-84.31529700399994,66.67987702000005],[-84.4524633449999,66.72081126500007],[-84.32213294199994,66.77606842700004],[-84.65013587099992,66.82408274900007],[-84.6926977199999,66.84495677300004],[-84.50837154899995,66.82322825700004],[-84.74730383999992,66.89960358300004],[-84.59121660099993,66.90481191600009],[-84.60334225199995,66.93992747600004],[-84.76744544199994,66.95555247600004],[-84.89126542899993,66.91941966400003],[-84.97451738199993,66.92914459800005],[-85.00055904899995,66.91941966400003],[-84.91075598899994,66.90143463700008],[-84.95775305899991,66.86448802300004],[-85.12779700399994,66.83751048400006],[-85.21524003799993,66.86766185100004],[-85.22712154899995,66.88593170800004],[-85.14513098899994,66.90574778900003],[-85.21279863199993,66.91941966400003],[-85.00462805899991,66.96808502800008],[-84.63744055899991,66.98151276200008],[-84.73595130099994,67.00787995000007],[-84.88451087099992,66.99457428600005],[-84.84349524599992,67.01500071800007],[-84.93907630099994,67.03681061400005],[-84.91006425699993,67.06187571800007],[-84.37051347599993,66.97406647300005],[-84.5828344389999,66.98151276200008],[-84.40831458199995,66.93500397300005],[-84.41148841099994,66.88593170800004],[-84.24014238199993,66.83751048400006],[-84.43944251199991,66.83067454600007],[-84.41193600199995,66.80731842700004],[-84.3035375639999,66.80101146000004],[-84.26813717399995,66.78229401200008],[-84.30260169199994,66.74131907800006],[-84.24230037307964,66.73066539782084],[-84.28105524586879,66.69582171643343]]],[[[-84.59116389837725,66.37201751342891],[-84.53746497299994,66.40521881700005],[-84.519683836172,66.398367194708],[-84.59116389837725,66.37201751342891]]],[[[-85.5923780052535,66.00294015403094],[-85.57709782035927,65.91415206299425],[-85.60981566299995,65.91054608700006],[-85.93893536399992,65.76319806100008],[-86.02839107999995,65.66502513200004],[-86.02830969999991,65.60610586100006],[-86.08336341099994,65.56207916900007],[-86.15151933499993,65.39614492400005],[-86.09727942599994,65.35716380400004],[-86.17393958199995,65.28652578300006],[-86.13825436099995,65.11351146000004],[-86.2278539699999,65.00385163000004],[-86.15933183499993,64.93943919500003],[-86.21397864499994,64.89105866100005],[-86.17300370999993,64.82957591400003],[-86.23818925699993,64.81256745000007],[-86.41942298099991,64.59686920800004],[-86.41434834622638,64.58976132102148],[-86.84406654543366,64.79697169711997],[-87.0762922968074,64.83715036146904],[-87.30269697304041,64.79367508819783],[-87.30431067599994,64.81260814000007],[-87.24478105399993,64.88056061400005],[-87.07738196499992,64.97296784100007],[-87.11148027299993,65.00092194200005],[-86.97362219999991,65.05756256700005],[-86.99478105399993,65.10394928600005],[-86.93822180899991,65.14195384300007],[-86.95384680899991,65.16535065300008],[-87.05687415299991,65.20636627800008],[-87.0469457669999,65.23798248900005],[-87.65965735599991,65.30060455900008],[-87.75088456899994,65.26752350500004],[-87.94102942599994,65.28827545800004],[-88.07725989499994,65.26776764500005],[-88.93382727799991,65.34349192900004],[-89.0398656889999,65.32819245000007],[-89.18423417899993,65.43895091400003],[-89.38500099157359,65.49855721608941],[-89.29045902385724,65.53860036452485],[-88.96913138456082,65.60558361799866],[-88.83562620301885,65.69032306539991],[-88.41368567599994,65.63153717700004],[-88.83141028599994,65.64520905200004],[-88.46157792899993,65.55357493700006],[-88.22191321499992,65.41181061400005],[-88.06387285099993,65.35948314000007],[-87.92747962099992,65.33344147300005],[-87.38076738199993,65.32969798400006],[-87.07860266799992,65.40208567900004],[-87.06371008999992,65.41864655200004],[-87.11412512899994,65.46039459800005],[-87.01528886599993,65.48749420800004],[-86.98794511599993,65.53534577000005],[-86.82591712099992,65.56163157800006],[-86.66388912699995,65.65766022300005],[-86.54979407499991,65.67247142100007],[-86.46450761599993,65.74347565300008],[-86.45360266799992,65.78233470300006],[-86.49453691299993,65.81586334800005],[-86.42625891799992,65.89838288000004],[-86.22671595399993,65.93303832100008],[-86.19424394399994,65.98407623900005],[-85.97435462099992,66.03558991100005],[-85.97482921999995,66.09827969500003],[-85.85666193299994,66.16282974700005],[-85.89202065299992,66.19341073100009],[-86.32628333199995,66.28599681200006],[-86.62059485599991,66.31439850500004],[-86.80785071499992,66.44627513200004],[-86.63170325399994,66.44025299700007],[-86.7825414699999,66.52220286700003],[-86.62047278599994,66.50694407800006],[-86.57713782499991,66.53587474200003],[-86.59752356699994,66.55634186400005],[-86.39273027299993,66.51536692900004],[-86.34373938699991,66.55634186400005],[-86.13882402299993,66.50108470300006],[-85.78286493699994,66.50009489100006],[-85.46547904499994,66.57442544000008],[-85.41607263899994,66.56698061400004],[-85.3223358809999,66.47953381600007],[-85.31297021899991,66.37242410800008],[-85.27968221999993,66.36070735400006],[-85.24156653599994,66.27008698100008],[-85.17931067599994,66.26837799700007],[-85.11782792899993,66.33038971600007],[-85.08315995999993,66.28681061400005],[-84.9837133449999,66.25433991100005],[-84.87306178606809,66.26810155050525],[-85.5923780052535,66.00294015403094]],[[-88.96934335999993,65.38787841900006],[-89.10445393499992,65.40887001700008],[-89.0030529419999,65.38508221200004],[-88.96934335999993,65.38787841900006]],[[-88.3712768979999,65.46199003100008],[-88.38306322099993,65.47248055200004],[-88.48910074799994,65.47311121400008],[-88.3712768979999,65.46199003100008]],[[-85.98229229599991,66.46388431400004],[-85.96242957999993,66.43958958400003],[-85.91123173699992,66.46199107900009],[-85.98229229599991,66.46388431400004]]],[[[-85.4567023192319,65.80804124138912],[-85.48827063699991,65.79661692900004],[-85.50433526403775,65.83433335363455],[-85.4567023192319,65.80804124138912]]],[[[-85.27712086500111,65.5254623256582],[-85.3164770169999,65.54148997600004],[-85.23266550395239,65.56455073124572],[-85.27712086500111,65.5254623256582]]],[[[-91.42590812853281,65.92560825060539],[-91.49730383999992,65.94684479400007],[-91.31029212099992,65.97593821800007],[-91.27855706680792,65.97347063012545],[-91.42590812853281,65.92560825060539]]]]}}]}
