{"type":"FeatureCollection","features":[{"type":"Feature","properties":{"year":1996,"month":"september","kind":"observed","threshold_percent":15},"geometry":{"type":"MultiPolygon","coordinates":[[[[-150.0,80.0],[-100.15385005896705,80.0],[-100.13853919199994,79.94989655200004],[-100.18008378799993,79.91168854400007],[-100.07022050699993,79.87815989800004],[-99.58360755099994,79.89866771000004],[-99.3118383449999,79.84837474200003],[-99.29564368399991,79.81610748900005],[-99.33653723899994,79.80927155200004],[-99.30304928299995,79.78880442900004],[-99.33039303299995,79.76829661700003],[-98.95885169199994,79.72817617400005],[-98.8238012359999,79.66925690300008],[-98.65135657499991,79.79222239800004],[-98.69570878799993,79.86774323100008],[-98.77505449099993,79.90468984600005],[-98.70596269399994,79.96698639500005],[-98.77803296865234,80.0],[-96.650768699876,80.0],[-96.5579320949999,79.94855377800008],[-96.13687089799993,79.91168854400007],[-96.61611894399994,79.88499583500004],[-96.54271399599992,79.84837474200003],[-96.3902074859999,79.86448802300004],[-96.49323482999995,79.83722565300008],[-96.2852270169999,79.80646393400008],[-96.23814856699994,79.74339427300004],[-95.85374915299991,79.65241120000007],[-95.19326738199993,79.64740631700005],[-94.77017167899993,79.68211497600004],[-94.37083899599992,79.78485748900005],[-94.30028235599991,79.77521393400008],[-94.36172441299993,79.73419830900008],[-94.3406469389999,79.68622467700004],[-94.72769120999993,79.61050039300005],[-95.7390844389999,79.54242584800005],[-95.70494544199994,79.50763580900008],[-95.78001868399991,79.48094310100004],[-95.67015540299991,79.44684479400007],[-95.78001868399991,79.43256256700005],[-95.75536048099991,79.40623607000003],[-95.39024817599994,79.37726471600007],[-95.38597571499992,79.39984772300005],[-95.28038489499994,79.40521881700005],[-95.30768795499995,79.39158763200004],[-95.29015051999994,79.36196523600006],[-95.16368567599994,79.35000234600005],[-95.32135982999995,79.33698151200008],[-95.19102942599994,79.31586334800005],[-95.23875891799992,79.28851959800005],[-95.2110082669999,79.28095123900005],[-95.00230872299994,79.26740143400008],[-94.38841712099992,79.37103913000004],[-94.49828040299991,79.38475169500003],[-94.51256262899994,79.41950104400007],[-94.48009192599994,79.42666250200006],[-93.84097245999993,79.39899323100008],[-94.1441137359999,79.33685944200005],[-94.21092688699991,79.27488841400003],[-93.92979895699995,79.25918203300006],[-93.62873287699995,79.32269928600005],[-93.68394934799994,79.34316640800006],[-93.65440833199995,79.36652252800008],[-93.49510657499991,79.36017487200007],[-93.32103430899991,79.45205312700006],[-93.23436438699991,79.41815827000005],[-93.38853919199994,79.34316640800006],[-93.00495357999995,79.39158763200004],[-93.14696204299992,79.46625397300005],[-93.08665930899991,79.48712799700007],[-92.92381751199991,79.41600169500003],[-92.60631262899994,79.45062897300005],[-92.28746497299994,79.45750560100004],[-92.23033606699994,79.43256256700005],[-92.58039303299995,79.38475169500003],[-92.49535071499992,79.36542389500005],[-91.83031165299991,79.34316640800006],[-91.12051347599993,79.39158763200004],[-91.17027747299994,79.35439687700006],[-91.91502844999991,79.30219147300005],[-92.56444251199991,79.31037018400008],[-92.69587154899995,79.26740143400008],[-92.62734941299993,79.24542877800008],[-92.08629309799994,79.20600006700005],[-91.04417883999992,79.25165436400005],[-90.36636308499993,79.24754466400003],[-91.88121497299994,79.16351959800005],[-92.84044348899994,79.14516836100006],[-93.33047441299993,79.17096588700008],[-93.43297278599994,79.15648021000004],[-93.60924231699994,79.05687083500004],[-94.29352779899995,78.98688385600008],[-93.8745824859999,78.83397044500003],[-93.5469457669999,78.83856842700004],[-93.03844153599994,78.76776764500005],[-93.16258704299992,78.73989492400005],[-93.56615149599992,78.78628164300005],[-93.81309973899994,78.76776764500005],[-93.53937740799995,78.67841217700004],[-93.37368730399993,78.68829987200007],[-93.34752356699994,78.67841217700004],[-93.47175045499995,78.65176015800006],[-93.28172766799992,78.59471263200004],[-92.8113500639999,78.63808828300006],[-91.64915930899991,78.56500885600008],[-91.65396074099993,78.52985260600008],[-91.84398352799991,78.54995351800005],[-92.54271399599992,78.52741120000007],[-92.56672115799995,78.52073802300004],[-92.49095618399991,78.51455312700006],[-92.88198808499993,78.50706614800004],[-92.99128170499995,78.46613190300008],[-92.87035071499992,78.40525950700004],[-92.62425696499992,78.36493561400005],[-92.61388098899994,78.33637116100005],[-92.50340735599991,78.31317780200004],[-92.21983801999994,78.33226146000004],[-92.17568925699993,78.31533437700006],[-92.32652747299994,78.28864166900007],[-92.20128333199995,78.28253815300008],[-92.02452551999994,78.21067942900004],[-91.85952714799993,78.24388255400004],[-91.60440019399994,78.19086334800005],[-90.35269120999993,78.14459870000007],[-90.27594967399995,78.18646881700005],[-90.37319902299993,78.24079010600008],[-90.32542883999992,78.27435944200005],[-90.75059973899994,78.32273997600004],[-90.33202063699991,78.33637116100005],[-90.04649817599994,78.30463288000004],[-89.90135657499991,78.22117747600004],[-89.69522050699993,78.22455475500004],[-89.57481848899994,78.15444570500006],[-89.45518958199995,78.16449616100005],[-89.7871801419999,78.39838288000004],[-89.98884029899995,78.44867584800005],[-90.09947669199994,78.56171295800004],[-90.06672115799995,78.60553620000007],[-90.00617428299995,78.61375560100004],[-89.04995683499993,78.18170807500007],[-88.81126868399991,78.16543203300006],[-88.73672441299993,78.21625397300005],[-88.67373613199993,78.32273997600004],[-88.54002844999991,78.41689687700006],[-88.75633704299992,78.54873281500005],[-88.76431230399993,78.59837474200003],[-88.8047582669999,78.61017487200007],[-88.55768795499995,78.61017487200007],[-88.22850501199991,78.46356842700004],[-88.04214433499993,78.47931549700007],[-87.90973873599995,78.55243561400005],[-87.9070531889999,78.59601471600007],[-88.02204342399995,78.65460846600007],[-88.35846920499995,78.65790436400005],[-88.13621985599991,78.68691640800006],[-88.22891191299993,78.80451080900008],[-88.18712317599994,78.90497467700004],[-88.21654212099992,78.95286692900004],[-88.17373613199993,78.99559153900003],[-87.92857825399994,79.00897858300004],[-87.8054906889999,79.07904694200005],[-87.72842363199993,79.08307526200008],[-87.83828691299993,79.02846914300005],[-87.79735266799992,79.00800202000005],[-87.98473059799994,78.96430084800005],[-87.95579993399991,78.90648021000004],[-87.99754798099991,78.81122467700004],[-87.88792883999992,78.70648834800005],[-87.6492406889999,78.64301178600005],[-87.53669186099995,78.67157623900005],[-87.30980383999992,78.80931224200003],[-86.94017493399991,78.91860586100006],[-87.00112870999993,78.99005768400008],[-86.96825110599991,79.06419505400004],[-86.74665279899995,78.95905182500007],[-86.59752356699994,78.98004791900007],[-86.56281490799995,79.04897695500006],[-86.50389563699991,79.06867096600007],[-85.51048743399991,79.16620514500005],[-84.91258704299992,79.27069733300004],[-85.05577551999994,79.35683828300006],[-85.39443925699993,79.45331452000005],[-85.5637914699999,79.57977936400005],[-85.69871985599991,79.61798737200007],[-85.86180579299992,79.59300364800004],[-85.89443925699993,79.49896881700005],[-86.06753495999993,79.43618398600006],[-86.16616777299993,79.45986562700006],[-86.02839107999995,79.48094310100004],[-86.13825436099995,79.52191803600005],[-86.04206295499995,79.56907786700003],[-86.30907141799992,79.64809804900005],[-86.71934973899994,79.64248281500005],[-86.81725012899994,79.61749909100007],[-86.69375566299993,79.56907786700003],[-86.82135982999995,79.54669830900008],[-86.84483801999994,79.59316640800006],[-86.9910375639999,79.60346100500004],[-87.15929114499994,79.57656484600005],[-87.2805883449999,79.51219310100004],[-87.46092688699991,79.53558991100005],[-87.41071529899995,79.59039948100008],[-87.13581295499995,79.64948151200008],[-87.05687415299991,79.73794179900005],[-87.06456458199995,79.79462311400005],[-86.96202551999994,79.90875885600008],[-87.48827063699991,79.83722565300008],[-87.00845292899993,79.95331452000005],[-87.15073517408044,80.0],[-86.20712605764783,80.0],[-85.25381425699993,79.92601146000004],[-85.33259029899995,79.90013255400004],[-85.53457597599993,79.93549225500004],[-86.3117976549999,79.97374095300006],[-86.4492895169999,79.93724192900004],[-86.45986894399994,79.86029694200005],[-86.37848873599995,79.82359446800007],[-86.48192298099991,79.82164134300007],[-86.4961238269999,79.77757396000004],[-85.86278235599991,79.69810618700006],[-85.3215632799999,79.67967357000003],[-85.0210261709999,79.61753978100006],[-85.04898027299993,79.59080638200004],[-84.8845515619999,79.51451243700006],[-84.87930253799993,79.48741282800006],[-84.4866023429999,79.41270579600007],[-84.4297175769999,79.29710521000004],[-84.33584550699993,79.24762604400007],[-84.3296199209999,79.19236888200004],[-84.14281165299991,79.18268463700008],[-83.96247311099995,79.22040436400005],[-83.93179277299993,79.19236888200004],[-84.02798417899993,79.15888092700004],[-83.6924128899999,79.07001373900005],[-83.36318925699993,79.05524323100008],[-83.44741777299993,79.02899811400005],[-83.9824926419999,79.05109284100007],[-84.06887773299991,79.08311595300006],[-84.0508520169999,79.10468170800004],[-84.16454016799992,79.13092682500007],[-84.4529109369999,79.14830149900007],[-84.76593990799995,79.08710358300004],[-84.78278561099995,79.05280182500007],[-84.75210527299993,79.03892649900007],[-84.27928626199991,78.95530833500004],[-82.9678035149999,78.94078196800007],[-82.53457597599993,78.88511790600006],[-82.12246660099993,78.91648997600004],[-81.88137773299991,79.01886627800008],[-81.54702714799993,79.06944407800006],[-81.4787898429999,79.04901764500005],[-81.6985570949999,78.97850169500003],[-81.75999915299991,78.91864655200004],[-81.65689042899993,78.89073314000007],[-81.7536921869999,78.84300364800004],[-81.80728105399993,78.84752024900007],[-81.73884029899995,78.85716380400004],[-81.77171790299991,78.86591217700004],[-82.01797441299993,78.86701080900008],[-82.40143795499995,78.82868073100008],[-82.9837133449999,78.85521067900004],[-83.26016191299993,78.83673737200007],[-83.2275691399999,78.80719635600008],[-82.7734675769999,78.73371002800008],[-82.33942623599995,78.75922272300005],[-82.21926835799991,78.72687409100007],[-82.4793188139999,78.73371002800008],[-82.59601803299995,78.70640696800007],[-82.2390437489999,78.59434642100007],[-82.3428035149999,78.56919993700006],[-82.5791316399999,78.60704173400006],[-82.78783118399991,78.69273509300007],[-83.16169186099995,78.72443268400008],[-83.7456355459999,78.83885325700004],[-84.70612545499995,78.87083567900004],[-85.03107662699995,78.92186107000003],[-85.2461238269999,78.91685618700006],[-85.75731360599991,78.83165110900006],[-86.60985266799992,78.80927155200004],[-86.9404597649999,78.71417877800008],[-86.98875891799992,78.64817942900004],[-87.1223445299999,78.58287181200006],[-86.90355383999992,78.58295319200005],[-86.85830644399994,78.54877350500004],[-87.1572566399999,78.54930247600004],[-87.4824519519999,78.45197174700007],[-87.52928626199991,78.41095612200007],[-87.49868730399993,78.37449778900003],[-87.52301998599995,78.23338450700004],[-87.09105383999992,78.20677317900004],[-87.43553626199991,78.18711985900006],[-87.53669186099995,78.14463939000007],[-86.76976477799991,78.12042877800008],[-86.50625566299993,78.21519603100006],[-86.23648027299993,78.20506419500003],[-86.0833227199999,78.25189850500004],[-86.05638587099992,78.30231354400007],[-85.90859941299993,78.34227122600004],[-85.86025956899994,78.38556549700007],[-85.83039303299995,78.37742747600004],[-85.83657792899993,78.34178294500003],[-85.9055476549999,78.30231354400007],[-85.8782039049999,78.29547760600008],[-85.93919837099992,78.23737213700008],[-86.1179906889999,78.17198314000007],[-86.25560462099992,78.15831126500007],[-86.23452714799993,78.13719310100004],[-86.28937740799995,78.08336009300007],[-86.22769120999993,78.06211985900006],[-85.4914851549999,78.10606517100007],[-85.02855383999992,78.28868235900006],[-85.04898027299993,78.31537506700005],[-84.95962480399993,78.35008372600004],[-84.97232011599993,78.42222728100006],[-84.87287350199995,78.46588776200008],[-84.8572078119999,78.50714752800008],[-84.67959550699993,78.59100983300004],[-84.61701412699995,78.58966705900008],[-84.78831946499992,78.50714752800008],[-84.7683406239999,78.48761627800008],[-84.8708796869999,78.36998118700006],[-84.7610164049999,78.34324778900003],[-84.6213679679999,78.37140534100007],[-84.57599850199995,78.35350169500003],[-84.80882727799991,78.32652415600006],[-84.96833248599995,78.21405670800004],[-84.42520097599993,78.21295807500007],[-84.02798417899993,78.17881907800006],[-84.20881100199995,78.15953196800007],[-84.62356523299991,78.20319245000007],[-84.84211178299995,78.16893138200004],[-85.03530839799993,78.17881907800006],[-84.9944148429999,78.15831126500007],[-85.09740149599992,78.10309479400007],[-84.85195878799993,78.05772532800006],[-84.58926347599993,78.08055247600004],[-84.2886042959999,78.08258698100008],[-84.5386042959999,78.07453034100007],[-84.70669511599993,78.03477610900006],[-85.0627742179999,78.06268952000005],[-85.67959550699993,77.93516673400006],[-85.4878230459999,77.91132233300004],[-85.50833085799991,77.88336823100008],[-85.47264563699991,77.87205638200004],[-85.23615475199995,77.90997955900008],[-84.5498347649999,77.92808665600006],[-84.31533769399994,77.89765045800004],[-84.67682857999995,77.90770091400003],[-84.89110266799992,77.83783600500004],[-84.8366999989999,77.89081452000005],[-84.8982234369999,77.89655182500007],[-85.03579667899993,77.87852610900006],[-85.25051835799991,77.88544342700004],[-85.4016820949999,77.83165110900006],[-85.2600398429999,77.80390045800004],[-84.97142493399991,77.84373607000003],[-84.94595292899993,77.82872142100007],[-85.1641332669999,77.80621979400007],[-85.21060136599993,77.75877513200004],[-85.3506160149999,77.73997630400004],[-85.26809648299991,77.71332428600005],[-85.30715898299991,77.67108795800004],[-85.28246008999992,77.65965403900003],[-84.94302324099993,77.60272858300004],[-84.54450436099995,77.68089427300004],[-84.47362219999991,77.73997630400004],[-84.50837154899995,77.75425853100006],[-84.4988093739999,77.75474681200006],[-84.4648738269999,77.74876536700003],[-84.4350886709999,77.72858307500007],[-84.63125566299993,77.63011302300004],[-84.8681941399999,77.57347239800004],[-84.7610164049999,77.52024974200003],[-84.33421790299991,77.53257884300007],[-83.90444902299993,77.51341380400004],[-83.9182429679999,77.49351634300007],[-83.6784968739999,77.53453196800007],[-83.20189368399991,77.70954010600008],[-83.12360592399995,77.78778717700004],[-83.00072180899991,77.82615794500003],[-82.93602454299992,77.88190338700008],[-82.73599199099993,77.92833079600007],[-82.7929988269999,77.98899974200003],[-82.76488196499992,78.02769603100006],[-82.5090632799999,78.08026764500005],[-82.3210749989999,78.08258698100008],[-82.37010657499991,78.04161204600007],[-82.59601803299995,78.02118561400005],[-82.5134578119999,77.95970286700003],[-82.58177649599992,77.94603099200003],[-82.5408015619999,77.92491282800006],[-82.6406957669999,77.89423248900005],[-82.68431555899991,77.83331940300008],[-82.80833899599992,77.80145905200004],[-82.78034420499995,77.79523346600007],[-82.9861140619999,77.67853424700007],[-83.3889460929999,77.51410553600005],[-83.83617102799991,77.45880768400008],[-83.7998347649999,77.42902252800008],[-83.4841609369999,77.39142487200007],[-83.46621660099993,77.34894440300008],[-84.06208248599995,77.40416087400007],[-84.57331295499995,77.40668366100005],[-84.61701412699995,77.38365306200006],[-84.4661352199999,77.30174388200004],[-84.7610164049999,77.32164134300007],[-85.00055904899995,77.38365306200006],[-85.40225175699993,77.40074290600006],[-85.5273738269999,77.44346751500007],[-85.48037675699993,77.46625397300005],[-85.5080867179999,77.47911204600007],[-85.7956843739999,77.42527903900003],[-85.7185359369999,77.47447337400007],[-85.79588782499991,77.51292552300004],[-85.9743953119999,77.71332428600005],[-86.4521785149999,77.83641185100004],[-87.19204667899993,77.90452708500004],[-88.04222571499992,77.82273997600004],[-88.2219539049999,77.86286041900007],[-88.1052546869999,77.81504954600007],[-88.23501542899993,77.77411530200004],[-88.15330969999991,77.74237702000005],[-88.21149654899995,77.65033600500004],[-87.70059160099993,77.54075755400004],[-87.6465551419999,77.48676178600005],[-87.78311113199993,77.43834056200006],[-87.70059160099993,77.39732493700006],[-87.72101803299995,77.37006256700005],[-87.3486628899999,77.33397044500003],[-87.1233210929999,77.36871979400007],[-86.8503718739999,77.36387767100007],[-86.83096269399994,77.35639069200005],[-87.24868730399993,77.30796946800007],[-87.17080644399994,77.27452220300006],[-86.9129125639999,77.26703522300005],[-87.21458899599992,77.21238841400003],[-87.18130449099993,77.20018138200004],[-86.6037898429999,77.17820872600004],[-86.89240475199995,77.17076243700006],[-86.79002844999991,77.13731517100007],[-86.82323157499991,77.12933991100005],[-87.08348548099991,77.18903229400007],[-87.36156165299991,77.17649974200003],[-87.4609675769999,77.12982819200005],[-87.33747311099995,77.11619700700004],[-87.5857234369999,77.09772370000007],[-87.6775203119999,77.13731517100007],[-88.49461829299992,77.11412181200006],[-88.54409745999993,77.10252513200004],[-88.39321855399993,77.10252513200004],[-89.5371801419999,76.85675690300008],[-89.4704890619999,76.76312897300005],[-89.38638261599993,76.73265208500004],[-89.45523027299993,76.72516510600008],[-89.4189753899999,76.68748607000003],[-89.44758053299995,76.65912506700005],[-89.59959876199991,76.62901439000007],[-89.61969967399995,76.58860911700003],[-89.6811824209999,76.57493724200003],[-89.54385331899994,76.54291413000004],[-89.46157792899993,76.57550690300008],[-89.41055253799993,76.54417552300004],[-89.43480383999992,76.49982330900008],[-89.23550370999993,76.43773021000004],[-89.1338191399999,76.42369212400007],[-89.04678300699993,76.45030345300006],[-89.01943925699993,76.41730377800008],[-88.91063391799992,76.41046784100007],[-88.79051673099991,76.45884837400007],[-88.83145097599993,76.49982330900008],[-88.7785945299999,76.53563060100004],[-88.79735266799992,76.55503978100006],[-88.7104792959999,76.60081614800004],[-88.6396785149999,76.56126536700003],[-88.68065344999991,76.52374909100007],[-88.61294511599993,76.48619212400007],[-88.6577449209999,76.47508372600004],[-88.69583085799991,76.41526927300004],[-88.61839758999992,76.40440501500007],[-88.59870357999995,76.41046784100007],[-88.62157141799992,76.43817780200004],[-88.48884029899995,76.50665924700007],[-88.49632727799991,76.54759349200003],[-88.53107662699995,76.58136627800008],[-88.6601863269999,76.60224030200004],[-88.58503170499995,76.63703034100007],[-88.70856686099995,76.71210358300004],[-88.50698808499993,76.82371653900003],[-88.48200436099995,76.77696360900006],[-88.55166581899994,76.74046458500004],[-88.48200436099995,76.66087474200003],[-88.5195613269999,76.62144603100006],[-88.3543188139999,76.51911041900007],[-88.35895748599995,76.48997630400004],[-88.44107011599993,76.46568431200006],[-88.35846920499995,76.43773021000004],[-88.43423417899993,76.40424225500004],[-88.40355383999992,76.39366282800006],[-87.91787675699993,76.36408112200007],[-87.83706620999993,76.41795482000003],[-87.70669511599993,76.33958567900004],[-87.6299128899999,76.33555735900006],[-87.5605769519999,76.37144603100006],[-87.4063207669999,76.35582103100006],[-87.5019832019999,76.38316478100006],[-87.43309485599991,76.42352936400005],[-87.54739335799991,76.44904205900008],[-87.49575761599993,76.50324127800008],[-87.59528561099995,76.53754303600005],[-87.56301835799991,76.62018463700008],[-87.4609675769999,76.58860911700003],[-87.5019832019999,76.54759349200003],[-87.3957820299999,76.51036204600007],[-87.43309485599991,76.46568431200006],[-87.1513972649999,76.44867584800005],[-87.12181555899991,76.43431224200003],[-87.15583248599995,76.40403880400004],[-87.13137773299991,76.38996002800008],[-86.7219539049999,76.34837474200003],[-86.63540605399993,76.44920482000003],[-86.64273027299993,76.47715892100007],[-86.30288652299993,76.52769603100006],[-86.63174394399994,76.63703034100007],[-86.57795162699995,76.64166901200008],[-86.20718339799993,76.52716705900008],[-86.41755123599995,76.47166575700004],[-86.41266842399995,76.41046784100007],[-86.34740149599992,76.38853587400007],[-85.72329667899993,76.35472239800004],[-85.43260657499991,76.30805084800005],[-85.24909420499995,76.31610748900005],[-85.2033992179999,76.28428782800006],[-84.38809160099993,76.31513092700004],[-84.3999324209999,76.33934153900003],[-84.94204667899993,76.42234935100004],[-85.0176082019999,76.45860423400006],[-85.05581620999993,76.52024974200003],[-85.03530839799993,76.57493724200003],[-84.98745683499993,76.58604564000007],[-84.8445124989999,76.53538646000004],[-84.7957250639999,76.47874583500004],[-84.63337154899995,76.43903229400007],[-84.21589107999995,76.45079173400006],[-84.1787410149999,76.48619212400007],[-84.25104732999995,76.53709544500003],[-84.19725501199991,76.61810944200005],[-84.3296199209999,76.65070221600007],[-84.29295813699991,76.66380442900004],[-84.1013484369999,76.63483307500007],[-84.0505671869999,76.55333079600007],[-83.71279863199993,76.43504466400003],[-83.2793269519999,76.40619538000004],[-83.1850886709999,76.43089427300004],[-83.24649003799993,76.45884837400007],[-83.1850886709999,76.49607982000003],[-83.23688717399995,76.51866282800006],[-83.25161699099993,76.57725657800006],[-83.52765865799995,76.70872630400004],[-83.38101152299993,76.76133860900006],[-83.35635331899994,76.75311920800004],[-83.40481523299991,76.71893952000005],[-83.39114335799991,76.67796458500004],[-83.11611894399994,76.58860911700003],[-83.0615535149999,76.49982330900008],[-83.10252844999991,76.46568431200006],[-83.00104732999995,76.43626536700003],[-82.8008520169999,76.38996002800008],[-82.2820124989999,76.40049876500007],[-82.13817298099991,76.43870677300004],[-82.22549394399994,76.52024974200003],[-82.0821020169999,76.56810130400004],[-82.51187089799993,76.66229889500005],[-82.56126868399991,76.69261302300004],[-82.55443274599992,76.72516510600008],[-82.7735082669999,76.81456126500007],[-82.7297664049999,76.82099030200004],[-82.27627519399994,76.63487376500007],[-81.7832332019999,76.68846263200004],[-82.06159420499995,76.61652252800008],[-81.9863988919999,76.58429596600007],[-82.0821020169999,76.52716705900008],[-82.0556941399999,76.51646556200006],[-81.5381160149999,76.47300853100006],[-81.40233313699991,76.48309967700004],[-81.20685787699995,76.56358470300006],[-81.17715410099993,76.53339264500005],[-81.2180883449999,76.49982330900008],[-80.99779212099992,76.48607005400004],[-80.7724910149999,76.41998932500007],[-80.79662024599992,76.37193431200006],[-81.09520423099991,76.21861399900007],[-80.9580378899999,76.19818756700005],[-81.06729081899994,76.16404857000003],[-81.07249915299991,76.12913646000004],[-80.88784745999993,76.17304108300004],[-80.66722571499992,76.16404857000003],[-80.60855058499993,76.19818756700005],[-80.44318600199995,76.19773997600004],[-80.23884029899995,76.24420807500007],[-80.09626217399995,76.22789134300007],[-79.55028235599991,76.31696198100008],[-79.2932429679999,76.30235423400006],[-79.18276933499993,76.40399811400005],[-78.97012285099993,76.43492259300007],[-78.77424068899995,76.57733795800004],[-78.5664770169999,76.56810130400004],[-78.6142878899999,76.55503978100006],[-78.58641516799992,76.52024974200003],[-78.62173417899993,76.49982330900008],[-78.56460527299993,76.47044505400004],[-78.3672582669999,76.46568431200006],[-78.35562089799993,76.49839915600006],[-78.14134680899991,76.52716705900008],[-78.1897273429999,76.56126536700003],[-78.03229732999995,76.63340892100007],[-77.7707820299999,76.66429271000004],[-77.8127742179999,76.68809642100007],[-77.7663874989999,76.72789134300007],[-77.78978430899991,76.77631256700005],[-77.71621660099993,76.82196686400005],[-77.89492753799993,76.86912669500003],[-77.8335261709999,76.89085521000004],[-77.9023738269999,76.91819896000004],[-77.88923092399995,76.94977448100008],[-78.0908503899999,77.02281321800007],[-78.38442949099993,77.00409577000005],[-78.41567949099993,76.98582591400003],[-78.38841712099992,76.97284577000005],[-78.5342097649999,76.95396556200006],[-78.56712805899991,76.89732493700006],[-78.72419186099995,76.88340892100007],[-78.69627844999991,76.84239329600007],[-78.72036699099993,76.82758209800005],[-78.9643855459999,76.84239329600007],[-78.86750240799995,76.92442454600007],[-78.90306555899991,76.93419017100007],[-79.37564042899993,76.92564524900007],[-79.39289303299995,76.95286692900004],[-79.3467097649999,76.97923411700003],[-79.00649980399993,77.10472239800004],[-79.0661921869999,77.13731517100007],[-79.03262285099993,77.15717194200005],[-79.05540930899991,77.16791413000004],[-79.4324031239999,77.23859284100007],[-79.7178035149999,77.24339427300004],[-80.0263972649999,77.18903229400007],[-80.37246660099993,77.07469310100004],[-80.4099421869999,77.08270905200004],[-80.11514238199993,77.20555247600004],[-81.10301673099991,77.28746165600006],[-81.81908118399991,77.16551341400003],[-81.89183508999992,77.18272532800006],[-81.9101863269999,77.20555247600004],[-81.8828425769999,77.21922435100004],[-81.91763261599993,77.25336334800005],[-82.19815019399994,77.30174388200004],[-81.84886633999992,77.29002513200004],[-81.1709285149999,77.33250560100004],[-81.2070613269999,77.37413157800006],[-81.4800105459999,77.37592194200005],[-81.73721269399994,77.43480052300004],[-81.67300370999993,77.52366771000004],[-81.8040258449999,77.59727610900006],[-81.9109594389999,77.61790599200003],[-81.94603430899991,77.65428294500003],[-81.91641191299993,77.69049713700008],[-81.8555395169999,77.67377350500004],[-81.82477779899995,77.62494538000004],[-81.6091609369999,77.58234284100007],[-81.67056230399993,77.56867096600007],[-81.58877519399994,77.55442942900004],[-81.58226477799991,77.51695384300007],[-81.39899654899995,77.48936595300006],[-81.29686438699991,77.43650950700004],[-80.3913874989999,77.29515208500004],[-79.97122148299991,77.28062571800007],[-79.64557857999995,77.32164134300007],[-79.13320878799993,77.29132721600007],[-78.81981360599991,77.38365306200006],[-78.72419186099995,77.37689850500004],[-78.8408503899999,77.31541575700004],[-78.76577714799993,77.31089915600006],[-78.2891332669999,77.37754954600007],[-78.2307429679999,77.40416087400007],[-78.27855383999992,77.43150462400007],[-78.01846269399994,77.47199127800008],[-77.94212805899991,77.51341380400004],[-77.97647050699993,77.56024811400005],[-77.71621660099993,77.60960521000004],[-77.91274980399993,77.67503489800004],[-78.0798640619999,77.67853424700007],[-77.98745683499993,77.70246002800008],[-78.05199133999992,77.73314036700003],[-77.94212805899991,77.76048411700003],[-77.98070227799991,77.81671784100007],[-78.4299617179999,77.91132233300004],[-78.1829320949999,77.96592845300006],[-78.27171790299991,77.98704661700003],[-78.2165828119999,78.00254954600007],[-77.88052324099993,77.94273509300007],[-77.15379798099991,77.94867584800005],[-76.88068600199995,77.90501536700003],[-76.53897050699993,77.94566478100006],[-76.4638972649999,77.99095286700003],[-76.23241126199991,78.02110423400006],[-75.93399003799993,77.95860423400006],[-75.58193925699993,78.11302317900004],[-75.66848710799991,78.13731517100007],[-76.19098873599995,78.13300202000005],[-76.91543535099993,78.20677317900004],[-76.6047664049999,78.25519440300008],[-75.62621008999992,78.19981517100007],[-75.44839433499993,78.24738190300008],[-75.36986243399991,78.30731842700004],[-75.11978105399993,78.30491771000004],[-75.02981523299991,78.33641185100004],[-75.1076960929999,78.37547435100004],[-76.07860266799992,78.46617259300007],[-76.15021725199995,78.50694407800006],[-76.6875707669999,78.51972077000005],[-76.50051835799991,78.54747142100007],[-75.39810136599993,78.51561107000003],[-74.6325984369999,78.58966705900008],[-74.8728328119999,78.64427317900004],[-74.83185787699995,78.65794505400004],[-74.86628170499995,78.67711009300007],[-74.84487870999993,78.69896067900004],[-74.7219539049999,78.71263255400004],[-74.83185787699995,78.74730052300004],[-74.7629695299999,78.76780833500004],[-74.78620357999995,78.78270091400003],[-74.9063207669999,78.78831614800004],[-74.7776179679999,78.80548737200007],[-74.77375240799995,78.83482493700006],[-75.74429277299993,78.89716217700004],[-76.45921790299991,78.84935130400004],[-76.26838131399995,78.90464915600006],[-75.82762610599991,78.92609284100007],[-75.72191321499992,78.96702708500004],[-75.78075110599991,78.98200104400007],[-76.73281816299993,79.03672923400006],[-77.71800696499992,78.96971263200004],[-78.06265214799993,78.85777415600006],[-78.2268367179999,78.77220286700003],[-78.29898027299993,78.79576243700006],[-77.9563289049999,78.95958079600007],[-77.7031550769999,79.00804271000004],[-77.9150691399999,79.05589427300004],[-78.89549719999991,79.06944407800006],[-78.09618079299992,79.08482493700006],[-77.53392493399991,79.02387116100005],[-76.70645097599993,79.09068431200006],[-76.16869055899991,79.07733795800004],[-76.08560136599993,79.10362376500007],[-76.7417292959999,79.14964427300004],[-78.25739498599995,79.17194245000007],[-78.1824031239999,79.19542064000007],[-76.08877519399994,79.20469798400006],[-75.89362545499995,79.16966380400004],[-75.8528539699999,79.14520905200004],[-75.8938289049999,79.10362376500007],[-75.7571508449999,79.08421458500004],[-75.08698482999995,79.03184642100007],[-74.49233964799993,79.03672923400006],[-74.44082597599993,79.06268952000005],[-74.66738847599993,79.14520905200004],[-74.61213131399995,79.15135325700004],[-74.8249812489999,79.17930735900006],[-74.46873938699991,79.22715892100007],[-75.94815019399994,79.23716868700006],[-76.20559648299991,79.27716705900008],[-77.49705969999991,79.24762604400007],[-77.32575436099995,79.26744212400007],[-78.05939693899995,79.35687897300005],[-77.1618953119999,79.33018626500007],[-77.40151933499993,79.45307038000004],[-77.12450110599991,79.46893952000005],[-77.08706620999993,79.40607330900008],[-76.87328040299991,79.35004303600005],[-75.8801570299999,79.35687897300005],[-76.15233313699991,79.39500560100004],[-76.20754960799991,79.42991771000004],[-76.1408992179999,79.44688548400006],[-76.19359290299991,79.47028229400007],[-77.1885066399999,79.50840892100007],[-77.13377844999991,79.54865143400008],[-77.0449519519999,79.52195872600004],[-76.19522050699993,79.49351634300007],[-75.96125240799995,79.42731354400007],[-75.81867428299995,79.45307038000004],[-75.7556453119999,79.41404857000003],[-75.67495683499993,79.43394603100006],[-75.51244055899991,79.39618561400005],[-75.02798417899993,79.37327708500004],[-74.88857988199993,79.41563548400006],[-75.06460527299993,79.49408600500004],[-74.9963679679999,79.51341380400004],[-74.69611568899995,79.45001862200007],[-74.2820124989999,79.43992747600004],[-73.9922175769999,79.45868561400005],[-73.95107988199993,79.48749420800004],[-74.00259355399993,79.54246653900003],[-73.96580969999991,79.56358470300006],[-73.7337133449999,79.49616120000007],[-73.31688391799992,79.50914134300007],[-73.12531490799995,79.56635163000004],[-73.1870417959999,79.59703196800007],[-73.1733699209999,79.65855540600006],[-73.36001542899993,79.71714915600006],[-73.3862605459999,79.75470612200007],[-73.35147050699993,79.76837799700007],[-73.38333085799991,79.77562083500004],[-74.67015540299991,79.79572174700007],[-74.84487870999993,79.85032786700003],[-74.22777258999992,79.89569733300004],[-73.74193274599992,79.85032786700003],[-73.86546790299991,79.83726634300007],[-73.8132624989999,79.82233307500007],[-72.9309789699999,79.82359446800007],[-72.90583248599995,79.81614817900004],[-73.0635066399999,79.80186595300006],[-72.9201960929999,79.70958079600007],[-72.23167883999992,79.66258372600004],[-71.14240475199995,79.78949616100005],[-70.91161048099991,79.89256419500003],[-71.17853756399995,79.91636790600006],[-71.45962480399993,79.89874909100007],[-71.3760066399999,79.94232819200005],[-70.68882108291062,80.0],[-65.04393426843698,80.0],[-64.94981848899994,79.96015045800004],[-65.04662024599992,79.89866771000004],[-64.99819902299993,79.86448802300004],[-65.12857011599993,79.85028717700004],[-64.99819902299993,79.82977936400005],[-65.05284583199995,79.82355377800008],[-64.94298255099994,79.78266022300005],[-65.03233801999994,79.75462474200003],[-64.90884355399993,79.70693594000005],[-65.01187089799993,79.65851471600007],[-64.83580481699994,79.61237213700008],[-64.83141028599994,79.52716705900008],[-65.05134029899995,79.46381256700005],[-65.08698482999995,79.44000885600008],[-65.04662024599992,79.43256256700005],[-65.12677975199995,79.41347890800006],[-65.15355383999992,79.37641022300005],[-65.42808997299994,79.33368561400005],[-65.55247962099992,79.28851959800005],[-65.51895097599993,79.26740143400008],[-65.66950436099995,79.25324127800008],[-65.71019446499992,79.24070872600004],[-65.66234290299991,79.22028229400007],[-65.90941321499992,79.15131256700005],[-65.78587805899991,79.13833242400005],[-65.81883704299992,79.12909577000005],[-66.27065995999993,79.10358307500007],[-66.33641516799992,79.10956452000005],[-66.32774817599994,79.13833242400005],[-66.36310787699995,79.14325592700004],[-66.67886308499993,79.14443594000005],[-66.82062740799995,79.11786530200004],[-66.74547278599994,79.14516836100006],[-66.93040930899991,79.10358307500007],[-66.90998287699995,79.13084544500003],[-66.96165930899991,79.15412018400008],[-67.04010982999995,79.11570872600004],[-67.11270097599993,79.15643952000005],[-67.18285071499992,79.15786367400005],[-67.21841386599993,79.13833242400005],[-67.17747962099992,79.11786530200004],[-67.22691809799994,79.11517975500004],[-67.50584876199991,79.13833242400005],[-67.47598222599993,79.10651276200008],[-67.7122289699999,79.09438711100006],[-67.74600175699993,79.07684967700004],[-67.67027747299994,79.05516185100004],[-67.75865637899994,79.03827545800004],[-68.04019120999993,79.07684967700004],[-69.03392493399991,78.98004791900007],[-69.17174231699994,78.92544179900005],[-68.91319739499994,78.90086497600004],[-68.78075110599991,78.83665599200003],[-69.14834550699993,78.88060130400004],[-69.3587133449999,78.79938385600008],[-69.90855872299994,78.80394114800004],[-70.02147376199991,78.77521393400008],[-69.96279863199993,78.76325104400007],[-69.98668372299994,78.75348541900007],[-70.74583899599992,78.69537995000007],[-70.80231686099995,78.67841217700004],[-70.80199133999992,78.59878164300005],[-71.55455481699994,78.64345937700006],[-71.94180253799993,78.55825429900005],[-72.59019934799994,78.52122630400004],[-72.63890540299991,78.50092194200005],[-72.57062740799995,78.48725006700005],[-72.58849036399994,78.46723053600005],[-72.67300370999993,78.43886953300006],[-72.58429928299995,78.42511627800008],[-72.60362708199995,78.40424225500004],[-72.81387285099993,78.35936107000003],[-72.81704667899993,78.32273997600004],[-72.85057532499991,78.31533437700006],[-72.46076412699995,78.28864166900007],[-72.66100012899994,78.29116445500006],[-72.70718339799993,78.26752350500004],[-72.67983964799993,78.25385163000004],[-72.81704667899993,78.22650788000004],[-72.73448645699995,78.19236888200004],[-73.05724036399994,78.15827057500007],[-72.89517167899993,78.15395742400005],[-72.58259029899995,78.06207916900007],[-72.2969457669999,78.05585358300004],[-72.35138912699995,78.01496002800008],[-72.22801673099991,77.95966217700004],[-72.24168860599991,77.93854401200008],[-71.90566972599993,77.88865794500003],[-71.61668860599991,77.92523834800005],[-71.59056555899991,77.90497467700004],[-71.6309301419999,77.86277903900003],[-71.52489173099991,77.85553620000007],[-71.31216386599993,77.88882070500006],[-71.21320553299995,77.87030670800004],[-71.43956458199995,77.79999420800004],[-71.31281490799995,77.76984284100007],[-70.6790258449999,77.78148021000004],[-70.41193600199995,77.86269765800006],[-69.97301184799994,77.83612702000005],[-70.21247311099995,77.82721588700008],[-70.70612545499995,77.69147370000007],[-70.69690004259226,77.68804958162819],[-70.7890975536468,77.70220639814013],[-71.53672433195723,77.69063056830679],[-72.29052005990934,77.80661217979815],[-73.3462483511837,77.7198374862196],[-73.66183668896349,77.55355392884033],[-72.65128594364027,77.13111178108657],[-72.14829279565097,77.09927223960581],[-70.30838220360212,77.28753842418168],[-69.94939634493056,77.43342033088769],[-70.19193577506775,77.56436793987866],[-69.22256425699993,77.45290761900003],[-68.61091061099995,77.51772695500006],[-68.60997473899994,77.56488678600005],[-68.81480872299994,77.65802643400008],[-68.72984778599994,77.66913483300004],[-68.37026933499993,77.56655508000006],[-68.39028886599993,77.50714752800008],[-68.35643469999991,77.49994538000004],[-67.59166419199994,77.52435944200005],[-67.25011145699995,77.57477448100008],[-67.14085852799991,77.67226797100005],[-66.66348222599993,77.71942780200004],[-66.72374426999994,77.68024323100008],[-66.28132076699995,77.61790599200003],[-66.24144446499992,77.59967682500007],[-66.29979407499991,77.57538483300004],[-66.16323808499993,77.56858958500004],[-66.23155676999994,77.55491771000004],[-66.05337480399993,77.49347565300008],[-66.12515214799993,77.43333567900004],[-66.66348222599993,77.41779205900008],[-66.49722245999993,77.31232330900008],[-66.19676673099991,77.26072825700004],[-66.22614498599995,77.25250885600008],[-66.50503495999993,77.27899811400005],[-66.7727758449999,77.35635000200006],[-67.43594316299993,77.38357168200008],[-68.36949622299994,77.37685781500005],[-69.1028539699999,77.27440013200004],[-68.21597245999993,77.20579661700003],[-67.99282792899993,77.22601959800005],[-66.63683020699995,77.15399811400005],[-66.17007402299993,77.19867584800005],[-66.45128333199995,77.14411041900007],[-66.36192786399994,77.11615631700005],[-67.87816321499992,77.20229726800005],[-68.61681067599994,77.17072174700007],[-69.73346920499995,77.23899974200003],[-70.90330969999991,77.19135163000004],[-70.92516028599994,77.17816803600005],[-70.6992895169999,77.15086497600004],[-71.1926977199999,77.13727448100008],[-71.23550370999993,77.07249583500004],[-71.34243730399993,77.07074616100005],[-71.38442949099993,77.02399323100008],[-71.09715735599991,76.93178945500006],[-71.12144934799994,76.95087311400005],[-71.08283443899995,76.96588776200008],[-70.67878170499995,76.93862539300005],[-70.98721269399994,76.89704010600008],[-70.52110755099994,76.78717682500007],[-70.05016028599994,76.89203522300005],[-69.75698808499993,77.01064687700006],[-69.54165605399993,77.00629303600005],[-69.74339758999992,76.96930573100008],[-70.10338294199994,76.80145905200004],[-69.9180395169999,76.75043366100005],[-69.23989824099993,76.67658112200007],[-68.33877519399994,76.67348867400005],[-68.10244706899994,76.70628489800004],[-67.98558508999992,76.68414948100008],[-68.09544837099992,76.65741608300004],[-67.98558508999992,76.62270742400005],[-68.03111731699994,76.58405182500007],[-68.86717688699991,76.57021719000005],[-68.89679928299995,76.56122467700004],[-68.81480872299994,76.55499909100007],[-69.57725989499994,76.43764883000006],[-69.63727779899995,76.38312409100007],[-69.38442949099993,76.31362539300005],[-68.92369544199994,76.24689362200007],[-68.93150794199994,76.22540924700007],[-68.74596106699994,76.18447500200006],[-68.79246985599991,76.16681549700007],[-68.47057044199994,76.16282786700003],[-68.43809973899994,76.14350006700005],[-68.56956946499992,76.11749909100007],[-68.43252519399994,76.07941315300008],[-67.09756425699993,75.98948802300004],[-66.48843339799993,75.90985748900005],[-66.45128333199995,75.92377350500004],[-66.68936113199993,76.00678131700005],[-67.03490149599992,76.06443919500003],[-67.06017005099994,76.08148834800005],[-67.01235917899993,76.10252513200004],[-67.05744381399995,76.14020416900007],[-67.30776933499993,76.16400788000004],[-67.25031490799995,76.20453522300005],[-67.10855058499993,76.20498281500005],[-67.15876217399995,76.22882721600007],[-67.09727942599994,76.25897858300004],[-66.92715410099993,76.26650625200006],[-66.80601966099994,76.22016022300005],[-66.66974850199995,76.21857330900008],[-66.75914466099994,76.18447500200006],[-66.41372636599993,76.08612702000005],[-66.36558997299994,76.11212799700007],[-66.40965735599991,76.14972565300008],[-66.21890214799993,76.22508372600004],[-66.20726477799991,76.27781810100004],[-65.74014238199993,76.27850983300004],[-65.55247962099992,76.23908112200007],[-65.77220618399991,76.21238841400003],[-65.68968665299991,76.19814687700006],[-65.75234941299993,76.18447500200006],[-65.77904212099992,76.12783437700006],[-65.88890540299991,76.10252513200004],[-65.64248613199993,76.06159088700008],[-65.66234290299991,76.04047272300005],[-65.35448157499991,76.02680084800005],[-65.36310787699995,76.05023834800005],[-65.29991614499994,76.07526276200008],[-65.36070716099994,76.13605377800008],[-65.31973222599993,76.14972565300008],[-65.36070716099994,76.16400788000004],[-65.34264075399994,76.17584870000007],[-65.20767167899993,76.18138255400004],[-65.23786373599995,76.13605377800008],[-65.06676184799994,76.13739655200004],[-64.98794511599993,76.10626862200007],[-64.97777258999992,76.13605377800008],[-65.02497311099995,76.17767975500004],[-64.85191809799994,76.17641836100006],[-64.69961503799993,76.12555573100008],[-64.59414628799993,76.13605377800008],[-64.68285071499992,76.15729401200008],[-64.68317623599995,76.18585846600007],[-64.57461503799993,76.17511627800008],[-64.68976803299995,76.25336334800005],[-64.64443925699993,76.27411530200004],[-64.46422278599994,76.23505280200004],[-64.38121497299994,76.26032135600008],[-64.37441972599993,76.30801015800006],[-64.42906653599994,76.34902578300006],[-64.16905676999994,76.32225169500003],[-64.22423255099994,76.29433828300006],[-64.19627844999991,76.28001536700003],[-64.22423255099994,76.25958893400008],[-64.19082597599993,76.21137116100005],[-64.03111731699994,76.13605377800008],[-63.72866777299993,76.17804596600007],[-63.75059973899994,76.19814687700006],[-63.51720130099994,76.31028880400004],[-63.48501542899993,76.33950429900005],[-63.49742591099994,76.36945221600007],[-63.367298956999946,76.37689850500004],[-62.84919186099995,76.30353424700007],[-62.819569464999915,76.28001536700003],[-62.85313880099994,76.23908112200007],[-62.777414516999954,76.21238841400003],[-62.79165605399993,76.19814687700006],[-62.72899329299992,76.21238841400003],[-62.777414516999954,76.23908112200007],[-62.736317511999914,76.25731028900003],[-62.375843878999945,76.24485911700003],[-62.26675370999993,76.28994375200006],[-62.147368943999936,76.25958893400008],[-62.19517981699994,76.23908112200007],[-62.166859503999945,76.22199127800008],[-61.93936113199993,76.23920319200005],[-61.65733801999994,76.18292877800008],[-60.92406165299991,76.16567617400005],[-60.832142706999946,76.14350006700005],[-60.857533331999946,76.12750885600008],[-60.832142706999946,76.11562734600005],[-60.90729732999995,76.08148834800005],[-60.824777798999946,76.08148834800005],[-60.832142706999946,76.03363678600005],[-60.74547278599994,76.00104401200008],[-60.500843878999945,76.06736888200004],[-60.46157792899993,76.03363678600005],[-60.12417558499993,76.03188711100006],[-60.091053839999915,76.01312897300005],[-60.139515753999945,75.98582591400003],[-59.98863684799994,75.96539948100008],[-60.01659094999991,75.93744538000004],[-59.9934789699999,75.92914459800005],[-59.755848761999914,75.97223541900007],[-59.59142005099994,75.91693756700005],[-59.796864386999914,75.84186432500007],[-59.81468665299991,75.81948476800005],[-59.77293860599991,75.80141836100006],[-59.640288865999935,75.81244538000004],[-59.50365149599992,75.86676666900007],[-59.27220618399991,75.88011302300004],[-59.139515753999945,75.84186432500007],[-59.30337480399993,75.81452057500007],[-59.22150631399995,75.80093008000006],[-59.282866990999935,75.76609935100004],[-59.098866339999915,75.77537669500003],[-59.05703691299993,75.74371979400007],[-59.07681230399993,75.71149323100008],[-59.04161536399994,75.70136139500005],[-58.71336829299992,75.73525625200006],[-58.405913865999935,75.71893952000005],[-58.59434973899994,75.67975495000007],[-58.52025305899991,75.64915599200003],[-58.31029212099992,75.64325592700004],[-58.42613684799994,75.56610748900005],[-58.18993079299992,75.53436920800004],[-58.16673743399991,75.50043366100005],[-58.20665442599994,75.44403717700004],[-58.52684485599991,75.40656159100007],[-58.700103318999936,75.34845612200007],[-58.51748613199993,75.34723541900007],[-58.43203691299993,75.39866771000004],[-58.24762936099995,75.40302155200004],[-58.364898240999935,75.35521067900004],[-58.302845831999946,75.33417389500005],[-58.43936113199993,75.31427643400008],[-58.241444464999915,75.21124909100007],[-58.01231848899994,75.19806549700007],[-57.922718878999945,75.16339752800008],[-58.13149980399993,75.10822174700007],[-58.07697506399995,75.08771393400008],[-58.146148240999935,75.08380768400008],[-58.14159094999991,75.05182526200008],[-57.694203253999945,75.01968008000006],[-57.29259192599994,74.90741608300004],[-57.057850714999915,74.92194245000007],[-56.99449622299994,74.90338776200008],[-56.98696855399993,74.85455963700008],[-56.85496985599991,74.84845612200007],[-56.79523678299995,74.81395091400003],[-56.987212693999936,74.76557038000004],[-57.11461341099994,74.80084870000007],[-57.193023240999935,74.77301666900007],[-57.13036048099991,74.76557038000004],[-57.158314581999946,74.73826732000003],[-57.054676886999914,74.74526601800005],[-57.045000491435204,74.73853805354116],[-57.70798491431033,74.681210442334],[-57.952835977342566,74.47134948798298],[-59.18328007326212,74.36492150387409],[-59.32820309248528,74.1623557244594],[-59.79668743498663,74.06665410485653],[-59.91225716535287,73.88768960562317],[-60.3659319122112,73.79197864587132],[-60.48048124675978,73.60992209093288],[-60.99893120672386,73.47041786546673],[-60.01616331328546,72.24001375319236],[-61.9161716379959,72.05698264282724],[-62.10005447003579,72.09463003170225],[-62.20313732815594,72.21947870553196],[-61.77612530551932,72.33953703080205],[-61.69717824267173,72.45813012327902],[-62.61995199238482,73.35067587963091],[-62.16244596932363,73.4856971041218],[-62.07412788847864,73.59249919349038],[-62.7706108230862,74.20602490320455],[-63.0780570070606,74.27740694807683],[-63.66227739059221,74.28747500744538],[-64.12950150610995,74.41866223237253],[-64.73209144426863,74.42701339839691],[-65.1693093364526,74.55118278577181],[-65.82109876146046,74.56113240663419],[-66.32788860721973,74.68862827423936],[-67.77709568435581,74.61340644541876],[-68.62105489056958,75.0897170655724],[-68.94369676036825,75.14247154115269],[-69.66388048281438,75.15552554279788],[-70.52666420679623,75.60535289439922],[-70.88626065179882,75.66410696419887],[-71.64819521284787,75.67164264195385],[-72.81885299619867,76.16304158541648],[-73.45103826351313,76.16817994208154],[-78.35946506073651,75.44652032519127],[-79.50405897209336,75.7285320985015],[-79.90027625292187,75.71726124841278],[-80.36506038817495,75.64193274141273],[-80.50340735599991,75.66156647300005],[-81.01524817599994,75.63629791900007],[-81.28628495999993,75.66372304900005],[-81.09512285099993,75.75995514500005],[-81.11314856699994,75.77912018400008],[-82.33104407499991,75.84357330900008],[-82.79984541357615,75.7820277105814],[-82.95619471350393,75.88628993330346],[-83.9125052766463,76.04698529519135],[-84.65936611808498,76.00252009625751],[-85.30792581977208,76.07967597246945],[-85.98575834754217,76.02875704937354],[-86.59100322845632,76.1009121573448],[-87.31647351390906,76.047552856512],[-87.91454791389073,76.11581627756382],[-88.3770247043985,76.09177577478657],[-89.04958461619945,75.93934498875481],[-88.95048017402891,75.77344374364566],[-87.99949841132812,75.52381252347774],[-88.22813880099994,75.47134023600006],[-88.30382239499994,75.49921295800004],[-88.20010331899994,75.51837799700007],[-88.22264563699991,75.54498932500007],[-88.72240149599992,75.68610260600008],[-88.75633704299992,75.67796458500004],[-88.75649980399993,75.64581940300008],[-88.90029863199993,75.60907623900005],[-88.75291907499991,75.48187897300005],[-88.76378333199995,75.43773021000004],[-88.91738847599993,75.43036530200004],[-89.1023656889999,75.48867422100005],[-89.20848548099991,75.58600495000007],[-89.67552649599992,75.54962799700007],[-89.70840410099993,75.56069570500006],[-89.54458574099993,75.57436758000006],[-89.76305091099994,75.58120351800005],[-89.64720618399991,75.62238190300008],[-89.25719153599994,75.63580963700008],[-89.16250566299993,75.76520416900007],[-89.19766191299993,75.79629140800006],[-89.51480058499993,75.85932038000004],[-89.60545813699991,75.86204661700003],[-89.55142167899993,75.85553620000007],[-89.77733313699991,75.79409414300005],[-89.77025305899991,75.84365469000005],[-89.68797766799992,75.90326569200005],[-89.84780839799993,75.96784088700008],[-89.95929928299995,75.97703685100004],[-89.92813066299993,76.00633372600004],[-89.96377519399994,76.01601797100005],[-90.04857337099992,76.01068756700005],[-90.11375891799992,75.93744538000004],[-90.31484941299993,75.97435130400004],[-90.51854407499991,75.89883047100005],[-90.51915442599994,75.94037506700005],[-90.42845618399991,75.97223541900007],[-90.55186926999994,75.98602936400005],[-90.70034745999993,75.95673248900005],[-90.73631751199991,75.96539948100008],[-90.67487545499995,75.97842031500005],[-90.79775956899994,75.99884674700007],[-90.93175208199995,75.92340729400007],[-91.06590735599991,75.89647044500003],[-91.12881425699993,75.83612702000005],[-91.14781653599994,75.90326569200005],[-90.94717363199993,75.94285716400003],[-91.07213294199994,75.99266185100004],[-90.94298255099994,76.00633372600004],[-91.16148841099994,76.02065664300005],[-90.29124915299991,76.03180573100008],[-90.18822180899991,76.06777578300006],[-90.55199133999992,76.09568919500003],[-90.71930904899995,76.05638255400004],[-90.86668860599991,76.06777578300006],[-90.66808020699995,76.11562734600005],[-91.24364173099991,76.16400788000004],[-91.40851803299995,76.14972565300008],[-91.25767981699994,76.20156484600005],[-91.6133520169999,76.26703522300005],[-91.23721269399994,76.22540924700007],[-91.16148841099994,76.19814687700006],[-90.09373938699991,76.12498607000003],[-90.05109615799995,76.13605377800008],[-90.45641028599994,76.17767975500004],[-89.38011633999992,76.18447500200006],[-89.19444739499994,76.24819570500006],[-89.29759680899991,76.30052317900004],[-90.44782467399995,76.41132233300004],[-90.57738196499992,76.39158763200004],[-90.99014238199993,76.45136139500005],[-91.40111243399991,76.45880768400008],[-91.56554114499994,76.49974192900004],[-91.34943600199995,76.51691315300008],[-91.0735570949999,76.48061758000006],[-91.01065019399994,76.49233633000006],[-91.00450598899994,76.52008698100008],[-90.65343176999994,76.45677317900004],[-90.46939042899993,76.48615143400008],[-90.53087317599994,76.50657786700003],[-90.4973852199999,76.52708567900004],[-90.53270423099991,76.55052317900004],[-90.80638587099992,76.58746979400007],[-90.92113196499992,76.64329661700003],[-91.44107011599993,76.69367096600007],[-92.00438391799992,76.66425202000005],[-92.36896725199995,76.59910716400003],[-93.07925370999993,76.62763092700004],[-93.1148168609999,76.61644114800004],[-93.09365800699993,76.59601471600007],[-93.36188717399995,76.47186920800004],[-93.58031165299991,76.43085358300004],[-93.45738684799994,76.41038646000004],[-93.56069902299993,76.39516836100006],[-93.65607662699995,76.44513580900008],[-93.29914303299995,76.55499909100007],[-93.26158606699994,76.62641022300005],[-93.17625891799992,76.68105703300006],[-93.19676673099991,76.75307851800005],[-93.2727758449999,76.75287506700005],[-93.28551184799994,76.78034088700008],[-93.70091712099992,76.92096588700008],[-93.96401933499993,76.93650950700004],[-94.11359615799995,76.88776276200008],[-94.23399817599994,76.89061107000003],[-94.30728105399993,76.92169830900008],[-94.45547441299993,76.92108795800004],[-94.50796464799993,76.97117747600004],[-94.93032792899993,76.97894928600005],[-95.42373613199993,77.06146881700005],[-95.77074133999992,77.07672760600008],[-96.3902074859999,77.03424713700008],[-96.24673417899993,77.00629303600005],[-96.47297115799995,76.95921458500004],[-96.8184301419999,76.98338450700004],[-96.65770423099991,76.95229726800005],[-96.8511449859999,76.92963288000004],[-96.81956946499992,76.87201569200005],[-96.31444251199991,76.80829498900005],[-96.51146399599992,76.80805084800005],[-96.50690670499995,76.78717682500007],[-96.58193925699993,76.77350495000007],[-96.30821692599994,76.75983307500007],[-96.66295325399994,76.75413646000004],[-96.86750240799995,76.81366608300004],[-96.90038001199991,76.78636302300004],[-96.84264075399994,76.77350495000007],[-96.96556555899991,76.73940664300005],[-96.87149003799993,76.70319245000007],[-96.49962317599994,76.69574616100005],[-96.37242591099994,76.63764069200005],[-96.22569739499994,76.63694896000004],[-96.24673417899993,76.62270742400005],[-96.14224199099993,76.58348216400003],[-95.99229895699995,76.58173248900005],[-96.02700761599993,76.55499909100007],[-95.7840063139999,76.55467357000003],[-95.58824622299994,76.60960521000004],[-95.75767981699994,76.52732982000003],[-96.05728105399993,76.52399323100008],[-96.10899817599994,76.49974192900004],[-95.82331295499995,76.39911530200004],[-95.42052161399994,76.40094635600008],[-95.37596594999991,76.39671458500004],[-95.45173092399995,76.36945221600007],[-94.80060787699995,76.32843659100007],[-95.35777747299994,76.30512116100005],[-95.39024817599994,76.23908112200007],[-95.06065833199995,76.22540924700007],[-94.74909420499995,76.31484609600005],[-94.66344153599994,76.31484609600005],[-94.64232337099992,76.29433828300006],[-94.66344153599994,76.28685130400004],[-94.60366777299993,76.27374909100007],[-94.18639075399994,76.28408437700006],[-93.70372473899994,76.25153229400007],[-93.63491777299993,76.25958893400008],[-93.76593990799995,76.28685130400004],[-93.6773168609999,76.32705312700006],[-93.62124589799993,76.31484609600005],[-93.66974850199995,76.30052317900004],[-93.59105383999992,76.29970937700006],[-93.28990637899994,76.36920807500007],[-93.06017005099994,76.34902578300006],[-93.08067786399994,76.32225169500003],[-93.04845130099994,76.29539622600004],[-92.80093339799993,76.21434153900003],[-92.75991777299993,76.16486237200007],[-92.66612708199995,76.13507721600007],[-92.61974036399994,76.01459381700005],[-92.41283118399991,75.92645905200004],[-92.12682044199994,75.87384674700007],[-92.10472571499992,75.81452057500007],[-92.17568925699993,75.75250885600008],[-92.01183020699995,75.66372304900005],[-92.07945716099994,75.62897370000007],[-92.00438391799992,75.60162995000007],[-92.19579016799992,75.55670807500007],[-92.38076738199993,75.45612213700008],[-92.46304277299993,75.37567780200004],[-92.32652747299994,75.37567780200004],[-92.42894446499992,75.34153880400004],[-92.47052975199995,75.29315827000005],[-92.45685787699995,75.25218333500004],[-92.50401770699995,75.21800364800004],[-92.28229732999995,75.14081452000005],[-92.05589758999992,75.15322500200006],[-92.11424719999991,75.13613515800006],[-92.01183020699995,75.10138580900008],[-92.23033606699994,75.07404205900008],[-92.20238196499992,75.06728750200006],[-92.22411048099991,75.03245677300004],[-92.06114661399994,74.96283600500004],[-92.07945716099994,74.93691640800006],[-92.01183020699995,74.90961334800005],[-92.0137426419999,74.85504791900007],[-92.06273352799991,74.80341217700004],[-91.80577551999994,74.73826732000003],[-91.88084876199991,74.71161530200004],[-91.66600501199991,74.72675202000005],[-91.62083899599992,74.71161530200004],[-91.68907630099994,74.68366120000007],[-91.51349850199995,74.64472077000005],[-91.3684789699999,74.64858633000006],[-91.33946692599994,74.68878815300008],[-91.37376868399991,74.70408763200004],[-91.33043372299994,74.72093333500004],[-91.29527747299994,74.70522695500006],[-91.28563391799992,74.63589101800005],[-91.09943600199995,74.62905508000006],[-91.23037675699993,74.73826732000003],[-91.09943600199995,74.75250885600008],[-90.78677324099993,74.88963450700004],[-90.75682532499991,74.88287995000007],[-90.75682532499991,74.83441803600005],[-91.0249731109999,74.70408763200004],[-90.90550696499992,74.68695709800005],[-90.84618079299992,74.72528717700004],[-90.72329667899993,74.73826732000003],[-90.76366126199991,74.71775950700004],[-90.73009192599994,74.66315338700008],[-90.5637914699999,74.60858795800004],[-90.31175696499992,74.62905508000006],[-90.37319902299993,74.60175202000005],[-90.11074785099993,74.55467357000003],[-90.00865637899994,74.59064362200007],[-89.91852779899995,74.52728913000004],[-89.43443762899994,74.55329010600008],[-89.38182532499991,74.58771393400008],[-89.14736894399994,74.60789622600004],[-89.0989477199999,74.68707916900007],[-89.27025305899991,74.75873444200005],[-89.06029212099992,74.72223541900007],[-89.01016191299993,74.78607819200005],[-89.0989477199999,74.84072500200006],[-88.92076575399994,74.78607819200005],[-88.89061438699991,74.67499420800004],[-88.84764563699991,74.66498444200005],[-88.76455644399994,74.71552155200004],[-88.75255286399994,74.77562083500004],[-88.66128495999993,74.85154857000003],[-88.62596594999991,74.85496653900003],[-88.61913001199991,74.82078685100004],[-88.55492102799991,74.84088776200008],[-88.57876542899993,74.89606354400007],[-88.53945878799993,74.90375397300005],[-88.44782467399995,74.83441803600005],[-88.48884029899995,74.79352448100008],[-88.29698645699995,74.77985260600008],[-88.43419348899994,74.76557038000004],[-88.40762285099993,74.75275299700007],[-88.43443762899994,74.70111725500004],[-88.56436113199993,74.57343170800004],[-88.51781165299991,74.50120677300004],[-88.24205481699994,74.48139069200005],[-88.14915930899991,74.51190827000005],[-88.06041419199994,74.47736237200007],[-87.87734941299993,74.48187897300005],[-87.75576738199993,74.51992422100005],[-87.73839270699995,74.47479889500005],[-87.64362545499995,74.45831940300008],[-87.29649817599994,74.54645416900007],[-87.37279212099992,74.52602773600006],[-87.33470618399991,74.48309967700004],[-87.25926673099991,74.46816640800006],[-87.04991614499994,74.47736237200007],[-87.01406816299993,74.51398346600007],[-86.91104081899994,74.46454498900005],[-86.60374915299991,74.47138092700004],[-86.80101477799991,74.54938385600008],[-86.80304928299995,74.62221914300005],[-86.74901282499991,74.61542389500005],[-86.75694739499994,74.58746979400007],[-86.6614477199999,74.53754303600005],[-86.38003495999993,74.48749420800004],[-86.25133216099994,74.52838776200008],[-86.22398841099994,74.55512116100005],[-86.23790442599994,74.60138580900008],[-86.17926998599995,74.62221914300005],[-86.15379798099991,74.60789622600004],[-86.17926998599995,74.59422435100004],[-86.08018958199995,74.54987213700008],[-86.12462317599994,74.48436107000003],[-85.60387122299994,74.49803294500003],[-85.48228919199994,74.54535553600005],[-85.5554906889999,74.66315338700008],[-85.53368079299992,74.69009023600006],[-85.48029537699995,74.67426178600005],[-85.35741126199991,74.50556061400005],[-85.18492591099994,74.49310944200005],[-85.03526770699995,74.53900788000004],[-85.0762426419999,74.64264557500007],[-85.00157630099994,74.68256256700005],[-85.00796464799993,74.70408763200004],[-84.95718339799993,74.68109772300005],[-84.99437415299991,74.64887116100005],[-84.98745683499993,74.57440827000005],[-84.9148656889999,74.51235586100006],[-84.27405107047954,74.50663713857546],[-84.3258667250632,74.46305644505091],[-83.65032671522707,74.15659371003814],[-85.02681450198132,73.82815694756229],[-85.06450635574875,73.80176424812389],[-85.10570227799991,73.81199778900003],[-86.55842037699995,73.85529205900008],[-87.1341039699999,73.80272044500003],[-87.7644750639999,73.71674225500004],[-88.68748938699991,73.42304108300004],[-88.8594457669999,73.33368561400005],[-88.6192113919999,73.28583405200004],[-88.86286373599995,73.30634186400005],[-89.05121822799993,73.25169505400004],[-88.88670813699991,73.21698639500005],[-89.04120846299992,73.21893952000005],[-89.14753170499995,73.18622467700004],[-89.16141531221089,73.17344159932198],[-89.63489367110265,73.3603411976395],[-89.99379278607479,73.39873961750497],[-90.54487965807166,73.33520182662764],[-91.0566541137439,73.39499625956553],[-91.11072814199046,73.39094255991448],[-90.92125403599994,73.49811432500007],[-90.98338782499991,73.55955638200004],[-90.78636633999992,73.55683014500005],[-90.51073157499991,73.69794342700004],[-90.37319902299993,73.79238515800006],[-90.37889563699991,73.85838450700004],[-90.31297766799992,73.87103913000004],[-90.26414954299992,73.84479401200008],[-90.19570878799993,73.90224844000005],[-90.99388587099992,74.00592682500007],[-91.57237708199995,74.03314850500004],[-91.8145238919999,74.02875397300005],[-92.10741126199991,73.99217357000003],[-92.1309301419999,73.95083242400005],[-92.33397376199991,73.94318268400008],[-92.27131100199995,73.99217357000003],[-92.43016516799992,74.06240469000005],[-92.64281165299991,74.10297272300005],[-92.74705969999991,74.08510976800005],[-92.79995683499993,74.13182200700004],[-93.27257239499994,74.17796458500004],[-93.72984778599994,74.16083405200004],[-93.76593990799995,74.13556549700007],[-93.72492428299995,74.08779531500005],[-93.75723222599993,74.07713450700004],[-93.91901607999995,74.14008209800005],[-94.72057044199994,74.10138580900008],[-94.85936438699991,74.05683014500005],[-95.24864661399994,74.00991445500006],[-95.31309973899994,73.97370026200008],[-95.33092200399994,73.91746653900003],[-95.15538489499994,73.82729726800005],[-95.04759680899991,73.86123281500005],[-94.95763098899994,73.84137604400007],[-95.11587480399993,73.81403229400007],[-94.91047115799995,73.71039459800005],[-94.62242591099994,73.65574778900003],[-95.02135169199994,73.67059967700004],[-95.24592037699995,73.75971100500004],[-95.41173255099994,73.77643463700008],[-95.66234290299991,73.73094310100004],[-95.68443762899994,73.71723053600005],[-95.65648352799991,73.70416901200008],[-95.71922766799992,73.69057851800005],[-95.68455969999991,73.66791413000004],[-95.7254125639999,73.64150625200006],[-95.54043535099993,73.58071523600006],[-95.63292395699995,73.59454987200007],[-95.67015540299991,73.58685944200005],[-95.64346269399994,73.56704336100006],[-95.70494544199994,73.55955638200004],[-95.63585364499994,73.52814362200007],[-95.68517005099994,73.46320221600007],[-95.60191809799994,73.38890208500004],[-95.65029863199993,73.33368561400005],[-95.59166419199994,73.30263906500005],[-95.58975175699993,73.24673086100006],[-95.56090247299994,73.23802317900004],[-95.58853105399993,73.23021067900004],[-95.58202063699991,73.16233958500004],[-95.5132543609999,73.13373444200005],[-95.65160071499992,73.11859772300005],[-95.69127356699994,73.08722565300008],[-95.65029863199993,73.03949616100005],[-95.71739661399994,72.99713776200008],[-95.62295488199993,72.92963288000004],[-95.66299394399994,72.88491445500006],[-95.66893469999991,72.80215078300006],[-95.56358801999994,72.78628164300005],[-95.51309160099993,72.73777903900003],[-95.59040279899995,72.74339427300004],[-95.59268144399994,72.69944896000004],[-95.36318925699993,72.63971588700008],[-95.31387285099993,72.60748932500007],[-95.34862219999991,72.59381745000007],[-95.31387285099993,72.54535553600005],[-95.21524003799993,72.53241608300004],[-95.1460181723146,72.47236947917192],[-95.18444867007061,72.45813865726157],[-95.19847571499992,72.45661041900007],[-95.19351960892182,72.45477968657713],[-95.23478169165473,72.43950032811682],[-95.23534094999991,72.43952057500007],[-95.23519532176087,72.43934716079605],[-96.10984230354373,72.11546518791094],[-96.4910099229162,72.14296941591134],[-96.53416032899992,72.24433014500005],[-96.61611019799994,72.25116608300004],[-96.55466814099992,72.26422760600008],[-96.58193051099994,72.28530508000006],[-96.87681169599995,72.32632070500006],[-96.66440935199995,72.31826406500005],[-96.30556332299994,72.43667226800005],[-96.37929379199994,72.54010651200008],[-96.43857927399995,72.53856028900003],[-96.40378923499992,72.56586334800005],[-96.44871110999992,72.59638092700004],[-96.45225114899995,72.64223867400005],[-96.58876644799994,72.69684479400007],[-96.51365251599992,72.72410716400003],[-96.53757829699992,72.75202057500007],[-96.93202816699994,72.67572663000004],[-97.06858415699992,72.61424388200004],[-97.1939096779999,72.61505768400008],[-97.18528337499993,72.66889069200005],[-97.02561540699992,72.72947825700004],[-97.09080095399992,72.78266022300005],[-97.1648976329999,72.78514232000003],[-97.21938168299994,72.84023672100005],[-97.41860043299994,72.86066315300008],[-97.27382504199994,72.87872955900008],[-97.22621761999994,72.93642812700006],[-97.2559620859999,72.96206289300005],[-97.66074724299995,73.03668854400007],[-97.9851694429999,73.04413483300004],[-98.26772152699994,72.97736237200007],[-98.3953256929999,72.90485260600008],[-98.4175831799999,72.86102936400005],[-98.44618832299994,72.87250397300005],[-98.43162126599992,72.94342682500007],[-98.4732065529999,72.96369049700007],[-98.4553842869999,72.99575429900005],[-98.51475114899995,73.00470612200007],[-98.49403988599994,73.01788971600007],[-98.34861345399992,73.04364655200004],[-97.73329769799994,73.30634186400005],[-97.29514665699992,73.36644114800004],[-97.1936655369999,73.35126373900005],[-97.1504933359999,73.39508698100008],[-97.25413103199992,73.43610260600008],[-97.16477556299992,73.44969310100004],[-97.22019548499992,73.47748444200005],[-97.34804379199994,73.46954987200007],[-97.44504899999993,73.50263092700004],[-97.63222347999994,73.46039459800005],[-97.6685190529999,73.48212311400005],[-97.64394222999994,73.53969961100006],[-97.4317026459999,73.53229401200008],[-97.44858903999994,73.58515045800004],[-97.2200327239999,73.55597565300008],[-96.99473161799995,73.62592194200005],[-96.93821306299992,73.68683502800008],[-96.95640153999994,73.73729075700004],[-97.19370622699995,73.84747955900008],[-97.6133839609999,73.89545319200005],[-97.8357553809999,73.86806875200006],[-97.73329769799994,73.90900299700007],[-97.77390642199992,73.91889069200005],[-97.90464372699995,73.90224844000005],[-97.97690935199995,73.84857819200005],[-98.0965382579999,73.81830475500004],[-98.67917985999992,73.77741120000007],[-98.7891245209999,73.73773834800005],[-98.83860368799992,73.76166413000004],[-99.12864274999993,73.75177643400008],[-99.17954607099995,73.69057851800005],[-99.24778337499993,73.69672272300005],[-99.21840511999994,73.73944733300004],[-99.3931284279999,73.79954661700003],[-99.78904314099992,73.86806875200006],[-99.8374643649999,73.90224844000005],[-99.80271501599992,73.93695709800005],[-100.1155405369999,73.94009023600006],[-100.24924821899992,73.90875885600008],[-100.30295915699992,73.86123281500005],[-100.0860402109999,73.83177317900004],[-99.84609066699994,73.88833242400005],[-99.86106462499993,73.84446849200003],[-100.02927751599992,73.76561107000003],[-100.02329607099995,73.73777903900003],[-100.0699269299999,73.77301666900007],[-100.41493832299994,73.84365469000005],[-100.6414194429999,73.85431549700007],[-100.75828142199992,73.81439850500004],[-100.88584489899995,73.83209870000007],[-101.0049448339999,73.80239492400005],[-101.02919613599994,73.77871328300006],[-100.98142595399992,73.77252838700008],[-101.11855160499994,73.72406647300005],[-101.0161753029999,73.71723053600005],[-101.0479135839999,73.68256256700005],[-100.85789079699992,73.66885000200006],[-100.9131479589999,73.63532135600008],[-100.87473649999993,73.61863841400003],[-100.54941911799995,73.60053131700005],[-100.54319353199992,73.56704336100006],[-100.6043100679999,73.49876536700003],[-100.42026872699995,73.41925690300008],[-100.65427751599992,73.46149323100008],[-100.7691456799999,73.54588450700004],[-100.91855974299995,73.60297272300005],[-101.22983903999994,73.60614655200004],[-101.26938982099995,73.56004466400003],[-101.43715511999994,73.55341217700004],[-101.53159685199995,73.49555084800005],[-101.62563168299994,73.49135976800005],[-101.56321306299992,73.44953034100007],[-101.31484066699994,73.40045807500007],[-101.28896176099994,73.36005280200004],[-101.02919613599994,73.32623932500007],[-101.03159685199995,73.30243561400005],[-100.85789079699992,73.26284414300005],[-100.33713884399992,73.32623932500007],[-100.40598649999993,73.36782461100006],[-100.3628956799999,73.39960358300004],[-100.0535695079999,73.24518463700008],[-99.7686167089999,73.21076080900008],[-100.0386769299999,73.19367096600007],[-100.13853044599995,73.22382233300004],[-100.1043507579999,73.24428945500006],[-100.1995249119999,73.24017975500004],[-100.3513803809999,73.29266998900005],[-100.5562550549999,73.23126862200007],[-100.46742855799994,73.20331452000005],[-100.61147152699994,73.14809804900005],[-100.5193491309999,73.11603424700007],[-100.52952165699992,73.09345123900005],[-100.22788591499994,73.13442617400005],[-100.32346696899992,73.10089752800008],[-100.17323910499994,73.07977936400005],[-100.22788591499994,73.05247630400004],[-100.1316945079999,73.04629140800006],[-100.1521616309999,73.03266022300005],[-100.11118669599995,73.03266022300005],[-100.11118669599995,72.99848053600005],[-100.18007504199994,72.99103424700007],[-100.0354624119999,72.94383372600004],[-100.0884409279999,72.91901276200008],[-100.07175798499992,72.88857656500005],[-100.3047902109999,72.87498607000003],[-100.3296925549999,72.90843333500004],[-100.26499528999994,72.92283763200004],[-100.26877946899992,72.96002838700008],[-100.31223649999993,72.93797435100004],[-100.4165659279999,72.97833893400008],[-100.3814096779999,73.00967031500005],[-100.40598649999993,73.01898834800005],[-100.31040544599995,73.03266022300005],[-100.3513803809999,73.05247630400004],[-100.46742855799994,73.01898834800005],[-100.44700212499993,73.00470612200007],[-100.5022592869999,72.96369049700007],[-100.3923960059999,72.95010000200006],[-100.44700212499993,72.92210521000004],[-100.39662777699994,72.90281810100004],[-100.42026872699995,72.87498607000003],[-100.33339535499994,72.85016510600008],[-100.31663103199992,72.80609772300005],[-100.44834489899995,72.73810455900008],[-100.83608090199994,72.76414622600004],[-100.87217302399995,72.73777903900003],[-100.8101206149999,72.72410716400003],[-100.94724626599992,72.68939850500004],[-101.3335581149999,72.72479889500005],[-101.4133920989999,72.75202057500007],[-101.3110971779999,72.74770742400005],[-101.27683610999992,72.77875397300005],[-101.46860857099995,72.80609772300005],[-101.5222788179999,72.88080475500004],[-101.59836931299992,72.90843333500004],[-101.5437631929999,72.92210521000004],[-101.56785173499992,72.92731354400007],[-101.59788103199992,72.92226797100005],[-101.6287241309999,72.89232005400004],[-101.73923845399992,72.92767975500004],[-101.81748552399995,72.97052643400008],[-101.7349253029999,72.97052643400008],[-101.78953142199992,72.98480866100005],[-101.76283871399994,73.01898834800005],[-101.9813038829999,73.06610748900005],[-101.9478159279999,73.09345123900005],[-102.28293962499993,73.08722565300008],[-102.48476254199994,73.04124583500004],[-102.56785173499992,72.99477773600006],[-102.60203142199992,72.91217682500007],[-102.7559620859999,72.81232330900008],[-102.75034685199995,72.76390208500004],[-102.71498715199994,72.75202057500007],[-102.7422902109999,72.73037344000005],[-102.61423845399992,72.66132233300004],[-102.39280290699992,72.57953522300005],[-101.93398129199994,72.48651764500005],[-101.90623064099992,72.47028229400007],[-101.9614878029999,72.47028229400007],[-101.91982113599994,72.40818919500003],[-101.77646989899995,72.39516836100006],[-101.89316911799995,72.39516836100006],[-101.87278337499993,72.38108958500004],[-101.89316911799995,72.36041901200008],[-101.7820444429999,72.30878327000005],[-101.60227556299992,72.31102122600004],[-101.44862972999994,72.24213288000004],[-101.39976091499994,72.25116608300004],[-101.40321957299994,72.27928294500003],[-101.35618181299992,72.30573151200008],[-101.21616716499994,72.33470286700003],[-101.0359913829999,72.27789948100008],[-101.08384294599995,72.26422760600008],[-101.0230112399999,72.25739166900007],[-101.05710954699992,72.23688385600008],[-100.96775407899992,72.17544179900005],[-100.8963022559999,72.20929596600007],[-100.6365366309999,72.18646881700005],[-100.48793636999994,72.12763092700004],[-100.5152394299999,72.12079498900005],[-100.49839372699995,72.09666575700004],[-100.42026872699995,72.09349192900004],[-100.44700212499993,72.05878327000005],[-100.11863298499992,71.89423248900005],[-99.86436052399995,71.85944245000007],[-99.8201303809999,71.80613841400003],[-99.6934620859999,71.76715729400007],[-99.56166683899994,71.62006256700005],[-99.38523454699992,71.58584219000005],[-99.37449235999992,71.56126536700003],[-99.41225277699994,71.54547760600008],[-99.31606136999994,71.47654857000003],[-99.26217961679522,71.3920706450733],[-99.88280035250565,71.52001408801827],[-100.34705205024807,71.48019796451814],[-100.68873876147752,71.32141622774051],[-100.70496537265609,71.21248869100987],[-100.54335309527848,71.13437792000283],[-99.33355341031907,70.84702167035209],[-99.41941093723065,70.65765289992444],[-99.15629682657594,70.50449002875949],[-99.33806350126903,70.39369869769163],[-99.58027416177815,70.3674159011661],[-100.20707618657538,70.51001120817939],[-100.26872958797662,70.51338983652813],[-100.28868567599994,70.53807200700004],[-100.39240475199995,70.58527252800008],[-100.19375566299993,70.57904694200005],[-100.34434973899994,70.60976797100005],[-100.4863988919999,70.68154531500005],[-100.58043372299994,70.66095612200007],[-100.71450761599993,70.68146393400008],[-100.67178300699993,70.64573802300004],[-100.68032792899993,70.57534414300005],[-100.65562903599994,70.55158112200007],[-100.52802579157378,70.5255344247832],[-100.77690850384676,70.48222143861923],[-101.26626744707977,70.25744639900937],[-101.5966881235368,70.27492932691835],[-101.59496008999992,70.27732982000003],[-101.79027258999992,70.30556875200006],[-101.83955626231139,70.27079925033713],[-101.90699515452049,70.26334388488581],[-101.92015540299991,70.26373932500007],[-102.12621008999992,70.34503815300008],[-102.1922094389999,70.33344147300005],[-102.40929114499994,70.42552317900004],[-102.85106360599991,70.51634349200003],[-102.85973059799994,70.59658437700006],[-103.08690344999991,70.67747630400004],[-103.16124426999994,70.66095612200007],[-103.12523352799991,70.57607656500005],[-102.94595292899993,70.53164297100005],[-102.92784583199995,70.49909088700008],[-103.13931230399993,70.51056549700007],[-103.30846106699994,70.59796784100007],[-103.5718481109999,70.60553620000007],[-103.84337317599994,70.74310944200005],[-103.9981176419999,70.76190827000005],[-104.10521399599992,70.89809804900005],[-104.20250403599994,70.95526764500005],[-104.59117591099994,71.07318756700005],[-104.64781653599994,71.11969635600008],[-104.47740637899994,71.19765859600005],[-104.44054114499994,71.24909088700008],[-104.48696855399993,71.34760163000004],[-104.2813207669999,71.35024648600006],[-104.34508216099994,71.42186107000003],[-104.31883704299992,71.46971263200004],[-104.40758216099994,71.51068756700005],[-104.36534583199995,71.57721588700008],[-104.6695043609999,71.82404205900008],[-104.81460527299993,71.86188385600008],[-104.88565019399994,72.00088125200006],[-104.94884192599994,72.05878327000005],[-105.02456620999993,72.07298411700003],[-105.03888912699995,72.11395905200004],[-104.96251380099994,72.16242096600007],[-104.96629798099991,72.19354889500005],[-105.30508378799993,72.45661041900007],[-105.21056067599994,72.45331452000005],[-105.19587154899995,72.48395416900007],[-105.2483617829999,72.50067780200004],[-105.23062089799993,72.54535553600005],[-105.31875566299993,72.55902741100005],[-105.34666907499991,72.62051015800006],[-105.28966223899994,72.65444570500006],[-105.45653235599991,72.70302969000005],[-105.42861894399994,72.73037344000005],[-105.5105688139999,72.77875397300005],[-105.38145911399994,72.73037344000005],[-105.31875566299993,72.73777903900003],[-105.40127519399994,72.77130768400008],[-105.36717688699991,72.79242584800005],[-105.55894934799994,72.86066315300008],[-105.52481035099993,72.88117096600007],[-105.6409399079999,72.93642812700006],[-105.60680091099994,72.95010000200006],[-105.81932532499991,73.00470612200007],[-105.85008704299992,73.05996328300006],[-106.00841223899994,73.04901764500005],[-106.23399817599994,73.08722565300008],[-106.4707738919999,73.18964264500005],[-106.5047094389999,73.23436107000003],[-106.67593339799993,73.22955963700008],[-106.77672278599994,73.29694245000007],[-106.87344316299993,73.31557851800005],[-107.08771725199995,73.28583405200004],[-107.12873287699995,73.24428945500006],[-107.01138261599993,73.19708893400008],[-107.07323157499991,73.17804596600007],[-107.66201738199993,73.32843659100007],[-108.08763587099992,73.35415273600006],[-108.01317298099991,73.31317780200004],[-108.1565649079999,73.30634186400005],[-108.1187231109999,73.26878489800004],[-107.86790930899991,73.18964264500005],[-108.16494706899994,73.20612213700008],[-108.29832923099991,73.13377513200004],[-108.1565649079999,73.05247630400004],[-108.2346899079999,73.04291413000004],[-108.13609778599994,72.98480866100005],[-108.16783606699994,72.95815664300005],[-108.10472571499992,72.91217682500007],[-108.14248613199993,72.88837311400005],[-108.05646725199995,72.77606842700004],[-108.08364824099993,72.76007721600007],[-108.00572669199994,72.70302969000005],[-108.0125219389999,72.66376373900005],[-107.95791581899994,72.64223867400005],[-108.01317298099991,72.62051015800006],[-107.87535559799994,72.57330963700008],[-107.87535559799994,72.52488841400003],[-107.98521887899994,72.51805247600004],[-107.78600012899994,72.46344635600008],[-107.8718969389999,72.43480052300004],[-107.80650794199994,72.38776276200008],[-107.84805253799993,72.36041901200008],[-107.71776282499991,72.30267975500004],[-107.86485755099994,72.29584381700005],[-107.79478919199994,72.25104401200008],[-107.77916419199994,72.14130280200004],[-107.63516191299993,72.12763092700004],[-107.66315670499995,72.12079498900005],[-107.61465410099993,72.09690989800004],[-107.6563207669999,72.07298411700003],[-107.6048070949999,72.01093170800004],[-107.42271887899994,71.97719961100006],[-107.41665605399993,71.92902252800008],[-107.25157630099994,71.90167877800008],[-107.47248287699995,71.87026601800005],[-107.25157630099994,71.80613841400003],[-107.56362870999993,71.77521393400008],[-107.66844641799992,71.70815664300005],[-107.80113684799994,71.73436107000003],[-107.83438066299993,71.70990631700005],[-107.83307857999995,71.67918528900003],[-107.72451738199993,71.63483307500007],[-107.74095618399991,71.61815013200004],[-107.98521887899994,71.63483307500007],[-107.99193274599992,71.68341705900008],[-108.04670162699995,71.71674225500004],[-108.24596106699994,71.72296784100007],[-108.17031816299993,71.75409577000005],[-108.28693600199995,71.79873281500005],[-108.24596106699994,71.83283112200007],[-108.29430091099994,71.88149648600006],[-108.22109941299993,71.91168854400007],[-108.19151770699995,71.96295807500007],[-108.34093176999994,71.93585846600007],[-108.29312089799993,71.97626373900005],[-108.41661536399994,71.99046458500004],[-108.39614824099993,72.08608633000006],[-108.43773352799991,72.13446686400005],[-108.4024145169999,72.14874909100007],[-108.54015051999994,72.14874909100007],[-108.53429114499994,72.20246002800008],[-108.66307532499991,72.36102936400005],[-108.58967037699995,72.50381094000005],[-108.63341223899994,72.56557851800005],[-108.86782792899993,72.60594310100004],[-108.8889867829999,72.59381745000007],[-108.84178626199991,72.57330963700008],[-109.04723059799994,72.57330963700008],[-109.03359941299993,72.64842357000003],[-108.94603430899991,72.67377350500004],[-109.16392981699994,72.72410716400003],[-109.11611894399994,72.74457428600005],[-109.18325761599993,72.76703522300005],[-109.40416419199994,72.75202057500007],[-109.37621008999992,72.77130768400008],[-109.75234941299993,72.88117096600007],[-109.6226293609999,72.91596100500004],[-109.85488847599993,72.92194245000007],[-109.90534420499995,72.97060781500005],[-110.07640540299991,72.99575429900005],[-110.73570716099994,73.00136953300006],[-110.7454320949999,72.96556224200003],[-110.52904212099992,72.84926992400005],[-110.23033606699994,72.82428620000007],[-110.17271887899994,72.79132721600007],[-110.25450598899994,72.73895905200004],[-110.04991614499994,72.76235586100006],[-109.77342688699991,72.71670156500005],[-109.85602779899995,72.70302969000005],[-109.81786048099991,72.67942942900004],[-109.83873450399994,72.67108795800004],[-110.19749915299991,72.72711823100008],[-110.1707250639999,72.68939850500004],[-110.2942602199999,72.67572663000004],[-110.22207597599993,72.64638906500005],[-110.06159420499995,72.65143463700008],[-109.78770911399994,72.50438060100004],[-109.88573157499991,72.49168528900003],[-110.09776770699995,72.56049225500004],[-110.25942949099993,72.55902741100005],[-109.78026282499991,72.43618398600006],[-109.98082434799994,72.46181875200006],[-110.05772864499994,72.43952057500007],[-110.34951738199993,72.55902741100005],[-110.53441321499992,72.50438060100004],[-110.30785071499992,72.43618398600006],[-110.3342992829999,72.42731354400007],[-110.60334225199995,72.50438060100004],[-110.48550370999993,72.55829498900005],[-110.70409094999991,72.57880280200004],[-110.83604895699995,72.52488841400003],[-110.78766842399995,72.47711823100008],[-110.97052975199995,72.47980377800008],[-111.00251217399995,72.46377187700006],[-110.97948157499991,72.45038483300004],[-111.08629309799994,72.40827057500007],[-111.02790279899995,72.28530508000006],[-111.2395727199999,72.37164948100008],[-111.37669837099992,72.35419342700004],[-111.28111731699994,72.40200429900005],[-111.36986243399991,72.40818919500003],[-111.2053930329999,72.46344635600008],[-111.2952367829999,72.47068919500003],[-111.58958899599992,72.38153717700004],[-111.60924231699994,72.36717357000003],[-111.57681230399993,72.34349192900004],[-111.4182836579999,72.34674713700008],[-111.66470292899993,72.29214101800005],[-111.75332597599993,72.20709870000007],[-111.78819739499994,72.22321198100008],[-111.72105872299994,72.30255768400008],[-111.65998287699995,72.32404205900008],[-111.65880286399994,72.35952383000006],[-111.82115637899994,72.32391998900005],[-111.90428626199991,72.34674713700008],[-111.8875219389999,72.36774323100008],[-111.56436113199993,72.44114817900004],[-111.43814042899993,72.49140045800004],[-111.49339758999992,72.51064687700006],[-111.28929602799991,72.56598541900007],[-111.20885169199994,72.67340729400007],[-111.21963456899994,72.72410716400003],[-111.45616614499994,72.74925364800004],[-111.55223548099991,72.80634186400005],[-112.07730058499993,72.89801666900007],[-112.28042558499993,72.90253327000005],[-113.01500403599994,73.01601797100005],[-113.19245357999989,72.99331289300005],[-113.3909399079999,72.91156647300005],[-113.60399329299992,72.77753327000005],[-113.44326738199993,72.75189850500004],[-113.41258704299992,72.73037344000005],[-113.43980872299994,72.68524811400005],[-113.65957597599993,72.61310455900008],[-113.73403886599993,72.61424388200004],[-113.50877844999991,72.70302969000005],[-113.80101477799991,72.64032623900005],[-113.88487708199995,72.66205475500004],[-114.12608801999994,72.63670482000003],[-114.36070716099994,72.55890534100007],[-114.54613196499992,72.56781647300005],[-114.60423743399991,72.60748932500007],[-114.24803626199991,72.68939850500004],[-114.33397376199991,72.69310130400004],[-114.33665930899991,72.75560130400004],[-114.24120032499991,72.79242584800005],[-113.98106848899994,72.80914948100008],[-114.05679277299993,72.88861725500004],[-114.02452551999994,72.93447500200006],[-114.0425512359999,72.99848053600005],[-113.95836341099994,73.14012278900003],[-114.02269446499992,73.21185944200005],[-114.26512610599991,73.33567942900004],[-114.5842992829999,73.38458893400008],[-115.57042395699995,73.20180898600006],[-116.59365800699993,73.06020742400005],[-116.8948461579999,72.96743398600006],[-117.36925208199995,72.91779205900008],[-117.86729895699995,72.70148346600007],[-118.18980872299994,72.63544342700004],[-118.51284745999993,72.51044342700004],[-118.59341386599993,72.42869700700004],[-118.5405981109999,72.37319570500006],[-118.42894446499992,72.34674713700008],[-118.17446855399993,72.33836497600004],[-118.12486731699994,72.30951569200005],[-118.10558020699995,72.24774811400005],[-118.12783769399994,72.22724030200004],[-118.57673092399995,72.17942942900004],[-118.67821204299992,72.14227936400005],[-118.74754798099991,72.05320872600004],[-119.07603919199994,71.91885000200006],[-119.08212299591433,71.90457135829377],[-120.35570596152611,72.01084876080755],[-120.15807044199994,72.12836334800005],[-120.18346106699994,72.20429108300004],[-120.25475012899994,72.26080963700008],[-119.80565344999991,72.22321198100008],[-119.3401586579999,72.34674713700008],[-119.30479895699995,72.37006256700005],[-119.32957923099991,72.38446686400005],[-119.30532792899993,72.45038483300004],[-119.18187415299991,72.53856028900003],[-119.16388912699995,72.62982819200005],[-118.7678930329999,72.73948802300004],[-118.52196204299992,72.75771719000005],[-118.23802649599992,72.85757070500006],[-117.3902074859999,73.05548737200007],[-117.19994055899991,73.06952545800004],[-116.4590551419999,73.26117584800005],[-115.75377356699994,73.35748932500007],[-115.32054602799991,73.48065827000005],[-115.32363847599993,73.50869375200006],[-115.61904863199993,73.66885000200006],[-115.92300370999993,73.73004791900007],[-116.86701412699995,74.08755117400005],[-117.41649329299992,74.23248932500007],[-118.0659887359999,74.28070709800005],[-118.7254125639999,74.22077057500007],[-118.88316809799994,74.17869700700004],[-118.79552161399994,74.12759023600006],[-118.80508378799993,74.10138580900008],[-118.95189368399991,74.01756419500003],[-119.18932044199994,73.99217357000003],[-119.13963782499991,74.06769440300008],[-119.06924394399994,74.09052155200004],[-119.07677161399994,74.11994049700007],[-119.13467363199993,74.12872955900008],[-119.0979711579999,74.16429271000004],[-119.14435787699995,74.20905182500007],[-119.47988847599993,74.22614166900007],[-119.62120520699995,74.13434479400007],[-119.74693762899994,74.09731679900005],[-119.73013261599993,74.04645416900007],[-119.76524817599994,74.03534577000005],[-119.82201087099992,74.05540599200003],[-119.81798255099994,74.10431549700007],[-119.68504798099991,74.16571686400005],[-119.64745032499991,74.19521719000005],[-119.66222083199995,74.22500234600005],[-119.51829993399991,74.23114655200004],[-119.85952714799993,74.23651764500005],[-120.1565649079999,74.27899811400005],[-120.97752844999991,74.42357005400004],[-121.01158606699994,74.47040436400005],[-121.1323949859999,74.50995514500005],[-121.58079993399991,74.55585358300004],[-122.62319902299993,74.46308014500005],[-123.3035375639999,74.44940827000005],[-124.75568600199989,74.34857819200005],[-124.78726152299993,74.33421458500004],[-124.60293535099993,74.31370677300004],[-124.69391842399995,74.27570221600007],[-124.54564368399991,74.26512278900003],[-124.43907630099994,74.13556549700007],[-124.46580969999991,74.07416413000004],[-124.38385982999989,74.03937409100007],[-124.35496985599991,73.98395416900007],[-124.19762122299994,73.92328522300005],[-124.21324622299994,73.87921784100007],[-123.88280188699991,73.83877187700006],[-123.7737524079999,73.76561107000003],[-123.8484594389999,73.72968170800004],[-123.84142005099994,73.70111725500004],[-124.07384192599994,73.65277741100005],[-124.0405981109999,73.59438711100006],[-124.0679418609999,73.53969961100006],[-124.1812231109999,73.48395416900007],[-124.31493079299992,73.47768789300005],[-124.2918188139999,73.46800364800004],[-124.43431555899991,73.42853424700007],[-124.40371660099993,73.37466054900005],[-124.48936926999994,73.34389883000006],[-124.67096920499989,73.19367096600007],[-124.64391028599994,73.16982656500005],[-124.78726152299993,73.14183177300004],[-124.85993404899995,73.09031810100004],[-124.72630774599992,73.00877513200004],[-124.62340247299994,73.02578359600005],[-124.5000707669999,72.98411692900004],[-124.52721106699994,72.95685455900008],[-124.47598222599993,72.93305084800005],[-124.9514867829999,72.85708242400005],[-125.11343339799993,72.86749909100007],[-125.02749589799993,72.82656484600005],[-124.9766332669999,72.76170482000003],[-125.02065995999993,72.70302969000005],[-124.94554602799991,72.70302969000005],[-125.10260982999989,72.63471100500004],[-124.96605383999992,72.60748932500007],[-124.95238196499992,72.56964752800008],[-125.06065833199995,72.56561920800004],[-125.29918372299994,72.48908112200007],[-125.36314856699994,72.43886953300006],[-125.34284420499989,72.42251211100006],[-125.43838456899994,72.41567617400005],[-125.39061438699991,72.40200429900005],[-125.52037512899994,72.32290273600006],[-125.53237870999993,72.29840729400007],[-125.48737545499989,72.31024811400005],[-125.4905492829999,72.27789948100008],[-125.6792699859999,72.23065827000005],[-125.65664628799993,72.19375234600005],[-125.56940670499989,72.17544179900005],[-125.75206458199995,72.14769114800004],[-125.79527747299994,72.11395905200004],[-125.72020423099991,72.09349192900004],[-125.74156653599994,72.02484772300005],[-125.87755286399994,71.96401601800005],[-124.95889238199993,71.96662018400008],[-124.94029700399994,71.94989655200004],[-125.25340735599991,71.95571523600006],[-124.6616918609999,71.80463288000004],[-124.06456458199995,71.70038483300004],[-123.9395238919999,71.65326569200005],[-123.80821692599994,71.54254791900007],[-123.66917883999992,71.49481842700004],[-123.43569902299993,71.24860260600008],[-123.25527910099993,71.13043854400007],[-123.2227056935362,71.1208320334442],[-123.26515571163033,70.89762195204484],[-123.87177475260906,70.84060028516022],[-124.08831132118605,70.738723621445],[-124.0930180522936,70.51423556631946],[-123.59800378840684,70.35889901586748],[-123.78293703775172,70.03041147912896],[-124.42456477929684,69.93290485508723],[-124.46093116338112,69.89109142970798],[-124.50690670499989,69.91632721600007],[-124.44994055899991,69.91982656500005],[-124.43537350199989,69.95526764500005],[-124.54088294199994,69.96954987200007],[-124.41734778599994,69.99624258000006],[-124.50674394399994,70.01048411700003],[-124.37026933499993,70.04169342700004],[-124.37279212099992,70.08364492400005],[-124.44391842399995,70.11115143400008],[-124.38385982999989,70.14020416900007],[-124.40811113199993,70.15542226800005],[-124.70201575399994,70.15127187700006],[-124.75377356699994,70.12661367400005],[-124.6848852199999,70.11286041900007],[-124.74010169199994,70.09243398600006],[-124.50674394399994,70.10602448100008],[-124.58242753799993,70.08559804900005],[-124.46499589799993,70.08665599200003],[-124.41734778599994,70.05145905200004],[-124.52798417899993,70.06098053600005],[-124.56200110599991,70.03717682500007],[-124.52721106699994,70.03717682500007],[-124.54556230399993,70.01894765800006],[-124.5999242829999,70.02187734600005],[-124.67125403599994,70.07880280200004],[-124.95921790299991,70.03717682500007],[-124.85619055899991,70.03717682500007],[-124.89639238199993,70.02431875200006],[-125.04796301999994,70.03034088700008],[-124.98766028599994,70.04555898600006],[-124.98346920499989,70.07827383000006],[-125.01382402299993,70.08559804900005],[-125.20620683499993,70.00307851800005],[-125.1848852199999,69.97321198100008],[-125.20946204299992,69.93549225500004],[-125.10260982999989,69.94839101800005],[-125.12987219999991,69.96271393400008],[-124.99274654899995,70.01048411700003],[-124.81407630099994,70.01585521000004],[-124.79474850199989,70.01048411700003],[-124.85619055899991,69.98940664300005],[-124.7659399079999,69.97223541900007],[-124.6848852199999,70.02411530200004],[-124.63023841099994,69.98627350500004],[-124.91510982999989,69.93512604400007],[-125.02749589799993,69.86587148600006],[-125.06460527299993,69.79938385600008],[-125.16893469999991,69.80206940300008],[-125.18053137899994,69.85732656500005],[-125.28136145699995,69.81122467700004],[-125.23989824099993,69.77106354400007],[-124.9260961579999,69.75259023600006],[-124.82201087099992,69.71503327000005],[-124.93691972599993,69.64996979400007],[-124.97012285099993,69.73322174700007],[-125.06798255099994,69.75096263200004],[-125.23355058499993,69.69452545800004],[-125.37010657499991,69.69452545800004],[-125.41856848899994,69.64057038000004],[-125.38634192599994,69.61473216400003],[-125.43838456899994,69.61261627800008],[-125.21930904899995,69.58535390800006],[-125.29434160099993,69.55117422100005],[-125.11685136599993,69.48969147300005],[-125.31651770699995,69.52753327000005],[-125.30870520699995,69.50275299700007],[-125.4839574859999,69.51365794500003],[-125.50047766799992,69.47606028900003],[-125.58299719999991,69.47606028900003],[-125.62401282499991,69.42084381700005],[-125.30361894399994,69.47394440300008],[-125.26154537699989,69.44757721600007],[-125.08897864499994,69.45433177300004],[-125.14354407499991,69.43451569200005],[-125.11685136599993,69.42084381700005],[-125.16124426999994,69.38605377800008],[-125.45954342399995,69.41400788000004],[-125.37010657499991,69.35252513200004],[-125.44884192599994,69.31915924700007],[-125.68541419199994,69.39354075700004],[-125.93862870999993,69.41400788000004],[-126.24522864499994,69.52533600500004],[-126.70177161399994,69.76740143400008],[-126.80577551999994,69.89862702000005],[-126.76854407499991,69.93475983300004],[-126.79165605399993,69.95026276200008],[-126.77476966099994,69.97573476800005],[-126.88463294199994,70.01048411700003],[-127.13646399599992,70.25287506700005],[-127.44517981699994,70.40591054900005],[-127.9915258449999,70.59292226800005],[-128.16344153599994,70.49551015800006],[-128.2005102199999,70.40086497600004],[-128.14073645699995,70.37466054900005],[-127.90623938699991,70.39411041900007],[-127.95840410099993,70.34821198100008],[-128.11107337099992,70.36676666900007],[-128.03237870999993,70.29368724200003],[-127.5152074859999,70.22211334800005],[-128.11107337099992,70.18866608300004],[-128.3372289699999,70.12982819200005],[-128.37022864499994,70.09739817900004],[-128.3103735019999,69.96271393400008],[-128.60045325399994,69.86933014500005],[-128.80329342399995,69.75836823100008],[-128.96764075399994,69.73240794500003],[-128.91982988199993,69.68773021000004],[-128.94151770699995,69.68244049700007],[-129.1536352199999,69.70351797100005],[-129.13272050699993,69.77708567900004],[-129.17369544199994,69.83234284100007],[-128.93285071499992,69.84540436400005],[-128.95791581899994,69.89411041900007],[-128.91299394399994,69.91087474200003],[-128.89073645699995,69.97052643400008],[-128.8583878249999,69.95526764500005],[-128.8860570949999,69.97626373900005],[-128.96544348899994,69.96450429900005],[-129.12291419199994,69.85610586100006],[-129.60509192599994,69.82489655200004],[-130.3797094389999,69.69452545800004],[-130.3381241529999,69.68154531500005],[-130.45107988199993,69.62287018400008],[-130.44737708199995,69.58535390800006],[-130.7502335279999,69.45433177300004],[-130.64659583199995,69.46181875200006],[-130.6868383449999,69.41828034100007],[-130.8256729809999,69.38153717700004],[-130.79743404899995,69.35252513200004],[-130.9451391269999,69.27667877800008],[-130.9541723299999,69.17877838700008],[-130.9278051419999,69.13963450700004],[-131.01187089799993,69.14508698100008],[-131.0261938139999,69.20600006700005],[-130.90086829299992,69.38564687700006],[-130.9572647779999,69.38031647300005],[-131.0227758449999,69.30923086100006],[-131.05125891799992,69.33893463700008],[-130.93883216099994,69.42430247600004],[-130.94774329299992,69.53888580900008],[-130.98607337099992,69.54140859600005],[-130.9705297519999,69.47528717700004],[-131.04112708199995,69.36684804900005],[-131.11953691299993,69.32526276200008],[-131.03018144399994,69.46181875200006],[-131.1065160799999,69.57786692900004],[-131.09288489499994,69.61050039300005],[-131.12779700399994,69.62103913000004],[-131.19469153599994,69.59210846600007],[-131.08291581899994,69.53363678600005],[-131.06175696499992,69.48908112200007],[-131.13805091099994,69.36977773600006],[-131.11514238199993,69.51675039300005],[-131.24307206899994,69.58535390800006],[-131.2324926419999,69.54189687700006],[-131.1611221999999,69.49591705900008],[-131.1611221999999,69.39354075700004],[-131.34780839799993,69.31708405200004],[-131.4143774079999,69.29791901200008],[-131.2111710279999,69.39842357000003],[-131.25206458199995,69.50385163000004],[-131.27379309799994,69.49933502800008],[-131.2437231109999,69.40778229400007],[-131.31704667899993,69.49380117400005],[-131.3318578769999,69.44814687700006],[-131.38023841099994,69.45433177300004],[-131.35973059799994,69.42084381700005],[-131.39370683499993,69.42275625200006],[-131.4143774079999,69.37299225500004],[-131.51488196499992,69.33592357000003],[-131.5379125639999,69.33893463700008],[-131.4826554029999,69.35936107000003],[-131.48949133999992,69.40033600500004],[-131.4275610019999,69.43512604400007],[-131.61302649599992,69.47606028900003],[-131.67357337099992,69.46369049700007],[-131.64712480399993,69.42829010600008],[-131.91124426999994,69.42812734600005],[-131.97671464799993,69.40778229400007],[-131.8938695949999,69.41087474200003],[-131.85631262899994,69.37641022300005],[-131.71544348899994,69.40033600500004],[-131.8804418609999,69.28465403900003],[-131.91344153599994,69.28754303600005],[-131.88052324099993,69.31842682500007],[-131.9658910799999,69.25926341400003],[-132.16136633999992,69.24607982000003],[-132.1866704907609,69.20364382219604],[-132.20942959748734,69.20447562394985],[-132.2026261059999,69.21881745000007],[-132.23806541004586,69.20552220804446],[-132.2983393809197,69.20772510621984],[-132.3269750639999,69.23371002800008],[-132.34025096957348,69.20925689449983],[-132.3902036688664,69.21108256997023],[-132.41595647359648,69.23374654205863],[-132.41527258999992,69.23786041900007],[-132.41741193740432,69.23502743520646],[-132.43693582821402,69.25220959928552],[-132.43480383999992,69.25291575700004],[-132.43480383999992,69.30414459800005],[-132.3870336579999,69.31098053600005],[-132.32485917899993,69.24921295800004],[-132.3466690749999,69.30756256700005],[-132.1143285799999,69.36147695500006],[-132.07852128799993,69.38605377800008],[-132.1406143869999,69.41400788000004],[-132.09219316299993,69.42084381700005],[-132.10606848899994,69.44183991100005],[-132.04678300699993,69.46503327000005],[-132.07852128799993,69.48224518400008],[-131.98355058499993,69.53685130400004],[-131.75942949099993,69.57001373900005],[-131.66344153599994,69.53579336100006],[-131.6682836579999,69.57786692900004],[-131.3318578769999,69.57786692900004],[-131.3455297519999,69.60578034100007],[-131.04796301999994,69.64374420800004],[-131.03018144399994,69.59955475500004],[-130.94115149599992,69.56590403900003],[-130.84679114499994,69.60618724200003],[-130.78966223899994,69.67755768400008],[-130.5911352199999,69.70770905200004],[-130.52708899599992,69.78388092700004],[-129.59976152299993,69.99119700700004],[-129.49522864499994,70.03034088700008],[-129.55728105399993,70.04401276200008],[-129.44058183499993,70.06826406500005],[-129.4064835279999,70.12116120000007],[-129.46816972599993,70.09076569200005],[-129.49941972599993,70.11774323100008],[-129.4549047519999,70.14704010600008],[-129.63296464799993,70.16754791900007],[-129.5920304029999,70.19546133000006],[-129.65347245999993,70.22211334800005],[-129.67393958199995,70.26992422100005],[-129.83096269399994,70.20229726800005],[-129.7900284499999,70.18121979400007],[-129.9317113919999,70.07611725500004],[-129.9925024079999,70.07514069200005],[-129.95368404899995,70.10272858300004],[-130.09850012899994,70.07880280200004],[-130.09821529899995,70.11286041900007],[-130.18687903599994,70.05255768400008],[-130.1599828769999,70.10602448100008],[-130.3381241529999,70.08559804900005],[-130.29092363199993,70.10602448100008],[-130.3850805329999,70.16567617400005],[-130.41982988199993,70.13621653900003],[-130.50438391799992,70.13886139500005],[-130.5237524079999,70.12661367400005],[-130.4827367829999,70.12034739800004],[-130.5197647779999,70.10480377800008],[-130.5380753249999,70.15289948100008],[-130.46157792899993,70.17495351800005],[-130.51528886599993,70.17719147300005],[-130.6608780589999,70.13646067900004],[-130.6638891269999,70.09808991100005],[-130.7229711579999,70.07859935100004],[-130.7470596999999,70.08999258000006],[-130.72280839799993,70.13202545800004],[-130.91722571499992,70.07501862200007],[-130.8936254549999,70.10602448100008],[-131.02399654899995,70.03034088700008],[-130.9278051419999,70.03034088700008],[-130.9990128249999,70.01211172100005],[-131.08482825399994,69.89264557500007],[-131.1679581369999,69.88694896000004],[-131.1884659499999,69.86587148600006],[-131.15367591099994,69.86587148600006],[-131.1884659499999,69.82489655200004],[-131.24058997299994,69.93305084800005],[-131.40831458199995,69.96149323100008],[-131.45128333199995,69.89630768400008],[-131.6201065749999,69.87641022300005],[-131.74941972599993,69.83637116100005],[-131.81899980399993,69.77667877800008],[-132.0999242829999,69.72768789300005],[-132.1389054029999,69.68793366100005],[-132.31871497299994,69.71503327000005],[-132.29137122299994,69.73615143400008],[-132.48379472599993,69.73615143400008],[-132.25723222599993,69.77024974200003],[-132.2774145169999,69.77431875200006],[-132.5484106109999,69.74298737200007],[-132.6271866529999,69.67405833500004],[-132.4505102199999,69.70783112200007],[-132.43106035099993,69.68280670800004],[-132.4627172519999,69.66107819200005],[-132.3329971999999,69.68463776200008],[-132.3850805329999,69.64667389500005],[-132.5301000639999,69.63198476800005],[-132.88727779899995,69.66107819200005],[-132.9756567049999,69.61432526200008],[-132.96983801999994,69.51703522300005],[-133.04867243405457,69.47731620045857],[-133.15162765619797,69.58474009420938],[-133.35177858974492,69.64700966443172],[-134.18478861887476,69.65610451316452],[-134.22423255099994,69.68154531500005],[-134.3347875639999,69.67328522300005],[-134.35399329299992,69.68154531500005],[-134.3198949859999,69.72357819200005],[-134.48094641799992,69.72748444200005],[-134.42369340507886,69.65871288859348],[-135.4968257228658,69.67042940551315],[-135.75866847231416,69.83282838463782],[-136.0332152782851,69.88617431095888],[-137.30753311847033,69.86453013363197],[-137.51700719804447,69.79993471842718],[-137.63878234364483,69.666908128919],[-138.16008459770737,69.56759799192577],[-138.22624012635174,69.47905864316064],[-138.12771411550207,69.29168548477566],[-137.94360958602837,69.22023914449947],[-137.562394562956,69.1759278908389],[-137.49818849490015,69.04903254998185],[-137.53941504308793,69.01942578063117],[-138.0955297519999,69.14012278900003],[-138.31236731699994,69.22947825700004],[-138.35704505099994,69.30467357000003],[-138.4270727199999,69.30158112200007],[-138.45177161399994,69.28367747600004],[-138.3977758449999,69.29791901200008],[-138.44493567599994,69.23525625200006],[-138.6026098299999,69.24266185100004],[-138.76646887899994,69.35911692900004],[-138.9939672519999,69.42218659100007],[-139.14378821499992,69.51365794500003],[-139.9179581369999,69.62132396000004],[-140.2227270169999,69.59910716400003],[-140.8730362619999,69.62543366100005],[-141.3162328769999,69.69452545800004],[-141.22061113199993,69.67405833500004],[-141.2910863919999,69.63401927300004],[-141.4129125639999,69.65037669500003],[-141.6533096999999,69.76215241100005],[-141.92056230399993,69.81537506700005],[-142.0151261059999,69.79629140800006],[-142.10732988199993,69.84894440300008],[-142.27090410099993,69.85602448100008],[-142.52281653599994,69.96954987200007],[-142.4812719389999,69.96954987200007],[-142.51817786399994,69.98187897300005],[-142.53848222599993,69.98501211100006],[-142.6116430329999,69.97573476800005],[-142.60081946499992,70.01312897300005],[-143.2356664699999,70.11823151200008],[-143.3002823559999,70.11664459800005],[-143.2763565749999,70.05145905200004],[-143.29751542899993,70.04340241100005],[-143.35411536399994,70.10561758000006],[-143.5105688139999,70.09666575700004],[-143.55068925699993,70.12661367400005],[-143.57652747299994,70.09393952000005],[-144.06403561099992,70.08559804900005],[-144.02306067599991,70.05145905200004],[-144.0714412099999,69.98940664300005],[-144.06403561099992,70.04401276200008],[-144.12954667899993,70.06769440300008],[-144.38613847599993,70.04401276200008],[-144.59015865799992,69.98281484600005],[-145.2748917309999,69.99306875200006],[-145.3013809889999,69.99966054900005],[-145.21540279899992,70.04401276200008],[-145.3685196609999,70.03363678600005],[-145.5204971999999,70.09243398600006],[-145.6138809889999,70.07135651200008],[-145.88019771999993,70.17495351800005],[-145.87267005099991,70.15281810100004],[-146.8487849599999,70.19342682500007],[-147.12368730399993,70.16754791900007],[-147.78278561099992,70.22793203300006],[-147.81993567599991,70.30068594000005],[-148.0389298169999,70.31216054900005],[-148.1507462229999,70.35643138200004],[-148.51183020699992,70.31834544500003],[-148.5181778639999,70.36920807500007],[-148.68244381399992,70.42011139500005],[-148.96454830599993,70.42926666900007],[-149.04450436099992,70.46857330900008],[-149.3444718089999,70.51007721600007],[-149.3837784499999,70.48818594000005],[-149.4913223949999,70.49705638200004],[-149.4639786449999,70.51072825700004],[-149.4885147779999,70.52301666900007],[-149.88971920499992,70.51276276200008],[-150.0,70.47915822077024],[-150.0,80.0]],[[-138.8701065749999,69.59210846600007],[-139.1133927069999,69.65420156500005],[-139.33560136599993,69.57168203300006],[-139.26024329299992,69.58539459800005],[-139.13784745999993,69.53522370000007],[-139.05068925699993,69.57615794500003],[-138.8701065749999,69.59210846600007]],[[-141.5286352199999,69.76032135600008],[-141.80923417899993,69.82192617400005],[-141.8984268869999,69.82489655200004],[-141.38512122299994,69.69452545800004],[-141.5286352199999,69.76032135600008]],[[-125.09634355399993,70.14020416900007],[-125.00780188699991,70.13617584800005],[-124.95921790299991,70.16754791900007],[-125.12010657499991,70.14419179900005],[-125.06615149599992,70.12079498900005],[-125.09634355399993,70.14020416900007]],[[-149.01569576699993,70.48493073100008],[-148.8196915359999,70.46979401200008],[-148.92292232999992,70.50145091400003],[-148.99457760299993,70.49290599200003],[-149.23627682199992,70.55329010600008],[-149.3038223949999,70.54783763200004],[-149.01569576699993,70.48493073100008]],[[-128.08372962099992,70.61318594000005],[-128.2346085279999,70.66095612200007],[-128.3444718089999,70.54486725500004],[-128.24205481699994,70.57160065300008],[-128.2412817049999,70.59943268400008],[-128.1370336579999,70.57538483300004],[-128.08372962099992,70.61318594000005]],[[-125.9680883449999,71.96523672100005],[-125.90908769399994,71.96434153900003],[-125.96361243399991,71.98281484600005],[-125.99693762899994,71.97703685100004],[-125.9680883449999,71.96523672100005]],[[-120.86827551999994,75.91693756700005],[-120.96483313699991,75.93720123900005],[-121.04369055899991,75.90827057500007],[-120.99795488199993,75.86981842700004],[-121.02261308499993,75.82347239800004],[-121.29344641799992,75.75995514500005],[-121.05870520699995,75.73944733300004],[-120.89769446499992,75.83759186400005],[-120.86827551999994,75.91693756700005]],[[-119.48082434799994,76.35516998900005],[-119.45958411399994,76.26333242400005],[-119.30333411399994,76.18744538000004],[-119.28551184799994,76.12921784100007],[-119.08385169199994,76.08958567900004],[-119.0586645169999,76.12641022300005],[-118.96353105399993,76.13572825700004],[-118.96336829299992,76.16400788000004],[-118.88760331899994,76.18447500200006],[-118.93691972599993,76.22968170800004],[-118.8997289699999,76.27509186400005],[-118.65160071499992,76.29108307500007],[-118.56895911399994,76.34520091400003],[-118.67430579299992,76.44660065300008],[-118.97642981699994,76.49233633000006],[-118.94627844999991,76.52285390800006],[-118.77774003799993,76.53335195500006],[-118.85350501199991,76.55499909100007],[-118.82921301999994,76.55939362200007],[-118.53490149599992,76.50381094000005],[-118.47984778599994,76.54523346600007],[-118.30540930899991,76.55499909100007],[-118.34821529899995,76.64459870000007],[-118.4761449859999,76.68414948100008],[-118.49665279899995,76.71889883000006],[-118.31427975199995,76.71149323100008],[-118.30540930899991,76.74310944200005],[-118.33983313699991,76.77130768400008],[-118.01060950399994,76.76727936400005],[-117.81851152299993,76.82469310100004],[-117.73623613199993,76.78034088700008],[-117.91856848899994,76.69334544500003],[-117.90074622299994,76.64321523600006],[-117.97647050699993,76.60219961100006],[-117.90758216099994,76.58173248900005],[-117.9553930329999,76.56806061400005],[-117.90758216099994,76.53335195500006],[-118.01012122299994,76.50503164300005],[-118.03107662699995,76.48615143400008],[-117.99010169199994,76.46564362200007],[-118.0515844389999,76.44513580900008],[-118.03107662699995,76.43085358300004],[-118.05842037699995,76.41038646000004],[-117.85802161399994,76.33047109600005],[-117.67625891799992,76.32660553600005],[-117.66051184799994,76.29433828300006],[-117.57140051999994,76.27163320500006],[-117.35244706899994,76.25958893400008],[-117.13634192599994,76.29022858300004],[-116.93431555899991,76.35578034100007],[-116.99303137899994,76.42035553600005],[-116.98643958199995,76.46238841400003],[-117.07762610599991,76.51959870000007],[-117.00792395699995,76.55215078300006],[-116.32481848899994,76.58173248900005],[-115.89281165299991,76.69843170800004],[-116.04015051999994,76.82831452000005],[-116.17491614499994,76.84174225500004],[-116.36579342399995,76.93178945500006],[-115.90709387899994,76.89704010600008],[-115.73204505099994,76.94855377800008],[-116.22166907499991,77.04165273600006],[-116.28990637899994,77.11188385600008],[-116.40054277299993,77.13727448100008],[-116.30182857999989,77.14826080900008],[-116.24722245999993,77.19594961100006],[-115.9278051419999,77.21234772300005],[-115.39256751199991,77.30792877800008],[-115.44782467399995,77.34886302300004],[-115.77651933499993,77.42983633000006],[-116.08665930899991,77.46027252800008],[-116.12559973899994,77.47239817900004],[-116.06411699099993,77.48672109600005],[-116.42723548099991,77.54816315300008],[-116.40672766799992,77.56240469000005],[-116.90074622299994,77.53636302300004],[-116.92813066299993,77.52765534100007],[-116.75682532499991,77.51337311400005],[-117.15404212099992,77.45872630400004],[-116.99400794199994,77.39956289300005],[-116.64696204299992,77.39044830900008],[-116.8108617829999,77.34267812700006],[-116.77733313699991,77.32904694200005],[-116.81309973899994,77.31659577000005],[-117.18138587099992,77.34886302300004],[-117.0100805329999,77.30170319200005],[-117.03921464799993,77.29279205900008],[-117.23110917899993,77.28571198100008],[-117.47435462099992,77.33588288000004],[-117.9622289699999,77.37002187700006],[-117.8523656889999,77.39044830900008],[-119.16270911399994,77.32489655200004],[-119.28970292899993,77.28880442900004],[-119.38731848899994,77.19253164300005],[-119.8269750639999,77.09857819200005],[-119.83665930899991,77.06525299700007],[-119.92235266799992,77.04726797100005],[-119.93081620999993,77.02008698100008],[-120.0911352199999,77.00560130400004],[-120.09361731699994,76.96588776200008],[-120.1753637359999,76.95404694200005],[-120.1687719389999,76.93178945500006],[-120.2280981109999,76.90265534100007],[-120.42943274599992,76.86908600500004],[-120.3679906889999,76.84235260600008],[-120.38849850199995,76.82876211100006],[-120.3679906889999,76.81452057500007],[-120.91954505099994,76.69546133000006],[-121.08934485599991,76.67072174700007],[-121.18732662699995,76.68817780200004],[-121.22801673099991,76.62116120000007],[-121.41356360599991,76.55426666900007],[-121.40884355399993,76.51406484600005],[-121.51187089799993,76.44822825700004],[-122.40322831899994,76.40420156500005],[-122.6172582669999,76.34320709800005],[-122.64964758999992,76.30052317900004],[-122.63438880099994,76.27260976800005],[-122.71108964799993,76.23163483300004],[-122.74697831899994,76.23016998900005],[-122.83165442599994,76.23729075700004],[-122.86172441299993,76.18235911700003],[-122.92467200399994,76.18895091400003],[-122.94448808499993,76.17767975500004],[-122.91030839799993,76.15717194200005],[-123.04067949099993,76.08828359600005],[-122.92540442599994,76.09707265800006],[-122.82835852799991,76.15428294500003],[-122.60582434799994,76.17426178600005],[-122.49258378799993,76.14350006700005],[-122.70490475199995,76.11562734600005],[-122.48298092399995,76.10236237200007],[-122.52611243399991,76.06159088700008],[-122.6980688139999,76.02065664300005],[-122.56029212099992,76.02680084800005],[-122.5979711579999,76.00336334800005],[-122.73155676999994,75.97842031500005],[-122.42589270699995,75.93280670800004],[-122.13573157499991,75.97842031500005],[-122.1499731109999,76.03363678600005],[-122.12547766799992,76.04120514500005],[-121.84707597599993,76.04523346600007],[-121.49486243399991,75.98761627800008],[-121.29967200399994,75.91079336100006],[-121.25869706899994,75.96539948100008],[-121.11778723899994,76.00014883000006],[-121.03429114499994,76.00356679900005],[-120.98436438699991,75.98582591400003],[-121.01414954299992,75.95038483300004],[-120.95348059799994,75.95819733300004],[-120.97069251199991,76.02374909100007],[-121.02529863199993,76.06159088700008],[-121.01121985599991,76.13886139500005],[-120.86497962099992,76.20099518400008],[-120.66222083199995,76.14350006700005],[-120.75157630099994,76.10252513200004],[-120.64915930899991,76.10252513200004],[-120.7324926419999,76.05508047100005],[-120.68374589799993,76.00617096600007],[-120.59618079299992,75.98688385600008],[-120.46031653599994,76.01544830900008],[-120.43565833199995,76.00633372600004],[-120.44985917899993,75.98212311400005],[-120.38849850199995,75.97223541900007],[-120.45368404899995,75.93402741100005],[-120.48900305899991,75.84707265800006],[-120.38744055899991,75.80670807500007],[-120.25967363199993,75.83274974200003],[-120.16087805899991,75.89834219000005],[-120.04434160099993,75.84267812700006],[-119.86294511599993,75.85911692900004],[-119.70201575399994,75.92177969000005],[-119.6070043609999,75.91693756700005],[-119.70323645699995,75.94428131700005],[-119.63532467399995,75.99555084800005],[-119.48595130099994,75.97492096600007],[-119.49168860599991,76.03685130400004],[-119.52334550699993,76.05255768400008],[-119.80565344999991,76.11562734600005],[-119.55239824099993,76.12299225500004],[-119.70323645699995,76.16400788000004],[-119.56460527299993,76.17182038000004],[-119.71068274599992,76.26703522300005],[-119.65542558499993,76.29743073100008],[-119.7168676419999,76.33527252800008],[-119.57591712099992,76.32074616100005],[-119.52261308499993,76.36163971600007],[-119.48082434799994,76.35516998900005]],[[-110.59585527299993,72.60065338700008],[-110.47232011599993,72.57330963700008],[-110.52757727799991,72.60049062700006],[-110.59585527299993,72.60065338700008]],[[-110.4934789699999,72.62051015800006],[-110.34886633999992,72.60748932500007],[-110.46922766799992,72.62539297100005],[-110.4934789699999,72.62051015800006]],[[-110.27989661399994,72.64842357000003],[-110.41087805899991,72.64223867400005],[-110.33975175699993,72.63202545800004],[-110.27989661399994,72.64842357000003]],[[-104.4895727199999,73.53229401200008],[-104.55980383999992,73.59516022300005],[-104.82457434799994,73.63816966400003],[-105.1030981109999,73.74518463700008],[-105.38141842399995,73.77065664300005],[-106.59959876199991,73.71063873900005],[-107.03929602799991,73.48444245000007],[-106.50877844999991,73.41412995000007],[-106.12071692599994,73.29266998900005],[-106.19579016799992,73.28583405200004],[-106.04564368399991,73.22382233300004],[-106.10765540299991,73.19708893400008],[-105.89415442599994,73.16233958500004],[-105.91588294199994,73.14183177300004],[-105.48574785099993,72.95575592700004],[-105.38768469999991,72.86749909100007],[-105.28498287699995,72.85138580900008],[-105.20335852799991,72.86749909100007],[-105.35973059799994,72.95010000200006],[-105.23062089799993,72.93642812700006],[-105.01577714799993,73.01386139500005],[-104.98131262899994,73.03571198100008],[-104.99038652299993,73.07977936400005],[-104.76183020699995,73.17300039300005],[-104.73656165299991,73.18964264500005],[-104.74982662699995,73.21747467700004],[-104.57266191299993,73.33218008000006],[-104.58633378799993,73.38519928600005],[-104.55162512899994,73.42645905200004],[-104.57949785099993,73.44969310100004],[-104.4895727199999,73.53229401200008]],[[-107.84886633999992,73.63336823100008],[-108.08763587099992,73.59064362200007],[-107.99396725199995,73.54657623900005],[-107.57994544199994,73.60053131700005],[-107.84886633999992,73.63336823100008]],[[-103.8672582669999,75.06443919500003],[-103.58580481699994,75.17715078300006],[-103.74693762899994,75.23924388200004],[-103.74522864499994,75.28790924700007],[-103.82054602799991,75.36668528900003],[-104.1309301419999,75.43561432500007],[-104.40322831899994,75.43260325700004],[-104.70225989499994,75.33315664300005],[-104.77065995999993,75.27952708500004],[-104.6887914699999,75.26650625200006],[-104.92955481699994,75.14109935100004],[-104.70555579299992,75.06903717700004],[-104.22948157499991,75.01886627800008],[-103.8672582669999,75.06443919500003]],[[-105.3899633449999,75.65338776200008],[-105.46336829299992,75.73261139500005],[-105.42243404899995,75.74567291900007],[-105.46344967399995,75.80121491100005],[-105.4429418609999,75.82135651200008],[-105.51183020699995,75.89057038000004],[-105.75991777299993,75.99017975500004],[-106.33983313699991,76.06159088700008],[-106.63174394399994,76.05853913000004],[-106.87486731699994,75.96539948100008],[-106.88589433499993,75.83820221600007],[-106.6148168609999,75.80093008000006],[-106.88231360599991,75.76609935100004],[-106.86119544199994,75.75995514500005],[-106.9090063139999,75.69847239800004],[-106.8809301419999,75.64923737200007],[-106.96165930899991,75.71039459800005],[-106.94994055899991,75.75250885600008],[-107.03307044199994,75.77358633000006],[-106.95677649599992,75.79409414300005],[-107.10757402299993,75.84186432500007],[-107.04613196499992,75.88898346600007],[-107.07599850199995,75.89940013200004],[-107.36717688699991,75.91864655200004],[-107.72057044199994,75.88580963700008],[-107.9214574859999,75.79067617400005],[-108.02623450399994,75.78725820500006],[-108.04670162699995,75.80707428600005],[-107.89736894399994,75.90110911700003],[-107.73818925699993,75.91693756700005],[-107.79344641799992,75.93060944200005],[-107.64012610599991,75.98924388200004],[-107.73070227799991,76.03900788000004],[-107.88902747299994,76.06777578300006],[-108.49917558499993,76.04047272300005],[-108.38247636599993,76.08828359600005],[-108.45759029899995,76.10252513200004],[-108.37755286399994,76.17377350500004],[-108.1199438139999,76.21010976800005],[-108.08763587099992,76.22540924700007],[-108.23167883999992,76.25336334800005],[-108.0808813139999,76.28685130400004],[-108.31883704299992,76.39638906500005],[-108.61587480399993,76.42348867400005],[-108.48493404899995,76.45880768400008],[-108.59105383999992,76.48240794500003],[-108.52586829299992,76.51406484600005],[-108.62889563699991,76.52020905200004],[-108.53868567599994,76.56175364800004],[-108.68724524599992,76.60219961100006],[-108.73192298099991,76.64321523600006],[-108.57652747299994,76.64598216400003],[-108.46861731699994,76.68626536700003],[-108.45079505099994,76.73261139500005],[-108.53233801999994,76.76699453300006],[-108.69001217399995,76.77114492400005],[-108.64940344999991,76.81452057500007],[-108.77562415299991,76.86416250200006],[-108.90123450399994,76.81614817900004],[-109.18443762899994,76.82192617400005],[-109.32510331899994,76.78888580900008],[-109.3352758449999,76.75983307500007],[-109.4944555329999,76.72284577000005],[-109.5520727199999,76.67487213700008],[-109.55431067599994,76.63007233300004],[-109.66356360599991,76.61644114800004],[-109.65054277299993,76.58856842700004],[-109.78026282499991,76.59601471600007],[-109.7598363919999,76.57489655200004],[-109.8491918609999,76.54071686400005],[-109.70518958199995,76.52708567900004],[-109.77196204299992,76.50018952000005],[-110.3836156889999,76.43085358300004],[-110.39720618399991,76.39671458500004],[-110.32835852799991,76.34149811400005],[-110.3836156889999,76.30052317900004],[-110.14696204299992,76.27631256700005],[-109.9097387359999,76.19672272300005],[-109.86961829299992,76.23981354400007],[-109.69546464799993,76.22467682500007],[-109.72500566299993,76.20498281500005],[-109.54222571499992,76.18943919500003],[-109.3230688139999,76.11538320500006],[-109.38988196499992,76.06777578300006],[-109.27257239499994,76.05414459800005],[-109.29735266799992,76.03912995000007],[-109.39948482999995,76.04132721600007],[-109.43765214799993,76.03363678600005],[-109.38988196499992,76.02065664300005],[-109.43333899599992,76.00360748900005],[-110.05459550699993,75.89647044500003],[-109.8933813139999,75.85224030200004],[-109.70107988199993,75.88035716400003],[-109.65737870999993,75.86981842700004],[-109.70518958199995,75.84808991100005],[-109.62946529899995,75.83441803600005],[-109.69151770699995,75.80707428600005],[-109.40416419199994,75.80093008000006],[-109.46434485599991,75.79409414300005],[-108.82811438699991,75.69106679900005],[-108.93736731699994,75.67796458500004],[-108.83495032499991,75.62274811400005],[-108.89639238199993,75.58860911700003],[-108.85545813699991,75.56069570500006],[-109.03359941299993,75.55390045800004],[-108.92682857999995,75.53025950700004],[-108.90998287699995,75.47874583500004],[-110.06826738199993,75.54767487200007],[-110.41869055899991,75.53986237200007],[-110.51357988199993,75.57330963700008],[-111.25084387899994,75.52187734600005],[-111.32209225199995,75.54767487200007],[-111.29474850199995,75.57436758000006],[-111.41079667899993,75.61591217700004],[-111.37669837099992,75.65314362200007],[-111.41079667899993,75.67796458500004],[-111.36986243399991,75.73261139500005],[-111.44871985599991,75.74225495000007],[-111.4319555329999,75.76609935100004],[-111.45889238199993,75.78880442900004],[-111.59642493399991,75.81452057500007],[-111.49327551999994,75.81452057500007],[-111.4590551419999,75.84186432500007],[-111.94896399599992,75.80707428600005],[-112.03465735599991,75.84186432500007],[-112.22704016799992,75.81452057500007],[-112.07274329299992,75.87563711100006],[-111.72679602799991,75.91693756700005],[-112.11803137899994,76.01239655200004],[-112.36461341099994,76.03363678600005],[-112.52574622299994,76.12099844000005],[-112.42564856699994,76.17084381700005],[-112.75462805899991,76.20498281500005],[-112.9942113919999,76.27326080900008],[-113.35435950399994,76.26605866100005],[-113.96304277299993,76.19061920800004],[-114.06362870999993,76.21857330900008],[-113.98485266799992,76.25592682500007],[-114.1797582669999,76.35578034100007],[-114.09093176999994,76.38987864800004],[-114.15925045499989,76.45880768400008],[-114.87242591099994,76.52020905200004],[-115.02147376199991,76.47907135600008],[-115.51231848899994,76.45620351800005],[-115.91331946499992,76.34902578300006],[-115.8518774079999,76.32225169500003],[-115.92699133999992,76.28685130400004],[-115.77944902299993,76.23729075700004],[-115.27928626199991,76.23704661700003],[-114.97533118399991,76.17731354400007],[-114.66698157499991,76.16400788000004],[-116.16270911399994,76.20384349200003],[-116.52623450399994,76.16014232000003],[-116.63027910099993,76.12042877800008],[-116.70156816299993,76.04047272300005],[-116.4961645169999,76.02680084800005],[-116.53026282499991,76.01312897300005],[-116.46133378799993,75.97842031500005],[-116.61611894399994,75.97626373900005],[-116.73631751199991,75.93744538000004],[-116.70811926999994,75.89956289300005],[-116.20254472599993,75.86806875200006],[-114.8577367829999,75.91079336100006],[-114.81248938699991,75.90216705900008],[-114.82738196499992,75.87938060100004],[-115.57811438699991,75.83441803600005],[-115.76231848899994,75.86176178600005],[-115.80064856699994,75.83441803600005],[-116.88536536399994,75.78900788000004],[-117.24901282499991,75.60907623900005],[-117.19831295499989,75.57550690300008],[-116.11563066299993,75.57778554900005],[-115.69749915299991,75.64581940300008],[-115.00210527299993,75.69847239800004],[-115.25487219999991,75.64923737200007],[-115.2835180329999,75.62714264500005],[-115.26280676999994,75.60162995000007],[-115.58971106699994,75.58795807500007],[-116.04190019399994,75.48480866100005],[-117.20221920499989,75.48078034100007],[-117.55431067599994,75.35805898600006],[-117.57673092399995,75.33661530200004],[-117.5581762359999,75.31427643400008],[-117.65143795499989,75.30573151200008],[-117.68846594999991,75.25967031500005],[-117.5100805329999,75.20111725500004],[-116.76724199099993,75.12221914300005],[-116.6680395169999,75.12718333500004],[-116.54548092399995,75.18524811400005],[-116.25649980399993,75.21124909100007],[-116.24966386599993,75.16242096600007],[-116.33849036399994,75.11562734600005],[-116.04369055899991,75.12872955900008],[-116.2559301419999,75.06037018400008],[-115.71544348899994,74.97036367400005],[-115.58433997299994,74.99542877800008],[-115.5371801419999,75.03994375200006],[-115.59117591099994,75.11562734600005],[-115.66657467399995,75.14850495000007],[-115.40575110599991,75.10293203300006],[-115.27403723899994,75.14940013200004],[-115.26280676999994,75.18329498900005],[-115.1734106109999,75.09951406500005],[-115.22516842399995,75.06854889500005],[-115.19595292899993,75.00242747600004],[-115.05768795499989,74.96674225500004],[-114.44082597599993,75.06793854400007],[-114.30329342399995,75.18178945500006],[-114.42589270699995,75.25836823100008],[-114.61514238199993,75.28327057500007],[-114.51121985599991,75.31696198100008],[-114.19579016799992,75.22516510600008],[-114.0464574859999,75.36644114800004],[-114.08853105399993,75.40884023600006],[-114.07066809799994,75.47492096600007],[-113.87393144399994,75.37376536700003],[-113.47398841099994,75.43773021000004],[-113.32315019399994,75.42413971600007],[-113.32315019399994,75.41669342700004],[-113.60138912699995,75.36538320500006],[-113.78429114499994,75.33966705900008],[-113.81297766799992,75.32391998900005],[-113.9395238919999,75.18329498900005],[-113.6453344389999,75.19074127800008],[-113.9290258449999,75.14427317900004],[-113.95763098899994,75.07444896000004],[-113.88662675699993,75.05817291900007],[-113.20645097599993,75.08771393400008],[-113.13817298099991,75.14980703300006],[-113.05459550699993,75.09739817900004],[-112.85708574099993,75.10984935100004],[-112.69937089799993,75.14232005400004],[-112.69595292899993,75.18024323100008],[-112.74095618399991,75.20502350500004],[-112.67886308499993,75.27952708500004],[-112.59520423099991,75.24990469000005],[-112.63792883999992,75.20815664300005],[-112.58950761599993,75.18329498900005],[-112.4363500639999,75.18732330900008],[-112.46141516799992,75.22280508000006],[-112.40489661399994,75.24603913000004],[-112.33690344999991,75.22553131700005],[-112.39150956899994,75.21124909100007],[-112.29527747299994,75.20502350500004],[-112.4734594389999,75.14980703300006],[-112.34605872299994,75.12152741100005],[-111.92345130099994,75.13641998900005],[-111.7534887359999,75.19074127800008],[-111.67833411399994,75.14980703300006],[-111.56163489499994,75.14980703300006],[-111.6243383449999,75.16339752800008],[-111.37218176999994,75.18724192900004],[-111.24351966099994,75.26650625200006],[-111.10269120999993,75.27334219000005],[-110.9180395169999,75.23236725500004],[-111.01357988199993,75.21800364800004],[-111.06883704299992,75.19074127800008],[-111.02790279899995,75.17715078300006],[-111.15160071499992,75.13825104400007],[-111.36363684799994,75.10822174700007],[-111.28795325399994,75.08771393400008],[-111.54295813699991,75.07290273600006],[-111.57591712099992,75.06037018400008],[-111.47972571499992,75.04677969000005],[-111.58580481699994,75.00641510600008],[-112.79784094999991,74.98505280200004],[-113.32998613199993,74.88287995000007],[-113.19286048099991,74.86237213700008],[-113.2176000639999,74.84589264500005],[-113.33617102799991,74.86237213700008],[-113.97191321499992,74.80760325700004],[-114.43980872299994,74.68366120000007],[-114.39232337099992,74.63930898600006],[-114.17349199099993,74.56696198100008],[-113.69302324099993,74.44448476800005],[-113.02379309799994,74.39594147300005],[-112.43740800699993,74.41351959800005],[-111.6575414699999,74.50120677300004],[-111.41104081899994,74.56989166900007],[-111.00096594999991,74.61635976800005],[-110.58901933499993,74.72528717700004],[-110.66612708199995,74.79132721600007],[-110.34398352799991,74.79657623900005],[-110.31468665299991,74.80719635600008],[-110.41087805899991,74.82762278900003],[-110.30785071499992,74.85219961100006],[-110.06981360599991,74.82363515800006],[-109.88385982999995,74.87055084800005],[-109.58193925699993,74.85814036700003],[-109.38988196499992,74.90338776200008],[-109.41030839799993,74.90961334800005],[-109.35716712099992,74.94672272300005],[-108.93736731699994,75.00580475500004],[-108.97154700399994,75.01886627800008],[-108.94420325399994,75.04677969000005],[-108.82420813699991,75.07151927300004],[-108.59654700399994,75.03847890800006],[-108.51219641799992,74.97846100500004],[-108.80703691299993,74.98529694200005],[-108.41661536399994,74.91705963700008],[-107.94424394399994,74.93691640800006],[-108.01878821499992,74.95058828300006],[-107.94713294199994,74.97211334800005],[-107.99144446499992,75.01264069200005],[-107.77391516799992,75.03440989800004],[-107.74356035099993,75.05272044500003],[-107.77171790299991,75.10138580900008],[-107.69253495999993,75.07587311400005],[-107.69001217399995,75.03969961100006],[-107.72451738199993,75.02252838700008],[-107.68626868399991,74.98224518400008],[-107.23102779899995,74.92011139500005],[-107.0051977199999,74.92381419500003],[-106.76024329299992,75.00299713700008],[-106.00890051999994,75.05662669500003],[-106.0738012359999,75.10455963700008],[-105.83950761599993,75.18329498900005],[-105.93944251199991,75.21466705900008],[-105.88451087099992,75.26650625200006],[-105.66136633999992,75.35521067900004],[-105.7090551419999,75.41974518400008],[-105.59312903599994,75.46507396000004],[-105.7508031889999,75.49237702000005],[-105.49364173099991,75.56549713700008],[-105.3899633449999,75.65338776200008]],[[-117.46251380099994,76.08828359600005],[-117.6597387359999,76.12588125200006],[-117.79869544199994,76.11163971600007],[-118.08706620999993,76.03546784100007],[-118.17446855399993,75.97223541900007],[-118.62120520699995,75.92206452000005],[-118.99205481699994,75.76154205900008],[-119.3321020169999,75.66079336100006],[-119.40904700399994,75.60162995000007],[-118.61392167899993,75.50372955900008],[-118.20238196499992,75.60162995000007],[-118.27065995999993,75.61591217700004],[-117.93545488199993,75.73468659100007],[-117.9514867829999,75.77448151200008],[-117.58409583199995,75.97833893400008],[-117.46251380099994,76.08828359600005]],[[-103.25405839799993,75.82965729400007],[-103.3108617829999,75.80707428600005],[-103.24937903599994,75.80707428600005],[-103.27110755099994,75.79238515800006],[-103.38658606699994,75.76609935100004],[-102.6048070949999,75.77260976800005],[-102.50450598899994,75.79905833500004],[-102.38866126199991,75.89036692900004],[-101.98131262899994,75.95172760600008],[-102.21467037699995,75.99266185100004],[-103.04491126199991,75.90615469000005],[-103.13337154899995,75.86981842700004],[-103.05138098899994,75.83441803600005],[-103.25405839799993,75.82965729400007]],[[-103.91417395699995,75.90326569200005],[-103.69163977799991,75.88898346600007],[-102.35594641799992,76.01312897300005],[-102.31851152299993,76.04413483300004],[-102.44383704299992,76.08991120000007],[-103.11302649599992,76.05036041900007],[-103.49791419199994,75.98236725500004],[-103.97622636599993,75.94428131700005],[-103.91417395699995,75.90326569200005]],[[-103.81143144399994,76.03363678600005],[-103.2363988919999,76.04730866100005],[-102.83763587099992,76.08063385600008],[-102.62621008999992,76.15717194200005],[-102.53062903599994,76.15717194200005],[-102.5852758449999,76.18447500200006],[-102.54157467399995,76.23135000200006],[-102.7266332669999,76.31561920800004],[-104.31200110599991,76.21238841400003],[-104.47813880099994,76.14704010600008],[-104.41087805899991,76.08966705900008],[-103.81143144399994,76.03363678600005]],[[-104.3980199859999,76.46873607000003],[-104.40367591099994,76.42072174700007],[-104.4622289699999,76.39671458500004],[-104.33311926999994,76.36945221600007],[-104.40758216099994,76.33527252800008],[-104.37767493399991,76.32485586100006],[-103.3362524079999,76.33173248900005],[-103.01040605399993,76.42348867400005],[-103.07005774599992,76.46458567900004],[-103.23424231699994,76.47361888200004],[-103.24937903599994,76.50657786700003],[-103.57974199099993,76.52684153900003],[-103.5579320949999,76.56806061400005],[-103.79613196499992,76.62311432500007],[-103.88296464799993,76.57786692900004],[-104.0581762359999,76.56806061400005],[-103.92471269399994,76.64008209800005],[-104.02464758999992,76.67047760600008],[-104.35240637899994,76.66331614800004],[-104.68130449099993,76.60219961100006],[-104.64098059799994,76.58173248900005],[-104.6682836579999,76.55499909100007],[-104.58836829299992,76.53953685100004],[-104.57445227799991,76.50364817900004],[-104.3980199859999,76.46873607000003]],[[-101.68712317599994,76.58856842700004],[-101.33812415299991,76.56122467700004],[-100.24771074099993,76.73940664300005],[-100.62852942599994,76.75983307500007],[-100.97248287699995,76.73554108300004],[-101.09019934799994,76.68622467700004],[-101.68712317599994,76.58856842700004]],[[-114.63158118399991,76.86163971600007],[-114.84048417899993,76.80939362200007],[-114.87857011599993,76.76727936400005],[-113.6731664699999,76.70425039300005],[-113.45348059799994,76.77350495000007],[-113.51036536399994,76.83633047100005],[-113.84605872299994,76.89887116100005],[-114.63158118399991,76.86163971600007]],[[-104.75401770699995,77.11123281500005],[-104.4500219389999,77.15176015800006],[-104.37108313699991,77.23476797100005],[-104.39720618399991,77.27326080900008],[-104.47647050699993,77.28742096600007],[-104.42125403599994,77.30792877800008],[-104.74852454299992,77.41766998900005],[-105.01585852799991,77.41461823100008],[-105.00621497299994,77.46084219000005],[-104.95201575399994,77.48700592700004],[-104.99608313699991,77.53709544500003],[-105.50304114499994,77.72109609600005],[-105.90876217399995,77.76788971600007],[-106.09365800699993,77.72964101800005],[-105.84422766799992,77.62026601800005],[-105.82103430899991,77.56793854400007],[-105.8606664699999,77.54816315300008],[-105.68163001199991,77.51618073100008],[-105.76504472599993,77.46621328300006],[-105.6597387359999,77.44098541900007],[-105.68932044199994,77.42523834800005],[-105.62783769399994,77.40412018400008],[-105.66136633999992,77.38361237200007],[-105.54405676999994,77.37083567900004],[-105.56578528599994,77.32160065300008],[-105.40819251199991,77.28742096600007],[-105.46959387899994,77.27440013200004],[-105.31875566299993,77.22601959800005],[-105.39513098899994,77.21918366100005],[-105.24364173099991,77.20551178600005],[-105.26414954299992,77.17816803600005],[-105.22459876199991,77.16449616100005],[-105.00576738199993,77.17495351800005],[-104.75401770699995,77.11123281500005]],[[-109.68614661399994,77.97138092700004],[-109.58153235599991,78.05410390800006],[-109.69717363199993,78.09735748900005],[-110.7117406889999,78.10382721600007],[-110.86050370999993,78.06875234600005],[-111.00763912699995,78.09686920800004],[-111.27806555899991,78.09003327000005],[-111.71165930899991,78.02924225500004],[-111.82412675699993,78.05263906500005],[-111.95055091099994,78.02130768400008],[-112.27090410099993,78.01532623900005],[-112.92491614499994,77.92959219000005],[-112.98151607999995,77.89760976800005],[-113.14110266799992,77.92251211100006],[-113.24128170499989,77.90497467700004],[-113.21328691299993,77.89077383000006],[-113.32315019399994,77.80817291900007],[-113.30557206899994,77.77684153900003],[-113.18602454299992,77.73993561400005],[-113.22667395699995,77.73444245000007],[-113.20677649599992,77.69379303600005],[-113.25426184799994,77.67161692900004],[-113.08975175699993,77.62323639500005],[-113.24128170499989,77.58226146000004],[-113.19961503799993,77.52765534100007],[-112.99233964799993,77.51105377800008],[-112.92760169199994,77.46478913000004],[-112.63744055899991,77.46405670800004],[-112.46930904899995,77.37059153900003],[-112.10924231699994,77.32575104400007],[-111.28111731699994,77.43146393400008],[-110.88072669199994,77.41242096600007],[-110.23542232999995,77.50421784100007],[-110.09557044199994,77.55491771000004],[-110.09215247299994,77.58197663000004],[-110.16368567599994,77.60016510600008],[-110.04100501199991,77.64435455900008],[-110.11070716099994,77.69245026200008],[-110.08079993399991,77.75250885600008],[-110.10789954299992,77.77619049700007],[-110.71996008999992,77.76618073100008],[-110.90371660099993,77.85321686400005],[-109.78685462099992,77.94977448100008],[-109.68614661399994,77.97138092700004]],[[-102.41331946499992,77.76044342700004],[-102.44871985599991,77.73309967700004],[-102.17634029899995,77.69513580900008],[-101.7905981109999,77.67938873900005],[-101.55797278599994,77.73069896000004],[-100.93199622299994,77.74453359600005],[-101.21434485599991,77.84072500200006],[-101.69810950399994,77.90521881700005],[-102.39818274599992,77.88886139500005],[-102.49518795499995,77.86473216400003],[-102.53062903599994,77.83612702000005],[-102.49889075399994,77.78237539300005],[-102.41331946499992,77.76044342700004]],[[-113.57701575399994,77.81500885600008],[-113.67149817599994,77.84593333500004],[-113.70152747299994,77.89036692900004],[-113.95132402299993,77.91885000200006],[-114.11461341099994,78.00043366100005],[-114.25780188699991,77.98944733300004],[-114.35098222599993,78.03473541900007],[-114.2827856109999,78.06207916900007],[-114.32725989499994,78.08079661700003],[-114.67967688699991,78.03449127800008],[-114.79507402299993,77.98285553600005],[-115.11823482999989,77.95966217700004],[-114.51610266799992,77.76044342700004],[-114.65269934799994,77.76788971600007],[-114.16258704299992,77.70673248900005],[-113.57701575399994,77.81500885600008]],[[-102.79918372299994,78.20014069200005],[-102.78384355399993,78.23704661700003],[-102.83446204299992,78.26609935100004],[-103.0242406889999,78.26984284100007],[-103.28416907499991,78.16136302300004],[-103.23424231699994,78.12807851800005],[-103.04723059799994,78.12702057500007],[-102.79918372299994,78.20014069200005]],[[-109.33893795499995,78.35468170800004],[-109.32510331899994,78.37384674700007],[-109.35570227799991,78.39105866100005],[-109.25951087099992,78.45929596600007],[-109.26646887899994,78.49359772300005],[-109.50450598899994,78.58958567900004],[-109.63345292899993,78.58681875200006],[-109.8401586579999,78.63629791900007],[-109.88727779899995,78.67593008000006],[-110.42690995999993,78.76634349200003],[-110.74095618399991,78.75796133000006],[-111.16441809799994,78.69891998900005],[-111.31436113199993,78.64842357000003],[-111.43814042899993,78.64423248900005],[-111.37669837099992,78.62376536700003],[-111.42015540299991,78.60663483300004],[-111.81602942599994,78.54889557500007],[-112.15005449099993,78.55703359600005],[-112.68203691299993,78.49827708500004],[-113.21422278599994,78.40656159100007],[-113.2207738919999,78.36371491100005],[-113.33617102799991,78.33637116100005],[-113.24828040299991,78.28497955900008],[-113.06151282499991,78.27435944200005],[-112.17552649599992,78.37738678600005],[-111.91246497299994,78.33584219000005],[-111.77847245999993,78.27020905200004],[-111.43399003799993,78.27460358300004],[-111.4046117829999,78.29197825700004],[-111.4319555329999,78.30849844000005],[-111.41148841099994,78.32982005400004],[-111.24010169199994,78.33637116100005],[-111.3152563139999,78.36994049700007],[-111.1546117829999,78.39052969000005],[-110.84032141799992,78.31517161700003],[-110.33242753799993,78.28595612200007],[-110.01305091099994,78.32900625200006],[-109.82323157499991,78.29539622600004],[-109.4063207669999,78.31321849200003],[-109.33893795499995,78.35468170800004]],[[-105.62783769399994,79.16502513200004],[-105.59178626199991,79.03782786700003],[-105.40249589799993,79.01288483300004],[-104.95335852799991,79.05385976800005],[-104.6785375639999,79.01113515800006],[-104.87376868399991,78.89069245000007],[-105.00999915299991,78.84511953300006],[-105.03184973899994,78.82615794500003],[-105.00560462099992,78.80711497600004],[-104.78498287699995,78.80878327000005],[-104.57949785099993,78.86334870000007],[-104.45628821499992,78.95697663000004],[-104.29942786399994,78.95868561400005],[-104.24722245999993,78.99705638200004],[-104.07762610599991,78.98627350500004],[-104.02586829299992,78.94415924700007],[-103.83218339799993,78.90497467700004],[-104.22325598899994,78.78827545800004],[-104.18805904899995,78.77667877800008],[-103.99229895699995,78.75739166900007],[-103.89366614499994,78.78143952000005],[-103.88914954299992,78.80975983300004],[-103.72093665299991,78.80646393400008],[-103.69505774599992,78.79572174700007],[-103.8179418609999,78.74046458500004],[-103.61607825399994,78.77289459800005],[-103.5821020169999,78.74652741100005],[-103.49844316299993,78.78827545800004],[-103.31826738199993,78.73704661700003],[-103.5305883449999,78.70636627800008],[-103.48277747299994,78.67157623900005],[-103.91030839799993,78.66876862200007],[-104.0445043609999,78.63060130400004],[-103.43936113199993,78.62518952000005],[-103.37975012899994,78.58958567900004],[-103.49429277299993,78.56614817900004],[-103.45360266799992,78.53961823100008],[-103.53954016799992,78.50039297100005],[-104.64098059799994,78.58344147300005],[-104.8191625639999,78.57802969000005],[-105.04637610599991,78.50478750200006],[-104.99038652299993,78.43886953300006],[-104.81956946499992,78.36163971600007],[-104.46568762899994,78.27464427300004],[-103.94652258999992,78.24282461100006],[-103.90453040299991,78.25299713700008],[-103.91417395699995,78.27435944200005],[-103.65880286399994,78.32111237200007],[-102.74413001199991,78.38056061400005],[-102.66714433499993,78.36371491100005],[-102.7971899079999,78.32876211100006],[-102.80223548099991,78.28778717700004],[-102.59251868399991,78.24445221600007],[-102.16075598899994,78.28831614800004],[-101.49836178299995,78.23777903900003],[-101.26256262899994,78.18553294500003],[-101.05972245999993,78.20551178600005],[-101.00230872299994,78.13800690300008],[-100.76207434799994,78.08299388200004],[-100.82848059799994,78.05499909100007],[-100.83067786399994,78.01532623900005],[-100.61628170499995,77.90062083500004],[-100.61001542899993,77.86395905200004],[-99.93858801999994,77.78290436400005],[-99.79674231699994,77.81940338700008],[-99.18224036399994,77.84369538000004],[-99.02904212099992,77.88271719000005],[-99.10383053299995,77.96588776200008],[-98.97008216099994,78.00405508000006],[-98.94615637899994,78.06891510600008],[-99.43276933499993,78.21287669500003],[-99.53392493399991,78.28839752800008],[-99.80272376199991,78.30849844000005],[-99.7481176419999,78.38080475500004],[-99.87165279899995,78.43886953300006],[-99.67784583199995,78.48411692900004],[-99.59727942599994,78.53506094000005],[-99.6519262359999,78.54246653900003],[-99.52839107999995,78.58344147300005],[-99.5579320949999,78.59870026200008],[-100.06338456899994,78.63808828300006],[-99.89207923099991,78.69891998900005],[-100.27391516799992,78.77212148600006],[-100.34976152299993,78.82371653900003],[-100.90636145699995,78.77374909100007],[-101.18517005099994,78.80744049700007],[-101.20791581899994,78.82245514500005],[-100.98818925699993,78.93162669500003],[-101.13369706899994,78.97825755400004],[-101.30540930899991,78.97748444200005],[-101.64842688699991,79.08100006700005],[-101.91030839799993,79.09121328300006],[-102.42076575399994,79.01422760600008],[-102.37979081899994,78.96698639500005],[-102.40274003799993,78.93480052300004],[-102.5989477199999,78.87763092700004],[-102.62621008999992,78.90497467700004],[-102.57164466099994,78.94594961100006],[-102.77643795499995,78.94594961100006],[-102.66490637899994,78.98598867400005],[-102.61876380099994,79.09674713700008],[-102.89370683499993,79.17186107000003],[-102.92784583199995,79.21344635600008],[-102.87946529899995,79.23330312700006],[-103.12092037699995,79.29067617400005],[-103.37242591099994,79.30093008000006],[-103.72158769399994,79.36334870000007],[-105.15684973899994,79.29987213700008],[-105.40811113199993,79.33429596600007],[-105.48387610599991,79.30219147300005],[-105.42564856699994,79.29637278900003],[-105.56078040299991,79.23550039300005],[-105.62783769399994,79.16502513200004]],[[-97.01398678299995,72.77875397300005],[-96.95059160099993,72.74127838700008],[-96.77245032499991,72.72394440300008],[-96.65086829299992,72.77875397300005],[-96.72598222599993,72.83397044500003],[-96.69180253799993,72.88861725500004],[-96.79039466099994,72.88654205900008],[-97.01398678299995,72.77875397300005]],[[-95.85578365799995,72.86066315300008],[-95.77326412699995,72.80609772300005],[-95.7202856109999,72.81834544500003],[-95.72105872299994,72.84902578300006],[-95.79320227799991,72.88056061400005],[-95.85578365799995,72.86066315300008]],[[-96.76073157499991,73.18268463700008],[-96.90379798099991,73.18964264500005],[-97.04381262899994,73.15558502800008],[-97.14427649599992,73.07636139500005],[-97.10033118399991,72.99201080900008],[-96.97301184799994,72.92963288000004],[-96.71011308499993,72.94171784100007],[-96.56826738199993,73.05247630400004],[-96.65086829299992,73.14183177300004],[-96.77057857999995,73.12335846600007],[-96.72598222599993,73.16233958500004],[-96.76073157499991,73.18268463700008]],[[-98.97350012899994,73.95746491100005],[-99.4402563139999,73.90900299700007],[-99.35513261599993,73.86615631700005],[-98.81920325399994,73.83763255400004],[-99.17210852799991,73.83392975500004],[-99.1433813139999,73.82160065300008],[-98.76317298099991,73.81659577000005],[-98.72020423099991,73.82709381700005],[-98.74852454299992,73.83641185100004],[-98.71837317599994,73.86522044500003],[-98.65143795499995,73.83454010600008],[-98.14342200399994,73.87840403900003],[-97.80846106699994,73.97793203300006],[-97.64321855399993,74.07221100500004],[-97.72524980399993,74.12164948100008],[-98.17300370999993,74.09772370000007],[-98.52920488199993,74.03339264500005],[-98.75251217399995,74.03363678600005],[-99.01170813699991,73.97479889500005],[-98.97350012899994,73.95746491100005]],[[-97.51366126199991,74.60175202000005],[-97.79478919199994,74.49188873900005],[-97.63621985599991,74.45994700700004],[-97.37706458199995,74.51235586100006],[-97.26036536399994,74.59796784100007],[-97.45836341099994,74.63056061400005],[-97.53408769399994,74.60175202000005],[-97.51366126199991,74.60175202000005]],[[-95.7176000639999,74.53253815300008],[-95.34959876199991,74.49591705900008],[-95.25560462099992,74.51878489800004],[-95.49258378799993,74.63336823100008],[-95.65664628799993,74.64109935100004],[-95.75210527299993,74.61448802300004],[-95.73281816299993,74.58746979400007],[-95.87002519399994,74.58124420800004],[-95.7176000639999,74.53253815300008]],[[-93.41649329299992,74.84072500200006],[-93.4309789699999,74.96747467700004],[-93.53453528599994,75.04466380400004],[-93.64240475199995,75.03994375200006],[-93.49156653599994,75.07404205900008],[-93.51203365799995,75.09516022300005],[-93.46226966099994,75.13507721600007],[-93.58031165299991,75.20502350500004],[-93.49937903599994,75.26801178600005],[-93.80003821499992,75.30744049700007],[-93.6492406889999,75.32786692900004],[-93.67650305899991,75.36204661700003],[-93.98741614499994,75.43927643400008],[-94.39391028599994,75.60423411700003],[-94.89952551999994,75.64472077000005],[-95.1511938139999,75.59316640800006],[-95.31175696499992,75.60130442900004],[-95.37344316299993,75.55499909100007],[-95.59056555899991,75.54889557500007],[-95.84211178299995,75.46507396000004],[-95.67951412699995,75.41351959800005],[-95.70494544199994,75.40302155200004],[-95.98607337099992,75.43821849200003],[-96.15550696499992,75.40802643400008],[-96.17788652299993,75.38251373900005],[-96.03888912699995,75.40477122600004],[-95.78001868399991,75.38251373900005],[-95.93765214799993,75.34845612200007],[-95.88988196499992,75.36888255400004],[-95.92052161399994,75.38963450700004],[-96.02700761599993,75.32786692900004],[-96.17105058499993,75.30744049700007],[-96.17105058499993,75.28701406500005],[-95.90355383999992,75.29315827000005],[-96.09398352799991,75.26097239800004],[-95.98607337099992,75.25218333500004],[-96.35411536399994,75.22467682500007],[-96.40379798099991,75.21124909100007],[-96.36969967399995,75.19757721600007],[-96.3880102199999,75.17999909100007],[-96.46934973899994,75.19440338700008],[-96.59805253799993,75.07550690300008],[-96.61611894399994,74.99152252800008],[-96.32945716099994,75.00413646000004],[-96.33169511599993,74.97825755400004],[-96.39761308499993,74.98529694200005],[-96.40379798099991,74.93691640800006],[-96.26667232999995,74.90961334800005],[-96.20579993399991,74.93065013200004],[-96.15054277299993,75.01886627800008],[-96.06460527299993,75.02358633000006],[-96.14313717399995,74.95799388200004],[-96.05455481699994,74.97272370000007],[-96.0332738919999,74.95058828300006],[-96.13687089799993,74.93691640800006],[-95.87002519399994,74.85496653900003],[-95.92467200399994,74.83441803600005],[-95.89757239499994,74.82587311400005],[-95.7390844389999,74.82078685100004],[-95.71890214799993,74.84658437700006],[-95.67642167899993,74.81891510600008],[-95.51488196499992,74.81411367400005],[-95.49205481699994,74.79975006700005],[-95.54662024599992,74.77301666900007],[-95.51134192599994,74.74359772300005],[-95.45173092399995,74.74510325700004],[-95.48021399599992,74.78131745000007],[-95.46043860599991,74.80426666900007],[-95.38280188699991,74.80719635600008],[-95.46471106699994,74.77985260600008],[-95.44245357999995,74.77293528900003],[-95.30540930899991,74.80548737200007],[-95.05382239499994,74.73143138200004],[-95.08861243399991,74.69049713700008],[-95.06696529899995,74.68207428600005],[-94.92100989499994,74.66376373900005],[-94.82860266799992,74.68512604400007],[-94.7241918609999,74.63178131700005],[-93.60765540299991,74.65420156500005],[-93.46666419199994,74.70376211100006],[-93.4722387359999,74.73444245000007],[-93.56663977799991,74.74510325700004],[-93.44310462099992,74.76927317900004],[-93.41649329299992,74.84072500200006]],[[-96.65672766799992,75.38857656500005],[-96.62291419199994,75.40302155200004],[-96.70547441299993,75.42413971600007],[-96.50267493399991,75.46157461100006],[-96.5520727199999,75.51666901200008],[-96.42430579299992,75.58120351800005],[-96.36461341099994,75.57599518400008],[-96.4153539699999,75.55145905200004],[-96.40855872299994,75.52228424700007],[-96.20571855399993,75.45799388200004],[-95.91038977799991,75.56069570500006],[-96.02700761599993,75.60907623900005],[-96.37511145699995,75.65997955900008],[-96.42430579299992,75.63580963700008],[-96.43618730399993,75.58779531500005],[-97.05492102799991,75.49921295800004],[-96.94737708199995,75.41437409100007],[-96.98668372299994,75.39679596600007],[-96.87271074099993,75.35736725500004],[-96.65672766799992,75.38857656500005]],[[-97.47227942599994,75.42450592700004],[-97.28087317599994,75.40302155200004],[-97.40892493399991,75.47158437700006],[-97.4246313139999,75.52952708500004],[-97.37751217399995,75.67983633000006],[-97.93936113199993,75.74567291900007],[-97.66763261599993,75.80243561400005],[-97.57022050699993,75.86522044500003],[-97.65453040299991,75.98212311400005],[-97.58242753799993,76.08917877800008],[-97.50145423099991,76.14378489800004],[-97.50674394399994,76.19065989800004],[-97.78856360599991,76.32225169500003],[-97.73306230399993,76.39557526200008],[-97.66844641799992,76.42035553600005],[-97.69920813699991,76.46564362200007],[-97.66510982999995,76.48615143400008],[-98.36790930899991,76.57050202000005],[-98.40489661399994,76.59601471600007],[-98.15103105399993,76.58856842700004],[-98.42162024599992,76.62547435100004],[-98.40802975199995,76.66766998900005],[-98.45531165299991,76.68207428600005],[-98.85680091099994,76.67792389500005],[-98.7774145169999,76.65078359600005],[-98.48745683499993,76.65741608300004],[-98.54820716099994,76.61546458500004],[-98.73387610599991,76.61644114800004],[-98.75182044199994,76.58222077000005],[-98.83409583199995,76.62262604400007],[-99.02871660099993,76.60219961100006],[-99.05601966099994,76.54071686400005],[-98.87808183499993,76.47939687700006],[-98.85680091099994,76.46564362200007],[-98.89150956899994,76.45136139500005],[-98.85057532499991,76.43768952000005],[-98.97923743399991,76.47280508000006],[-99.13853919199994,76.45506419500003],[-99.07030188699991,76.40420156500005],[-99.25731360599991,76.46893952000005],[-99.13853919199994,76.49974192900004],[-99.16368567599994,76.51349518400008],[-99.2910863919999,76.50336334800005],[-99.5230199859999,76.59088776200008],[-99.68663489499994,76.60219961100006],[-99.54946855399993,76.60960521000004],[-99.64093990799995,76.63743724200003],[-99.85130774599992,76.60993073100008],[-100.33259029899995,76.64472077000005],[-100.72813880099994,76.56122467700004],[-100.70026607999995,76.54071686400005],[-100.73159745999993,76.53196849200003],[-100.98818925699993,76.50657786700003],[-100.67528235599991,76.38104889500005],[-100.13853919199994,76.38312409100007],[-100.18008378799993,76.36322663000004],[-99.92686926999994,76.32225169500003],[-100.02183997299994,76.30801015800006],[-99.99657141799992,76.29881419500003],[-99.84365800699993,76.28685130400004],[-100.06309973899994,76.28685130400004],[-100.17808997299994,76.31757233300004],[-100.21422278599994,76.30801015800006],[-100.07705644399994,76.27326080900008],[-100.44456946499992,76.28375885600008],[-100.51097571499992,76.24994538000004],[-100.47874915299991,76.23383209800005],[-100.16869055899991,76.19041575700004],[-99.9942113919999,76.20498281500005],[-99.69961503799993,76.14105866100005],[-99.41852779899995,76.16400788000004],[-99.68374589799993,76.12376536700003],[-100.08385169199994,76.16054922100005],[-100.22105872299994,76.13605377800008],[-100.11660722599993,76.10370514500005],[-100.06017005099994,76.04254791900007],[-99.99449622299994,76.04047272300005],[-100.03547115799995,76.01312897300005],[-99.89073645699995,75.98948802300004],[-99.87165279899995,75.97842031500005],[-99.90200761599993,75.95477936400005],[-99.86412512899994,75.93744538000004],[-99.4402563139999,75.97223541900007],[-99.94709225199995,75.87518952000005],[-99.9995824859999,75.92666250200006],[-100.15217037699995,75.91693756700005],[-100.07022050699993,75.95172760600008],[-100.16779537699995,75.96344635600008],[-100.35391191299993,76.06557851800005],[-100.62511145699995,76.08148834800005],[-100.42027747299994,76.12299225500004],[-100.74120032499991,76.09568919500003],[-100.62511145699995,76.12299225500004],[-100.84626217399995,76.21059804900005],[-101.13206946499992,76.24518463700008],[-101.05711829299992,76.32843659100007],[-101.32164466099994,76.41453685100004],[-101.81126868399991,76.45880768400008],[-102.03514563699991,76.41278717700004],[-102.05768795499995,76.39671458500004],[-101.9546606109999,76.36945221600007],[-102.09862219999991,76.34902578300006],[-102.05211341099994,76.32306549700007],[-102.19481360599991,76.29433828300006],[-102.05768795499995,76.28001536700003],[-102.1675512359999,76.23908112200007],[-101.78673255099994,76.21857330900008],[-101.38548743399991,76.25336334800005],[-101.74233964799993,76.18447500200006],[-101.90290279899995,76.10590241100005],[-101.8438207669999,76.02700429900005],[-101.70995032499991,75.98969147300005],[-101.3035375639999,76.02065664300005],[-101.58946692599994,75.92450592700004],[-101.55060787699995,75.86981842700004],[-101.37181555899991,75.85179271000004],[-101.3274633449999,75.81793854400007],[-101.35875403599994,75.77973053600005],[-100.91315670499995,75.81452057500007],[-101.27578691299993,75.74567291900007],[-101.44591223899994,75.76410553600005],[-101.47484290299991,75.77358633000006],[-101.4544164699999,75.81452057500007],[-101.83299719999991,75.90582916900007],[-102.26227779899995,75.86981842700004],[-102.37413489499994,75.81049225500004],[-102.32583574099993,75.78375885600008],[-102.11896725199995,75.79950592700004],[-102.09117591099994,75.78725820500006],[-102.23582923099991,75.74567291900007],[-102.00926673099991,75.70465729400007],[-102.10606848899994,75.69798411700003],[-102.24673417899993,75.72443268400008],[-102.56187903599994,75.72553131700005],[-102.5852758449999,75.71149323100008],[-102.53062903599994,75.69847239800004],[-102.68765214799993,75.67796458500004],[-102.66714433499993,75.65009186400005],[-102.7019750639999,75.63580963700008],[-102.63304602799991,75.61591217700004],[-102.82140051999994,75.63739655200004],[-102.8816625639999,75.61782461100006],[-102.72862708199995,75.57436758000006],[-102.77611243399991,75.54498932500007],[-102.6858617829999,75.53668854400007],[-102.63341223899994,75.49811432500007],[-102.40029863199993,75.54022858300004],[-101.44937089799993,75.60765208500004],[-101.36115475199995,75.57831452000005],[-100.22325598899994,75.66669342700004],[-98.89419511599993,75.69965241100005],[-99.82323157499991,75.65623607000003],[-99.80955969999991,75.63580963700008],[-99.86412512899994,75.61591217700004],[-99.66551673099991,75.61591217700004],[-100.0423070949999,75.56069570500006],[-99.82998613199993,75.54767487200007],[-100.2825414699999,75.52716705900008],[-99.95352128799993,75.49921295800004],[-100.03917395699995,75.48021067900004],[-100.31041419199994,75.47874583500004],[-100.00877844999991,75.47134023600006],[-100.04116777299993,75.45722077000005],[-100.72134355399993,75.43773021000004],[-100.42650305899991,75.38251373900005],[-100.78213456899994,75.35521067900004],[-100.50291907499991,75.29262929900005],[-100.24771074099993,75.31427643400008],[-100.40599524599992,75.27334219000005],[-99.98704993399991,75.23859284100007],[-100.41649329299992,75.23456452000005],[-100.54942786399994,75.20502350500004],[-100.39854895699995,75.16339752800008],[-100.43333899599992,75.14980703300006],[-100.38756262899994,75.12059153900003],[-100.39793860599991,75.05882396000004],[-100.36876380099994,75.02309804900005],[-99.64541581899994,74.97601959800005],[-99.42593339799993,74.99152252800008],[-99.50104732999995,75.03245677300004],[-99.30577551999994,75.13129303600005],[-99.28075110599991,75.11001211100006],[-99.40550696499992,74.99896881700005],[-98.95417232999995,75.00893789300005],[-98.96666419199994,75.04677969000005],[-98.90021725199995,75.06708405200004],[-98.83690344999991,75.05418528900003],[-98.85680091099994,75.01886627800008],[-98.74693762899994,75.01264069200005],[-98.7891332669999,74.99896881700005],[-98.75023352799991,74.98843008000006],[-97.97581946499992,75.01447174700007],[-97.94432532499991,75.05255768400008],[-97.97325598899994,75.11196523600006],[-98.15103105399993,75.17023346600007],[-98.07994544199994,75.20758698100008],[-98.10326087099992,75.22553131700005],[-98.02135169199994,75.21124909100007],[-98.01329505099994,75.15957265800006],[-97.81285559799994,75.11310455900008],[-97.56883704299992,75.14980703300006],[-97.80223548099991,75.19757721600007],[-97.73330644399994,75.21124909100007],[-97.8977758449999,75.30548737200007],[-97.91148841099994,75.26650625200006],[-98.00084387899994,75.27952708500004],[-97.89098059799994,75.32786692900004],[-97.93053137899994,75.33954498900005],[-98.05724036399994,75.28681061400005],[-98.11668860599991,75.29800039300005],[-98.13121497299994,75.31427643400008],[-98.07599850199995,75.32786692900004],[-98.16470292899993,75.33417389500005],[-98.12295488199993,75.36863841400003],[-97.87999426999994,75.37433502800008],[-98.06232662699995,75.40302155200004],[-98.03530839799993,75.41551341400003],[-97.77428137899994,75.42413971600007],[-98.02037512899994,75.44912344000005],[-98.0554906889999,75.45831940300008],[-97.94562740799995,75.47134023600006],[-98.0418188139999,75.48493073100008],[-97.92369544199994,75.51959870000007],[-97.77383378799993,75.46015045800004],[-97.74742591099994,75.47540924700007],[-97.76121985599991,75.50006745000007],[-97.8562719389999,75.54767487200007],[-97.74982662699995,75.54775625200006],[-97.76060950399994,75.57436758000006],[-97.47948157499991,75.49237702000005],[-97.49876868399991,75.45453522300005],[-97.47227942599994,75.42450592700004]],[[-94.45750891799992,75.96588776200008],[-94.53233801999994,75.99803294500003],[-94.91047115799995,75.93744538000004],[-94.82787024599992,75.88898346600007],[-94.82335364499994,75.81049225500004],[-94.74380449099993,75.76154205900008],[-94.31651770699995,75.76434967700004],[-94.29458574099993,75.77570221600007],[-94.42320716099994,75.87287018400008],[-94.45750891799992,75.96588776200008]],[[-89.49620520699995,76.47870514500005],[-89.62653561099995,76.45136139500005],[-89.59642493399991,76.44367096600007],[-89.38011633999992,76.44513580900008],[-89.49620520699995,76.47870514500005]],[[-84.10362708199995,76.48240794500003],[-84.12344316299993,76.45136139500005],[-83.9922582669999,76.42536041900007],[-83.91124426999994,76.47186920800004],[-84.01341712099992,76.50336334800005],[-84.13780676999994,76.51406484600005],[-84.10362708199995,76.48240794500003]],[[-89.81615149599992,76.66766998900005],[-89.69420325399994,76.69261302300004],[-89.67495683499993,76.73261139500005],[-89.98216712099992,76.84235260600008],[-90.33047441299993,76.82379791900007],[-90.52953040299991,76.79218170800004],[-90.59447180899991,76.75088125200006],[-90.15782630099994,76.50608958500004],[-89.9773656889999,76.47772858300004],[-89.91958574099993,76.51581452000005],[-89.82579505099994,76.48615143400008],[-89.67495683499993,76.50657786700003],[-89.82209225199995,76.55125560100004],[-89.85928300699993,76.61644114800004],[-89.81615149599992,76.66766998900005]],[[-90.09390214799993,77.20408763200004],[-89.79088294199994,77.27069733300004],[-89.64452063699991,77.34341054900005],[-89.71593176999994,77.37002187700006],[-89.69481360599991,77.39044830900008],[-89.71593176999994,77.45872630400004],[-89.77574622299994,77.48639557500007],[-90.30410722599993,77.62938060100004],[-90.88170325399994,77.65770091400003],[-91.16869055899991,77.61749909100007],[-91.20929928299995,77.57538483300004],[-91.18199622299994,77.54071686400005],[-91.20929928299995,77.52020905200004],[-91.16832434799994,77.45254140800006],[-91.20205644399994,77.41966380400004],[-91.17951412699995,77.39419179900005],[-90.92446855399993,77.30703359600005],[-90.3875219389999,77.23338450700004],[-90.40501868399991,77.20319245000007],[-90.09390214799993,77.20408763200004]],[[-85.15485592399995,77.51251862200007],[-85.16222083199995,77.45872630400004],[-84.81623287699995,77.49970123900005],[-85.0183813139999,77.58348216400003],[-85.32331295499995,77.58909739800004],[-85.52529863199993,77.54832591400003],[-85.15485592399995,77.51251862200007]],[[-93.37486731699994,77.58909739800004],[-93.4090063139999,77.60956452000005],[-93.37466386599993,77.63397858300004],[-93.1011449859999,77.66421133000006],[-93.23827063699991,77.73334381700005],[-93.60802161399994,77.78148021000004],[-93.94001217399995,77.73725006700005],[-94.06297766799992,77.77338288000004],[-94.94835364499994,77.79144928600005],[-95.19961503799993,77.74591705900008],[-95.29356848899994,77.76923248900005],[-95.35545813699991,77.73993561400005],[-95.40151933499993,77.74681224200003],[-95.4441625639999,77.81126536700003],[-95.50649980399993,77.81073639500005],[-96.23546301999994,77.70551178600005],[-96.2573949859999,77.65745677300004],[-96.28774980399993,77.65802643400008],[-96.27505449099993,77.62238190300008],[-96.32872473899994,77.60956452000005],[-95.9876195949999,77.47907135600008],[-94.33079993399991,77.47748444200005],[-93.95767167899993,77.43829987200007],[-93.58096269399994,77.44017161700003],[-93.47842363199993,77.48810455900008],[-93.50584876199991,77.50714752800008],[-93.48790442599994,77.54804108300004],[-93.37486731699994,77.58909739800004]],[[-97.10334225199995,77.80817291900007],[-96.8613988919999,77.78896719000005],[-96.72667395699995,77.83681875200006],[-96.5249731109999,77.84638092700004],[-96.57510331899994,77.85663483300004],[-96.49323482999995,77.87714264500005],[-96.61827551999994,77.85195547100005],[-96.74022376199991,77.87030670800004],[-96.4961645169999,77.90607330900008],[-96.36554928299995,77.86298248900005],[-95.80850175699993,77.90298086100006],[-95.37743079299992,77.97264232000003],[-95.06065833199995,77.97264232000003],[-94.88931230399993,78.06207916900007],[-94.92418372299994,78.08673737200007],[-94.88931230399993,78.10927969000005],[-95.10903886599993,78.19236888200004],[-95.40322831899994,78.23334381700005],[-94.82787024599992,78.36371491100005],[-95.1187231109999,78.45465729400007],[-95.46108964799993,78.51113515800006],[-95.69981848899994,78.52610911700003],[-95.90697180899991,78.48725006700005],[-96.2735082669999,78.53506094000005],[-96.15729732999995,78.61957428600005],[-96.31387285099993,78.62075429900005],[-96.54308020699995,78.68561432500007],[-96.89419511599993,78.70294830900008],[-97.45103919199994,78.79710521000004],[-98.14907792899993,78.81867096600007],[-98.36188717399995,78.76618073100008],[-98.31554114499994,78.74725983300004],[-98.37018795499995,78.72679271000004],[-98.31554114499994,78.70636627800008],[-98.31607011599993,78.64622630400004],[-98.0249731109999,78.55255768400008],[-98.3399145169999,78.54364655200004],[-98.32298743399991,78.52073802300004],[-98.40282141799992,78.51300690300008],[-98.40729732999995,78.48818594000005],[-98.21666419199994,78.41518789300005],[-98.03502356699994,78.39850495000007],[-98.09024003799993,78.36994049700007],[-98.01390540299991,78.33637116100005],[-98.06847083199995,78.30849844000005],[-97.76683508999992,78.24701569200005],[-97.92210852799991,78.24404531500005],[-97.91954505099994,78.22028229400007],[-97.39415442599994,78.21287669500003],[-96.86929277299993,78.13715241100005],[-96.90412350199995,78.12348053600005],[-96.85631262899994,78.10927969000005],[-96.93761145699995,78.08104075700004],[-97.65689042899993,78.09707265800006],[-97.68492591099994,78.07566966400003],[-97.65143795499995,78.05585358300004],[-97.77428137899994,78.04157135600008],[-96.9934789699999,77.92487213700008],[-97.1238500639999,77.87714264500005],[-97.08731035099993,77.84198639500005],[-97.10334225199995,77.80817291900007]],[[-88.18724524599992,78.29657623900005],[-88.16047115799995,78.36371491100005],[-88.04674231699994,78.42324453300006],[-88.0574438139999,78.45246002800008],[-88.22191321499992,78.43260325700004],[-88.24742591099994,78.37262604400007],[-88.20140540299991,78.35687897300005],[-88.40127519399994,78.30109284100007],[-88.4055883449999,78.25897858300004],[-88.33385169199994,78.24103424700007],[-88.18724524599992,78.29657623900005]],[[-79.14411373599995,75.98029205900008],[-78.79987545499995,76.08486562700006],[-78.89541581899994,76.12299225500004],[-79.06818600199995,76.12470123900005],[-79.26475989499994,76.03363678600005],[-79.58348548099991,75.94814687700006],[-79.60118567599994,75.90326569200005],[-79.7520238919999,75.88279857000003],[-79.58690344999991,75.86155833500004],[-79.56639563699991,75.84495677300004],[-79.59373938699991,75.82135651200008],[-79.43814042899993,75.79535553600005],[-79.34044348899994,75.82880280200004],[-79.42983964799993,75.84808991100005],[-79.27916419199994,75.87653229400007],[-79.02521725199995,75.86981842700004],[-79.07359778599994,75.84808991100005],[-79.05052649599992,75.84113190300008],[-78.87498938699991,75.85553620000007],[-79.16966712099992,75.93748607000003],[-79.14411373599995,75.98029205900008]],[[-81.31086178299995,76.19635651200008],[-81.46507727799991,76.16400788000004],[-81.35993404899995,76.14883047100005],[-81.2044164699999,76.18447500200006],[-81.31086178299995,76.19635651200008]],[[-77.67178300699993,77.79661692900004],[-77.59658769399994,77.81659577000005],[-77.57274329299992,77.85663483300004],[-77.95628821499992,77.83612702000005],[-77.88121497299994,77.78461334800005],[-77.67178300699993,77.79661692900004]],[[-74.69229081899994,78.72166575700004],[-74.33112545499995,78.67841217700004],[-74.16706295499995,78.72679271000004],[-74.55809485599991,78.78143952000005],[-74.6946508449999,78.74725983300004],[-74.69229081899994,78.72166575700004]],[[-69.67772376199991,76.53384023600006],[-69.46792558499993,76.57941315300008],[-69.55675208199995,76.61395905200004],[-70.0344945949999,76.56806061400005],[-69.67772376199991,76.53384023600006]]],[[[-82.03268221267021,80.0],[-81.40371660099993,79.93968333500004],[-81.66169186099995,79.90757884300007],[-81.56558183499993,79.80662669500003],[-81.6289770169999,79.76837799700007],[-81.50609290299991,79.75470612200007],[-81.53343665299991,79.72125885600008],[-81.5032445949999,79.71482982000003],[-81.32217363199993,79.72064850500004],[-80.88101152299993,79.65391673400006],[-79.7520238919999,79.70697663000004],[-79.91958574099993,79.64854564000007],[-80.64273027299993,79.59080638200004],[-80.58747311099995,79.56915924700007],[-81.37800045499995,79.64293040600006],[-81.6516414049999,79.59422435100004],[-81.78726152299993,79.61139557500007],[-81.61595618399991,79.62437571800007],[-81.67747962099992,79.64838288000004],[-81.67056230399993,79.69330475500004],[-81.9858699209999,79.72740306200006],[-81.96483313699991,79.74730052300004],[-82.17088782499991,79.86888255400004],[-82.72088692412188,80.0],[-82.03268221267021,80.0]]],[[[-87.57501760490285,75.45247890274017],[-87.60558020699995,75.45148346600007],[-87.59613130217944,75.45500055829879],[-87.57501760490285,75.45247890274017]]],[[[-86.24802366257457,75.64213321122611],[-85.9268751946589,75.62874108827447],[-85.73519434643883,75.57085384175902],[-86.1516820949999,75.50877513200004],[-85.52188066299993,75.40302155200004],[-85.99282792899993,75.42218659100007],[-86.61803137899994,75.36888255400004],[-86.36481686099995,75.43036530200004],[-86.57990475199995,75.47760651200008],[-86.77782141799992,75.47601959800005],[-86.88231557553604,75.50750466120452],[-86.24802366257457,75.64213321122611]]],[[[-85.08234335262173,73.6220805417145],[-84.50186329740248,73.42219643071745],[-84.65802975199995,73.39508698100008],[-84.57258053299995,73.32200755400004],[-84.34264075399994,73.23126862200007],[-84.63133704299992,73.29999420800004],[-84.79723059799994,73.39093659100007],[-85.1133520169999,73.32184479400007],[-85.19298255099994,73.23126862200007],[-84.56920325399994,73.11456940300008],[-83.79474850199995,73.04657623900005],[-83.63756262899994,72.98480866100005],[-83.86131751199991,73.03656647300005],[-84.45885169199994,73.06244538000004],[-85.17540442599994,73.14899323100008],[-85.22716223899994,73.13129303600005],[-85.12474524599992,73.05247630400004],[-85.3347875639999,73.09479401200008],[-85.39313717399995,73.13996002800008],[-85.46357174399992,73.11188385600008],[-85.53563391799992,73.02578359600005],[-85.1719457669999,73.01154205900008],[-85.11803137899994,73.03314850500004],[-85.06269283799992,72.99103424700007],[-85.08995520699995,72.98480866100005],[-83.95287024599992,72.75824616100005],[-85.31794186099995,72.96308014500005],[-85.57062740799995,72.97231679900005],[-85.68207760299993,72.89362213700008],[-85.65233313699991,72.87124258000006],[-85.71381588399993,72.73777903900003],[-85.68964596299992,72.69147370000007],[-85.7063695949999,72.63849518400008],[-85.63280188699991,72.59349192900004],[-85.47358150899993,72.57953522300005],[-85.61823482999995,72.54535553600005],[-85.51451575399994,72.46344635600008],[-85.11790930899991,72.38776276200008],[-85.13190670499995,72.35390859600005],[-84.78014075399994,72.46165599200003],[-84.8035375639999,72.40989817900004],[-84.87767493399991,72.40200429900005],[-84.8731176419999,72.37368398600006],[-84.43207760299993,72.38153717700004],[-84.56920325399994,72.35419342700004],[-84.81407630099994,72.35761139500005],[-84.93915768099993,72.29214101800005],[-84.68980872299994,72.24404531500005],[-84.7473852199999,72.23065827000005],[-84.59032141799992,72.16242096600007],[-84.37743079299992,72.13446686400005],[-84.41156979099992,72.12079498900005],[-84.16454016799992,72.02460358300004],[-84.19245357999995,72.01093170800004],[-84.15831458199995,71.98362864800004],[-84.17170162699995,71.95099518400008],[-84.20661373599995,71.93854401200008],[-84.27131100199995,72.02460358300004],[-84.86200924399992,72.21971263200004],[-85.03583736899992,72.25470612200007],[-85.11054439999992,72.23065827000005],[-85.09923255099994,72.25458405200004],[-85.21837317599994,72.23574453300006],[-85.24079342399995,72.25116608300004],[-85.22032630099994,72.25739166900007],[-85.47642981699994,72.26626211100006],[-85.50092525899993,72.25116608300004],[-85.41893469999991,72.21702708500004],[-85.54246985599991,72.23688385600008],[-85.50092525899993,72.21442291900007],[-85.50837154899995,72.17544179900005],[-85.3985082669999,72.13446686400005],[-85.54246985599991,72.12763092700004],[-85.49775143099993,72.07990143400008],[-85.7820531889999,72.03888580900008],[-85.72057044199994,72.01093170800004],[-85.98749752499992,72.03143952000005],[-85.96019446499992,71.98362864800004],[-86.05064856699994,72.01455312700006],[-86.02135169199994,71.98411692900004],[-85.55553137899994,71.90167877800008],[-85.43781490799995,71.81476471600007],[-85.58344479099992,71.79181549700007],[-85.2578832669999,71.66836172100005],[-84.89159094999991,71.63296133000006],[-84.84357662699995,71.65534088700008],[-84.87092037699995,71.67519765800006],[-84.6223852199999,71.66583893400008],[-84.60338294199994,71.64789459800005],[-84.65802975199995,71.61310455900008],[-84.64496822799993,71.58429596600007],[-84.56305904899995,71.55536530200004],[-84.52826900899993,71.47313060100004],[-84.76134192599994,71.40766022300005],[-84.74115963399993,71.38031647300005],[-84.79869544199994,71.28766510600008],[-84.66478430899991,71.22333405200004],[-84.79710852799991,71.18488190300008],[-84.82929439999992,71.08612702000005],[-84.75300045499995,70.97589752800008],[-84.79918372299994,70.92788320500006],[-84.96796627499992,70.92397695500006],[-84.97789466099994,70.95038483300004],[-84.93114173099991,71.00092194200005],[-85.00804602799991,71.05198802300004],[-84.95966549399992,71.07868073100008],[-85.14521236899992,71.08612702000005],[-84.98228919199994,71.10781484600005],[-84.87767493399991,71.07245514500005],[-84.85680091099994,71.15973541900007],[-84.97260494699992,71.19619375200006],[-85.04279537699995,71.18854401200008],[-84.98753821499992,71.16803620000007],[-85.01362057199992,71.16152578300006],[-85.12474524599992,71.18231842700004],[-85.08995520699995,71.15444570500006],[-85.18175208199995,71.14105866100005],[-85.48383541599992,71.17511627800008],[-85.76850338399993,71.14940013200004],[-86.28486080599993,71.00625234600005],[-86.8235570949999,70.99054596600007],[-86.30842037699995,71.05565013200004],[-85.94530188699991,71.18089427300004],[-85.70014400899993,71.20966217700004],[-85.54320227799991,71.18056875200006],[-85.4707738919999,71.21035390800006],[-85.40619869699992,71.19696686400005],[-85.39509029899995,71.22638580900008],[-85.47154700399994,71.22972239800004],[-85.1719457669999,71.27045319200005],[-85.27558346299992,71.28473541900007],[-85.19318600199995,71.29930247600004],[-84.83763587099992,71.28656647300005],[-84.88670813699991,71.34357330900008],[-84.94383704299992,71.34438711100006],[-84.91869055899991,71.39057038000004],[-84.94762122299994,71.42332591400003],[-85.49693762899994,71.51439036700003],[-85.75934811099995,71.65257396000004],[-86.11103268099993,71.78436920800004],[-86.30964107999995,71.93585846600007],[-86.33385169199994,71.98704661700003],[-86.40819251199991,72.00580475500004],[-86.46043860599991,72.20335521000004],[-86.43248450399994,72.27684153900003],[-86.24201412699995,72.42251211100006],[-86.32612057199992,72.50364817900004],[-86.68024654899995,72.64618561400005],[-86.70575924399992,72.66840241100005],[-86.68016516799992,72.68317291900007],[-86.73753821499992,72.73094310100004],[-86.67271887899994,72.84699127800008],[-86.33197994699992,73.04425690300008],[-86.28294837099992,73.08722565300008],[-86.29242916599992,73.11615631700005],[-86.03034420499995,73.30243561400005],[-85.57721920499995,73.51239655200004],[-85.09400228153085,73.63239888005641],[-85.08234335262173,73.6220805417145]]],[[[-80.9636494367055,73.55450892836905],[-80.82116520533147,73.5316002195072],[-80.6973363919999,73.48444245000007],[-80.84976152299993,73.47532786700003],[-80.89598548099991,73.38149648600006],[-80.84813391799992,73.36098867400005],[-80.86925208199995,73.32623932500007],[-80.77131100199995,73.27912018400008],[-80.16380774599992,73.23338450700004],[-80.11815344999991,73.18447500200006],[-80.18016516799992,73.15912506700005],[-80.12254798099991,73.12140534100007],[-80.17613684799994,73.04559967700004],[-80.00182044199994,72.87124258000006],[-79.5684301419999,72.75983307500007],[-79.17544511599993,72.75458405200004],[-78.64167232999995,72.85248444200005],[-78.17088782499991,72.89862702000005],[-77.16867056785685,72.85429983168842],[-77.16401917028908,72.79040241411683],[-77.06080723833217,72.73840793297067],[-77.60102291599992,72.75580475500004],[-78.42743893099993,72.59373607000003],[-78.55907141799992,72.51064687700006],[-78.5547582669999,72.44481028900003],[-78.22712154899995,72.33759186400005],[-77.82603919199994,72.27789948100008],[-77.54780025899993,72.19920482000003],[-77.27179928299995,72.19594961100006],[-76.99742591099994,72.13446686400005],[-77.29845130099994,72.18976471600007],[-77.58958899599992,72.18329498900005],[-77.62059485599991,72.17544179900005],[-77.59984290299991,72.12543366100005],[-77.66095943899995,72.10032786700003],[-77.62059485599991,72.13788483300004],[-77.69135494699992,72.21662018400008],[-78.40880286399994,72.32904694200005],[-78.47093665299991,72.31883372600004],[-78.47655188699991,72.24433014500005],[-78.39155025899993,72.18634674700007],[-78.42756100199995,72.17942942900004],[-78.53180904899995,72.25116608300004],[-78.53925533799992,72.30573151200008],[-78.51191158799992,72.32632070500006],[-78.60431881399995,72.35781484600005],[-78.8047582669999,72.33808014500005],[-78.81293697799993,72.31264883000006],[-78.75092525899993,72.28530508000006],[-78.8750707669999,72.23065827000005],[-78.4290258449999,72.11985911700003],[-78.29450436099995,71.97654857000003],[-78.12486731699994,71.97675202000005],[-77.88923092399995,71.84369538000004],[-77.69635982999995,71.81232330900008],[-77.74762936099995,71.75169505400004],[-77.8196508449999,71.80402252800008],[-77.97691809799994,71.84711334800005],[-78.15355383999992,71.97239817900004],[-78.30833899599992,71.94985586100006],[-78.29881751199991,71.91718170800004],[-78.17125403599994,71.85040924700007],[-77.90864010299993,71.77138906500005],[-78.20897376199991,71.82379791900007],[-78.38487708199995,71.94049713700008],[-78.43773352799991,72.04539622600004],[-78.50446529899995,72.10032786700003],[-78.83043372299994,72.17267487200007],[-78.8801977199999,72.15900299700007],[-78.86200924399992,72.10590241100005],[-78.91441809799994,72.01414622600004],[-78.60151119699992,71.94257233300004],[-78.59015865799995,71.90485260600008],[-78.50446529899995,71.87445709800005],[-79.06651770699995,71.97626373900005],[-79.15245520699995,71.95571523600006],[-79.23066158799992,71.97626373900005],[-79.03888912699995,72.07298411700003],[-79.00340735599991,72.15473053600005],[-78.94330807199992,72.19594961100006],[-78.98424231699994,72.23065827000005],[-78.95722408799992,72.28310781500005],[-79.04242916599992,72.28782786700003],[-79.33161373599995,72.40228913000004],[-79.54596920499995,72.29214101800005],[-79.48192298099991,72.26312897300005],[-79.45038814999992,72.19594961100006],[-79.54564368399991,72.27509186400005],[-79.76801510299993,72.22235748900005],[-79.77354895699995,72.24872467700004],[-79.5938207669999,72.34052155200004],[-79.77253170499995,72.41567617400005],[-79.69062252499992,72.47028229400007],[-79.81883704299992,72.50641510600008],[-79.86811275899993,72.49140045800004],[-79.87494869699992,72.42869700700004],[-80.04902096299992,72.39789459800005],[-80.16978919199994,72.32632070500006],[-79.93016516799992,72.19594961100006],[-79.67638098899994,72.12763092700004],[-80.00531979099992,72.18284739800004],[-80.24522864499994,72.29987213700008],[-80.30695553299995,72.25739166900007],[-80.23810787699995,72.20962148600006],[-80.48285885299993,72.18073151200008],[-80.3653051419999,72.11090729400007],[-80.35387122299994,72.07489655200004],[-80.39667721299992,72.05011627800008],[-80.75938880099994,71.98362864800004],[-80.76439368399991,71.93720123900005],[-80.98534094999991,71.88808828300006],[-80.84479732999995,71.93927643400008],[-80.80040442599994,72.01776764500005],[-80.84142005099994,72.05434804900005],[-81.08775794199994,72.05255768400008],[-80.99217688699991,72.07298411700003],[-81.02631588399993,72.09349192900004],[-80.56688391799992,72.08226146000004],[-80.97175045499995,72.20335521000004],[-80.83454342399995,72.20962148600006],[-80.85639400899993,72.23061758000006],[-80.83161373599995,72.26068756700005],[-80.75230872299994,72.30923086100006],[-80.51239986899992,72.38153717700004],[-80.50621497299994,72.49762604400007],[-80.55553137899994,72.51552969000005],[-80.88914954299992,72.43618398600006],[-81.24164791599992,72.26080963700008],[-81.38263912699995,72.24433014500005],[-81.20478268099993,72.29157135600008],[-81.17829342399995,72.34100983300004],[-80.9512426419999,72.45661041900007],[-80.52607174399992,72.57953522300005],[-80.55846106699994,72.62759023600006],[-80.24547278599994,72.73777903900003],[-80.32062740799995,72.80609772300005],[-80.50621497299994,72.84023672100005],[-80.64032955599993,72.92792389500005],[-80.6570531889999,72.97736237200007],[-80.58067786399994,73.02578359600005],[-80.59638424399992,73.04637278900003],[-80.54987545499995,73.09479401200008],[-80.61969967399995,73.16010163000004],[-81.1875707669999,73.26455312700006],[-81.21812903599994,73.29266998900005],[-81.18207760299993,73.36981842700004],[-81.22815510180746,73.53637561634444],[-80.9636494367055,73.55450892836905]]],[[[-75.79200014499244,72.09922828346757],[-76.00507564999992,72.05939362200007],[-76.08665930899991,71.98895905200004],[-76.35810299399992,71.85594310100004],[-76.41462154899995,71.86078522300005],[-76.15217037699995,71.98908112200007],[-76.02875729099992,72.08869049700007],[-75.82859641448466,72.11766417559801],[-75.79200014499244,72.09922828346757]]],[[[-75.55795099387257,71.98132268917779],[-75.62303623264093,71.94729298920286],[-75.58984231531612,71.99738839669904],[-75.55795099387257,71.98132268917779]]],[[[-75.84988219869156,71.71718784743524],[-75.86644446499992,71.70795319200005],[-76.09992428299995,71.69627513200004],[-75.8544780256382,71.74735905745898],[-75.84988219869156,71.71718784743524]]],[[[-75.05702933900298,71.50809790102318],[-75.15339107999995,71.46971263200004],[-75.08239322956904,71.50845051016765],[-75.05702933900298,71.50809790102318]]],[[[-74.73304011818381,71.50359379856015],[-74.63097083199995,71.39020416900007],[-75.04588782499991,71.18720123900005],[-75.09874426999994,71.19537995000007],[-74.70466061099995,71.39492422100005],[-74.74486243399991,71.44106679900005],[-74.92808997299994,71.45604075700004],[-74.82502193899995,71.49017975500004],[-74.83338274456219,71.50498876308852],[-74.73304011818381,71.50359379856015]]],[[[-74.1880516402493,71.23079107188548],[-74.2422582669999,71.20282623900005],[-74.18964781869701,71.23168707970578],[-74.1880516402493,71.23079107188548]]],[[[-77.46307503858118,69.69327188406518],[-77.70546324375887,69.70751134528955],[-78.28249076305022,69.95979052798963],[-78.69471009234138,69.94389094706945],[-78.66510982999995,70.01382070500006],[-78.73664303299995,70.07770416900007],[-78.75568600199995,70.18219635600008],[-78.92536373599995,70.30206940300008],[-79.04633541599992,70.34251536700003],[-79.12804114499994,70.30923086100006],[-79.33141028599994,70.36847565300008],[-79.45014400899993,70.35272858300004],[-79.59125729099992,70.41132233300004],[-79.50385494699992,70.46067942900004],[-79.40644283799992,70.43984609600005],[-79.38898678299995,70.46295807500007],[-79.42430579299992,70.49225495000007],[-79.31659908799992,70.48322174700007],[-79.27904212099992,70.52383047100005],[-79.31322180899991,70.54486725500004],[-79.23066158799992,70.55853913000004],[-79.22447669199994,70.53123607000003],[-79.29625403599994,70.49380117400005],[-79.29308020699995,70.45522695500006],[-79.34675045499995,70.44871653900003],[-79.21336829299992,70.42080312700006],[-79.14875240799995,70.45612213700008],[-79.14252682199992,70.51072825700004],[-79.17609615799995,70.51764557500007],[-79.0032445949999,70.61859772300005],[-79.15546627499992,70.63178131700005],[-79.01581783799992,70.68211497600004],[-78.9590551419999,70.63080475500004],[-78.8399145169999,70.63568756700005],[-78.71735592399995,70.55170319200005],[-78.78172766799992,70.55634186400005],[-78.88178463399993,70.60077545800004],[-78.99791419199994,70.56537506700005],[-78.88190670499995,70.55170319200005],[-79.07990475199995,70.53807200700004],[-79.03888912699995,70.51764557500007],[-79.10094153599994,70.50332265800006],[-78.89704342399995,70.41689687700006],[-78.86754309799994,70.41453685100004],[-78.90912838399993,70.44871653900003],[-78.89179439999992,70.47972239800004],[-78.8333227199999,70.44708893400008],[-78.74469967399995,70.45612213700008],[-78.69965572799993,70.38251373900005],[-78.6348363919999,70.37978750200006],[-78.66279049399992,70.35309479400007],[-78.58165442599994,70.31443919500003],[-78.55907141799992,70.31834544500003],[-78.58018958199995,70.34564850500004],[-78.53587805899991,70.35659414300005],[-78.38841712099992,70.33881256700005],[-78.53925533799992,70.31216054900005],[-78.42747962099992,70.25739166900007],[-78.4082738919999,70.21588776200008],[-78.23078365799995,70.22955963700008],[-78.2415258449999,70.21263255400004],[-78.15221106699994,70.20229726800005],[-78.13402258999992,70.22532786700003],[-78.1966039699999,70.25690338700008],[-78.05573482999995,70.22211334800005],[-77.89155025899993,70.26373932500007],[-77.70392818899995,70.20123932500007],[-77.66987057199992,70.08991120000007],[-77.69770260299993,69.99445221600007],[-77.68268795499995,69.82489655200004],[-77.61436926999994,69.74298737200007],[-77.54576575399994,69.75409577000005],[-77.51756751199991,69.79759349200003],[-77.44245357999995,69.79075755400004],[-77.51899166599992,69.83209870000007],[-77.63426673099991,69.82489655200004],[-76.97638912699995,69.94220612200007],[-77.31281490799995,69.84198639500005],[-77.1504613919999,69.81818268400008],[-77.0501195949999,69.85757070500006],[-76.99742591099994,69.85968659100007],[-77.07258053299995,69.81867096600007],[-76.87085900673394,69.83054509754531],[-77.46307503858118,69.69327188406518]]],[[[-81.06400339843793,69.90393084522614],[-81.12458248599995,69.92902252800008],[-81.19322669199994,70.00079987200007],[-81.33759518099993,70.03709544500003],[-81.44526119699992,70.00482819200005],[-81.76244055899991,70.12287018400008],[-81.07152258999992,70.09926992400005],[-81.00914466099994,70.06264883000006],[-80.54950924399992,70.04751211100006],[-80.51947927746247,70.03873751120838],[-81.06400339843793,69.90393084522614]]],[[[-82.49510819888265,69.54963530644721],[-82.51797376049683,69.52150200708847],[-82.6179906889999,69.57001373900005],[-82.75365149599992,69.57786692900004],[-82.55435136599993,69.59955475500004],[-82.65746008999992,69.61945221600007],[-82.5891820949999,69.63312409100007],[-82.61644446499992,69.64671458500004],[-82.40615800699993,69.61810944200005],[-82.25340735599991,69.64057038000004],[-82.41722571499992,69.64671458500004],[-82.63027910099993,69.70258209800005],[-83.02057857999995,69.68150462400007],[-83.25328528599994,69.70880768400008],[-83.35659745999993,69.68150462400007],[-83.73119055899991,69.70897044500003],[-84.33983313699991,69.85968659100007],[-84.77432206899994,69.83856842700004],[-84.86286373599995,69.86163971600007],[-84.89810136599993,69.85285065300008],[-84.85716712099992,69.83234284100007],[-84.87926184799994,69.81879303600005],[-85.02928626199991,69.80646393400008],[-85.05577551999994,69.77708567900004],[-85.32017981699994,69.84699127800008],[-85.56322180899991,69.85809967700004],[-85.59019934799994,69.83234284100007],[-85.37075761599993,69.82489655200004],[-85.33315995999993,69.79136790600006],[-85.39167232999995,69.75604889500005],[-85.39785722599993,69.78534577000005],[-85.5144750639999,69.77024974200003],[-85.44001217399995,69.71190013200004],[-85.54409745999993,69.65350983300004],[-85.38536536399994,69.56419505400004],[-85.48033606699994,69.56419505400004],[-85.53156490799995,69.52598704600007],[-85.53404700399994,69.46332428600005],[-85.34439042899993,69.44135163000004],[-85.41201738199993,69.44810618700006],[-85.38524329299992,69.41868724200003],[-85.50829016799992,69.40778229400007],[-85.44001217399995,69.36619700700004],[-85.45628821499992,69.34760163000004],[-85.33698482999995,69.31842682500007],[-85.48818925699993,69.32636139500005],[-85.47350012899994,69.27680084800005],[-85.39159094999991,69.21539948100008],[-85.20661373599995,69.18805573100008],[-85.3164770169999,69.15391673400006],[-85.27025305899991,69.13788483300004],[-85.01227779899995,69.18048737200007],[-84.98745683499993,69.17442454600007],[-85.13829505099994,69.12665436400005],[-84.96637936099995,69.13963450700004],[-85.02847245999993,69.11920807500007],[-84.92174231699994,69.08063385600008],[-84.75475012899994,69.08502838700008],[-84.72984778599994,69.03595612200007],[-84.52818762899994,69.02362702000005],[-84.58161373599995,68.99681224200003],[-84.80809485599991,69.03461334800005],[-84.83665930899991,69.00934479400007],[-84.95311438699991,69.01854075700004],[-84.98745683499993,69.00934479400007],[-84.81509355399993,68.96605052300004],[-84.7957250639999,68.93732330900008],[-85.11872311099995,68.96356842700004],[-85.14513098899994,68.94786204600007],[-85.00055904899995,68.92426178600005],[-85.06944739499994,68.90692780200004],[-85.00055904899995,68.88580963700008],[-85.19294186099995,68.86933014500005],[-85.14500891799992,68.83478424700007],[-84.98717200399994,68.81126536700003],[-84.80923417899993,68.81407298400006],[-84.75475012899994,68.76288483300004],[-84.78823808499993,68.73558177300004],[-85.23936926999994,68.76585521000004],[-85.26121985599991,68.74860260600008],[-85.22476152299993,68.72129954600007],[-85.56285559799994,68.78400299700007],[-85.45982825399994,68.75604889500005],[-85.66812089799993,68.72699616100005],[-85.74282792899993,68.62482330900008],[-85.72052975199995,68.55064524900007],[-85.7410375639999,68.47858307500007],[-85.66527258999992,68.45441315300008],[-85.74787350199995,68.43671295800004],[-85.71715247299994,68.39826080900008],[-85.84406490799995,68.32404205900008],[-85.80923417899993,68.29673899900007],[-85.84373938699991,68.24518463700008],[-85.78941809799994,68.22166575700004],[-85.88731848899994,68.19269440300008],[-85.86481686099995,68.12970612200007],[-85.91478430899991,68.11143626500007],[-85.90172278599994,68.05438873900005],[-86.08018958199995,67.98151276200008],[-86.13060462099992,68.01605866100005],[-86.12832597599993,67.95783112200007],[-86.34373938699991,67.84491608300004],[-86.52928626199991,67.68720123900005],[-86.45295162699995,67.60594310100004],[-86.48688717399995,67.55219147300005],[-86.48082434799994,67.45905182500007],[-86.53612219999991,67.44700755400004],[-86.50194251199991,67.37938060100004],[-86.58385169199994,67.34918854400007],[-86.61514238199993,67.41437409100007],[-86.65343176999994,67.36371491100005],[-86.77896074099993,67.41864655200004],[-86.8965551419999,67.40074290600006],[-86.96051998599995,67.36737702000005],[-86.97667395699995,67.32330963700008],[-87.07770748599995,67.35765208500004],[-86.96068274599992,67.25523509300007],[-87.07066809799994,67.26337311400005],[-87.11412512899994,67.17894114800004],[-87.13719641799992,67.22882721600007],[-87.22813880099994,67.22809479400007],[-87.28929602799991,67.09760163000004],[-87.32778886599993,67.17328522300005],[-87.37218176999994,67.18012116100005],[-87.51618404899995,67.11871979400007],[-87.50194251199991,67.19379303600005],[-87.36294511599993,67.26719798400006],[-87.44737708199995,67.26386139500005],[-87.48379472599993,67.36310455900008],[-87.9407445949999,67.60468170800004],[-88.14053300699993,67.67072174700007],[-88.16348222599993,67.73619212400007],[-88.28099524599992,67.81098053600005],[-88.37364661399994,67.97581614800004],[-88.37954667899993,68.02985260600008],[-88.33482825399994,68.04559967700004],[-88.34276282499991,68.07538483300004],[-88.28331458199995,68.12604401200008],[-88.39842688699991,68.29079824400003],[-88.19937089799993,68.38336823100008],[-88.17955481699994,68.24530670800004],[-88.02700761599993,68.23822663000004],[-87.94375566299993,68.20087311400005],[-87.8445531889999,68.25580475500004],[-87.79222571499992,68.33124420800004],[-87.8308813139999,68.46869538000004],[-87.94131425699993,68.58763255400004],[-87.92650305899991,68.68720123900005],[-88.01025716316303,68.79304628606353],[-87.48271832957793,68.8905440508072],[-87.12190945954193,69.08664949872957],[-87.10828111812646,69.20966280999593],[-88.536346487141,69.78479135425289],[-88.48877351593235,69.84383210788907],[-87.92073123820913,70.01646728352256],[-87.87216912990301,70.16121585868558],[-88.68318809336155,70.46451652288332],[-88.40501868399991,70.45132070500006],[-87.90400143099993,70.32876211100006],[-87.87938391799992,70.31834544500003],[-87.97215735599991,70.30076732000003],[-88.19469153599994,70.35309479400007],[-88.26292883999992,70.33197663000004],[-87.85252844999991,70.23798248900005],[-87.61188717399995,70.28424713700008],[-87.7981664699999,70.31525299700007],[-87.77973385299993,70.33197663000004],[-86.97443600199995,70.29043203300006],[-86.97443600199995,70.35309479400007],[-87.00975501199991,70.37445709800005],[-87.24872799399992,70.39411041900007],[-86.97459876199991,70.47272370000007],[-86.91978919199994,70.45612213700008],[-86.99486243399991,70.43500397300005],[-86.87193762899994,70.40770091400003],[-86.9402563139999,70.40770091400003],[-86.90184485599991,70.38507721600007],[-86.74164791599992,70.38719310100004],[-86.89867102799991,70.35932038000004],[-86.88349361899992,70.33563873900005],[-86.63923092399995,70.32514069200005],[-86.66376705599993,70.38011302300004],[-86.33759518099993,70.48965078300006],[-86.39281165299991,70.52383047100005],[-86.37092037699995,70.52659739800004],[-86.29698645699995,70.47744375200006],[-86.49522864499994,70.42963288000004],[-86.59080969999991,70.36676666900007],[-86.55378170499995,70.34247467700004],[-86.57721920499995,70.31834544500003],[-86.54987545499995,70.23647695500006],[-86.26972408799992,70.11347077000005],[-85.78290768099993,69.99518463700008],[-85.59089107999995,70.01683177300004],[-85.23460852799991,69.99624258000006],[-85.6094457669999,70.07843659100007],[-85.82689368399991,70.04987213700008],[-85.87482662699995,70.07196686400005],[-85.80036373599995,70.09983958500004],[-85.36933346299992,70.10927969000005],[-84.9519750639999,70.06655508000006],[-84.81171627499992,70.11871979400007],[-84.7903539699999,70.09955475500004],[-84.87092037699995,70.07880280200004],[-84.83381100199995,70.03595612200007],[-84.69477291599992,70.00657786700003],[-84.05528723899994,69.98940664300005],[-83.67280025899993,69.94635651200008],[-83.26716061099995,70.01654694200005],[-83.05162512899994,70.01048411700003],[-82.4414770169999,69.84406159100007],[-82.39447994699992,69.86444733300004],[-82.20502682199992,69.83234284100007],[-82.32856197799993,69.82489655200004],[-82.13837643099993,69.78595612200007],[-82.14354407499991,69.82489655200004],[-82.02525794199994,69.87421295800004],[-81.96483313699991,69.84540436400005],[-81.85558020699995,69.88694896000004],[-81.73888098899994,69.87954336100006],[-81.76679439999992,69.90745677300004],[-81.71153723899994,69.93475983300004],[-81.96703040299991,69.99762604400007],[-82.05870520699995,70.05902741100005],[-82.24604244699992,70.11286041900007],[-82.81517493399991,70.20848216400003],[-83.04792232999995,70.31216054900005],[-82.55394446499992,70.18561432500007],[-82.11823482999995,70.11688873900005],[-81.75255286399994,69.97333405200004],[-81.56757564999992,69.96954987200007],[-81.57905025899993,69.93256256700005],[-81.26963566862916,69.85302290617437],[-82.49510819888265,69.54963530644721]],[[-86.40782630099994,68.20774974200003],[-86.66002356699994,68.31037018400008],[-86.89513098899994,68.19513580900008],[-86.89785722599993,68.13788483300004],[-86.98737545499995,68.08429596600007],[-86.84788977799991,68.02216217700004],[-86.84862219999991,67.96649811400005],[-86.95421301999994,67.92454661700003],[-86.88609778599994,67.82294342700004],[-86.63878333199995,67.72915273600006],[-86.47777258999992,67.78286367400005],[-86.41266842399995,67.84491608300004],[-86.37246660099993,67.93659088700008],[-86.43541419199994,68.15159739800004],[-86.40782630099994,68.20774974200003]],[[-83.85558020699995,69.83173248900005],[-83.91710364499994,69.79360586100006],[-83.70103919199994,69.72280508000006],[-83.65802975199995,69.72866445500006],[-83.70067298099991,69.76854075700004],[-83.52765865799995,69.79075755400004],[-83.85558020699995,69.83173248900005]],[[-87.26537024599992,70.03107330900008],[-87.08421790299991,69.98940664300005],[-87.00633704299992,70.01634349200003],[-86.77692623599995,69.97125885600008],[-86.50352942599994,69.98590729400007],[-86.46035722599993,70.01675039300005],[-86.59752356699994,70.11286041900007],[-86.80304928299995,70.09243398600006],[-87.1165258449999,70.16107819200005],[-87.14561926999994,70.14020416900007],[-87.09780839799993,70.12661367400005],[-87.37901770699995,70.10602448100008],[-87.30313066299993,70.08038971600007],[-87.26537024599992,70.03107330900008]],[[-82.50623510399993,69.79062566200008],[-82.64772189899992,69.82609623700006],[-82.85468069899991,69.79435394300003],[-82.5588683819999,69.74334865100008],[-82.4920467359999,69.76298116400005],[-82.50623510399993,69.79062566200008]]],[[[-82.57277100504403,69.45408064605246],[-83.29381262899994,69.53990306200006],[-83.25328528599994,69.55805084800005],[-82.53893459201004,69.495712247024],[-82.57277100504403,69.45408064605246]]],[[[-84.28261420138678,66.68365500266995],[-84.2808840399294,66.68125517932926],[-84.31529700399994,66.67987702000005],[-84.4524633449999,66.72081126500007],[-84.32213294199994,66.77606842700004],[-84.65013587099992,66.82408274900007],[-84.6926977199999,66.84495677300004],[-84.50837154899995,66.82322825700004],[-84.74730383999992,66.89960358300004],[-84.59121660099993,66.90481191600009],[-84.60334225199995,66.93992747600004],[-84.76744544199994,66.95555247600004],[-84.89126542899993,66.91941966400003],[-84.97451738199993,66.92914459800005],[-85.00055904899995,66.91941966400003],[-84.91075598899994,66.90143463700008],[-84.95775305899991,66.86448802300004],[-85.12779700399994,66.83751048400006],[-85.21524003799993,66.86766185100004],[-85.22712154899995,66.88593170800004],[-85.14513098899994,66.90574778900003],[-85.21279863199993,66.91941966400003],[-85.00462805899991,66.96808502800008],[-84.63744055899991,66.98151276200008],[-84.73595130099994,67.00787995000007],[-84.88451087099992,66.99457428600005],[-84.84349524599992,67.01500071800007],[-84.93907630099994,67.03681061400005],[-84.91006425699993,67.06187571800007],[-84.37051347599993,66.97406647300005],[-84.5828344389999,66.98151276200008],[-84.40831458199995,66.93500397300005],[-84.41148841099994,66.88593170800004],[-84.24014238199993,66.83751048400006],[-84.43944251199991,66.83067454600007],[-84.41193600199995,66.80731842700004],[-84.3035375639999,66.80101146000004],[-84.26813717399995,66.78229401200008],[-84.30260169199994,66.74131907800006],[-84.22803619618796,66.72814528745933],[-84.28261420138678,66.68365500266995]]],[[[-84.57263964763553,66.38347080170205],[-84.53746497299994,66.40521881700005],[-84.52509356921863,66.40045173226568],[-84.57263964763553,66.38347080170205]]],[[[-85.61308536622482,66.0118789251296],[-85.56030849799033,65.91600248736624],[-85.60981566299995,65.91054608700006],[-85.93893536399992,65.76319806100008],[-86.02839107999995,65.66502513200004],[-86.02830969999991,65.60610586100006],[-86.08336341099994,65.56207916900007],[-86.15151933499993,65.39614492400005],[-86.09727942599994,65.35716380400004],[-86.17393958199995,65.28652578300006],[-86.13825436099995,65.11351146000004],[-86.2278539699999,65.00385163000004],[-86.15933183499993,64.93943919500003],[-86.21397864499994,64.89105866100005],[-86.17300370999993,64.82957591400003],[-86.19838673984492,64.82295287608446],[-86.48531665824216,64.95324667058657],[-86.79931078507238,64.97951561804548],[-87.3011953912516,64.8161642066901],[-87.24478105399993,64.88056061400005],[-87.07738196499992,64.97296784100007],[-87.11148027299993,65.00092194200005],[-86.97362219999991,65.05756256700005],[-86.99478105399993,65.10394928600005],[-86.93822180899991,65.14195384300007],[-86.95384680899991,65.16535065300008],[-87.05687415299991,65.20636627800008],[-87.0469457669999,65.23798248900005],[-87.65965735599991,65.30060455900008],[-87.75088456899994,65.26752350500004],[-87.94102942599994,65.28827545800004],[-88.07725989499994,65.26776764500005],[-88.93382727799991,65.34349192900004],[-89.0398656889999,65.32819245000007],[-89.18423417899993,65.43895091400003],[-89.38457035786062,65.49842936386695],[-89.29045902385724,65.53860036452485],[-88.96913138456082,65.60558361799866],[-88.84719249874466,65.69193451281062],[-88.41368567599994,65.63153717700004],[-88.83141028599994,65.64520905200004],[-88.46157792899993,65.55357493700006],[-88.22191321499992,65.41181061400005],[-88.06387285099993,65.35948314000007],[-87.92747962099992,65.33344147300005],[-87.38076738199993,65.32969798400006],[-87.07860266799992,65.40208567900004],[-87.06371008999992,65.41864655200004],[-87.11412512899994,65.46039459800005],[-87.01528886599993,65.48749420800004],[-86.98794511599993,65.53534577000005],[-86.82591712099992,65.56163157800006],[-86.66388912699995,65.65766022300005],[-86.54979407499991,65.67247142100007],[-86.46450761599993,65.74347565300008],[-86.45360266799992,65.78233470300006],[-86.49453691299993,65.81586334800005],[-86.42625891799992,65.89838288000004],[-86.22671595399993,65.93303832100008],[-86.19424394399994,65.98407623900005],[-85.97435462099992,66.03558991100005],[-85.97482921999995,66.09827969500003],[-85.85666193299994,66.16282974700005],[-85.89202065299992,66.19341073100009],[-86.32628333199995,66.28599681200006],[-86.62059485599991,66.31439850500004],[-86.80785071499992,66.44627513200004],[-86.63170325399994,66.44025299700007],[-86.7825414699999,66.52220286700003],[-86.62047278599994,66.50694407800006],[-86.57713782499991,66.53587474200003],[-86.59752356699994,66.55634186400005],[-86.39273027299993,66.51536692900004],[-86.34373938699991,66.55634186400005],[-86.13882402299993,66.50108470300006],[-85.78286493699994,66.50009489100006],[-85.46547904499994,66.57442544000008],[-85.41607263899994,66.56698061400004],[-85.3223358809999,66.47953381600007],[-85.31297021899991,66.37242410800008],[-85.27968221999993,66.36070735400006],[-85.24156653599994,66.27008698100008],[-85.17931067599994,66.26837799700007],[-85.11782792899993,66.33038971600007],[-85.08315995999993,66.28681061400005],[-84.9837133449999,66.25433991100005],[-84.90774913632528,66.26378751449673],[-85.61308536622482,66.0118789251296]],[[-88.96934335999993,65.38787841900006],[-89.10445393499992,65.40887001700008],[-89.0030529419999,65.38508221200004],[-88.96934335999993,65.38787841900006]],[[-88.3712768979999,65.46199003100008],[-88.38306322099993,65.47248055200004],[-88.48910074799994,65.47311121400008],[-88.3712768979999,65.46199003100008]],[[-85.98229229599991,66.46388431400004],[-85.96242957999993,66.43958958400003],[-85.91123173699992,66.46199107900009],[-85.98229229599991,66.46388431400004]]],[[[-90.58298139173276,65.88573322969737],[-91.10765540299991,65.92304108300004],[-91.12734941299993,65.90521881700005],[-91.00446529899995,65.81586334800005],[-91.03164628799993,65.80833567900004],[-91.49730383999992,65.94684479400007],[-91.31029212099992,65.97593821800007],[-90.57584272373717,65.918830440076],[-90.58298139173276,65.88573322969737]]],[[[-113.35550498286581,67.71377311806926],[-113.2034777991763,67.87090246565838],[-113.03318994234459,67.88575492234382],[-112.30073370622027,67.77818544827655],[-111.7402073742256,67.9090872928],[-111.24603116915438,67.83348552707645],[-111.29198157499991,67.82611725500004],[-111.42491614499994,67.73956940300008],[-111.53498287699995,67.76923248900005],[-111.57591712099992,67.74868398600006],[-111.54564368399991,67.72138092700004],[-111.93154863199993,67.74868398600006],[-111.88548743399991,67.68520742400005],[-111.9800512359999,67.69403717700004],[-112.02774003799993,67.74868398600006],[-112.32762610599991,67.74555084800005],[-112.37100175699993,67.73505280200004],[-112.35460364499994,67.69428131700005],[-112.42100989499994,67.68244049700007],[-113.29608367224327,67.69083609341392],[-113.35550498286581,67.71377311806926]]],[[[-110.95787696531407,67.78940212850841],[-111.01895097599993,67.76813385600008],[-111.08812415299991,67.79067617400005],[-111.2122289699999,67.76235586100006],[-111.17125403599994,67.78286367400005],[-111.2122289699999,67.78969961100006],[-111.16692256621936,67.8213830624],[-110.95787696531407,67.78940212850841]]],[[[-109.55790239672247,67.71203573234394],[-109.1404413051035,68.04201248407855],[-109.13775730905795,68.14672563831077],[-109.290489128179,68.22465985050938],[-109.73850809010162,68.30381842347512],[-110.02935277373298,68.29402827755517],[-110.42948716036928,68.18345171074674],[-111.72150028387459,68.37989174435165],[-111.97259398478161,68.3529341559154],[-112.23388957120885,68.25055000608144],[-112.72402237841058,68.24127019848912],[-113.05303322001456,68.11497060651595],[-113.73342030938899,68.21453775104209],[-114.0146238895922,68.20689005529817],[-114.24452074669784,68.11779977931917],[-114.56927109325414,67.78500763061909],[-114.59902910099993,67.77456289300005],[-114.78921464799993,67.81696198100008],[-115.11823482999989,67.80390045800004],[-115.28270423099991,67.87221914300005],[-115.25601152299993,67.88589101800005],[-115.51821855399993,67.89524974200003],[-115.54336503799993,67.92340729400007],[-115.11196855399993,68.01618073100008],[-115.24913489499994,68.04291413000004],[-115.17951412699995,68.14183177300004],[-115.24168860599991,68.18691640800006],[-114.8960668609999,68.15135325700004],[-114.75511633999992,68.19432200700004],[-114.96861731699994,68.28314850500004],[-114.94151770699995,68.29132721600007],[-114.83702551999994,68.26264069200005],[-114.0354711579999,68.24119700700004],[-114.01524817599994,68.25267161700003],[-114.05679277299993,68.30418528900003],[-113.90538489499994,68.39980703300006],[-113.96715247299994,68.44082265800006],[-114.00499426999994,68.39980703300006],[-114.11082923099991,68.41347890800006],[-114.11168372299994,68.43964264500005],[-114.05679277299993,68.44082265800006],[-114.07994544199994,68.49445221600007],[-114.20103919199994,68.57192617400005],[-114.4011938139999,68.61692942900004],[-114.46776282499991,68.66669342700004],[-114.43980872299994,68.68720123900005],[-114.52257239499994,68.71723053600005],[-114.74205481699994,68.75531647300005],[-114.98778235599991,68.86741771000004],[-115.11436926999994,68.85643138200004],[-115.56725012899994,68.97186920800004],[-115.94123287699995,69.00311920800004],[-115.76992753799993,68.94037506700005],[-115.8792211579999,68.92739492400005],[-116.1604711579999,68.98411692900004],[-116.31798255099994,68.96832916900007],[-116.0852758449999,68.88580963700008],[-116.12559973899994,68.87897370000007],[-116.09870357999989,68.85639069200005],[-115.94123287699995,68.81753164300005],[-115.97118079299992,68.80927155200004],[-116.20811926999994,68.83120351800005],[-116.38613847599993,68.88532135600008],[-116.46784420499989,68.86375560100004],[-116.84707597599993,68.88768138200004],[-116.91217165276804,68.91782214550976],[-116.74046090746991,68.93654147393953],[-116.47554398290335,69.17822483241153],[-116.6525214964253,69.31298449680612],[-117.41288626722599,69.39742662744885],[-117.51407622317245,69.47494157806067],[-117.356015037095,69.59694421999696],[-116.92633116075388,69.6047260213718],[-116.90562903599994,69.59259674700007],[-116.73289954299992,69.54376862200007],[-116.70840410099993,69.55117422100005],[-116.76305091099994,69.57786692900004],[-116.59609941299993,69.56395091400003],[-116.61221269399994,69.53685130400004],[-116.55760657499991,69.49591705900008],[-116.63267981699994,69.46181875200006],[-116.52769934799994,69.41388580900008],[-115.97484290299991,69.30019765800006],[-115.18895423099991,69.24266185100004],[-115.00645911399994,69.28461334800005],[-114.85570227799991,69.25287506700005],[-114.25479081899994,69.28367747600004],[-113.54112708199995,69.19074127800008],[-113.50877844999991,69.17446523600006],[-113.69310462099992,69.19489166900007],[-113.70055091099994,69.16351959800005],[-113.63784745999993,69.13963450700004],[-113.67259680899991,69.13279857000003],[-113.65217037699995,69.08844635600008],[-113.54971269399994,69.04409414300005],[-113.63784745999993,69.02977122600004],[-113.57022050699993,69.02977122600004],[-113.57188880099994,68.96515534100007],[-113.67210852799991,68.90989817900004],[-113.6192113919999,68.84540436400005],[-113.66812089799993,68.81537506700005],[-113.45201575399994,68.70160553600005],[-113.44391842399995,68.64655182500007],[-113.35049394399994,68.59153880400004],[-113.10342363199993,68.53701406500005],[-113.0391332669999,68.49494049700007],[-113.29808508999992,68.49103424700007],[-113.24400794199994,68.45441315300008],[-112.74901282499991,68.46308014500005],[-112.60240637899994,68.50775788000004],[-112.29670162699995,68.52553945500006],[-111.53123938699991,68.54376862200007],[-111.25104732999995,68.51968008000006],[-111.2053930329999,68.55068594000005],[-111.4182836579999,68.57855866100005],[-110.84520423099991,68.59516022300005],[-111.04157467399995,68.56427643400008],[-110.98009192599994,68.54840729400007],[-110.56944739499994,68.61908600500004],[-110.37608801999994,68.57636139500005],[-110.22866777299993,68.62787506700005],[-109.62462317599994,68.64166901200008],[-109.02855383999992,68.72675202000005],[-108.56480872299994,68.87596263200004],[-108.53331458199995,68.90692780200004],[-108.56745357999995,68.93423086100006],[-108.53945878799993,68.94696686400005],[-107.94123287699995,68.94110748900005],[-107.33482825399994,69.02558014500005],[-107.16869055899991,69.13686758000006],[-107.1082250639999,69.16372304900005],[-107.02733313699991,69.15228913000004],[-107.02611243399991,69.19794342700004],[-106.93736731699994,69.21564362200007],[-106.92638098899994,69.23895905200004],[-106.99274654899995,69.32721588700008],[-106.96344967399995,69.36273834800005],[-106.75133216099994,69.37986888200004],[-106.74107825399994,69.44472890800006],[-106.58389238199993,69.50360748900005],[-106.31753495999993,69.40131256700005],[-106.2742406889999,69.28807200700004],[-106.4019262359999,69.23700592700004],[-106.41209876199991,69.18805573100008],[-106.20396887899994,69.14988841400003],[-105.98412024599992,69.14712148600006],[-105.88585364499994,69.17645905200004],[-105.54845130099994,69.15395742400005],[-105.45787512899994,69.10114166900007],[-105.03888912699995,69.06460195500006],[-105.1270238919999,69.09186432500007],[-105.08071855399993,69.10618724200003],[-104.91844641799992,69.07514069200005],[-104.91706295499995,69.04791901200008],[-105.05186926999994,69.01679108300004],[-105.03136145699995,69.00311920800004],[-105.06484941299993,68.98745351800005],[-105.14659583199995,69.00193919500003],[-105.27782141799992,68.95473867400005],[-105.12303626199991,68.89642975500004],[-104.79492878662326,68.87663386151218],[-104.63834277493163,68.79302261989159],[-104.87902205061157,68.58692929807083],[-104.88890540299991,68.58734772300005],[-105.0860082669999,68.55068594000005],[-104.96954418057597,68.50941532679123],[-105.01490607833604,68.47057199818698],[-104.73544245192932,68.32033814201978],[-104.74797876009143,68.2552791660347],[-104.82005774599992,68.26512278900003],[-104.93517005099994,68.23590729400007],[-104.94497636599993,68.26056549700007],[-104.84219316299993,68.29189687700006],[-104.89419511599993,68.35138580900008],[-104.9531957669999,68.30744049700007],[-105.0860082669999,68.31037018400008],[-104.99665279899995,68.27692291900007],[-105.03921464799993,68.25910065300008],[-105.3230688139999,68.35443756700005],[-105.35350501199991,68.37929922100005],[-105.33307857999995,68.41347890800006],[-105.54393469999991,68.41388580900008],[-105.5359594389999,68.44989655200004],[-105.43732662699995,68.49042389500005],[-105.32412675699993,68.48248932500007],[-105.3262426419999,68.51585521000004],[-105.40916907499991,68.53058502800008],[-105.53917395699995,68.65005117400005],[-105.46959387899994,68.72199127800008],[-105.79649817599994,68.88271719000005],[-106.22175045499995,68.94599030200004],[-106.30581620999993,68.89642975500004],[-106.66567949099993,68.81622955900008],[-106.91079667899993,68.80036041900007],[-107.29259192599994,68.70140208500004],[-108.2808324859999,68.62156810100004],[-108.40611731699994,68.56085846600007],[-108.59459387899994,68.39915599200003],[-108.74901282499991,68.34454987200007],[-108.74404863199993,68.30634186400005],[-108.81505286399994,68.27423737200007],[-108.73216712099992,68.23493073100008],[-108.41661536399994,68.30418528900003],[-108.40217037699995,68.26894765800006],[-108.45759029899995,68.18691640800006],[-108.40977942599994,68.18073151200008],[-108.36196855399993,68.23590729400007],[-108.32787024599992,68.20457591400003],[-108.35423743399991,68.14044830900008],[-108.38247636599993,68.13971588700008],[-108.37755286399994,68.16632721600007],[-108.43399003799993,68.15615469000005],[-108.38923092399995,68.11102936400005],[-108.14907792899993,68.17328522300005],[-107.92467200399994,68.14801666900007],[-107.84434973899994,68.18073151200008],[-107.61465410099993,68.16705963700008],[-107.88902747299994,68.26947663000004],[-107.8269750639999,68.34454987200007],[-107.54653886599993,68.35175202000005],[-107.50890051999994,68.32355377800008],[-107.33556067599994,68.31879303600005],[-107.27391516799992,68.26874420800004],[-107.15514075399994,68.27008698100008],[-107.02562415299991,68.36505768400008],[-106.80996660099993,68.37079498900005],[-106.78673255099994,68.41494375200006],[-106.7168676419999,68.35138580900008],[-106.65172278599994,68.35138580900008],[-106.55272376199991,68.29677969000005],[-106.52806555899991,68.30109284100007],[-106.5562231109999,68.35879140800006],[-106.48794511599993,68.40741608300004],[-106.59264075399994,68.42743561400005],[-106.63524329299992,68.46869538000004],[-106.53221594999991,68.44757721600007],[-106.50975501199991,68.45856354400007],[-106.55955969999991,68.48859284100007],[-106.53888912699995,68.50779857000003],[-106.42235266799992,68.51585521000004],[-106.55333411399994,68.51585521000004],[-105.94123287699995,68.64008209800005],[-105.79100501199991,68.61196523600006],[-105.64834550699993,68.63873932500007],[-105.77867591099994,68.55068594000005],[-105.6975805329999,68.48883698100008],[-105.72712154899995,68.42658112200007],[-105.79857337099992,68.42772044500003],[-105.8184301419999,68.45514557500007],[-105.87409420499995,68.41046784100007],[-105.97052975199995,68.42772044500003],[-105.9910375639999,68.39642975500004],[-106.12242591099994,68.36603424700007],[-106.25108801999994,68.39301178600005],[-106.44566809799994,68.35126373900005],[-106.4707738919999,68.33152903900003],[-106.42601477799991,68.30426666900007],[-106.48412024599992,68.22866445500006],[-106.34658769399994,68.18691640800006],[-106.44347083199995,68.15277741100005],[-106.49649003799993,68.20258209800005],[-106.63149980399993,68.24957916900007],[-106.64488684799994,68.17328522300005],[-106.69981848899994,68.19830963700008],[-106.6824438139999,68.22846100500004],[-106.81338456899994,68.20799388200004],[-106.74575761599993,68.13955312700006],[-106.75816809799994,68.10496653900003],[-106.9260961579999,68.12645091400003],[-106.97044837099992,68.11180247600004],[-106.95254472599993,68.10008372600004],[-107.13487708199995,68.09129466400003],[-107.10757402299993,68.12604401200008],[-107.14663652299993,68.13182200700004],[-107.37267005099994,68.04743073100008],[-107.68175208199995,68.04873281500005],[-107.77407792899993,67.98859284100007],[-107.83438066299993,68.00942617400005],[-107.73818925699993,68.04291413000004],[-107.81395423099991,68.05719635600008],[-107.69725501199991,68.07762278900003],[-107.87950598899994,68.09300364800004],[-107.90953528599994,67.99510325700004],[-107.65933183499993,67.94672272300005],[-107.69977779899995,67.90289948100008],[-107.94163977799991,67.85431549700007],[-108.01260331899994,67.75910065300008],[-108.00572669199994,67.70966217700004],[-107.58584550699993,67.50116608300004],[-107.63516191299993,67.40607330900008],[-107.69725501199991,67.42649974200003],[-107.71642005099994,67.40460846600007],[-107.58885657499991,67.31049225500004],[-107.52700761599993,67.21234772300005],[-107.39000403599994,67.14883047100005],[-107.2031957669999,67.12490469000005],[-107.24644934799994,67.08421458500004],[-107.40339107999995,67.04116445500006],[-107.26740475199995,66.98940664300005],[-107.08771725199995,66.83071523600006],[-107.40103105399993,66.97431061400005],[-107.44139563699991,66.96295807500007],[-107.39561926999994,66.89215729400007],[-107.48436438699991,66.88593170800004],[-107.40925045499995,66.81708405200004],[-107.56297766799992,66.83950429900005],[-107.5327856109999,66.87848541900007],[-107.61632239499994,66.88540273600006],[-107.69725501199991,66.95355866100005],[-107.48436438699991,66.91941966400003],[-107.52399654899995,67.02041250200006],[-107.64297441299993,67.07709381700005],[-107.66649329299992,67.06342194200005],[-107.60789954299992,66.97406647300005],[-107.76585852799991,66.99632396000004],[-107.68980872299994,66.76862213700008],[-107.79967200399994,66.76862213700008],[-107.65868079299992,66.70770905200004],[-107.56354732999995,66.59454987200007],[-107.20177161399994,66.37848541900007],[-107.2415258449999,66.34853750200006],[-107.43252519399994,66.45473867400005],[-107.52114824099993,66.55341217700004],[-107.56554114499994,66.53074778900003],[-107.63516191299993,66.57001373900005],[-107.72451738199993,66.63206614800004],[-107.68980872299994,66.64573802300004],[-107.8577367829999,66.76007721600007],[-107.88902747299994,66.76178620000007],[-107.85753333199995,66.72382233300004],[-107.88890540299991,66.66974518400008],[-107.9505102199999,66.73509349200003],[-107.9368383449999,66.78229401200008],[-107.99522864499994,66.83222077000005],[-108.23167883999992,66.85114166900007],[-108.1360570949999,66.86009349200003],[-108.1194555329999,66.93939850500004],[-108.33971106699994,66.99042389500005],[-108.46499589799993,67.07489655200004],[-108.51829993399991,67.03717682500007],[-108.62205969999991,67.15281810100004],[-108.21495520699995,67.02741120000007],[-108.13939368399991,67.08002350500004],[-107.88536536399994,67.04824453300006],[-107.91637122299994,67.13922760600008],[-107.88231360599991,67.15517812700006],[-107.99254309799994,67.28245677300004],[-108.37026933499993,67.44757721600007],[-108.44395911399994,67.43402741100005],[-108.4312231109999,67.36937083500004],[-108.47126217399995,67.35146719000005],[-108.51040605399993,67.39203522300005],[-108.51964270699995,67.49481842700004],[-108.58112545499995,67.60846588700008],[-108.63988196499992,67.62946198100008],[-108.73070227799991,67.61579010600008],[-108.75690670499995,67.41461823100008],[-108.82412675699993,67.35716380400004],[-108.86595618399991,67.41461823100008],[-109.01309160099993,67.46133047100005],[-109.02257239499994,67.48769765800006],[-108.92943274599992,67.53180573100008],[-108.9851781889999,67.59039948100008],[-109.00625566299993,67.67357005400004],[-109.06704667899993,67.72016022300005],[-109.31232662699995,67.72256094000005],[-109.40416419199994,67.74188873900005],[-109.38243567599994,67.75551992400005],[-109.40587317599994,67.76976146000004],[-109.49551347599993,67.74079010600008],[-109.51846269399994,67.69135163000004],[-109.59360585092307,67.70190128491468],[-109.55790239672247,67.71203573234394]],[[-107.81151282499991,67.01520416900007],[-107.9505102199999,66.85797760600008],[-107.81908118399991,66.91909414300005],[-107.81151282499991,67.01520416900007]],[[-107.99364173099991,66.95600006700005],[-108.11497962099992,67.03681061400005],[-108.04898027299993,66.91010163000004],[-107.9368383449999,66.95355866100005],[-107.99364173099991,66.95600006700005]],[[-107.54356848899994,67.08844635600008],[-107.32046464799993,67.10443756700005],[-107.41665605399993,67.11871979400007],[-107.62417558499993,67.20453522300005],[-107.54356848899994,67.08844635600008]],[[-108.14907792899993,67.41290924700007],[-107.90733801999994,67.31683991100005],[-107.9368383449999,67.35765208500004],[-107.88902747299994,67.40607330900008],[-107.88158118399991,67.46747467700004],[-107.91966712099992,67.48769765800006],[-108.05199133999992,67.44647858300004],[-108.0808813139999,67.42649974200003],[-108.03237870999993,67.41290924700007],[-108.0398656889999,67.39240143400008],[-108.14907792899993,67.41290924700007]],[[-108.38247636599993,67.46747467700004],[-108.29991614499994,67.49481842700004],[-108.28693600199995,67.53579336100006],[-108.31419837099992,67.56370677300004],[-108.45824133999992,67.57367584800005],[-108.49917558499993,67.53579336100006],[-108.38247636599993,67.46747467700004]],[[-108.11196855399993,67.67597077000005],[-108.12865149599992,67.59788646000004],[-108.07339433499993,67.56370677300004],[-108.14224199099993,67.52960846600007],[-108.0847875639999,67.46954987200007],[-108.03490149599992,67.50438060100004],[-108.07030188699991,67.53949616100005],[-107.93455969999991,67.53701406500005],[-108.00381425699993,67.66054922100005],[-108.11196855399993,67.67597077000005]],[[-109.03978430899991,67.78969961100006],[-109.07070878799993,67.81098053600005],[-109.2117406889999,67.78969961100006],[-109.17951412699995,67.76911041900007],[-109.03978430899991,67.78969961100006]],[[-108.09219316299993,67.88471100500004],[-108.0535375639999,67.95477936400005],[-108.10440019399994,67.97850169500003],[-108.1770727199999,67.96100495000007],[-108.24787350199995,67.88296133000006],[-108.09219316299993,67.88471100500004]],[[-109.19810950399994,67.99510325700004],[-109.13923092399995,67.93284739800004],[-108.94107011599993,67.87588125200006],[-108.87340247299994,67.90070221600007],[-108.91071529899995,67.91998932500007],[-108.88585364499994,67.95477936400005],[-108.9351293609999,67.97064850500004],[-109.07457434799994,67.97528717700004],[-109.04723059799994,67.95477936400005],[-109.19810950399994,67.99510325700004]],[[-110.9024145169999,68.46987539300005],[-110.69888261599993,68.48859284100007],[-110.83604895699995,68.55068594000005],[-111.09520423099991,68.48004791900007],[-110.9024145169999,68.46987539300005]],[[-110.61432857999995,68.52260976800005],[-110.52074133999992,68.55068594000005],[-110.64427649599992,68.55068594000005],[-110.62999426999994,68.57855866100005],[-110.76048743399991,68.56622955900008],[-110.61432857999995,68.52260976800005]],[[-113.7620336579999,68.59780508000006],[-113.8352758449999,68.61444733300004],[-113.96743730399993,68.59780508000006],[-113.7620336579999,68.59780508000006]],[[-114.04775956899994,68.62718333500004],[-114.07176673099991,68.64459870000007],[-114.19273841099994,68.68097565300008],[-114.04775956899994,68.62718333500004]],[[-114.38219153599994,68.86920807500007],[-114.33047441299993,68.88617584800005],[-114.43838456899994,68.90037669500003],[-114.4739477199999,68.89325592700004],[-114.38219153599994,68.86920807500007]]],[[[-116.9671305769789,68.91183070827813],[-116.98135331899994,68.90680573100008],[-117.07009733222412,68.90060561863429],[-116.9671305769789,68.91183070827813]]],[[[-115.84807957406751,70.54300492820393],[-115.86521454183439,70.55227447050369],[-115.81578528599994,70.57367584800005],[-115.892266306954,70.56690872511514],[-115.93221233894538,70.58851842046383],[-115.72891191299993,70.60639069200005],[-115.56069902299993,70.57904694200005],[-114.50625566299993,70.64451732000003],[-114.34675045499989,70.68650950700004],[-114.18309485599991,70.66779205900008],[-113.98839270699995,70.71621328300006],[-113.71959387899994,70.69188060100004],[-113.5613500639999,70.64313385600008],[-113.50304114499994,70.68378327000005],[-113.2071020169999,70.64793528900003],[-113.19302324099993,70.61017487200007],[-113.10594641799992,70.61847565300008],[-112.86656653599994,70.54319896000004],[-112.84609941299993,70.56989166900007],[-112.72533118399991,70.56915924700007],[-112.53799394399994,70.51862213700008],[-112.45641028599994,70.53807200700004],[-112.41197669199994,70.51072825700004],[-112.17243404899995,70.50332265800006],[-112.0567113919999,70.40668366100005],[-111.96426347599993,70.37457916900007],[-111.56680253799993,70.35993073100008],[-111.48656165299991,70.33197663000004],[-111.58958899599992,70.31216054900005],[-111.4456274079999,70.29043203300006],[-111.7163793609999,70.26186758000006],[-112.26089433499993,70.30931224200003],[-112.30894934799994,70.29783763200004],[-112.13760331899994,70.27732982000003],[-112.37413489499994,70.26166413000004],[-112.39150956899994,70.25006745000007],[-112.34312903599994,70.23647695500006],[-112.40176347599993,70.22955963700008],[-112.52696692599994,70.24518463700008],[-112.5833227199999,70.22211334800005],[-112.52122962099992,70.20848216400003],[-112.5862524079999,70.20001862200007],[-112.96467037699995,70.25336334800005],[-112.99339758999992,70.23139069200005],[-113.4768774079999,70.28359609600005],[-113.64268958199995,70.26239655200004],[-114.03844153599994,70.28123607000003],[-114.18472245999993,70.31574127800008],[-114.50942949099993,70.31525299700007],[-116.03270423099991,70.22028229400007],[-116.14578278888212,70.20921822277673],[-115.84807957406751,70.54300492820393]],[[-112.94640051999994,70.29043203300006],[-113.05630449099993,70.31134674700007],[-113.2071020169999,70.29783763200004],[-112.94640051999994,70.29043203300006]],[[-112.10846920499995,70.30093008000006],[-111.67149817599994,70.31216054900005],[-112.32262122299994,70.35618724200003],[-112.10846920499995,70.30093008000006]]],[[[-117.98586575675365,71.22465162385464],[-118.0978172719199,71.31762643421777],[-118.51134477885269,71.42590439389511],[-118.38485886971279,71.58325907449107],[-118.20494544199994,71.59845612200007],[-118.07632402299993,71.66498444200005],[-117.69530188699991,71.66836172100005],[-117.96930904899995,71.62173086100006],[-117.65371660099993,71.57217031500005],[-117.67210852799991,71.55874258000006],[-117.83934485599991,71.55849844000005],[-117.7573949859999,71.53864166900007],[-117.78355872299994,71.52887604400007],[-118.12730872299994,71.53864166900007],[-118.30825761599993,71.46991608300004],[-118.30882727799991,71.43219635600008],[-118.16197669199994,71.37897370000007],[-117.79954993399991,71.37409088700008],[-117.72789466099994,71.40444570500006],[-117.55134029899995,71.37417226800005],[-117.48302161399994,71.42133209800005],[-117.63158118399991,71.46259186400005],[-117.56493079299992,71.50385163000004],[-117.44888261599993,71.46971263200004],[-117.47618567599994,71.45604075700004],[-117.38060462099992,71.45233795800004],[-117.41722571499992,71.39447663000004],[-117.39024817599994,71.38715241100005],[-115.82359778599994,71.54816315300008],[-115.4546606109999,71.53864166900007],[-115.55699622299994,71.51068756700005],[-115.43032792899993,71.48944733300004],[-115.05675208199995,71.52496979400007],[-115.41901607999989,71.45184967700004],[-115.61266028599994,71.49795156500005],[-115.74941972599993,71.48480866100005],[-115.74201412699995,71.51068756700005],[-116.04771887899994,71.44464752800008],[-116.1902563139999,71.44452545800004],[-116.21495520699995,71.43561432500007],[-115.72891191299993,71.38715241100005],[-116.12686113199993,71.34625885600008],[-116.17398027299993,71.35366445500006],[-116.07778886599993,71.36733633000006],[-116.26878821499992,71.36391836100006],[-116.80630449099993,71.29092031500005],[-116.90005449099993,71.24017975500004],[-117.79800370999993,71.17039622600004],[-118.11546424564091,71.0904493812497],[-117.98586575675365,71.22465162385464]]],[[[-123.43096667978584,69.47791462852106],[-123.44322669199994,69.47687409100007],[-123.43740800699993,69.42633698100008],[-123.38267981699994,69.41400788000004],[-123.66356360599991,69.35936107000003],[-123.98314368399991,69.40436432500007],[-124.02013098899994,69.37986888200004],[-124.00645911399994,69.34511953300006],[-124.0542699859999,69.39354075700004],[-124.15884355399993,69.34808991100005],[-124.42284094999991,69.36664459800005],[-124.5210668609999,69.40778229400007],[-124.41734778599994,69.41400788000004],[-124.42910722599993,69.47345612200007],[-124.26255499627133,69.54185318888389],[-123.43096667978584,69.47791462852106]]],[[[-70.31137297683141,77.6288523661292],[-70.64331607545076,77.67982182816577],[-70.06818600199995,77.67377350500004],[-69.72044837099992,77.70400625200006],[-69.50747636599993,77.76044342700004],[-69.47960364499994,77.75421784100007],[-69.52057857999995,77.73309967700004],[-69.49559485599991,77.70209381700005],[-69.51817786399994,77.68744538000004],[-70.22835907063201,77.58403296285252],[-70.31137297683141,77.6288523661292]]],[[[-98.86967720551264,67.95471578095761],[-98.72913015210258,67.99239049934114],[-98.72704016799992,67.95783112200007],[-98.53547115799995,67.87323639500005],[-98.45225989499994,67.87006256700005],[-98.3633520169999,67.79462311400005],[-98.58926347599993,67.78282298400006],[-98.68260657499991,67.81268952000005],[-98.73228919199994,67.75409577000005],[-98.89268958199995,67.75226471600007],[-98.93643144399994,67.69684479400007],[-98.98167883999992,67.72203196800007],[-99.22667395699995,67.71454498900005],[-99.28177703869154,67.73680472212384],[-98.86967720551264,67.95471578095761]]],[[[-98.50643056225714,68.10426320738007],[-98.44896399599992,68.07086823100008],[-98.40489661399994,68.00938548400006],[-98.22329667899993,67.93406810100004],[-98.0950414699999,67.83661530200004],[-98.04865475199995,67.83808014500005],[-98.06602942599994,67.89923737200007],[-98.0015356109999,67.95945872600004],[-97.95750891799992,67.92902252800008],[-97.84992428299995,67.97410716400003],[-97.72960364499994,67.97325267100007],[-97.69322669199994,68.02265045800004],[-97.36351477799991,67.87693919500003],[-97.2495824859999,67.92462799700007],[-97.12083899599992,67.79303620000007],[-97.22622636599993,67.71454498900005],[-97.06114661399994,67.68040599200003],[-97.19692949099993,67.66437409100007],[-97.21324622299994,67.62457916900007],[-97.27464758999992,67.66673411700003],[-97.41502844999991,67.61066315300008],[-97.5579320949999,67.59540436400005],[-97.79596920499995,67.68463776200008],[-97.92723548099991,67.69688548400006],[-97.98436438699991,67.75031159100007],[-98.09211178299995,67.76032135600008],[-98.25743567599994,67.92584870000007],[-98.53392896568819,68.06997598585643],[-98.50643056225714,68.10426320738007]],[[-97.34605872299994,67.67357005400004],[-97.33608964799993,67.72821686400005],[-97.56200110599991,67.69403717700004],[-97.52790279899995,67.68040599200003],[-97.55117753799993,67.64533112200007],[-97.51813717399995,67.62425364800004],[-97.34605872299994,67.67357005400004]]],[[[-98.40037315872246,68.19290796566207],[-98.31554114499994,68.16705963700008],[-98.32453365799995,68.12811920800004],[-98.4114477199999,68.08246491100005],[-98.44933314936338,68.16837995421147],[-98.40037315872246,68.19290796566207]]],[[[-98.10264041479428,68.34206633061865],[-98.08259029899995,68.32379791900007],[-98.12555611046399,68.3305860088615],[-98.10264041479428,68.34206633061865]]],[[[-98.00226917151795,68.39235038852317],[-97.9661723045144,68.47711168049702],[-97.7476293609999,68.36871979400007],[-97.90831458199995,68.39154694200005],[-97.90465247299994,68.34454987200007],[-98.06033000831165,68.36326302859797],[-98.00226917151795,68.39235038852317]]],[[[-98.16238486462983,68.67916254958966],[-98.1447678484795,68.68740908841414],[-98.11925208199995,68.67499420800004],[-98.0418188139999,68.70140208500004],[-97.78856360599991,68.66046784100007],[-97.46446692599994,68.53522370000007],[-97.15925045499995,68.51813385600008],[-97.09618079299992,68.53912995000007],[-97.14427649599992,68.59153880400004],[-97.10195878799993,68.58982982000003],[-96.94334876199991,68.52651601800005],[-96.52049719999991,68.44757721600007],[-96.29588782499991,68.48012929900005],[-96.18387758035598,68.53519561597652],[-96.23889552510673,68.38606111869517],[-95.986406841988,68.27431312501415],[-96.39810136599993,68.17137278900003],[-96.54845130099994,68.08506907800006],[-96.47891191299993,68.09056224200003],[-96.44481360599991,68.05036041900007],[-96.56273352799991,68.04047272300005],[-96.6167699859999,68.06818268400008],[-96.69180253799993,68.01618073100008],[-96.76451575399994,68.01715729400007],[-96.80186926999994,68.02684153900003],[-96.79503333199995,68.07196686400005],[-96.63768469999991,68.11347077000005],[-96.64342200399994,68.13971588700008],[-96.52452551999994,68.19171784100007],[-96.46939042899993,68.28595612200007],[-96.40379798099991,68.31785716400003],[-96.59203040299991,68.25421784100007],[-96.63394120999993,68.21393463700008],[-96.62096106699994,68.18565501500007],[-96.68126380099994,68.21112702000005],[-96.67951412699995,68.23871491100005],[-96.63036048099991,68.24957916900007],[-96.69001217399995,68.28644440300008],[-96.92642167899993,68.24274323100008],[-97.08063717399995,68.26569245000007],[-97.05606035099993,68.30662669500003],[-96.9934789699999,68.29673899900007],[-96.9934789699999,68.33771393400008],[-97.16197669199994,68.37763092700004],[-97.10952714799993,68.39301178600005],[-97.26036536399994,68.46869538000004],[-97.43000240799995,68.50556061400005],[-97.57774817599994,68.49994538000004],[-97.62096106699994,68.46210358300004],[-97.51919511599993,68.45233795800004],[-97.5293676419999,68.42072174700007],[-97.63585364499994,68.45543040600006],[-97.70547441299993,68.52781810100004],[-97.97964433499993,68.54706452000005],[-97.98573641905553,68.53758883778379],[-98.16238486462983,68.67916254958966]]],[[[-95.8778470462977,68.22626606320938],[-95.44615610154085,68.19074797848305],[-94.8409099501906,68.35030582789648],[-94.51563974466325,68.60401693889787],[-94.71462492037588,68.8078323093677],[-94.5575136683593,68.87973573615224],[-94.63609778599994,68.75604889500005],[-94.41250566299993,68.72300853100006],[-94.09422766799992,68.76288483300004],[-93.8262426419999,68.87933991100005],[-93.81309973899994,68.89948151200008],[-94.03652910099993,68.83860911700003],[-94.08055579299992,68.85228099200003],[-94.04027258999992,68.86591217700004],[-94.0698949859999,68.87482330900008],[-94.06163489499994,68.90326569200005],[-93.92296301999994,68.98200104400007],[-93.95083574099993,68.99567291900007],[-93.90245520699995,69.02977122600004],[-93.93659420499995,69.02977122600004],[-93.82713782499991,69.06919993700006],[-93.80003821499992,69.06456126500007],[-93.90929114499994,68.99567291900007],[-93.8335668609999,69.00934479400007],[-93.8758031889999,68.97516510600008],[-93.85728919199994,68.96259186400005],[-93.63491777299993,68.96214427300004],[-93.6492406889999,68.89948151200008],[-93.57066809799994,68.84406159100007],[-93.69762122299994,68.74860260600008],[-93.70571855399993,68.66461823100008],[-93.75226803299995,68.61212799700007],[-93.37486731699994,68.63873932500007],[-93.44644120999993,68.61485423400006],[-93.52375240799995,68.60728587400007],[-93.56065833199995,68.55841705900008],[-94.1223852199999,68.42234935100004],[-94.21141516799992,68.36387767100007],[-94.21092688699991,68.26947663000004],[-94.56037350199995,68.16331614800004],[-94.79824785099993,68.03807200700004],[-95.03966223899994,68.05524323100008],[-95.09479732999995,68.09129466400003],[-95.27293860599991,68.03668854400007],[-95.2183324859999,68.07762278900003],[-95.47838294199994,68.06342194200005],[-95.4312231109999,68.05719635600008],[-95.42174231699994,68.01996491100005],[-95.58202063699991,67.89952220300006],[-95.53652910099993,67.88670482000003],[-95.54548092399995,67.80829498900005],[-95.70767167899993,67.73334381700005],[-95.46324622299994,67.63934967700004],[-95.33812415299991,67.55223216400003],[-95.32494055899991,67.51080963700008],[-95.41380774599992,67.45661041900007],[-95.37596594999991,67.44700755400004],[-95.33018958199995,67.34345123900005],[-95.17284094999991,67.27863190300008],[-95.25560462099992,67.26227448100008],[-95.26846269399994,67.21124909100007],[-95.34813391799992,67.15269603100006],[-95.3235570949999,67.11717357000003],[-95.34520423099991,67.07396067900004],[-95.29149329299992,67.03119538000004],[-95.30089270699995,67.00885651200008],[-95.2183324859999,66.97406647300005],[-95.31631425699993,66.90021393400008],[-95.41071529899995,66.93309153900003],[-95.50670325399994,66.90253327000005],[-95.73379472599993,66.90306224200003],[-95.77594967399995,66.93683502800008],[-95.88613847599993,66.92999909100007],[-95.9761449859999,66.95392487200007],[-96.09349524599992,66.92023346600007],[-95.90953528599994,66.81928131700005],[-95.75438391799992,66.68305084800005],[-95.68691972599993,66.68768952000005],[-95.66478430899991,66.74144114800004],[-95.64346269399994,66.66929759300007],[-95.82095292899993,66.59113190300008],[-95.78001868399991,66.66246165600006],[-95.85204016799992,66.75812409100007],[-96.09691321499992,66.83063385600008],[-96.15274003799993,66.90062083500004],[-96.39761308499993,66.99457428600005],[-96.45567786399994,67.05975983300004],[-96.39220130099994,67.09332916900007],[-96.28034420499995,67.07025788000004],[-96.2598363919999,66.99144114800004],[-96.11583411399994,66.98834870000007],[-96.15737870999993,66.96784088700008],[-96.12706458199995,66.95697663000004],[-96.02700761599993,66.97406647300005],[-96.04873613199993,67.01654694200005],[-95.95579993399991,67.07453034100007],[-95.93081620999993,67.07025788000004],[-95.99229895699995,67.00885651200008],[-95.91372636599993,66.94782135600008],[-95.60191809799994,66.98834870000007],[-95.63662675699993,66.96784088700008],[-95.60350501199991,66.94684479400007],[-95.4214574859999,66.94928620000007],[-95.40322831899994,66.97406647300005],[-95.35545813699991,66.96409739800004],[-95.33031165299991,67.01036204600007],[-95.33779863199993,67.04173411700003],[-95.41763261599993,67.06976959800005],[-95.37938391799992,67.10785553600005],[-95.38280188699991,67.15965403900003],[-95.43740800699993,67.20062897300005],[-95.44273841099994,67.15180084800005],[-95.48257402299993,67.14134349200003],[-95.48521887899994,67.20062897300005],[-95.52188066299993,67.21959056200006],[-95.66612708199995,67.22410716400003],[-95.8352758449999,67.16583893400008],[-95.55410722599993,67.32416413000004],[-95.53392493399991,67.35773346600007],[-95.5813695949999,67.38483307500007],[-95.67804928299995,67.33502838700008],[-95.71629798099991,67.37604401200008],[-95.76097571499992,67.37116120000007],[-95.90807044199994,67.28656647300005],[-95.94448808499993,67.29621002800008],[-96.11074785099993,67.22186920800004],[-96.1421606109999,67.26264069200005],[-96.25300045499995,67.24774811400005],[-96.22533118399991,67.32212962400007],[-96.06802324099993,67.44086334800005],[-96.09593665299991,67.46747467700004],[-96.21003170499995,67.42560455900008],[-96.33495032499991,67.44391510600008],[-96.39207923099991,67.49607982000003],[-96.46524003799993,67.47801341400003],[-96.43114173099991,67.54328034100007],[-96.46524003799993,67.54950592700004],[-96.33495032499991,67.61212799700007],[-96.34390214799993,67.68939850500004],[-96.30724036399994,67.69635651200008],[-96.25304114499994,67.62982819200005],[-96.18187415299991,67.64288971600007],[-96.17105058499993,67.70026276200008],[-96.22215735599991,67.69896067900004],[-96.19131425699993,67.73651764500005],[-96.21678626199991,67.81024811400005],[-96.02440344999991,68.11570872600004],[-96.08165442599994,68.14594147300005],[-95.9460991143684,68.25647348311142],[-95.8778470462977,68.22626606320938]]],[[[-94.21417363751105,69.13216350174076],[-94.00548255099994,69.16014232000003],[-94.17247473899994,69.10785553600005],[-94.18602454299992,69.08592357000003],[-94.14952551999994,69.06456126500007],[-94.17617753799993,69.04950592700004],[-94.2300277675736,69.0419901394718],[-94.21417363751105,69.13216350174076]]],[[[-95.16563448635459,69.47223196850933],[-95.37442604609916,69.48268188657252],[-95.36913001199991,69.49591705900008],[-95.61790930899991,69.61733633000006],[-95.77749589799993,69.63568756700005],[-95.9116918609999,69.60024648600006],[-95.9519750639999,69.51703522300005],[-96.01138261599993,69.48281484600005],[-95.95890054587021,69.43419550684975],[-96.11381710269555,69.48627496123005],[-96.1692602199999,69.57050202000005],[-96.17793288048325,69.56828894866075],[-95.6654040221042,69.78698953612283],[-95.41051184799994,69.68589915600006],[-95.13158118399991,69.62103913000004],[-95.02476966099994,69.62677643400008],[-94.87511145699995,69.57164134300007],[-94.74575761599993,69.59434642100007],[-94.72423255099994,69.61945221600007],[-94.76431230399993,69.66168854400007],[-94.62987219999991,69.68773021000004],[-94.6179906889999,69.63788483300004],[-94.56102454299992,69.64057038000004],[-94.52171790299991,69.57591380400004],[-94.32217363199993,69.45298899900007],[-93.93040930899991,69.43541087400007],[-93.86831620999993,69.45433177300004],[-93.87279212099992,69.48651764500005],[-93.55797278599994,69.53070709800005],[-93.45059160099993,69.48969147300005],[-93.58775794199994,69.36619700700004],[-93.36188717399995,69.37299225500004],[-93.84032141799992,69.16868724200003],[-93.81309973899994,69.22215403900003],[-93.88194739499994,69.22907135600008],[-93.81309973899994,69.27000560100004],[-93.88194739499994,69.24949778900003],[-93.80996660099993,69.31098053600005],[-93.52570553299995,69.44135163000004],[-93.73916581899994,69.40904368700006],[-93.84618079299992,69.34979889500005],[-94.02660071499992,69.36619700700004],[-94.28164628799993,69.32212962400007],[-94.31395423099991,69.29791901200008],[-94.25938880099994,69.27680084800005],[-94.30028235599991,69.24949778900003],[-94.27985592399995,69.22907135600008],[-94.30027146918306,69.19523343594236],[-95.16563448635459,69.47223196850933]]],[[[-95.8146676127522,69.42731865272752],[-95.78001868399991,69.46865469000005],[-95.8352758449999,69.55805084800005],[-95.69469153599994,69.54059479400007],[-95.66843158214081,69.45300724662027],[-95.8146676127522,69.42731865272752]]],[[[-92.90362032470009,69.6725393485511],[-92.92300370999993,69.67405833500004],[-92.91141190901942,69.67510677791864],[-92.90362032470009,69.6725393485511]]],[[[-90.5892748656571,68.90993212328722],[-90.62108313699991,68.91632721600007],[-90.61731155241367,68.91917057980608],[-90.5892748656571,68.90993212328722]]],[[[-90.20481843070428,68.78324867853672],[-89.9182730299386,68.76796129875586],[-89.70332526791353,68.8025231336991],[-89.71593176999994,68.79022858300004],[-89.71593176999994,68.64618561400005],[-89.77057857999995,68.62571849200003],[-89.75389563699991,68.67731354400007],[-89.79442298099991,68.71507396000004],[-89.90086829299992,68.66046784100007],[-89.94595292899993,68.60431549700007],[-89.89614824099993,68.55023834800005],[-89.82095292899993,68.54454173400006],[-89.8645727199999,68.48834870000007],[-90.00389563699991,68.43390534100007],[-89.98216712099992,68.42772044500003],[-90.00015214799993,68.37925853100006],[-90.1641332669999,68.31517161700003],[-90.11998450399994,68.26264069200005],[-90.2708227199999,68.24213288000004],[-90.33836829299992,68.35203685100004],[-90.47565670499995,68.33771393400008],[-90.31859290299991,68.37925853100006],[-90.60704505099994,68.44391510600008],[-90.47716223899994,68.53440989800004],[-90.53990637899994,68.57208893400008],[-90.48989824099993,68.59153880400004],[-90.56501217399995,68.62571849200003],[-90.48558508999992,68.70111725500004],[-90.53087317599994,68.74241771000004],[-90.51036536399994,68.78400299700007],[-90.4571020169999,68.77704498900005],[-90.47581946499992,68.79649485900006],[-90.44212805899991,68.83116282800006],[-90.59976152299993,68.80390045800004],[-90.42162024599992,68.84544505400004],[-90.48306230399993,68.85228099200003],[-90.45756073875432,68.86653058854533],[-90.20481843070428,68.78324867853672]]],[[[-89.42452876128978,70.74175925962597],[-89.31654940149944,70.79310404232639],[-89.29845130099994,70.77741120000007],[-89.01024329299992,70.66095612200007],[-88.91177231590837,70.55000126448286],[-89.42452876128978,70.74175925962597]]],[[[-88.7380103146488,71.06820257741425],[-88.81318539001869,71.15891712142971],[-89.11594775608488,71.28539247332708],[-88.08112545499995,71.20966217700004],[-87.86412512899994,71.27484772300005],[-87.81794186099995,71.25747304900005],[-87.85029049399992,71.19403717700004],[-87.74901282499991,71.14077383000006],[-87.39350338399993,71.04889557500007],[-87.00230872299994,70.99677155200004],[-87.28241939999992,71.00934479400007],[-87.35883541599992,70.94912344000005],[-87.68809973899994,70.96185944200005],[-87.89301510299993,70.93528880400004],[-88.32494055899991,70.95844147300005],[-88.41051184799994,71.02741120000007],[-88.64240475199995,71.05459219000005],[-88.78044952443516,71.04802249847427],[-88.7380103146488,71.06820257741425]]],[[[-89.35062542766079,72.99626746718194],[-89.28910806427113,73.04326471510417],[-89.2149145169999,73.01325104400007],[-89.30146236899992,73.01862213700008],[-89.3441637580091,72.99088824522138],[-89.35062542766079,72.99626746718194]]],[[[-89.1479723907077,73.15108774059891],[-89.12568111899992,73.14809804900005],[-89.15974807049136,73.1420915074746],[-89.1479723907077,73.15108774059891]]],[[[-93.61741598701443,72.67543747224862],[-93.80418809255808,72.68623795405017],[-93.78742428299995,72.74070872600004],[-93.8758031889999,72.70990631700005],[-94.18594316299993,72.73680247600004],[-94.31432044199994,72.71662018400008],[-94.32079016799992,72.76508209800005],[-93.30588365126626,72.81809114146533],[-93.61741598701443,72.67543747224862]]],[[[-98.2918315095768,71.62204849935165],[-98.37538754199994,71.65241120000007],[-98.39792985999992,71.70815664300005],[-98.50046892199992,71.72296784100007],[-98.34348649999993,71.86078522300005],[-98.2603159279999,71.86762116100005],[-98.2950245859999,71.90167877800008],[-98.21311540699992,71.88125234600005],[-98.31858415699992,71.81175364800004],[-98.35927426099994,71.73436107000003],[-98.2527882579999,71.66998932500007],[-98.1850354314254,71.66665158064205],[-98.2918315095768,71.62204849935165]]],[[[-99.11661115197425,71.36206112476282],[-99.12396363719684,71.36357686895158],[-98.9676320079999,71.38324616100005],[-98.9300097865415,71.36559122012514],[-99.11661115197425,71.36206112476282]]],[[[-103.50421954536516,69.64095027239814],[-103.48961341099994,69.69452545800004],[-103.29759680899991,69.69452545800004],[-103.19523407041169,69.637848700659],[-103.50421954536516,69.64095027239814]]],[[[-55.63151605426679,72.64982844080832],[-55.47996985599991,72.61424388200004],[-55.58922278599994,72.58698151200008],[-55.56387904676154,72.57045019017039],[-55.59470998618714,72.57497999848323],[-55.63151605426679,72.64982844080832]]],[[[-55.66106635707043,72.7099216333303],[-55.622111545094356,72.72239538832815],[-55.63634192599994,72.68903229400007],[-55.64980166185036,72.68701386473451],[-55.66106635707043,72.7099216333303]]],[[[-54.934535718951196,72.72886804028748],[-54.88684865275043,72.60874917451773],[-54.910227016999954,72.60748932500007],[-54.94984548818627,72.59093289766525],[-55.33711214437147,72.53713266502643],[-55.52417922270841,72.56461732888349],[-55.42682857999995,72.61635976800005],[-55.36705481699994,72.58991120000007],[-55.35732988199993,72.63165924700007],[-55.28075110599991,72.68622467700004],[-55.090687628999945,72.73578522300005],[-55.07401012135233,72.76804062222494],[-54.934535718951196,72.72886804028748]]],[[[-73.94323364305873,65.60037215313247],[-74.14653802841292,65.74919917757055],[-73.90638265479177,65.82616052527966],[-73.71784420499995,65.77460358300004],[-73.65318762899994,65.72028229400007],[-73.69554602799991,65.71458567900004],[-73.69428463399993,65.67841217700004],[-73.61156165299991,65.65135325700004],[-73.63245630357912,65.6108522576709],[-73.94323364305873,65.60037215313247]]],[[[-66.43348828585027,66.26353262504922],[-66.44383704299992,66.26837799700007],[-66.42218990799995,66.28070709800005],[-66.39617600101379,66.26946782401642],[-66.43348828585027,66.26353262504922]]],[[[-67.32240767586973,66.12213379437745],[-67.75291907499991,66.25470612200007],[-67.70445716099994,66.29262929900005],[-67.76337643099993,66.36554596600007],[-67.85240637899994,66.41339752800008],[-67.87657630099994,66.46381256700005],[-67.99250240799995,66.50853099200003],[-67.93785559799994,66.52220286700003],[-67.88975989499994,66.49494049700007],[-67.85936438699991,66.52220286700003],[-67.80040442599994,66.45856354400007],[-67.62938391799992,66.44647858300004],[-67.49779212099992,66.38593170800004],[-67.39891516799992,66.29645416900007],[-67.38337154899995,66.31753164300005],[-67.30317135299993,66.28074778900003],[-67.14598548099991,66.30280182500007],[-67.12909908799992,66.31679922100005],[-67.18773352799991,66.35211823100008],[-67.41026770699995,66.43280670800004],[-67.15562903599994,66.36847565300008],[-67.14277096299992,66.44025299700007],[-67.25226803299995,66.47679271000004],[-67.28624426999994,66.52619049700007],[-67.74608313699991,66.57001373900005],[-67.63178463399993,66.59829336100006],[-67.53892981699994,66.57029857000003],[-67.52696692599994,66.59796784100007],[-67.55585689999992,66.62173086100006],[-67.52782141799992,66.62445709800005],[-67.4485570949999,66.57367584800005],[-67.32994544199994,66.59345123900005],[-67.31196041599992,66.56313711100006],[-67.19481360599991,66.53758372600004],[-67.19054114499994,66.49494049700007],[-67.12938391799992,66.48720937700006],[-67.08067786399994,66.51194896000004],[-67.16327877499992,66.52846914300005],[-67.04718990799995,66.52220286700003],[-66.88267981699994,66.57001373900005],[-67.06025143099993,66.64573802300004],[-66.84862219999991,66.59027741100005],[-66.72504635299993,66.59113190300008],[-66.86156165299991,66.54271067900004],[-66.80512447799993,66.52578359600005],[-66.79442298099991,66.47406647300005],[-66.82066809799994,66.46698639500005],[-66.78534908799992,66.44204336100006],[-66.67723548099991,66.46015045800004],[-66.70848548099991,66.40346914300005],[-66.76598059799994,66.38507721600007],[-66.61518307199992,66.37140534100007],[-66.44322669199994,66.41425202000005],[-66.57420813699991,66.37140534100007],[-66.47179114499994,66.35028717700004],[-66.51573645699995,66.32037995000007],[-66.47801673099991,66.27887604400007],[-66.54670162699995,66.28261953300006],[-66.5325925294952,66.2477682887963],[-67.32240767586973,66.12213379437745]]],[[[-68.05546608753875,66.00552749307737],[-68.05296790299991,66.00779857000003],[-68.06822669199994,66.04926178600005],[-68.02729244699992,66.07591380400004],[-68.19994055899991,66.12807851800005],[-68.25999915299991,66.11131419500003],[-68.21906490799995,66.07591380400004],[-68.26109778599994,66.08063385600008],[-68.48530025899993,66.19330475500004],[-68.54401607999995,66.19501373900005],[-68.5833227199999,66.17352936400005],[-68.71247311099995,66.17275625200006],[-68.8496801419999,66.19330475500004],[-68.49657141799992,66.21287669500003],[-68.47240149599992,66.23672109600005],[-68.51353919199994,66.30312734600005],[-68.44440670499995,66.26837799700007],[-68.39924068899995,66.18683502800008],[-68.32892818899995,66.18577708500004],[-68.33189856699994,66.22256094000005],[-68.27367102799991,66.22736237200007],[-68.21617591099994,66.14594147300005],[-67.97264563699991,66.08344147300005],[-68.02607174399992,66.06557851800005],[-68.03254981851867,66.00917274334321],[-68.05546608753875,66.00552749307737]]],[[[-68.16573816536503,65.98798670924988],[-68.21161861899992,66.00763580900008],[-68.12397213399993,66.02708567900004],[-68.09845541913612,65.99868925635143],[-68.16573816536503,65.98798670924988]]],[[[-68.23451464603012,65.97704655646106],[-68.34788977799991,66.03978099200003],[-68.17758719540252,65.98610190505875],[-68.23451464603012,65.97704655646106]]],[[[-66.14189797887153,63.012944052835415],[-66.20600338399993,63.04047272300005],[-66.21796627499992,63.08856842700004],[-66.28315182199992,63.13694896000004],[-66.16478430899991,63.095038153000075],[-66.11750240799995,63.03497955900008],[-66.05174719999991,63.050482489000046],[-66.06580105007086,63.030732679095955],[-66.14189797887153,63.012944052835415]]],[[[-66.46098696701029,62.938352938012315],[-66.47701850780211,62.899497526344724],[-66.56199630499992,62.931058343000075],[-66.56904397499994,62.91483245300003],[-66.48522039749251,62.87961872589063],[-66.55112640271959,62.719883301971265],[-66.7536814064054,62.68163237624036],[-66.75971432199992,62.68390534100007],[-67.00621497299994,62.65717194200005],[-66.91002356699994,62.69818756700005],[-67.05341549399992,62.69196198100008],[-67.01471920499995,62.73745351800005],[-67.03974361899992,62.773871161000045],[-67.12230383999992,62.75958893400008],[-67.08820553299995,62.79779694200005],[-67.12230383999992,62.82916901200008],[-67.24518795499995,62.81484609600005],[-67.17479407499991,62.85447825700004],[-67.19798743399991,62.87689850500004],[-67.36872311099995,62.85578034100007],[-67.24518795499995,62.889960028000075],[-67.41710364499994,62.93154531500005],[-67.39423580599993,62.96385325700004],[-67.42381751199991,62.97943756700005],[-67.56794186099995,62.973089911000045],[-67.67658443899995,62.92869700700004],[-67.62934322799993,62.98041413000004],[-67.51020260299993,63.00775788000004],[-67.53693600199995,63.044989325000074],[-67.66352291599992,63.04075755400004],[-67.73863684799994,62.99982330900008],[-67.71503658799992,62.962225653000075],[-67.77338619699992,62.95880768400008],[-67.73863684799994,62.98615143400008],[-67.80072994699992,63.014105536000045],[-67.71357174399992,63.06085846600007],[-67.61091061099995,63.06679922100005],[-67.61131751199991,63.09711334800005],[-67.79865475199995,63.08885325700004],[-67.89574133999992,63.118475653000075],[-67.92829342399995,63.07713450700004],[-67.9856664699999,63.075506903000075],[-67.91742916599992,63.14321523600006],[-68.13280188699991,63.157904364000046],[-68.2298070949999,63.199286200000074],[-68.24640865799995,63.21206289300005],[-68.20710201699995,63.21865469000005],[-68.21373450399994,63.24160390800006],[-68.28034420499995,63.26166413000004],[-68.28962154899995,63.30426666900007],[-68.49958248599995,63.43121979400007],[-68.44440670499995,63.44489166900007],[-68.55174719999991,63.44936758000006],[-68.8633520169999,63.60993073100008],[-68.81489010299993,63.63666413000004],[-68.99303137899994,63.76072825700004],[-68.71519934799994,63.735663153000075],[-68.74876868399991,63.77977122600004],[-68.57530676999994,63.732855536000045],[-68.52875729099992,63.746079820000034],[-68.4407445949999,63.71625397300005],[-68.38666744699992,63.65770091400003],[-68.28697669199994,63.63666413000004],[-68.31525631399995,63.691839911000045],[-68.28892981699994,63.69912344000005],[-68.22297115799995,63.63153717700004],[-68.23045813699991,63.59662506700005],[-68.14329993399991,63.58161041900007],[-68.13715572799993,63.60993073100008],[-68.09211178299995,63.55841705900008],[-67.86888587099992,63.46369049700007],[-67.82697506399995,63.407904364000046],[-67.69770260299993,63.36969635600008],[-67.67035885299993,63.39476146000004],[-67.68468176999994,63.43333567900004],[-67.79222571499992,63.54140859600005],[-67.81432044199994,63.65086497600004],[-67.92418372299994,63.767564195000034],[-67.80756588399993,63.699286200000074],[-67.78571529899995,63.64476146000004],[-67.67035885299993,63.65770091400003],[-67.68968665299991,63.632879950000074],[-67.53319251199991,63.521185614000046],[-67.54906165299991,63.505926825000074],[-67.50068111899992,63.44281647300005],[-67.41877193899995,63.414048570000034],[-67.42353268099993,63.46507396000004],[-67.40082760299993,63.46552155200004],[-67.35712643099993,63.38776276200008],[-67.20112057199992,63.28847890800006],[-67.15412350199995,63.285223700000074],[-67.18439693899995,63.32135651200008],[-67.01244055899991,63.28778717700004],[-67.03779049399992,63.34324778900003],[-67.01292883999992,63.40273672100005],[-66.97398841099994,63.39590078300006],[-67.00483150899993,63.31976959800005],[-66.95099850199995,63.29092031500005],[-67.01988684799994,63.23940664300005],[-66.83429928299995,63.15070221600007],[-66.80467688699991,63.18842194200005],[-66.84593665299991,63.252020575000074],[-66.80695553299995,63.27480703300006],[-66.76414954299992,63.18374258000006],[-66.76866614499994,63.09064362200007],[-66.55040442599994,62.99628327000005],[-66.68407141799992,63.10224030200004],[-66.60151119699992,63.068060614000046],[-66.55992591099994,63.081732489000046],[-66.62303626199991,63.164496161000045],[-66.6009008449999,63.21206289300005],[-66.73871822799993,63.29401276200008],[-66.64366614499994,63.37457916900007],[-66.68842525899993,63.28139883000006],[-66.56366939999992,63.21580638200004],[-66.57420813699991,63.164943752000056],[-66.49103756399995,63.08856842700004],[-66.51923580599993,63.077337958000044],[-66.39671790299991,62.99982330900008],[-66.28013921758749,62.980628402676196],[-66.46098696701029,62.938352938012315]],[[-66.79311113299991,62.92548263200007],[-66.77079867599991,62.94491295700004],[-66.9246942449999,63.065198025000086],[-67.07445693099993,63.09750051000003],[-66.79311113299991,62.92548263200007]],[[-68.14525118299991,63.27246623600007],[-68.21611053899994,63.276375474000076],[-68.04981915399992,63.19243036100005],[-68.14525118299991,63.27246623600007]],[[-68.02338663699993,63.30086902900007],[-68.0919993039999,63.320381069000064],[-67.8949939869999,63.18944830400005],[-68.02338663699993,63.30086902900007]],[[-67.86624350799991,63.29177552800007],[-67.81829291299994,63.29133348700003],[-67.96400659999995,63.40998460000009],[-67.86624350799991,63.29177552800007]]],[[[-69.81560173556115,62.80367982217426],[-69.83531653599994,62.82916901200008],[-69.77482414259788,62.8101903894086],[-69.81560173556115,62.80367982217426]]],[[[-70.00787761954597,62.77298097559562],[-69.93895423099991,62.801214911000045],[-69.90723882679926,62.78904900656426],[-70.00787761954597,62.77298097559562]]],[[[-70.98607880037645,63.09681885416251],[-70.99272270553925,63.10588907218465],[-70.99254309799994,63.10602448100008],[-70.99823971299992,63.14305247600004],[-70.92646236899992,63.17255280200004],[-70.89854895699995,63.164943752000056],[-70.95258541599992,63.14321523600006],[-70.93272864499994,63.116522528000075],[-70.82282467399995,63.130113023000035],[-70.94054114499994,63.098822333000044],[-70.95644534414801,63.086354968251506],[-70.98607880037645,63.09681885416251]]],[[[-71.65009081673,63.71438027190994],[-71.64606686099995,63.72011953300006],[-71.53538977799991,63.71234772300005],[-71.57746471413103,63.66132067276107],[-71.65009081673,63.71438027190994]]],[[[-71.70024936723816,63.751025396577404],[-71.69806881399995,63.75340403900003],[-71.67939205599993,63.740301825000074],[-71.68175302295325,63.73751223012132],[-71.70024936723816,63.751025396577404]]],[[[-72.25527932776662,63.945483460597536],[-72.24176998599995,63.959418036000045],[-72.2330969482499,63.94382605781314],[-72.25527932776662,63.945483460597536]]],[[[-75.57838752989882,68.49532291634685],[-75.40869389437017,68.54439164456856],[-75.41148841099994,68.52277252800008],[-75.3789770169999,68.49884674700007],[-75.03465735599991,68.39720286700003],[-74.99624589799993,68.33771393400008],[-74.81126868399991,68.32404205900008],[-74.85912024599992,68.34454987200007],[-74.80752519399994,68.36615631700005],[-74.85008704299992,68.37840403900003],[-74.78425045499995,68.41791413000004],[-74.90005449099993,68.43390534100007],[-74.79759680899991,68.45140208500004],[-74.77375240799995,68.48550039300005],[-74.93390865799995,68.57135651200008],[-74.98784169325371,68.6660855561508],[-74.82416052272123,68.71341571586392],[-74.81015892466026,68.77866921765788],[-74.63263912699995,68.80390045800004],[-74.74994869699992,68.81753164300005],[-74.68724524599992,68.84544505400004],[-74.57445227799991,68.84186432500007],[-74.55072994699992,68.82493724200003],[-74.57860266799992,68.80133698100008],[-74.71776282499991,68.77391185100004],[-74.7207738919999,68.73554108300004],[-74.53754635299993,68.66518789300005],[-74.50462805899991,68.59951406500005],[-74.2200414699999,68.51581452000005],[-74.00263424399992,68.53701406500005],[-74.02489173099991,68.50702545800004],[-73.98582923099991,68.49542877800008],[-73.88520260299993,68.55487702000005],[-74.1875707669999,68.72939687700006],[-73.75560462099992,68.68720123900005],[-73.79657955599993,68.66669342700004],[-73.70775305899991,68.66046784100007],[-73.82453365799995,68.61953359600005],[-73.72150631399995,68.61579010600008],[-73.81700598899994,68.57111237200007],[-73.72887122299994,68.54035065300008],[-73.73863684799994,68.51923248900005],[-73.86095130099994,68.49819570500006],[-73.94737708199995,68.41347890800006],[-73.83128821499992,68.34393952000005],[-73.58429928299995,68.30418528900003],[-73.68793697799993,68.27692291900007],[-73.61908932199992,68.24957916900007],[-73.59174557199992,68.25580475500004],[-73.61156165299991,68.27692291900007],[-73.46532141799992,68.33319733300004],[-73.3555395169999,68.33527252800008],[-73.35126705599993,68.37563711100006],[-73.29625403599994,68.38556549700007],[-73.31737219999991,68.39980703300006],[-73.21373450399994,68.37929922100005],[-73.2988988919999,68.37494538000004],[-73.29967200399994,68.33152903900003],[-73.49494381399995,68.27692291900007],[-73.36384029899995,68.24823639500005],[-73.30308997299994,68.29059479400007],[-73.21397864499994,68.27802155200004],[-73.19725501199991,68.25446198100008],[-73.22801673099991,68.24213288000004],[-73.05182857999995,68.20294830900008],[-73.04364986899992,68.23590729400007],[-73.00446245625034,68.23590729400007],[-73.01634105127204,68.22937114563587],[-73.00865249958174,68.04927005813617],[-73.41566788185465,67.96382381964106],[-73.41291256399995,67.96841054900005],[-73.44615637899994,67.99298737200007],[-73.71548417899993,68.01715729400007],[-73.78966223899994,67.99510325700004],[-74.12580318899995,68.06708405200004],[-74.25544186099995,68.06346263200004],[-74.27212480399993,68.08844635600008],[-74.21442623599995,68.13540273600006],[-74.33836829299992,68.18073151200008],[-74.39760122843171,68.12820125138141],[-74.44957552871358,68.15824064372327],[-75.0770801738451,68.18526507541982],[-75.13760331899994,68.23627350500004],[-75.21438615955036,68.24702035636743],[-75.57838752989882,68.49532291634685]],[[-74.39976966099994,68.44082265800006],[-74.33454342399995,68.36050039300005],[-74.2149145169999,68.32404205900008],[-74.27131100199995,68.29482656500005],[-74.22166907499991,68.24957916900007],[-74.15387936099995,68.25556061400005],[-74.08071855399993,68.33270905200004],[-74.32022050699993,68.46881745000007],[-74.39976966099994,68.44082265800006]],[[-74.64606686099995,68.64744700700004],[-74.68301347599993,68.66327545800004],[-74.79259192599994,68.67568594000005],[-74.89321855399993,68.62571849200003],[-74.78819739499994,68.56134674700007],[-74.51707923099991,68.56427643400008],[-74.64745032499991,68.61163971600007],[-74.64606686099995,68.64744700700004]]],[[[-74.77749650306669,68.93089022677192],[-74.7031957669999,68.93756745000007],[-74.67357337099992,68.92112864800004],[-74.70152747299994,68.90692780200004],[-74.68480383999992,68.87982819200005],[-74.79383697225683,68.85473657409818],[-74.77749650306669,68.93089022677192]]],[[[-69.70872866190315,70.12423256798272],[-69.80182857999995,70.06826406500005],[-69.74034583199995,70.00307851800005],[-69.75849361899992,69.97288646000004],[-70.05333411399994,69.96409739800004],[-70.33625240799995,69.85285065300008],[-70.47276770699995,69.84540436400005],[-70.2415258449999,69.90729401200008],[-70.22358150899993,69.94562409100007],[-70.14439856699994,69.96954987200007],[-70.00059973899994,69.99624258000006],[-69.83222408799992,69.98314036700003],[-69.85594641799992,70.03253815300008],[-69.95091712099992,70.05923086100006],[-70.17992102799991,70.02045319200005],[-70.1052781896914,70.05953756627842],[-69.70872866190315,70.12423256798272]]],[[[-69.16561971213929,69.8906985088389],[-69.39061438699991,69.78388092700004],[-69.74689693899995,69.80438873900005],[-69.98204505099994,69.61782461100006],[-70.0078832669999,69.62628815300008],[-69.99115963399993,69.67743561400005],[-69.78815670499995,69.83234284100007],[-69.40819251199991,69.82925039300005],[-69.21367206526386,69.9284345056383],[-69.16561971213929,69.8906985088389]]],[[[-68.78239884225047,69.58975130065328],[-69.29051673099991,69.50873444200005],[-69.65815182199992,69.55117422100005],[-69.88569088399993,69.50714752800008],[-70.0215551419999,69.53685130400004],[-69.70624752499992,69.57168203300006],[-69.26081295499995,69.53489817900004],[-68.82785021802553,69.62544472374809],[-68.78239884225047,69.58975130065328]]],[[[-68.59910087742105,69.31741530035977],[-68.66503741215286,69.30500165108614],[-68.9524633449999,69.33893463700008],[-69.26056881399995,69.27680084800005],[-69.01353919199994,69.35936107000003],[-68.59394785816137,69.3209746130725],[-68.59910087742105,69.31741530035977]]],[[[-96.00383085497222,71.75065097920013],[-95.75435286405862,71.91561833937145],[-95.55188477120615,71.91345653497528],[-95.26782416678947,71.83252717922721],[-95.45173092399995,71.82599518400008],[-95.4448949859999,71.79873281500005],[-95.36229407499991,71.79181549700007],[-95.49205481699994,71.74347565300008],[-95.32368503772005,71.74252842547564],[-95.35139408050208,71.72384697031673],[-95.49205481699994,71.72296784100007],[-95.64872671292046,71.66299551256895],[-95.67910705448028,71.66061467940368],[-96.00383085497222,71.75065097920013]]],[[[-95.22690894668092,71.82087036250505],[-95.28038489499994,71.77818431200006],[-95.28001869508076,71.77196830286105],[-95.3143082324582,71.74885027384879],[-95.26078106741251,71.83052058807665],[-95.22690894668092,71.82087036250505]]]]}}]}
