{"type":"FeatureCollection","metadata":{"title":"Canadian Arctic trade and logistics corridors","researched_on":"2026-10-03","geometry_method":"Hand-placed schematic waypoints; broad corridor geography only. Not AIS tracks or official navigation guidance.","time_relationship":"Route visibility is independent of the ice-map year and season. Showing a corridor does not certify access in the selected year.","scope":"Canada and the Northwest Passage. Grays Bay market connectors are inferred concepts, not approved services."},"features":[{"type":"Feature","properties":{"id":"nwp-victoria","name":"Northwest Passage \u00b7 Victoria Strait","category":"passage","status":"Documented passage \u00b7 ice constrained","summary":"Southern passage variant (3A) through the Canadian archipelago. Recorded NWP transits do not establish a regular container service on this specific line.","cargo":"Bulk and general cargo have transited the NWP; this corridor is not a carrier timetable.","season":"Access varies by vessel and year; no fixed opening date.","waypoints":["Bering Strait","Beaufort Sea","Amundsen Gulf","Coronation Gulf","Dease Strait","Queen Maud Gulf","Victoria Strait","Peel Sound","Barrow Strait","Lancaster Sound","Baffin Bay","Atlantic"],"constraints":["Shallow coastal reaches and narrow channels.","Ice can remain in choke points even when regional mean concentration falls.","Individual vessel suitability requires separate assessment."],"sources":[{"title":"DRDC Canadian Arctic shipping routes \u00b7 Table 2-2 (2013)","url":"https://publications.gc.ca/collections/collection_2016/rddc-drdc/D68-3-065-2013-eng.pdf"},{"title":"Recorded NWP cargo transits \u00b7 through 2025","url":"https://thenorthwestpassage.info/wp-content/uploads/2026/01/NWP-2025-Transits-Cargo.pdf"}],"geometry_method":"Hand-placed schematic waypoints; not AIS tracks, official corridor boundaries or a navigational chart. Sea segments follow an approximate land mask, with rounded display corners where the coast allows; no depth or ice routing is performed."},"geometry":{"type":"LineString","coordinates":[[-168.52,66.0],[-167.5525,66.9675],[-167.408466796875,67.11169921875],[-167.2988671875,67.221796875],[-167.223701171875,67.29779296875],[-167.18296875000001,67.3396875],[-167.08890625000004,67.4390625],[-167.06623046875004,67.4633984375],[-167.04523437500004,67.48671875],[-167.02591796875004,67.5090234375],[-167.00828125000004,67.53031250000001],[-166.94109375000002,67.6134375],[-166.92513671875003,67.6337109375],[-166.91085937500003,67.65296875],[-166.89826171875,67.67121093749999],[-166.88734375,67.68843749999999],[-166.84703125000004,67.7553125],[-166.83779296875002,67.7715234375],[-166.83023437500003,67.78671874999999],[-166.82435546875,67.8008984375],[-166.82015625000003,67.81406249999999],[-166.80671875000002,67.8646875],[-166.80377929687504,67.88373046875],[-166.8016796875,67.915546875],[-166.800419921875,67.96013671875001],[-166.8,68.01750000000001],[-166.8,68.4],[-166.3725,68.8275],[-166.30867187500002,68.891201171875],[-166.2596875,68.9398046875],[-166.22554687500002,68.973310546875],[-166.20625,68.99171875],[-166.15875000000003,69.03515625],[-166.14687500000002,69.04576171875],[-166.13500000000002,69.05585937500001],[-166.12312500000002,69.06544921875002],[-166.11125,69.07453125],[-166.06375,69.10984375],[-166.05187500000002,69.11841796875],[-166.04,69.12648437499999],[-166.02812500000002,69.13404296875],[-166.01625,69.14109375],[-165.96875,69.16828124999999],[-165.956875,69.17482421874999],[-165.945,69.180859375],[-165.933125,69.18638671875],[-165.92125,69.19140625],[-165.87374999999997,69.21046874999999],[-165.857421875,69.21651367187499],[-165.83218749999997,69.22511718749999],[-165.798046875,69.236279296875],[-165.755,69.25],[-165.565,69.31],[-165.52210937499999,69.32355468749999],[-165.4884375,69.33421875],[-165.463984375,69.34199218750001],[-165.44875,69.34687500000001],[-165.40625,69.360625],[-165.3959375,69.363984375],[-165.38625,69.3671875],[-165.3771875,69.370234375],[-165.36874999999998,69.373125],[-165.33625,69.384375],[-165.3284375,69.38710937500001],[-165.32125,69.38968750000001],[-165.3146875,69.39210937499999],[-165.30875,69.394375],[-165.28625,69.403125],[-165.28093750000002,69.405234375],[-165.27625,69.40718749999999],[-165.27218750000003,69.40898437499999],[-165.26875,69.410625],[-165.25625,69.416875],[-165.25257812499999,69.4188671875],[-165.2478125,69.42171875],[-165.241953125,69.42542968750001],[-165.235,69.43],[-165.20499999999998,69.45],[-165.19818359374997,69.45452148437501],[-165.192734375,69.4580859375],[-165.18865234375,69.460693359375],[-165.1859375,69.46234375],[-165.17781250000002,69.46703124999999],[-165.17574218750002,69.46818359375],[-165.17359375,69.469296875],[-165.1713671875,69.47037109375],[-165.1690625,69.47140625],[-165.15968750000002,69.47546875],[-165.15730468750002,69.47646484375001],[-165.15484375,69.477421875],[-165.15230468750002,69.47833984375],[-165.14968750000003,69.47921875],[-165.13906250000002,69.48265625],[-165.1363671875,69.48349609375],[-165.13359375000002,69.484296875],[-165.1307421875,69.48505859375],[-165.1278125,69.48578125],[-165.11593750000003,69.48859374999999],[-165.11177734375002,69.48952148437499],[-165.105234375,69.4908984375],[-165.09630859375,69.49272460937499],[-165.085,69.49499999999999],[-165.035,69.50500000000001],[-165.02341796875,69.50755859375],[-165.013671875,69.51023437500001],[-165.00576171875,69.51302734375001],[-164.9996875,69.5159375],[-164.9790625,69.5278125],[-164.9733984375,69.5313671875],[-164.96671874999998,69.53609374999999],[-164.9590234375,69.5419921875],[-164.9503125,69.54906249999999],[-164.91343750000001,69.5796875],[-164.90371093750002,69.58792968750001],[-164.89296875000002,69.59734375],[-164.88121093750004,69.6079296875],[-164.86843750000003,69.6196875],[-164.8153125,69.6690625],[-164.8015234375,69.6819921875],[-164.78671875,69.69609374999999],[-164.7708984375,69.7113671875],[-164.7540625,69.7278125],[-164.6846875,69.79593750000001],[-164.65982421875,69.82052734375],[-164.619921875,69.860234375],[-164.56498046875,69.91505859375],[-164.495,69.985],[-164.185,70.295],[-164.114150390625,70.364931640625],[-164.05660156250002,70.4197265625],[-164.01235351562502,70.459384765625],[-163.98140625000002,70.48390625],[-163.88421875,70.55171875],[-163.85869140625,70.56806640625001],[-163.830703125,70.58320312500001],[-163.80025390625002,70.59712890625],[-163.76734375,70.60984375000001],[-163.63078125,70.65828125],[-163.59541015625,70.66978515625],[-163.55757812500002,70.68007812500001],[-163.51728515624998,70.68916015625001],[-163.47453124999998,70.69703125000001],[-163.29859375,70.72609375],[-163.25337890625,70.73275390625001],[-163.205703125,70.738203125],[-163.15556640625,70.74244140625001],[-163.10296875,70.74546875],[-162.88765625000002,70.75515625000001],[-162.811181640625,70.75727539062501],[-162.68941406250002,70.7587890625],[-162.522353515625,70.75969726562501],[-162.31,70.76],[-161.37,70.76],[-161.157861328125,70.7600390625],[-160.9914453125,70.76015625000001],[-160.870751953125,70.7603515625],[-160.79578125,70.760625],[-160.58734375,70.761875],[-160.53689453125003,70.76226562500001],[-160.48976562500002,70.7628125],[-160.44595703125,70.763515625],[-160.40546875,70.764375],[-160.25015625,70.76812500000001],[-160.21298828125,70.769140625],[-160.179140625,70.7703125],[-160.14861328125,70.771640625],[-160.12140625,70.77312500000001],[-160.01921875,70.779375],[-159.99533203124997,70.781015625],[-159.97476562499997,70.7828125],[-159.95751953125,70.784765625],[-159.94359375,70.78687500000001],[-159.89453125,70.795625],[-159.880986328125,70.7987890625],[-159.8648828125,70.80390625000001],[-159.846220703125,70.8109765625],[-159.825,70.82000000000001],[-159.735,70.86],[-159.71447265625,70.869091796875],[-159.697890625,70.8763671875],[-159.68525390625,70.88182617187499],[-159.6765625,70.88546875],[-159.64968749999997,70.89640625],[-159.64269531249997,70.89919921875],[-159.63515624999997,70.90210937500001],[-159.6270703125,70.90513671875],[-159.61843749999997,70.90828125],[-159.5828125,70.92109375],[-159.5736328125,70.92435546875],[-159.56390625,70.927734375],[-159.55363281249998,70.93123046875],[-159.5428125,70.93484375],[-159.4984375,70.94953124999999],[-159.48707031249998,70.95326171875],[-159.47515625,70.957109375],[-159.4626953125,70.96107421874999],[-159.44968749999998,70.96515624999999],[-159.39656250000002,70.98171875],[-159.37775390625,70.98752929687501],[-159.347890625,70.99667968749999],[-159.30697265625003,71.00916992187499],[-159.255,71.02499999999999],[-159.025,71.09500000000001],[-158.97308593750003,71.11081054687502],[-158.93234375,71.12324218750001],[-158.9027734375,71.13229492187502],[-158.884375,71.13796875000001],[-158.833125,71.15390625],[-158.82070312500002,71.15779296875],[-158.8090625,71.16148437500001],[-158.798203125,71.16498046875],[-158.788125,71.16828125],[-158.749375,71.18109375],[-158.74007812499997,71.18419921875],[-158.7315625,71.187109375],[-158.723828125,71.18982421874999],[-158.716875,71.19234374999999],[-158.690625,71.20203125],[-158.68445312500003,71.20435546875],[-158.67906250000001,71.206484375],[-158.674453125,71.20841796875],[-158.670625,71.21015625],[-158.656875,71.21671875],[-158.65292968750003,71.218779296875],[-158.64796875000002,71.2216796875],[-158.64199218750002,71.225419921875],[-158.63500000000002,71.23],[-158.605,71.25],[-158.59803710937499,71.2545703125],[-158.5921484375,71.25828125000001],[-158.587333984375,71.2611328125],[-158.58359375,71.263125],[-158.57078125,71.269375],[-158.56724609375,71.27101562499999],[-158.56304687500003,71.27281249999999],[-158.55818359375002,71.27476562499999],[-158.55265625,71.27687499999999],[-158.52921875,71.285625],[-158.52302734375,71.28789062499999],[-158.516171875,71.2903125],[-158.50865234375,71.292890625],[-158.50046875,71.295625],[-158.46640625000003,71.30687499999999],[-158.45755859375004,71.309765625],[-158.44804687500005,71.3128125],[-158.43787109375003,71.316015625],[-158.42703125000003,71.31937500000001],[-158.38234375000002,71.333125],[-158.36631835937504,71.3380078125],[-158.3405859375,71.34578125],[-158.305146484375,71.3564453125],[-158.26,71.37],[-158.06,71.43],[-158.014794921875,71.44357421875],[-157.9791796875,71.45429687500001],[-157.95315429687497,71.46216796875001],[-157.93671874999998,71.46718750000001],[-157.89015625,71.48156250000001],[-157.87873046874998,71.48511718750001],[-157.867734375,71.48859375],[-157.85716796875,71.4919921875],[-157.84703125,71.49531250000001],[-157.80734374999997,71.50843750000001],[-157.79763671875,71.5116796875],[-157.78835937499997,71.51484375000001],[-157.77951171874997,71.5179296875],[-157.77109374999998,71.5209375],[-157.73828125,71.53281249999999],[-157.73029296875,71.5357421875],[-157.72273437500002,71.53859374999999],[-157.71560546875003,71.54136718749999],[-157.70890625,71.5440625],[-157.68296875,71.5546875],[-157.67448242187498,71.55826171875],[-157.6619921875,71.563671875],[-157.645498046875,71.57091796875],[-157.625,71.58],[-157.535,71.62],[-157.5146484375,71.629033203125],[-157.49859375,71.6361328125],[-157.48683593750002,71.641298828125],[-157.479375,71.64453125],[-157.45812500000002,71.65359375000001],[-157.45289062500004,71.65580078125002],[-157.44781250000003,71.65789062500002],[-157.44289062500002,71.65986328125001],[-157.438125,71.66171875],[-157.41937500000003,71.66890624999999],[-157.41476562500003,71.67064453125],[-157.41031250000003,71.672265625],[-157.406015625,71.67376953125],[-157.40187500000002,71.67515625],[-157.385625,71.68046875],[-157.381640625,71.68173828125],[-157.3778125,71.682890625],[-157.374140625,71.68392578125],[-157.37062500000002,71.68484375],[-157.356875,71.68828125],[-157.3523046875,71.689345703125],[-157.34546875,71.6908203125],[-157.3363671875,71.69270507812499],[-157.32500000000002,71.695],[-157.275,71.70500000000001],[-157.26371093750004,71.70726562500002],[-157.25484375,71.70906250000002],[-157.2483984375,71.710390625],[-157.244375,71.71125],[-157.233125,71.71375],[-157.230390625,71.714375],[-157.2278125,71.715],[-157.225390625,71.715625],[-157.22312499999998,71.71625],[-157.214375,71.71875],[-157.212265625,71.719375],[-157.2103125,71.72],[-157.20851562499996,71.720625],[-157.20687499999997,71.72125],[-157.200625,71.72375],[-157.19914062499998,71.724375],[-157.1978125,71.725],[-157.196640625,71.725625],[-157.195625,71.72625],[-157.19187499999998,71.72874999999999],[-157.19074218749998,71.72960937499998],[-157.18921875,71.7309375],[-157.1873046875,71.732734375],[-157.185,71.735],[-157.175,71.745],[-157.17271484375001,71.747255859375],[-157.17085937500002,71.7490234375],[-157.16943359375,71.750302734375],[-157.1684375,71.75109375],[-157.16531250000003,71.75328125],[-157.16449218750003,71.75380859375001],[-157.16359375000002,71.754296875],[-157.16261718750002,71.75474609375],[-157.1615625,71.75515625],[-157.15718750000002,71.75671875],[-157.1560546875,71.75708984375],[-157.15484375,71.757421875],[-157.15355468750002,71.75771484375001],[-157.15218750000003,71.75796875],[-157.14656250000002,71.75890625000001],[-157.14511718750003,71.75912109375001],[-157.14359375,71.759296875],[-157.1419921875,71.75943359375],[-157.1403125,71.75953125000001],[-157.1334375,71.75984375000002],[-157.13099609375,71.75991210937501],[-157.127109375,71.75996093750001],[-157.12177734375,71.75999023437501],[-157.115,71.76],[-157.08499999999998,71.76],[-157.07822265625,71.760009765625],[-157.07289062499999,71.76003906250001],[-157.06900390624997,71.76008789062502],[-157.0665625,71.76015625000001],[-157.0596875,71.76046875],[-157.05800781250002,71.76056640625],[-157.05640625,71.760703125],[-157.0548828125,71.76087890625001],[-157.0534375,71.76109375000001],[-157.0478125,71.76203125],[-157.0464453125,71.76228515625002],[-157.04515625,71.762578125],[-157.0439453125,71.76291015625],[-157.0428125,71.76328125],[-157.0384375,71.76484375000001],[-157.0373828125,71.76525390625],[-157.03640625,71.765703125],[-157.0355078125,71.76619140625],[-157.0346875,71.76671875],[-157.0315625,71.76890625000001],[-157.03056640625002,71.76969726562501],[-157.029140625,71.77097656250001],[-157.02728515625,71.77274414062501],[-157.025,71.775],[-157.015,71.785],[-157.012412109375,71.787255859375],[-157.0096484375,71.78902343749999],[-157.006708984375,71.79030273437499],[-157.00359375,71.79109374999999],[-156.99078125,71.79328124999998],[-156.98693359375,71.79380859374997],[-156.981796875,71.79429687499999],[-156.97537109375,71.79474609374998],[-156.96765625,71.79515624999999],[-156.93421874999999,71.79671875],[-156.92521484374998,71.79708984375],[-156.91492187499998,71.797421875],[-156.90333984374996,71.79771484374999],[-156.89046874999997,71.79796875],[-156.83640624999998,71.79890625],[-156.82224609374998,71.79912109375],[-156.80679687499997,71.79929687500001],[-156.79005859375,71.79943359375],[-156.77203125,71.79953125],[-156.69734375000002,71.79984375],[-156.67038085937503,71.799912109375],[-156.6268359375,71.7999609375],[-156.566708984375,71.79999023437499],[-156.49,71.8],[-156.14999999999998,71.8],[-156.07325195312498,71.799951171875],[-156.01300781249998,71.7998046875],[-155.96926757812497,71.799560546875],[-155.94203124999999,71.79921875],[-155.86609375,71.79765625],[-155.84767578125,71.79716796875002],[-155.830390625,71.796484375],[-155.81423828124997,71.79560546875],[-155.79921875,71.79453125],[-155.74140624999998,71.78984374999999],[-155.72751953124995,71.78857421874999],[-155.71476562499998,71.787109375],[-155.70314453124996,71.78544921874999],[-155.69265624999997,71.78359375],[-155.65296874999999,71.77578125],[-155.64361328124997,71.77373046875],[-155.63539062499996,71.771484375],[-155.62830078124998,71.76904296875],[-155.62234374999997,71.76640624999999],[-155.60078124999998,71.75546875],[-155.594501953125,71.75151367187499],[-155.58644531249996,71.7451171875],[-155.576611328125,71.736279296875],[-155.565,71.725],[-155.515,71.675],[-155.501220703125,71.663720703125],[-155.48488281250002,71.65488281249999],[-155.46598632812498,71.648486328125],[-155.44453125,71.64453125],[-155.35359375000002,71.63359374999999],[-155.32595703125003,71.63095703124999],[-155.288515625,71.62851562499998],[-155.24126953125003,71.62626953124999],[-155.18421875,71.62421874999998],[-154.93640625,71.61640624999998],[-154.86955078124998,71.61455078124999],[-154.79289062499998,71.61289062499998],[-154.70642578125,71.61142578124999],[-154.61015625,71.61015624999999],[-154.20546875000002,71.60546875],[-154.09939453125003,71.60439453125001],[-153.983515625,71.603515625],[-153.85783203124998,71.60283203124999],[-153.72234375,71.60234374999999],[-153.16078125,71.60078125],[-152.95793945312502,71.60043945312499],[-152.6301953125,71.6001953125],[-152.177548828125,71.600048828125],[-151.6,71.6],[-149.04,71.6],[-148.46245117187502,71.59998046875],[-148.00980468749998,71.59992187499999],[-147.682060546875,71.59982421874999],[-147.47921875,71.59968749999999],[-146.91765625,71.5990625],[-146.78216796875,71.59886718749999],[-146.656484375,71.59859374999999],[-146.54060546875,71.5982421875],[-146.43453125,71.5978125],[-146.02984375,71.59593749999999],[-145.93357421875,71.59542968749999],[-145.847109375,71.59484375],[-145.77044921875,71.59417968749999],[-145.70359374999998,71.5934375],[-145.45578125,71.59031250000001],[-145.39873046875,71.5894921875],[-145.351484375,71.58859375],[-145.31404296875002,71.5876171875],[-145.28640625,71.5865625],[-145.19546874999997,71.5821875],[-145.17401367187497,71.58060546875],[-145.15511718749997,71.578046875],[-145.138779296875,71.57451171874999],[-145.125,71.57],[-145.075,71.55],[-145.06208984375,71.54548828124999],[-145.04835937500002,71.54195312499999],[-145.03380859375,71.53939453125],[-145.0184375,71.5378125],[-144.9553125,71.53343749999999],[-144.93636718749997,71.53238281249999],[-144.91109375,71.53140625],[-144.87949218749998,71.53050781249999],[-144.84156249999998,71.5296875],[-144.6771875,71.5265625],[-144.63292968749997,71.52582031249999],[-144.58234375,71.52515625],[-144.52542968749998,71.5245703125],[-144.46218749999997,71.5240625],[-144.19656249999997,71.52218749999999],[-144.12699218749998,71.52175781249998],[-144.05109374999998,71.52140625],[-143.96886718749997,71.52113281249999],[-143.88031249999997,71.52093749999999],[-143.51343749999998,71.5203125],[-143.38099609374999,71.52017578125],[-143.167109375,71.520078125],[-142.87177734374998,71.52001953125],[-142.495,71.52],[-140.825,71.52],[-140.448173828125,71.51990234375],[-140.1526953125,71.519609375],[-139.93856445312503,71.51912109375],[-139.80578125,71.5184375],[-139.43734375,71.5153125],[-139.34830078124997,71.5143359375],[-139.265390625,71.51296875],[-139.18861328124999,71.5112109375],[-139.11796875,71.5090625],[-138.84765625,71.49968750000001],[-138.78314453125,71.49714843750002],[-138.724765625,71.49421875],[-138.67251953125,71.49089843750001],[-138.62640625,71.4871875],[-138.45421875,71.4715625],[-138.41423828125,71.46746093750001],[-138.380390625,71.46296875],[-138.35267578125,71.45808593750002],[-138.33109375,71.45281250000001],[-138.25703124999998,71.4309375],[-138.23770507812497,71.42302734375],[-138.2167578125,71.410234375],[-138.19418945312498,71.39255859375001],[-138.17,71.37],[-138.07000000000002,71.27],[-138.04673828125,71.24744140625],[-138.026953125,71.229765625],[-138.01064453125002,71.21697265625],[-137.9978125,71.2090625],[-137.9534375,71.18718750000001],[-137.94113281250003,71.18191406250001],[-137.92640625,71.17703125],[-137.90925781250002,71.17253906250001],[-137.8896875,71.16843750000001],[-137.8065625,71.15281250000001],[-137.78457031250002,71.14910156250001],[-137.76015625000002,71.14578125000001],[-137.7333203125,71.14285156250001],[-137.70406250000002,71.14031250000001],[-137.5821875,71.1309375],[-137.5505078125,71.12878906249999],[-137.51640625000002,71.12703125],[-137.47988281250002,71.1256640625],[-137.44093750000002,71.1246875],[-137.2803125,71.12156250000001],[-137.22267578125002,71.12087890625],[-137.130078125,71.120390625],[-137.00251953125002,71.12009765625001],[-136.84,71.12],[-136.12,71.12],[-135.957548828125,71.11998046875001],[-135.8301953125,71.119921875],[-135.737939453125,71.11982421875001],[-135.68078125,71.1196875],[-135.52234375,71.11906250000001],[-135.48408203125,71.1188671875],[-135.448515625,71.11859375],[-135.41564453125,71.11824218750002],[-135.38546875,71.11781250000001],[-135.27015624999999,71.1159375],[-135.24267578124997,71.1154296875],[-135.217890625,71.11484375],[-135.19580078124997,71.11417968750001],[-135.17640624999999,71.1134375],[-135.10421875,71.1103125],[-135.08751953125,71.1094921875],[-135.073515625,71.10859375],[-135.06220703125,71.1076171875],[-135.05359375,71.1065625],[-135.02453125,71.1021875],[-135.017236328125,71.10060546874999],[-135.0098828125,71.098046875],[-135.002470703125,71.09451171875],[-134.995,71.09],[-134.965,71.07],[-134.957822265625,71.06547851562499],[-134.9512890625,71.0619140625],[-134.945400390625,71.05930664062501],[-134.94015625,71.05765625000001],[-134.92046875000003,71.05296874999999],[-134.91478515625002,71.05181640625],[-134.90757812500001,71.050703125],[-134.89884765625,71.04962890624999],[-134.88859375,71.04859375],[-134.84453125000002,71.04453124999999],[-134.83275390625002,71.04353515624999],[-134.819453125,71.04257812499999],[-134.80462890625,71.04166015624999],[-134.78828125,71.04078125],[-134.71984375000002,71.03734374999999],[-134.70197265625004,71.03650390625],[-134.68257812500002,71.035703125],[-134.66166015625,71.03494140625],[-134.63921875,71.03421875000001],[-134.54640625000002,71.03140625],[-134.512978515625,71.030478515625],[-134.4591015625,71.0291015625],[-134.384775390625,71.027275390625],[-134.29000000000002,71.025],[-133.87,71.01499999999999],[-133.775244140625,71.01273437499998],[-133.70097656250002,71.01093749999998],[-133.64719726562504,71.009609375],[-133.61390625,71.00874999999999],[-133.52171875000005,71.00625],[-133.49947265625005,71.005625],[-133.47882812500004,71.005],[-133.45978515625,71.004375],[-133.44234375000002,71.00375],[-133.37578125000005,71.00125],[-133.35994140625002,71.000625],[-133.34570312500003,71.0],[-133.33306640625003,70.999375],[-133.32203125,70.99875],[-133.28109375000003,70.99625],[-133.27166015625002,70.99562500000002],[-133.263828125,70.995],[-133.25759765625003,70.994375],[-133.25296875,70.99375],[-133.23765625000001,70.99125000000001],[-133.23399414062501,70.990390625],[-133.2306640625,70.98906250000002],[-133.227666015625,70.98726562500002],[-133.22500000000002,70.98500000000001],[-133.21499999999997,70.975],[-133.21173828124998,70.972734375],[-133.20695312499998,70.97093749999999],[-133.20064453124996,70.969609375],[-133.19281249999997,70.96875],[-133.1584375,70.96625],[-133.1478515625,70.96562499999999],[-133.13328124999998,70.965],[-133.11472656249998,70.964375],[-133.09218749999997,70.96375],[-132.99406249999998,70.96125],[-132.96753906249998,70.96062500000001],[-132.93703125,70.96000000000001],[-132.9025390625,70.95937500000001],[-132.8640625,70.95875000000001],[-132.70218749999998,70.95625000000001],[-132.6597265625,70.955625],[-132.61328124999997,70.95500000000001],[-132.5628515625,70.95437500000001],[-132.50843749999999,70.95375000000001],[-132.28281249999998,70.95125000000002],[-132.20126953125,70.95039062500001],[-132.069453125,70.94906250000001],[-131.88736328125,70.94726562500001],[-131.655,70.94500000000001],[-130.62499999999997,70.935],[-130.39249999999998,70.93268554687499],[-130.20999999999998,70.9307421875],[-130.0775,70.929169921875],[-129.99499999999998,70.92796875],[-129.765,70.92390625],[-129.70921874999996,70.92279296875],[-129.65687499999999,70.921484375],[-129.60796874999997,70.91998046875001],[-129.56249999999997,70.91828125],[-129.3875,70.91109374999999],[-129.34546875,70.90919921874999],[-129.306875,70.907109375],[-129.27171875,70.90482421875001],[-129.24,70.90234375],[-129.12,70.89203125],[-129.09171875,70.88935546875],[-129.066875,70.88648437500001],[-129.04546875,70.88341796875],[-129.0275,70.88015625],[-128.96249999999998,70.86671874999999],[-128.94359375,70.861904296875],[-128.91937499999997,70.8541796875],[-128.88984374999998,70.84354492187501],[-128.855,70.83],[-128.70499999999998,70.77000000000001],[-128.67108398437497,70.75646484375001],[-128.6443359375,70.74585937500001],[-128.624755859375,70.73818359375001],[-128.61234374999998,70.73343750000001],[-128.57703125,70.72031250000002],[-128.56833984374998,70.71714843750001],[-128.559921875,70.71421875000001],[-128.55177734375,70.71152343750002],[-128.54390625,70.70906250000002],[-128.51296875,70.69968750000001],[-128.50537109375,70.69746093750001],[-128.498046875,70.69546875],[-128.49099609375,70.69371093750001],[-128.48421875,70.69218750000002],[-128.45765624999999,70.68656250000001],[-128.45115234374998,70.6852734375],[-128.44492187499998,70.68421875000001],[-128.43896484375,70.6833984375],[-128.43328125,70.68281250000001],[-128.41109374999996,70.6809375],[-128.40374023437496,70.68052734375],[-128.39277343749998,70.680234375],[-128.37819335937496,70.68005859375],[-128.35999999999999,70.68],[-128.28,70.68],[-128.26193359375,70.67999023437501],[-128.247734375,70.6799609375],[-128.23740234375,70.67991210937501],[-128.2309375,70.67984375],[-128.2128125,70.67953125000003],[-128.20839843750002,70.67943359375002],[-128.20421875000002,70.67929687500002],[-128.20027343750002,70.67912109375001],[-128.19656250000003,70.67890625000001],[-128.1821875,70.67796875000002],[-128.1787109375,70.67771484375001],[-128.17546875,70.67742187500001],[-128.1724609375,70.67708984375],[-128.1696875,70.67671875],[-128.1590625,70.67515625],[-128.1565234375,70.67474609375],[-128.15421874999998,70.674296875],[-128.1521484375,70.67380859375],[-128.15031249999998,70.67328125],[-128.1434375,70.67109375],[-128.14130859374998,70.67030273437499],[-128.138359375,70.66902343749999],[-128.13458984375,70.66725585937499],[-128.13,70.66499999999999],[-128.10999999999999,70.655],[-128.10548828125,70.65273437500001],[-128.10195312499997,70.6509375],[-128.09939453124997,70.64960937500001],[-128.09781249999997,70.64875],[-128.0934375,70.64625000000001],[-128.09238281249998,70.64562500000001],[-128.09140624999998,70.64500000000001],[-128.09050781249996,70.64437500000001],[-128.08968749999997,70.64375000000001],[-128.08656249999999,70.64125000000001],[-128.08582031249998,70.64062500000001],[-128.08515624999998,70.64],[-128.08457031249998,70.639375],[-128.0840625,70.63875],[-128.08218749999997,70.63624999999999],[-128.08175781249997,70.63562499999999],[-128.08140625,70.63499999999999],[-128.0811328125,70.63437499999999],[-128.0809375,70.63374999999999],[-128.0803125,70.63125],[-128.08017578124998,70.63039062499999],[-128.080078125,70.6290625],[-128.08001953124997,70.627265625],[-128.07999999999998,70.625],[-128.07999999999998,70.615],[-128.07999999999998,70.612734375],[-128.07999999999998,70.61093749999999],[-128.07999999999998,70.60960937499999],[-128.07999999999998,70.60874999999999],[-128.07999999999998,70.60624999999999],[-128.07999999999998,70.60562499999999],[-128.07999999999998,70.60499999999999],[-128.07999999999998,70.60437499999999],[-128.07999999999998,70.60374999999999],[-128.07999999999998,70.60125],[-128.07999999999998,70.60062499999998],[-128.07999999999998,70.6],[-128.07999999999998,70.599375],[-128.07999999999998,70.59875],[-128.07999999999998,70.59625],[-128.07999999999998,70.595625],[-128.07999999999998,70.595],[-128.07999999999998,70.594375],[-128.07999999999998,70.59375],[-128.07999999999998,70.59125],[-128.07999999999998,70.590390625],[-128.07999999999998,70.58906250000001],[-128.07999999999998,70.58726562500001],[-128.07999999999998,70.58500000000001],[-128.07999999999998,70.57499999999999],[-128.07999999999998,70.57275390624999],[-128.07999999999998,70.57101562499999],[-128.07999999999998,70.56978515624999],[-128.07999999999998,70.56906249999999],[-128.07999999999998,70.56718749999999],[-128.07999999999998,70.56675781249999],[-128.07999999999998,70.56640624999999],[-128.07999999999998,70.56613281249999],[-128.07999999999998,70.56593749999999],[-128.07999999999998,70.56531249999999],[-128.07999999999998,70.56519531249998],[-128.07999999999998,70.56515625],[-128.07999999999998,70.56519531250001],[-128.07999999999998,70.5653125],[-128.07999999999998,70.56593749999999],[-128.07999999999998,70.5661328125],[-128.07999999999998,70.56640625],[-128.07999999999998,70.56675781249999],[-128.07999999999998,70.56718749999999],[-128.07999999999998,70.5690625],[-128.07999999999998,70.56978515625],[-128.07999999999998,70.571015625],[-128.07999999999998,70.57275390625],[-128.07999999999998,70.57499999999999],[-128.07999999999998,70.58500000000001],[-128.0791015625,70.587255859375],[-128.07640625,70.5890234375],[-128.07191406249999,70.590302734375],[-128.06562499999998,70.59109375],[-128.03687499999998,70.59328124999999],[-128.02789062499997,70.59380859375],[-128.0153125,70.594296875],[-127.99914062499997,70.59474609374999],[-127.97937499999998,70.59515625],[-127.89312499999998,70.59671875],[-127.86976562499999,70.59708984375],[-127.8428125,70.597421875],[-127.81226562499998,70.59771484375],[-127.77812499999999,70.59796874999999],[-127.634375,70.59890625],[-127.596640625,70.59912109375],[-127.55531249999999,70.599296875],[-127.51039062499999,70.59943359374998],[-127.46187499999999,70.59953124999998],[-127.260625,70.59984374999999],[-127.1878515625,70.59991210937498],[-127.07015625,70.59996093749999],[-126.9075390625,70.599990234375],[-126.7,70.6],[-125.78,70.6],[-125.57244140625001,70.59998046875],[-125.409765625,70.59992187499999],[-125.29197265625001,70.59982421874999],[-125.2190625,70.59968749999999],[-125.01718750000002,70.5990625],[-124.96847656250002,70.59886718749999],[-124.92328125000003,70.59859374999999],[-124.88160156250001,70.5982421875],[-124.84343750000002,70.5978125],[-124.6978125,70.59593749999999],[-124.6631640625,70.59542968749999],[-124.63203125,70.59484375],[-124.60441406250001,70.59417968749999],[-124.5803125,70.5934375],[-124.49093750000002,70.59031250000001],[-124.47035156250001,70.5894921875],[-124.45328125000002,70.58859375],[-124.43972656250003,70.5876171875],[-124.42968750000001,70.5865625],[-124.39656250000002,70.5821875],[-124.38869140625002,70.58060546875],[-124.38164062500002,70.578046875],[-124.37541015625,70.57451171874999],[-124.37,70.57],[-124.35,70.55],[-124.34538085937498,70.54545898437499],[-124.3415234375,70.5418359375],[-124.33842773437499,70.53913085937499],[-124.33609375,70.53734374999999],[-124.32828125,70.53203124999999],[-124.32615234375,70.53068359375],[-124.323671875,70.529296875],[-124.32083984375001,70.52787109375],[-124.31765625,70.52640625],[-124.30421874999999,70.52046875],[-124.30068359375,70.51896484375001],[-124.296796875,70.517421875],[-124.29255859374999,70.51583984375],[-124.28796874999999,70.51421875],[-124.26890625,70.50765625000001],[-124.26396484374999,70.50599609375001],[-124.258671875,70.50429687500002],[-124.25302734374999,70.50255859375002],[-124.24703124999999,70.50078125000002],[-124.22234375,70.49359375],[-124.21350585937499,70.491083984375],[-124.1993359375,70.48714843750001],[-124.179833984375,70.481787109375],[-124.155,70.47500000000001],[-124.04499999999999,70.44500000000001],[-124.01997070312498,70.438154296875],[-123.99988281249999,70.4326171875],[-123.98473632812498,70.42838867187501],[-123.97453124999998,70.42546875000001],[-123.94359374999999,70.41640625000001],[-123.93564453124999,70.41404296875001],[-123.92726562499999,70.41148437500001],[-123.91845703124999,70.40873046875001],[-123.90921874999998,70.40578125],[-123.87140625,70.39359375000001],[-123.86173828125001,70.39044921875],[-123.851640625,70.38710937500001],[-123.84111328125,70.38357421875],[-123.83015625,70.37984375],[-123.78546875,70.36453125],[-123.77408203125,70.36060546875001],[-123.762265625,70.35648437500001],[-123.75001953125,70.35216796875],[-123.73734375000001,70.34765625],[-123.68578125,70.32921875000001],[-123.66762695312501,70.32268554687501],[-123.6389453125,70.31230468750002],[-123.599736328125,70.29807617187501],[-123.55000000000001,70.28],[-123.32999999999998,70.2],[-123.28010742187499,70.181953125],[-123.2404296875,70.1678125],[-123.21096679687498,70.157578125],[-123.19171874999999,70.15125],[-123.13515625,70.13374999999999],[-123.12091796874998,70.12953125],[-123.10648437500001,70.125625],[-123.09185546875,70.12203124999999],[-123.07703125,70.11875],[-123.01734375000001,70.10624999999999],[-123.00232421875,70.10328125],[-122.98710937500002,70.100625],[-122.97169921875002,70.09828125],[-122.95609375000001,70.09625],[-122.89328125,70.08875],[-122.87748046875,70.08703125000001],[-122.86148437499999,70.08562500000001],[-122.84529296874999,70.08453125000001],[-122.82890625,70.08375000000001],[-122.76296875,70.08125000000001],[-122.74010742187501,70.080703125],[-122.7044921875,70.0803125],[-122.656123046875,70.080078125],[-122.595,70.08],[-122.325,70.08],[-122.26403320312501,70.07994140625],[-122.21613281249999,70.07976562500001],[-122.181298828125,70.07947265625],[-122.15953125,70.0790625],[-122.09859374999999,70.0771875],[-122.08376953124998,70.07660156249999],[-122.069765625,70.07578125],[-122.05658203125,70.07472656249999],[-122.04421875,70.0734375],[-121.99640625,70.0678125],[-121.98486328125001,70.06628906249999],[-121.974140625,70.06453125],[-121.96423828125,70.0625390625],[-121.95515625,70.0603125],[-121.92046875,70.0509375],[-121.91220703125,70.04847656250001],[-121.90476562500001,70.04578125],[-121.89814453125001,70.0428515625],[-121.89234375000001,70.03968750000001],[-121.87078125,70.02656250000001],[-121.864189453125,70.02181640625001],[-121.85519531249999,70.01414062500001],[-121.843798828125,70.00353515625001],[-121.83,69.99000000000001],[-121.77000000000001,69.93],[-121.75599609375001,69.91646484375002],[-121.743984375,69.905859375],[-121.73396484375002,69.89818359375],[-121.72593750000001,69.8934375],[-121.69781250000001,69.8803125],[-121.6899609375,69.8771484375],[-121.68046875000002,69.87421875],[-121.66933593750002,69.8715234375],[-121.6565625,69.8690625],[-121.60218750000001,69.8596875],[-121.58777343750002,69.8574609375],[-121.57171875,69.85546875],[-121.5540234375,69.8537109375],[-121.5346875,69.8521875],[-121.45406249999999,69.8465625],[-121.43308593749998,69.8452734375],[-121.41046874999998,69.84421875000001],[-121.38621093749998,69.84339843750001],[-121.36031249999999,69.84281250000001],[-121.2534375,69.8409375],[-121.21505859375,69.84052734375],[-121.15335937500001,69.840234375],[-121.06833984375001,69.84005859375],[-120.96000000000001,69.84],[-120.47999999999999,69.84],[-120.37165039062498,69.83993164062501],[-120.2866015625,69.8397265625],[-120.224853515625,69.839384765625],[-120.18640624999999,69.83890625000001],[-120.07921875,69.83671875000002],[-120.05322265625,69.83603515625002],[-120.02882812499999,69.83507812500001],[-120.00603515625,69.83384765625001],[-119.98484375,69.83234375],[-119.90328124999999,69.82578125],[-119.88369140625,69.82400390625],[-119.865703125,69.82195312500001],[-119.84931640625,69.81962890625002],[-119.83453125,69.81703125000001],[-119.77859375,69.80609375],[-119.76541015625,69.80322265625],[-119.753828125,69.800078125],[-119.74384765625001,69.79666015625],[-119.73546875,69.79296875],[-119.70515625,69.77765625],[-119.696337890625,69.77211914062502],[-119.68503906250001,69.76316406250001],[-119.671259765625,69.75079101562501],[-119.655,69.73500000000001],[-119.585,69.66499999999999],[-119.56918945312499,69.649208984375],[-119.55675781249998,69.6368359375],[-119.54770507812499,69.627880859375],[-119.54203125,69.62234375],[-119.52609374999997,69.60703124999999],[-119.52220703124998,69.60333984374999],[-119.51851562499999,69.59992187499999],[-119.51501953124998,69.59677734374999],[-119.51171874999999,69.59390624999999],[-119.49890624999999,69.58296875],[-119.49580078124998,69.58037109375],[-119.49289062499999,69.578046875],[-119.49017578124997,69.57599609375],[-119.48765624999999,69.57421875],[-119.47796874999999,69.56765625],[-119.47564453124998,69.56615234375],[-119.47351562499999,69.564921875],[-119.47158203124998,69.56396484375],[-119.46984374999998,69.56328125],[-119.46328124999998,69.56109375],[-119.461220703125,69.560615234375],[-119.45832031249998,69.5602734375],[-119.45458007812499,69.560068359375],[-119.44999999999999,69.56],[-119.43,69.56],[-119.42545898437503,69.55998046875001],[-119.42183593750002,69.559921875],[-119.41913085937502,69.55982421875],[-119.41734375000001,69.5596875],[-119.41203125000001,69.55906250000001],[-119.41068359375,69.5588671875],[-119.40929687500002,69.55859375],[-119.40787109375,69.55824218750001],[-119.40640625,69.55781250000001],[-119.40046875,69.5559375],[-119.39896484375,69.5554296875],[-119.397421875,69.55484375],[-119.39583984375,69.55417968750001],[-119.39421875,69.5534375],[-119.38765625000002,69.5503125],[-119.38599609375001,69.54949218750001],[-119.38429687500002,69.54859375],[-119.38255859375,69.54761718750001],[-119.38078125000001,69.54656250000001],[-119.37359375,69.5421875],[-119.371083984375,69.54060546875],[-119.3671484375,69.53804687499999],[-119.361787109375,69.53451171875],[-119.355,69.53],[-119.325,69.51],[-119.318173828125,69.50547851562501],[-119.3126953125,69.50191406249999],[-119.308564453125,69.49930664062501],[-119.30578125,69.49765625],[-119.29734375,69.49296875],[-119.29517578125001,69.49181640625001],[-119.292890625,69.49070312500001],[-119.29048828124999,69.48962890625],[-119.28796875,69.48859375],[-119.27765625,69.48453125],[-119.27501953125001,69.48353515625],[-119.272265625,69.482578125],[-119.26939453125,69.48166015625],[-119.26640625,69.48078125],[-119.25421875,69.47734375],[-119.25111328125001,69.47650390625002],[-119.247890625,69.475703125],[-119.24455078125,69.47494140625],[-119.24109375,69.47421875],[-119.22703125,69.47140625],[-119.222080078125,69.47047851562499],[-119.2142578125,69.4691015625],[-119.203564453125,69.467275390625],[-119.19,69.465],[-119.13,69.45500000000001],[-119.116455078125,69.452734375],[-119.10582031249999,69.45093750000001],[-119.09809570312498,69.44960937500001],[-119.09328124999999,69.44875],[-119.07984374999998,69.44625],[-119.07658203124998,69.445625],[-119.07351562499998,69.44500000000001],[-119.07064453125,69.44437500000001],[-119.06796874999998,69.44375000000001],[-119.05765624999998,69.44125],[-119.05517578124999,69.440625],[-119.05289062499997,69.44],[-119.05080078124999,69.439375],[-119.04890624999999,69.43875],[-119.04171875,69.43625],[-119.04001953125,69.435625],[-119.038515625,69.435],[-119.03720703124999,69.434375],[-119.03609374999999,69.43375],[-119.03203125000002,69.43125],[-119.03083007812502,69.430390625],[-119.02925781249999,69.42906250000001],[-119.02731445312502,69.427265625],[-119.025,69.42500000000001],[-119.01499999999999,69.41499999999999],[-119.01222656249998,69.412744140625],[-119.00890625,69.4109765625],[-119.00503906249997,69.409697265625],[-119.00062499999999,69.40890625],[-118.981875,69.40671875000001],[-118.976171875,69.40619140625],[-118.9684375,69.405703125],[-118.95867187500001,69.40525390625001],[-118.946875,69.40484375],[-118.895625,69.40328125],[-118.881796875,69.40291015625],[-118.8659375,69.402578125],[-118.848046875,69.40228515625],[-118.828125,69.40203125000001],[-118.744375,69.40109375],[-118.72242187500002,69.40087890625],[-118.69843750000001,69.400703125],[-118.672421875,69.40056640625002],[-118.644375,69.40046875000002],[-118.52812499999999,69.40015625000001],[-118.48613281249999,69.40008789062502],[-118.41828124999999,69.40003906250001],[-118.32457031249999,69.400009765625],[-118.20499999999998,69.4],[-117.67500000000001,69.4],[-117.555224609375,69.399921875],[-117.4608984375,69.3996875],[-117.39202148437501,69.399296875],[-117.34859375,69.39875],[-117.22578125000001,69.39625000000001],[-117.19568359375002,69.39546875],[-117.166796875,69.394375],[-117.13912109375,69.39296875],[-117.11265625,69.39125],[-117.00921874999999,69.38375],[-116.98396484374999,69.38171875],[-116.95992187499999,69.37937500000001],[-116.93708984374999,69.37671875000001],[-116.91546874999999,69.37375000000002],[-116.83140625,69.36125000000001],[-116.81099609375,69.35796875000003],[-116.791796875,69.35437500000002],[-116.77380859375,69.35046875000002],[-116.75703125000001,69.34625000000001],[-116.69234375,69.32875000000001],[-116.67131835937501,69.32242187500002],[-116.6405859375,69.31218750000001],[-116.600146484375,69.29804687500001],[-116.55000000000001,69.28],[-116.32999999999998,69.2],[-116.28002929687499,69.181953125],[-116.24011718749999,69.1678125],[-116.21026367187498,69.157578125],[-116.19046875,69.15125],[-116.13140625,69.13374999999999],[-116.11638671875,69.12953125],[-116.100859375,69.125625],[-116.08482421875,69.12203124999999],[-116.06828125000001,69.11875],[-116.00109375000001,69.10624999999999],[-115.98404296875,69.10328125],[-115.966484375,69.100625],[-115.94841796875,69.09828125],[-115.92984375,69.09625],[-115.85453125000001,69.08875],[-115.83544921875001,69.08703125000001],[-115.815859375,69.08562500000001],[-115.79576171875001,69.08453125000001],[-115.77515625000001,69.08375000000001],[-115.69171875,69.08125000000001],[-115.66252929687501,69.080703125],[-115.61667968750001,69.0803125],[-115.55416992187502,69.080078125],[-115.47500000000001,69.08],[-115.125,69.08],[-115.046015625,69.07998046875001],[-114.9840625,69.079921875],[-114.939140625,69.07982421875],[-114.91125,69.0796875],[-114.83375,69.07906249999999],[-114.81499999999998,69.0788671875],[-114.7975,69.07859375],[-114.78125,69.0782421875],[-114.76625,69.0778125],[-114.70874999999998,69.07593750000001],[-114.695,69.0754296875],[-114.68249999999999,69.07484375000001],[-114.67125,69.0741796875],[-114.66125,69.07343750000001],[-114.62374999999999,69.0703125],[-114.615,69.06949218749999],[-114.60749999999999,69.06859374999999],[-114.60124999999998,69.0676171875],[-114.59624999999998,69.0665625],[-114.57874999999999,69.0621875],[-114.573984375,69.06060546874998],[-114.5684375,69.058046875],[-114.56210937499999,69.05451171874999],[-114.55499999999999,69.05],[-114.52499999999999,69.03],[-114.51801757812498,69.025419921875],[-114.51207031249999,69.0216796875],[-114.50715820312499,69.018779296875],[-114.50328124999999,69.01671875],[-114.48984374999999,69.01015625],[-114.48611328124998,69.00841796875],[-114.481640625,69.006484375],[-114.47642578124999,69.00435546874999],[-114.47046875,69.00203125],[-114.44515624999998,68.99234374999999],[-114.43845703125,68.98982421874999],[-114.43101562499999,68.987109375],[-114.42283203124998,68.98419921874999],[-114.41390624999998,68.98109375],[-114.37671875,68.96828125],[-114.36705078124999,68.96498046875],[-114.35664062499998,68.961484375],[-114.34548828125,68.95779296875],[-114.33359374999999,68.95390625],[-114.28453124999999,68.93796875000001],[-114.26692382812499,68.93229492187501],[-114.23863281249999,68.92324218750001],[-114.19965820312498,68.91081054687501],[-114.14999999999999,68.89500000000001],[-113.92999999999999,68.82499999999999],[-113.880322265625,68.809169921875],[-113.8412890625,68.79667968749999],[-113.81290039062499,68.787529296875],[-113.79515624999999,68.78171875],[-113.74546874999999,68.76515624999999],[-113.73337890624998,68.76107421875],[-113.72195312499998,68.757109375],[-113.71119140624998,68.75326171875],[-113.70109374999998,68.74953124999999],[-113.66203124999998,68.73484375],[-113.65259765624998,68.73123046874998],[-113.64382812499998,68.72773437499998],[-113.63572265624998,68.72435546874999],[-113.62828124999999,68.72109375],[-113.59984374999998,68.70828125],[-113.59306640624999,68.70513671875],[-113.58695312499998,68.70210937499999],[-113.58150390624996,68.69919921875],[-113.57671874999997,68.69640625],[-113.55890624999999,68.68546875000001],[-113.553447265625,68.68182617187502],[-113.54597656249999,68.6763671875],[-113.536494140625,68.669091796875],[-113.525,68.66],[-113.475,68.62],[-113.46364257812499,68.610966796875],[-113.45457031250001,68.6038671875],[-113.44778320312501,68.59870117187499],[-113.44328125000001,68.59546875],[-113.42984375,68.58640625],[-113.42642578125,68.58419921874999],[-113.42289062500001,68.58210937499999],[-113.41923828125,68.58013671875],[-113.41546875,68.57828125],[-113.40015625000001,68.57109374999999],[-113.39626953125001,68.56935546874999],[-113.392265625,68.56773437499999],[-113.38814453125,68.56623046874999],[-113.38390625000001,68.56484375],[-113.36671875,68.55953124999999],[-113.36236328125,68.55826171874999],[-113.35789062500001,68.557109375],[-113.35330078125,68.55607421874998],[-113.34859375,68.55515625],[-113.32953125000002,68.55171874999999],[-113.32286132812501,68.550654296875],[-113.3123828125,68.54917968749999],[-113.298095703125,68.547294921875],[-113.28,68.54499999999999],[-113.2,68.535],[-113.18201171875002,68.532744140625],[-113.168046875,68.5309765625],[-113.15810546875001,68.529697265625],[-113.15218750000001,68.52890625],[-113.1365625,68.52671874999999],[-113.13292968750001,68.52619140624998],[-113.12984375,68.52570312499999],[-113.12730468750001,68.52525390624999],[-113.1253125,68.52484374999999],[-113.1184375,68.52328125],[-113.1169921875,68.52291015624999],[-113.11609375,68.522578125],[-113.11574218749999,68.52228515625],[-113.1159375,68.52203125],[-113.11781250000001,68.52109374999999],[-113.11855468750002,68.52087890624999],[-113.11984375,68.52070312499998],[-113.1216796875,68.52056640625],[-113.12406250000001,68.52046874999999],[-113.13468750000001,68.52015625],[-113.13888671875002,68.520087890625],[-113.14617187500001,68.52003906249999],[-113.15654296875,68.52000976562499],[-113.17,68.52],[-113.22999999999999,68.52],[-113.24353515624999,68.51998046874999],[-113.25414062499999,68.519921875],[-113.26181640624999,68.51982421875],[-113.26656249999999,68.5196875],[-113.27968749999998,68.51906249999999],[-113.28285156249999,68.51886718749999],[-113.28578124999999,68.51859375],[-113.28847656249998,68.5182421875],[-113.29093749999998,68.51781249999999],[-113.30031249999999,68.5159375],[-113.30253906249999,68.5154296875],[-113.30453125,68.51484375000001],[-113.30628906249999,68.5141796875],[-113.30781249999998,68.51343750000001],[-113.3134375,68.5103125],[-113.31472656250001,68.5094921875],[-113.31578125,68.50859374999999],[-113.31660156250001,68.50761718749999],[-113.3171875,68.5065625],[-113.3190625,68.50218749999999],[-113.31947265625,68.50060546875],[-113.31976562499999,68.498046875],[-113.31994140625,68.49451171875],[-113.32,68.49],[-113.32,68.47],[-113.31885742187498,68.465478515625],[-113.3154296875,68.4619140625],[-113.309716796875,68.459306640625],[-113.30171874999999,68.45765625],[-113.26515624999999,68.45296875],[-113.25373046874999,68.45181640625],[-113.237734375,68.450703125],[-113.21716796874999,68.44962890625],[-113.19203124999999,68.44859375],[-113.08234374999999,68.44453125],[-113.05263671875,68.44353515625001],[-113.01835937499999,68.442578125],[-112.97951171874999,68.44166015625],[-112.93609375,68.44078125],[-112.75328124999999,68.43734375],[-112.70529296874999,68.43650390625],[-112.652734375,68.435703125],[-112.59560546875,68.43494140625],[-112.53390624999999,68.43421875],[-112.27796875,68.43140625000001],[-112.185419921875,68.43047851562501],[-112.03574218749999,68.42910156250001],[-111.828935546875,68.427275390625],[-111.565,68.42500000000001],[-110.395,68.41499999999999],[-110.13099609375,68.41280273437499],[-109.923984375,68.41121093749999],[-109.77396484375001,68.41022460937499],[-109.6809375,68.40984375],[-109.4228125,68.40953124999999],[-109.3604296875,68.40958984375],[-109.30234375,68.409921875],[-109.2485546875,68.41052734375],[-109.19906250000001,68.41140625],[-109.0096875,68.41546875],[-108.9644921875,68.41662109375001],[-108.92359375000001,68.418046875],[-108.8869921875,68.41974609374999],[-108.85468750000001,68.42171875],[-108.73406250000001,68.43015625000001],[-108.70605468750001,68.43240234375001],[-108.68234375,68.43492187500001],[-108.6629296875,68.43771484375002],[-108.6478125,68.44078125000001],[-108.59593750000002,68.45359375000001],[-108.58240234375002,68.458271484375],[-108.56773437500001,68.46589843750002],[-108.55193359375001,68.476474609375],[-108.53500000000001,68.49000000000001],[-108.46499999999999,68.55000000000001],[-108.4490625,68.563544921875],[-108.43625,68.57417968750002],[-108.42656249999999,68.58190429687502],[-108.41999999999999,68.58671875000002],[-108.39999999999999,68.60015625000003],[-108.39484374999999,68.60341796875002],[-108.38937499999999,68.60648437500002],[-108.38359374999999,68.60935546875001],[-108.37749999999998,68.61203125000002],[-108.35249999999999,68.62234375],[-108.34609375,68.62482421874999],[-108.33937499999999,68.627109375],[-108.33234374999999,68.62919921874999],[-108.32499999999999,68.63109374999999],[-108.295,68.63828125],[-108.28734375,68.63998046875001],[-108.279375,68.641484375],[-108.27109375,68.64279296875],[-108.2625,68.64390625],[-108.22749999999999,68.64796875],[-108.21515624999999,68.649169921875],[-108.19562499999999,68.65074218750001],[-108.16890624999999,68.652685546875],[-108.13499999999999,68.655],[-107.985,68.66499999999999],[-107.951142578125,68.667275390625],[-107.92457031250001,68.6691015625],[-107.90528320312501,68.670478515625],[-107.89328125,68.67140625],[-107.85984375000001,68.67421875000001],[-107.85173828125,68.67494140625001],[-107.844140625,68.67570312500001],[-107.83705078125,68.67650390625],[-107.83046875,68.67734375],[-107.80515624999998,68.68078125000001],[-107.79908203124998,68.68166015625],[-107.79351562499998,68.682578125],[-107.78845703124998,68.68353515625],[-107.78390624999999,68.68453125],[-107.76671875,68.68859375000001],[-107.76267578125,68.68962890625002],[-107.759140625,68.690703125],[-107.75611328124998,68.69181640625001],[-107.75359375,68.69296875],[-107.74453125,68.69765625000001],[-107.741923828125,68.69930664062501],[-107.73863281249999,68.70191406250001],[-107.734658203125,68.705478515625],[-107.72999999999999,68.71000000000001],[-107.71000000000001,68.73],[-107.70535156250001,68.73451171875001],[-107.70140625,68.73804687500001],[-107.69816406250001,68.74060546875],[-107.695625,68.74218750000001],[-107.686875,68.74656250000001],[-107.684453125,68.74761718750001],[-107.6815625,68.74859375000001],[-107.67820312500001,68.74949218750001],[-107.674375,68.7503125],[-107.65812500000001,68.75343750000002],[-107.65382812500002,68.75417968750003],[-107.6490625,68.75484375000002],[-107.64382812500003,68.75542968750003],[-107.63812500000002,68.75593750000002],[-107.614375,68.7578125],[-107.60820312499999,68.7582421875],[-107.60156250000001,68.75859375],[-107.594453125,68.7588671875],[-107.586875,68.7590625],[-107.555625,68.75968750000001],[-107.5444140625,68.75982421875001],[-107.52640625000001,68.759921875],[-107.5016015625,68.75998046875],[-107.47,68.76],[-107.33000000000001,68.76],[-107.29836914062501,68.76001953125001],[-107.27347656250001,68.760078125],[-107.25532226562501,68.76017578125001],[-107.24390625000001,68.76031250000001],[-107.21171874999999,68.7609375],[-107.20384765624999,68.7611328125],[-107.19632812499998,68.76140625],[-107.18916015624998,68.76175781250001],[-107.18234374999999,68.76218750000001],[-107.15578125,68.76406250000001],[-107.14931640625001,68.76457031250001],[-107.143203125,68.76515625000002],[-107.13744140625,68.76582031250001],[-107.13203125000001,68.76656250000002],[-107.11109375,68.7696875],[-107.10603515625,68.7705078125],[-107.10132812500001,68.77140625000001],[-107.09697265624999,68.77238281250001],[-107.09296875,68.7734375],[-107.07765625000002,68.77781250000001],[-107.07274414062502,68.77939453125],[-107.0656640625,68.781953125],[-107.05641601562502,68.78548828125],[-107.04500000000002,68.79],[-106.99499999999999,68.81],[-106.98365234375,68.81451171875],[-106.974609375,68.81804687500001],[-106.96787109375,68.82060546875002],[-106.9634375,68.82218750000001],[-106.9503125,68.8265625],[-106.9469921875,68.8276171875],[-106.94359374999999,68.82859375],[-106.9401171875,68.8294921875],[-106.93656249999998,68.83031249999999],[-106.9221875,68.8334375],[-106.9185546875,68.8341796875],[-106.91484374999999,68.83484375],[-106.9110546875,68.83542968750001],[-106.90718749999999,68.8359375],[-106.89156249999999,68.83781250000001],[-106.8876171875,68.8382421875],[-106.88359375,68.83859375],[-106.8794921875,68.8388671875],[-106.8753125,68.83906250000001],[-106.85843749999998,68.8396875],[-106.85255859374999,68.83982421875],[-106.84335937499999,68.839921875],[-106.83083984375,68.83998046875001],[-106.815,68.84],[-106.745,68.84],[-106.72919921875001,68.84000976562501],[-106.716796875,68.84003906250001],[-106.70779296875,68.840087890625],[-106.70218750000001,68.84015625],[-106.68656250000001,68.84046875000001],[-106.6827734375,68.84056640625],[-106.67921874999999,68.840703125],[-106.6758984375,68.84087890625],[-106.67281249999999,68.84109375],[-106.66093750000002,68.84203125],[-106.65808593750002,68.84228515625],[-106.65546875,68.842578125],[-106.65308593750001,68.84291015625],[-106.65093750000001,68.84328125],[-106.64281249999999,68.84484375],[-106.6408984375,68.84525390625001],[-106.63921875,68.845703125],[-106.63777343749999,68.84619140625],[-106.6365625,68.84671875000001],[-106.6321875,68.84890625],[-106.63091796875,68.849697265625],[-106.629296875,68.8509765625],[-106.62732421875,68.85274414062499],[-106.625,68.85499999999999],[-106.61499999999998,68.86500000000001],[-106.61271484374998,68.867255859375],[-106.61085937499998,68.8690234375],[-106.60943359374998,68.870302734375],[-106.60843749999998,68.87109375],[-106.60531249999997,68.87328125000002],[-106.60449218749997,68.87380859375001],[-106.60359374999999,68.87429687500001],[-106.60261718749997,68.87474609375002],[-106.60156249999997,68.87515625],[-106.59718749999999,68.87671875000001],[-106.59605468749999,68.87708984375001],[-106.59484375,68.877421875],[-106.59355468749999,68.87771484375],[-106.5921875,68.87796875],[-106.58656249999997,68.87890625],[-106.58511718749997,68.87912109374999],[-106.58359374999998,68.879296875],[-106.58199218749998,68.87943359375001],[-106.58031249999998,68.87953125],[-106.57343749999998,68.87984374999999],[-106.57099609375,68.879912109375],[-106.56710937499999,68.87996093749999],[-106.56177734374998,68.87999023437499],[-106.55499999999999,68.88],[-106.52499999999999,68.88],[-106.51819335937499,68.88001953124999],[-106.51277343749999,68.880078125],[-106.50874023437498,68.88017578124999],[-106.50609374999999,68.8803125],[-106.49828124999999,68.88093749999999],[-106.49630859374999,68.8811328125],[-106.49429687499999,68.88140625],[-106.49224609375,68.88175781249998],[-106.49015625,68.88218749999999],[-106.48171875,68.8840625],[-106.47958984375,68.8845703125],[-106.477421875,68.88515625],[-106.47521484375001,68.88582031249999],[-106.47296875,68.8865625],[-106.46390625,68.8896875],[-106.46162109374998,68.8905078125],[-106.45929687499999,68.89140625],[-106.45693359375,68.8923828125],[-106.45453124999999,68.8934375],[-106.44484374999999,68.8978125],[-106.441474609375,68.89939453125001],[-106.43621093750001,68.901953125],[-106.429052734375,68.90548828125],[-106.42,68.91],[-106.38,68.93],[-106.370830078125,68.93451171875002],[-106.36332031250001,68.938046875],[-106.35747070312499,68.94060546875001],[-106.35328125,68.9421875],[-106.33984375,68.9465625],[-106.33626953125,68.94761718750001],[-106.33226562499999,68.94859375],[-106.32783203125,68.9494921875],[-106.32296875,68.9503125],[-106.30265624999998,68.9534375],[-106.29736328124997,68.95417968750002],[-106.29164062499999,68.95484375000001],[-106.28548828124997,68.95542968750001],[-106.27890624999998,68.9559375],[-106.25171875000001,68.95781250000002],[-106.24470703125,68.95824218750002],[-106.23726562499999,68.95859375],[-106.22939453125,68.95886718750002],[-106.22109375,68.95906250000002],[-106.18703124999999,68.9596875],[-106.174892578125,68.95982421875],[-106.15550781249999,68.959921875],[-106.128876953125,68.95998046875002],[-106.095,68.96000000000001],[-105.945,68.96000000000001],[-105.911142578125,68.95998046875],[-105.88457031249999,68.959921875],[-105.86528320312499,68.95982421875],[-105.85328124999998,68.9596875],[-105.81984374999999,68.95906250000002],[-105.81173828124999,68.95886718750002],[-105.80414062499999,68.95859375],[-105.79705078125,68.95824218750002],[-105.79046874999999,68.95781250000002],[-105.76515624999999,68.9559375],[-105.75908203125,68.95542968750001],[-105.753515625,68.95484375000001],[-105.74845703125,68.95417968750002],[-105.74390625,68.9534375],[-105.72671874999999,68.9503125],[-105.72267578124999,68.9494921875],[-105.71914062499998,68.94859375],[-105.71611328124999,68.9476171875],[-105.71359374999999,68.9465625],[-105.70453124999999,68.9421875],[-105.70192382812499,68.94060546875001],[-105.6986328125,68.938046875],[-105.69465820312499,68.93451171875],[-105.69,68.93],[-105.67,68.91],[-105.6653125,68.90548828125],[-105.66125,68.901953125],[-105.6578125,68.89939453125001],[-105.655,68.89781250000001],[-105.64500000000001,68.8934375],[-105.6421875,68.89238281250002],[-105.63875,68.89140625000002],[-105.6346875,68.8905078125],[-105.63,68.88968750000001],[-105.60999999999999,68.8865625],[-105.60468749999998,68.8858203125],[-105.59874999999998,68.88515625],[-105.5921875,68.88457031249999],[-105.585,68.8840625],[-105.555,68.88218749999999],[-105.5471875,68.8817578125],[-105.53875,68.88140625],[-105.52968750000001,68.88113281249998],[-105.52000000000001,68.88093749999999],[-105.48,68.8803125],[-105.46562499999999,68.88017578124999],[-105.44250000000001,68.880078125],[-105.41062500000001,68.88001953125],[-105.37,68.88],[-105.19,68.88],[-105.149384765625,68.87999023437499],[-105.11753906249999,68.87996093749999],[-105.09446289062498,68.879912109375],[-105.08015624999999,68.87984374999999],[-105.04046875,68.87953124999999],[-105.03087890625001,68.87943359374998],[-105.02195312500001,68.87929687499998],[-105.01369140625002,68.87912109374999],[-105.00609375000002,68.87890624999999],[-104.97703125000001,68.87796875],[-104.97009765625,68.87771484375],[-104.96382812500002,68.877421875],[-104.95822265625,68.87708984375],[-104.95328125,68.87671875],[-104.93484375,68.87515625],[-104.93056640625001,68.87474609375],[-104.92695312499998,68.874296875],[-104.92400390625,68.87380859375],[-104.92171875,68.87328125],[-104.91390625,68.87109375],[-104.911884765625,68.870302734375],[-104.9097265625,68.8690234375],[-104.90743164062499,68.867255859375],[-104.905,68.86500000000001],[-104.89500000000001,68.85499999999999],[-104.892587890625,68.85274414062499],[-104.8903515625,68.8509765625],[-104.88829101562501,68.849697265625],[-104.88640625000001,68.84890625],[-104.87921874999999,68.84671875000001],[-104.87712890624998,68.84619140625],[-104.874453125,68.845703125],[-104.87119140625,68.84525390625001],[-104.86734375,68.84484375],[-104.85078125000001,68.84328125],[-104.84634765625,68.84291015625],[-104.841328125,68.842578125],[-104.83572265625,68.84228515625],[-104.82953125,68.84203125],[-104.80359375,68.84109375],[-104.79681640625,68.84087890625],[-104.78945312500001,68.840703125],[-104.78150390625001,68.84056640625002],[-104.77296875000002,68.84046875000001],[-104.73765624999999,68.84015625],[-104.72493164062499,68.840087890625],[-104.70441406249999,68.84003906250001],[-104.67610351562499,68.84000976562501],[-104.63999999999999,68.84],[-104.47999999999999,68.84],[-104.44389648437499,68.84000976562501],[-104.4155859375,68.84003906250001],[-104.39506835937499,68.840087890625],[-104.38234374999999,68.84015625],[-104.34703124999999,68.84046875000001],[-104.33849609375,68.84056640625],[-104.330546875,68.840703125],[-104.32318359375,68.84087890625],[-104.31640625,68.84109375],[-104.29046875,68.84203125],[-104.28427734374999,68.84228515625],[-104.278671875,68.842578125],[-104.27365234374999,68.84291015625],[-104.26921875,68.84328125],[-104.25265625,68.84484375],[-104.24880859375,68.84525390625001],[-104.24554687499999,68.845703125],[-104.24287109375,68.84619140625],[-104.24078125,68.84671875000001],[-104.23359374999998,68.84890625],[-104.23170898437498,68.849697265625],[-104.2296484375,68.8509765625],[-104.227412109375,68.85274414062499],[-104.225,68.85499999999999],[-104.215,68.86500000000001],[-104.212744140625,68.86724609375001],[-104.2109765625,68.868984375],[-104.20969726562501,68.87021484375],[-104.20890625,68.8709375],[-104.20671875000002,68.87281250000001],[-104.20619140625003,68.87324218750001],[-104.20570312500001,68.87359375],[-104.20525390625002,68.87386718750001],[-104.20484375000001,68.87406250000001],[-104.20328125,68.8746875],[-104.20291015625,68.87480468749999],[-104.202578125,68.87484375],[-104.20228515625001,68.87480468749999],[-104.20203125,68.8746875],[-104.20109375,68.87406250000001],[-104.20087890625,68.87386718750001],[-104.20070312499999,68.87359375],[-104.20056640625,68.87324218750001],[-104.20046875,68.87281250000001],[-104.20015625,68.8709375],[-104.200087890625,68.87021484374999],[-104.2000390625,68.868984375],[-104.200009765625,68.86724609375],[-104.2,68.86500000000001],[-104.2,68.85499999999999],[-104.199931640625,68.85274414062499],[-104.1997265625,68.8509765625],[-104.19938476562501,68.849697265625],[-104.19890625000001,68.84890625],[-104.19671875,68.84671875000001],[-104.19603515624999,68.84619140625],[-104.19507812500001,68.845703125],[-104.19384765625,68.84525390625001],[-104.19234375,68.84484375],[-104.18578125,68.84328125],[-104.18400390625,68.84291015625],[-104.181953125,68.842578125],[-104.17962890625,68.84228515625],[-104.17703125,68.84203125],[-104.16609375000002,68.84109375],[-104.16322265625001,68.84087890625],[-104.16007812500001,68.840703125],[-104.15666015625001,68.84056640625002],[-104.15296875000001,68.84046875000001],[-104.13765625000002,68.84015625],[-104.13211914062502,68.840087890625],[-104.12316406250002,68.84003906250001],[-104.11079101562501,68.84000976562501],[-104.09500000000001,68.84],[-104.02499999999999,68.84],[-104.00919921875,68.83999023437501],[-103.996796875,68.8399609375],[-103.98779296875,68.839912109375],[-103.9821875,68.83984375],[-103.9665625,68.83953125],[-103.96277343749999,68.83943359374999],[-103.95921874999999,68.839296875],[-103.9558984375,68.83912109375001],[-103.9528125,68.83890625000001],[-103.9409375,68.83796875],[-103.9380859375,68.83771484375],[-103.93546875000001,68.837421875],[-103.93308593750001,68.83708984375001],[-103.9309375,68.83671875],[-103.92281249999999,68.83515625],[-103.9208984375,68.83474609375],[-103.91921874999998,68.834296875],[-103.91777343749999,68.83380859375],[-103.9165625,68.83328125],[-103.9121875,68.83109375000001],[-103.91091796875,68.83030273437501],[-103.909296875,68.8290234375],[-103.90732421875,68.82725585937501],[-103.905,68.825],[-103.89500000000001,68.815],[-103.89265625,68.81274414062501],[-103.890625,68.8109765625],[-103.88890625,68.809697265625],[-103.8875,68.80890625],[-103.8825,68.80671874999999],[-103.88109374999999,68.80619140624998],[-103.879375,68.805703125],[-103.87734375,68.80525390624999],[-103.875,68.80484374999999],[-103.86499999999998,68.80328125],[-103.86234374999998,68.80291015625001],[-103.85937499999997,68.802578125],[-103.85609374999999,68.80228515625],[-103.85249999999998,68.80203125],[-103.83749999999998,68.80109374999999],[-103.83359374999998,68.80087890624999],[-103.82937499999998,68.800703125],[-103.82484374999999,68.80056640625],[-103.82,68.80046875],[-103.8,68.80015624999999],[-103.7928125,68.800087890625],[-103.78125,68.80003906249999],[-103.7653125,68.80000976562499],[-103.745,68.8],[-103.655,68.8],[-103.63468749999998,68.799990234375],[-103.61875,68.79996093749999],[-103.6071875,68.799912109375],[-103.6,68.79984375],[-103.58000000000001,68.79953125],[-103.57515625000002,68.79943359375],[-103.570625,68.799296875],[-103.56640625,68.79912109374999],[-103.5625,68.79890624999999],[-103.5475,68.79796875],[-103.54390625,68.79771484375],[-103.540625,68.79742187499998],[-103.53765625,68.79708984374999],[-103.535,68.79671874999998],[-103.525,68.79515624999999],[-103.52265625000001,68.79474609374999],[-103.52062500000002,68.79429687499999],[-103.51890625000001,68.79380859374999],[-103.51750000000001,68.79328124999998],[-103.51250000000002,68.79109374999999],[-103.51109375000001,68.79030273437499],[-103.509375,68.78902343749999],[-103.50734375000002,68.787255859375],[-103.50500000000001,68.785],[-103.49499999999999,68.775],[-103.4926953125,68.77274414062501],[-103.49078125,68.77097656250001],[-103.4892578125,68.76969726562501],[-103.488125,68.76890625000001],[-103.484375,68.76671875000002],[-103.48335937499999,68.76619140625002],[-103.48218750000001,68.76570312500002],[-103.480859375,68.76525390625001],[-103.479375,68.76484375000001],[-103.473125,68.76328125],[-103.471484375,68.76291015625002],[-103.46968749999999,68.762578125],[-103.46773437499999,68.76228515625002],[-103.46562499999999,68.76203125],[-103.45687500000003,68.76109375],[-103.45460937500003,68.76087890625],[-103.45218750000002,68.76070312499999],[-103.44960937500002,68.76056640625],[-103.44687500000002,68.76046875],[-103.43562500000002,68.76015625000001],[-103.4316015625,68.760087890625],[-103.42515625000001,68.7600390625],[-103.4162890625,68.760009765625],[-103.405,68.76],[-103.355,68.76],[-103.34367187500001,68.759951171875],[-103.33468750000002,68.75980468750001],[-103.32804687500001,68.75956054687501],[-103.32375,68.75921875],[-103.31125,68.75765625000001],[-103.30812499999999,68.75716796875],[-103.305,68.75648437500001],[-103.30187500000001,68.75560546875002],[-103.29875000000001,68.75453125000001],[-103.28625000000001,68.74984375],[-103.28312500000001,68.74857421875],[-103.28,68.74710937500001],[-103.27687500000002,68.74544921875],[-103.27375,68.74359375],[-103.26125000000002,68.73578125],[-103.25812500000002,68.73373046875001],[-103.25500000000001,68.73148437500001],[-103.25187500000001,68.72904296875],[-103.24875000000002,68.72640625],[-103.23625,68.71546875000001],[-103.23195312499999,68.71151367187501],[-103.2253125,68.70511718750001],[-103.216328125,68.696279296875],[-103.205,68.685],[-103.155,68.63499999999999],[-103.14314453125,68.623720703125],[-103.132578125,68.6148828125],[-103.12330078125,68.608486328125],[-103.1153125,68.60453125],[-103.0859375,68.59359375],[-103.0775390625,68.59095703125],[-103.06703125000001,68.58851562499999],[-103.0544140625,68.58626953125],[-103.0396875,68.58421874999999],[-102.9765625,68.57640625],[-102.95972656250001,68.57455078125001],[-102.94078124999999,68.57289062500001],[-102.91972656249999,68.57142578125001],[-102.89656249999999,68.57015625000001],[-102.79968749999999,68.56546875],[-102.77441406249999,68.56439453125],[-102.74703124999999,68.56351562500001],[-102.7175390625,68.56283203125],[-102.6859375,68.56234375],[-102.55531250000001,68.56078125],[-102.50830078125001,68.560439453125],[-102.432578125,68.5601953125],[-102.32814453125002,68.56004882812499],[-102.19500000000001,68.56],[-101.60499999999999,68.56],[-101.47185546875,68.56001953125],[-101.36742187499999,68.560078125],[-101.29169921874998,68.56017578125001],[-101.24468749999998,68.56031250000001],[-101.11406249999999,68.5609375],[-101.08246093749999,68.56113281249999],[-101.05296874999999,68.56140625],[-101.02558593749998,68.56175781249999],[-101.00031249999998,68.5621875],[-100.90343749999998,68.5640625],[-100.88027343749998,68.5645703125],[-100.85921875,68.56515625],[-100.84027343749997,68.5658203125],[-100.82343749999998,68.5665625],[-100.7603125,68.5696875],[-100.7455859375,68.5705078125],[-100.73296875,68.57140625000001],[-100.72246093749999,68.5723828125],[-100.71406249999998,68.5734375],[-100.6846875,68.57781250000001],[-100.67669921875,68.57939453125],[-100.66742187499999,68.58195312500001],[-100.65685546875,68.58548828125001],[-100.645,68.59],[-100.595,68.61],[-100.583681640625,68.61451171875001],[-100.5747265625,68.618046875],[-100.56813476562499,68.62060546875],[-100.56390625,68.62218750000001],[-100.55171875,68.6265625],[-100.54869140625,68.6276171875],[-100.54570312500002,68.62859375000001],[-100.54275390625001,68.6294921875],[-100.53984375000002,68.6303125],[-100.52828124999999,68.63343750000001],[-100.52541015624999,68.63417968750001],[-100.52257812500001,68.63484375000002],[-100.51978515625,68.63542968750001],[-100.51703125,68.63593750000001],[-100.50609375000002,68.6378125],[-100.50337890625002,68.6382421875],[-100.500703125,68.63859375],[-100.49806640625002,68.6388671875],[-100.49546875000001,68.6390625],[-100.48515625,68.63968750000001],[-100.481650390625,68.63982421875001],[-100.4762890625,68.639921875],[-100.469072265625,68.63998046875],[-100.46,68.64],[-100.42,68.64],[-100.41094726562498,68.640029296875],[-100.40378906249998,68.64011718750001],[-100.398525390625,68.640263671875],[-100.39515624999999,68.64046875],[-100.38546874999997,68.64140625],[-100.38306640624997,68.64169921875],[-100.38070312499998,68.64210937499999],[-100.37837890624998,68.64263671875],[-100.37609374999998,68.64328125],[-100.36703125,68.64609375],[-100.36478515624998,68.64685546875],[-100.362578125,68.647734375],[-100.36041015625,68.64873046875],[-100.35828124999999,68.64984375],[-100.34984375,68.65453124999999],[-100.34775390625,68.65576171875],[-100.345703125,68.657109375],[-100.34369140625,68.65857421875],[-100.34171875,68.66015625],[-100.33390625,68.66671875],[-100.331259765625,68.669091796875],[-100.3272265625,68.6729296875],[-100.321806640625,68.678232421875],[-100.315,68.685],[-100.285,68.715],[-100.278212890625,68.721767578125],[-100.2728515625,68.7270703125],[-100.268916015625,68.73090820312501],[-100.26640625,68.73328125],[-100.25921874999999,68.73984375],[-100.25744140624998,68.74142578125002],[-100.255703125,68.742890625],[-100.25400390624999,68.74423828125],[-100.25234375,68.74546875],[-100.24578125000001,68.75015625],[-100.24416015625,68.75126953125],[-100.242578125,68.752265625],[-100.24103515625,68.75314453125],[-100.23953125,68.75390625],[-100.23359375,68.75671875],[-100.23212890624998,68.75736328125001],[-100.230703125,68.757890625],[-100.22931640624999,68.75830078125],[-100.22796875,68.75859375],[-100.22265625,68.75953125000001],[-100.220869140625,68.75973632812502],[-100.2181640625,68.75988281250001],[-100.214541015625,68.759970703125],[-100.21,68.76],[-100.19,68.76],[-100.185439453125,68.76004882812501],[-100.1817578125,68.7601953125],[-100.178955078125,68.760439453125],[-100.17703125,68.76078125000001],[-100.17109375,68.76234375],[-100.16955078124998,68.76283203125],[-100.16789062500001,68.763515625],[-100.16611328125,68.76439453124999],[-100.16421875,68.76546875],[-100.15640625,68.77015625000001],[-100.15439453124999,68.77142578125002],[-100.152265625,68.772890625],[-100.15001953125,68.77455078125001],[-100.14765625,68.77640625000001],[-100.13796875,68.78421875000001],[-100.13548828124999,68.78626953125001],[-100.13289062500002,68.788515625],[-100.13017578125002,68.79095703125],[-100.12734375000001,68.79359375000001],[-100.11578125,68.80453125],[-100.111689453125,68.808486328125],[-100.10519531249999,68.8148828125],[-100.09629882812499,68.823720703125],[-100.085,68.83500000000001],[-100.035,68.885],[-100.023720703125,68.89637695312501],[-100.01488281249999,68.90550781250002],[-100.00848632812499,68.91239257812501],[-100.00453124999999,68.91703125000001],[-99.99359375,68.93109375],[-99.99095703125,68.93470703124999],[-99.98851562499999,68.93851562500001],[-99.98626953125,68.94251953125],[-99.98421875,68.94671875],[-99.97640625,68.96390625000001],[-99.97455078124999,68.96830078125001],[-99.97289062499999,68.972890625],[-99.97142578124999,68.97767578125001],[-99.97015624999999,68.98265625],[-99.96546874999999,69.00296875000001],[-99.96439453124998,69.00814453125],[-99.963515625,69.013515625],[-99.96283203124999,69.01908203125001],[-99.96234374999999,69.02484375],[-99.96078125,69.04828125],[-99.96043945312499,69.056533203125],[-99.96019531249999,69.0695703125],[-99.960048828125,69.087392578125],[-99.96,69.11],[-99.96,69.21],[-99.960009765625,69.232568359375],[-99.9600390625,69.25027343749998],[-99.960087890625,69.263115234375],[-99.96015625,69.27109374999999],[-99.96046875,69.29328124999999],[-99.96056640625001,69.29865234374999],[-99.96070312500001,69.30367187499999],[-99.96087890625,69.30833984375],[-99.96109375,69.31265625],[-99.96203125000001,69.32921875],[-99.96228515625,69.33318359375],[-99.96257812500001,69.336796875],[-99.96291015625002,69.34005859375],[-99.96328125000001,69.34296875000001],[-99.96484375,69.35390625],[-99.96525390625,69.35646484375],[-99.965703125,69.358671875],[-99.96619140625,69.36052734375],[-99.96671875000001,69.36203125],[-99.96890624999999,69.36734375],[-99.96969726562499,69.36881835937501],[-99.9709765625,69.37058593750001],[-99.972744140625,69.372646484375],[-99.975,69.375],[-99.98499999999999,69.385],[-99.9870703125,69.38744140625],[-99.98828125,69.38976562500001],[-99.98863281249999,69.39197265625],[-99.988125,69.3940625],[-99.984375,69.4021875],[-99.983046875,69.4045703125],[-99.9809375,69.40765625],[-99.97804687499999,69.4114453125],[-99.974375,69.4159375],[-99.958125,69.4353125],[-99.953671875,69.4405078125],[-99.9484375,69.44640625],[-99.94242187500001,69.4530078125],[-99.935625,69.4603125],[-99.906875,69.4909375],[-99.899296875,69.4989453125],[-99.89093749999999,69.50765625],[-99.881796875,69.5170703125],[-99.871875,69.5271875],[-99.830625,69.5690625],[-99.8156640625,69.58416015625],[-99.79140625,69.608515625],[-99.75785156250001,69.64212890625001],[-99.715,69.685],[-99.52499999999999,69.875],[-99.482109375,69.917861328125],[-99.4484375,69.9514453125],[-99.423984375,69.975751953125],[-99.40875,69.99078125],[-99.36625,70.03234375],[-99.3559375,70.04236328125],[-99.34625,70.051640625],[-99.3371875,70.06017578125],[-99.32874999999999,70.06796875],[-99.29624999999999,70.09765625],[-99.28843749999999,70.10470703125],[-99.28124999999997,70.111015625],[-99.27468749999998,70.11658203124999],[-99.26874999999998,70.12140624999999],[-99.24624999999997,70.13921875],[-99.24093749999997,70.14330078125],[-99.23624999999998,70.146640625],[-99.23218749999998,70.14923828124999],[-99.22874999999998,70.15109375],[-99.21625,70.15703124999999],[-99.212578125,70.158330078125],[-99.2078125,70.15925781249999],[-99.20195312499999,70.159814453125],[-99.195,70.16],[-99.165,70.16],[-99.15820312500001,70.160029296875],[-99.15281250000001,70.16011718749999],[-99.14882812500001,70.16026367187499],[-99.14625000000001,70.16046874999999],[-99.13875000000002,70.16140625],[-99.136875,70.16169921875],[-99.13500000000002,70.162109375],[-99.133125,70.16263671874998],[-99.13125000000001,70.16328124999998],[-99.12375,70.16609374999999],[-99.121875,70.16685546874999],[-99.12,70.16773437499998],[-99.118125,70.16873046874998],[-99.11625000000001,70.16984374999998],[-99.10875,70.17453125],[-99.10687499999999,70.17576171875],[-99.105,70.177109375],[-99.10312499999999,70.17857421874999],[-99.10125,70.18015625],[-99.09375,70.18671875],[-99.091171875,70.18909179687499],[-99.0871875,70.1929296875],[-99.081796875,70.198232421875],[-99.07499999999999,70.205],[-99.04500000000002,70.235],[-99.03807617187502,70.241767578125],[-99.0323046875,70.2470703125],[-99.027685546875,70.250908203125],[-99.02421875,70.25328125],[-99.01265624999999,70.25984375],[-99.00951171874999,70.26142578125],[-99.005859375,70.26289062500001],[-99.00169921874999,70.26423828125],[-98.99703124999999,70.26546875],[-98.97734375,70.27015625000001],[-98.97216796875,70.27126953125001],[-98.966484375,70.27226562500002],[-98.96029296875001,70.27314453125001],[-98.95359375000001,70.27390625000001],[-98.92578125,70.27671875000001],[-98.91857421875001,70.27736328125],[-98.910859375,70.277890625],[-98.90263671875002,70.27830078125001],[-98.89390625000001,70.27859375],[-98.85796875,70.27953125],[-98.845107421875,70.279736328125],[-98.8244921875,70.2798828125],[-98.796123046875,70.279970703125],[-98.75999999999999,70.28],[-98.6,70.28],[-98.563759765625,70.280146484375],[-98.5350390625,70.2805859375],[-98.51383789062501,70.281318359375],[-98.50015625,70.28234375],[-98.46046874999999,70.28703125000001],[-98.45056640624999,70.28849609375001],[-98.440703125,70.290546875],[-98.43087890625,70.29318359375],[-98.42109375,70.29640625],[-98.38203125,70.31046875],[-98.37228515625,70.31427734375],[-98.362578125,70.31867187499999],[-98.35291015624999,70.32365234375],[-98.34328124999999,70.32921875],[-98.30484375,70.35265625000001],[-98.29525390625,70.35880859375001],[-98.285703125,70.365546875],[-98.27619140625,70.37287109375],[-98.26671875,70.38078125000001],[-98.22890625,70.41359375],[-98.21594726562499,70.42545898437501],[-98.1959765625,70.4446484375],[-98.168994140625,70.471162109375],[-98.135,70.505],[-97.985,70.655],[-97.9511328125,70.688837890625],[-97.92453125,70.71535156249999],[-97.90519531250001,70.73454101562498],[-97.893125,70.74640624999999],[-97.85937500000001,70.77921875],[-97.85117187500002,70.78712890625],[-97.84343750000001,70.79445312499999],[-97.83617187500002,70.80119140625],[-97.82937500000001,70.80734375],[-97.803125,70.83078125],[-97.796796875,70.83634765625],[-97.7909375,70.841328125],[-97.785546875,70.84572265625],[-97.780625,70.84953125],[-97.761875,70.86359374999999],[-97.757421875,70.86681640624998],[-97.7534375,70.86945312499999],[-97.74992187500001,70.87150390624998],[-97.746875,70.87296874999998],[-97.735625,70.87765625],[-97.7322265625,70.87868164062499],[-97.72765625,70.87941406249999],[-97.7219140625,70.879853515625],[-97.715,70.88],[-97.685,70.88],[-97.678125,70.88010742187498],[-97.67249999999999,70.8804296875],[-97.66812499999999,70.88096679687499],[-97.66499999999999,70.88171874999999],[-97.655,70.88515625],[-97.65234375,70.88623046875],[-97.64937499999999,70.887734375],[-97.64609375,70.88966796874999],[-97.6425,70.89203125],[-97.6275,70.90234375],[-97.62359375,70.90513671875],[-97.619375,70.908359375],[-97.61484375,70.91201171875],[-97.61,70.91609375],[-97.59,70.93328125],[-97.58484375,70.93779296875],[-97.579375,70.942734375],[-97.57359375,70.94810546875],[-97.5675,70.95390625],[-97.5425,70.97796874999999],[-97.53359375,70.98666992187499],[-97.51937500000001,71.00074218749998],[-97.49984375000001,71.02018554687498],[-97.47500000000001,71.04499999999999],[-97.36500000000001,71.155],[-97.34001953125,71.179814453125],[-97.32007812500001,71.1992578125],[-97.30517578125,71.213330078125],[-97.2953125,71.22203125],[-97.26593749999999,71.24609374999999],[-97.2584765625,71.25189453125],[-97.25078125,71.25726562499999],[-97.2428515625,71.26220703125],[-97.23468749999999,71.26671875],[-97.2015625,71.28390624999999],[-97.1931640625,71.28798828125],[-97.18453125,71.29164062499999],[-97.1756640625,71.29486328124999],[-97.1665625,71.29765624999999],[-97.1296875,71.30796874999999],[-97.12035156250002,71.31033203124998],[-97.11078125,71.31226562499998],[-97.1009765625,71.31376953124999],[-97.0909375,71.31484375],[-97.0503125,71.31828124999998],[-97.03611328125,71.31903320312499],[-97.013828125,71.31957031249999],[-96.98345703125001,71.31989257812499],[-96.94500000000001,71.32],[-96.775,71.32],[-96.7365234375,71.32012695312498],[-96.70609375,71.3205078125],[-96.6837109375,71.32114257812499],[-96.669375,71.32203125],[-96.628125,71.32609374999998],[-96.61789062499999,71.32736328124999],[-96.6078125,71.32914062499998],[-96.59789062499999,71.33142578124999],[-96.58812499999999,71.33421874999999],[-96.54937500000001,71.34640624999999],[-96.53976562500002,71.34970703124998],[-96.53031250000001,71.35351562499999],[-96.52101562500002,71.35783203124998],[-96.511875,71.36265624999999],[-96.47562500000001,71.38296875],[-96.46664062500001,71.38830078125],[-96.4578125,71.394140625],[-96.449140625,71.40048828125],[-96.440625,71.40734375],[-96.406875,71.43578124999999],[-96.3954296875,71.44606445312499],[-96.37796875,71.46269531249999],[-96.3544921875,71.48567382812499],[-96.325,71.51499999999999],[-96.195,71.64500000000001],[-96.16565429687499,71.67432617187501],[-96.1426171875,71.69730468750001],[-96.12588867187499,71.713935546875],[-96.11546874999999,71.72421875],[-96.08640625000001,71.75265625],[-96.07935546875001,71.75951171874999],[-96.07273437500001,71.76585937499999],[-96.06654296875001,71.77169921875],[-96.06078125000002,71.77703125],[-96.03859374999999,71.79734375000001],[-96.03326171875,71.80216796875001],[-96.028359375,71.806484375],[-96.02388671874999,71.81029296874999],[-96.01984374999999,71.81359375],[-96.00453125000001,71.82578125],[-96.00091796875,71.82857421874999],[-95.997734375,71.830859375],[-95.99498046875001,71.83263671875],[-95.99265625000001,71.83390625],[-95.98421875,71.83796875],[-95.981748046875,71.83885742187499],[-95.97855468750001,71.83949218750001],[-95.974638671875,71.839873046875],[-95.97,71.84],[-95.95,71.84],[-95.94546875,71.84001953125001],[-95.941875,71.840078125],[-95.93921875000001,71.84017578125],[-95.9375,71.84031250000001],[-95.9325,71.8409375],[-95.93125,71.84113281249999],[-95.93,71.84140625],[-95.92875000000001,71.84175781249999],[-95.92750000000001,71.8421875],[-95.9225,71.8440625],[-95.92125,71.8445703125],[-95.91999999999999,71.84515625],[-95.91874999999999,71.8458203125],[-95.91749999999999,71.8465625],[-95.9125,71.84968749999999],[-95.91125000000001,71.85050781249998],[-95.91,71.85140625],[-95.90875,71.8523828125],[-95.9075,71.8534375],[-95.9025,71.8578125],[-95.90078125000001,71.85939453124999],[-95.898125,71.861953125],[-95.89453125000001,71.86548828125001],[-95.89000000000001,71.87],[-95.87,71.89],[-95.865458984375,71.89451171875001],[-95.8618359375,71.898046875],[-95.859130859375,71.90060546875],[-95.85734375,71.9021875],[-95.85203125,71.9065625],[-95.85068359374999,71.90761718750001],[-95.849296875,71.90859375],[-95.84787109375,71.9094921875],[-95.84640625,71.9103125],[-95.84046875000001,71.9134375],[-95.83896484375002,71.9141796875],[-95.83742187500002,71.91484375],[-95.83583984375002,71.9154296875],[-95.83421875000002,71.9159375],[-95.82765624999999,71.9178125],[-95.82599609374999,71.9182421875],[-95.82429687499999,71.91859374999999],[-95.82255859374999,71.91886718749998],[-95.82078125,71.9190625],[-95.81359375,71.9196875],[-95.811083984375,71.91982421875],[-95.8071484375,71.919921875],[-95.801787109375,71.91998046875],[-95.795,71.92],[-95.765,71.92],[-95.758232421875,71.920205078125],[-95.7529296875,71.9208203125],[-95.749091796875,71.921845703125],[-95.74671875,71.92328125],[-95.74015625,71.92984374999999],[-95.73857421875,71.93189453125],[-95.73710937499999,71.93476562499998],[-95.73576171875001,71.93845703124998],[-95.73453125,71.94296874999999],[-95.72984375,71.96265625],[-95.72873046875,71.96798828124999],[-95.727734375,71.974140625],[-95.72685546875,71.98111328125],[-95.72609375,71.98890625],[-95.72328124999999,72.02171874999999],[-95.72263671875,72.03033203125],[-95.722109375,72.039765625],[-95.72169921874999,72.05001953125],[-95.72140625,72.06109375],[-95.72046875,72.10703124999999],[-95.720263671875,72.12364257812499],[-95.7201171875,72.1505078125],[-95.720029296875,72.187626953125],[-95.72,72.235],[-95.72,72.44500000000001],[-95.71999023437499,72.49238281250001],[-95.71996093749999,72.52953125],[-95.719912109375,72.5564453125],[-95.71984375,72.573125],[-95.71953124999999,72.61937500000002],[-95.71943359375,72.63054687500001],[-95.71929687499998,72.6409375],[-95.71912109374999,72.650546875],[-95.71890624999999,72.65937500000001],[-95.71796875,72.69312500000001],[-95.71771484374999,72.701171875],[-95.71742187499999,72.7084375],[-95.71708984374999,72.71492187500002],[-95.71671874999998,72.72062500000001],[-95.71515624999998,72.74187500000002],[-95.71474609374997,72.74679687500003],[-95.71429687499999,72.75093750000002],[-95.71380859374997,72.75429687500002],[-95.71328124999998,72.75687500000001],[-95.71109375,72.76562500000001],[-95.710302734375,72.76785156250001],[-95.7090234375,72.77015625000001],[-95.70725585937501,72.7725390625],[-95.705,72.775],[-95.695,72.785],[-95.69275390625,72.78733398437498],[-95.691015625,72.7893359375],[-95.68978515625,72.79100585937499],[-95.6890625,72.79234374999999],[-95.68718750000001,72.79703125],[-95.6867578125,72.79833984375],[-95.68640625,72.799921875],[-95.6861328125,72.80177734374999],[-95.68593750000001,72.80390625],[-95.68531249999998,72.81296875],[-95.68519531249999,72.81537109375],[-95.68515624999998,72.818046875],[-95.68519531249999,72.82099609375],[-95.68531249999998,72.82421875],[-95.68593750000001,72.83765624999998],[-95.6861328125,72.84115234374998],[-95.68640625,72.84492187499998],[-95.68675781250002,72.84896484374998],[-95.68718750000001,72.85328124999998],[-95.6890625,72.87109375],[-95.68978515625,72.877490234375],[-95.69101562499999,72.8877734375],[-95.69275390624999,72.901943359375],[-95.695,72.92],[-95.71,73.04],[-95.71234375,73.06671875],[-95.71267578125,73.07103515625],[-95.71289062500001,73.075078125],[-95.71298828125,73.07884765625],[-95.71296875,73.08234375],[-95.71265625,73.09578125],[-95.71251953125,73.09900390625],[-95.71226562499999,73.101953125],[-95.71189453125,73.10462890625],[-95.71140625,73.10703125],[-95.70921874999999,73.11609375],[-95.70861328125,73.11822265625],[-95.70789062499999,73.120078125],[-95.70705078124999,73.12166015625],[-95.70609375,73.12296875],[-95.70203124999999,73.12765625],[-95.70051757812499,73.128994140625],[-95.6980078125,73.13066406249999],[-95.694501953125,73.13266601562499],[-95.69,73.13499999999999],[-95.67,73.14500000000001],[-95.665478515625,73.14727539062501],[-95.6619140625,73.14910156250001],[-95.659306640625,73.15047851562501],[-95.65765625,73.15140625000001],[-95.65296874999999,73.15421875000001],[-95.65181640624998,73.15494140625],[-95.65070312499999,73.155703125],[-95.64962890625,73.15650390625001],[-95.64859374999999,73.15734375],[-95.64453125,73.16078125],[-95.64353515625,73.16166015625],[-95.642578125,73.162578125],[-95.64166015625,73.16353515624999],[-95.64078125,73.16453125],[-95.63734375,73.16859375],[-95.63650390625,73.16962890625001],[-95.635703125,73.170703125],[-95.63494140625,73.17181640625],[-95.63421875,73.17296875],[-95.63140625,73.17765625000001],[-95.630322265625,73.17961914062501],[-95.6284765625,73.18316406250001],[-95.625869140625,73.18829101562501],[-95.6225,73.19500000000001],[-95.60749999999999,73.22500000000001],[-95.60609374999999,73.23578125],[-95.609375,73.25312500000001],[-95.61734374999999,73.27703125000001],[-95.63,73.3075],[-95.69,73.4425],[-95.7033984375,73.47267578125],[-95.71359375,73.49570312499999],[-95.7205859375,73.51158203124999],[-95.724375,73.52031249999999],[-95.733125,73.54093749999998],[-95.73523437499999,73.54597656249997],[-95.7371875,73.55078124999999],[-95.738984375,73.55535156249998],[-95.740625,73.55968749999998],[-95.746875,73.5765625],[-95.748359375,73.58066406249999],[-95.7496875,73.58453125],[-95.750859375,73.5881640625],[-95.751875,73.5915625],[-95.75562500000001,73.60468749999998],[-95.75648437500001,73.60785156249999],[-95.7571875,73.61078124999999],[-95.75773437500001,73.61347656249998],[-95.758125,73.61593749999999],[-95.759375,73.62531249999999],[-95.7596484375,73.62830078124999],[-95.75984375,73.632578125],[-95.75996093750001,73.63814453124999],[-95.76,73.645],[-95.76,73.675],[-95.76005859375,73.681884765625],[-95.76023437500001,73.68753906250001],[-95.76052734375,73.69196289062499],[-95.76093750000001,73.69515625],[-95.7628125,73.70546875],[-95.7633984375,73.70822265625],[-95.76421875,73.711328125],[-95.76527343749999,73.71478515625],[-95.76656249999999,73.71859375],[-95.77218750000002,73.73453125],[-95.7737109375,73.73869140625001],[-95.77546875000002,73.74320312500001],[-95.77746093750002,73.74806640625002],[-95.77968750000002,73.75328125000001],[-95.7890625,73.77484375],[-95.7915234375,73.78041015625],[-95.79421875000001,73.78632812500001],[-95.7971484375,73.79259765625001],[-95.8003125,73.79921875000001],[-95.81343750000002,73.82640625],[-95.81818359375,73.83610351562501],[-95.82585937500002,73.85160156250001],[-95.83646484375001,73.872900390625],[-95.85000000000001,73.9],[-95.91,74.02000000000001],[-95.92238281249999,74.04707031250001],[-95.92953125,74.06828125000001],[-95.93144531249999,74.08363281250001],[-95.928125,74.09312500000001],[-95.904375,74.11937500000002],[-95.896015625,74.12570312500002],[-95.8828125,74.13156250000002],[-95.86476562499999,74.13695312500002],[-95.841875,74.14187500000001],[-95.740625,74.160625],[-95.712890625,74.165078125],[-95.6803125,74.1690625],[-95.642890625,74.172578125],[-95.600625,74.175625],[-95.421875,74.18687500000001],[-95.374765625,74.18945312500001],[-95.3228125,74.1915625],[-95.266015625,74.19320312500001],[-95.204375,74.19437500000001],[-94.94812499999999,74.198125],[-94.8551953125,74.19894531250002],[-94.70453125,74.19953125],[-94.4961328125,74.19988281250001],[-94.22999999999999,74.2],[-93.05,74.2],[-92.78376953125,74.2000390625],[-92.575078125,74.20015625],[-92.42392578125,74.2003515625],[-92.3303125,74.200625],[-92.07093750000001,74.201875],[-92.00832031250002,74.20226562500001],[-91.95015625000002,74.2028125],[-91.8964453125,74.203515625],[-91.8471875,74.204375],[-91.6590625,74.20812500000001],[-91.6142578125,74.209140625],[-91.57390625,74.2103125],[-91.5380078125,74.211640625],[-91.5065625,74.213125],[-91.38968750000001,74.21937500000001],[-91.36269531250001,74.22101562500002],[-91.34015625000002,74.2228125],[-91.32207031250002,74.224765625],[-91.30843750000001,74.226875],[-91.26281250000001,74.23562500000001],[-91.25158203125001,74.2387890625],[-91.24070312500001,74.24390625000001],[-91.23017578125001,74.2509765625],[-91.22,74.26],[-91.18,74.3],[-91.17095703125001,74.30902343749999],[-91.16382812500001,74.31609375],[-91.15861328125001,74.32121093749998],[-91.15531250000001,74.32437499999999],[-91.14593749999997,74.333125],[-91.14363281249997,74.335234375],[-91.14140624999999,74.3371875],[-91.13925781249998,74.338984375],[-91.13718749999998,74.34062499999999],[-91.1290625,74.346875],[-91.1270703125,74.348359375],[-91.12515625,74.3496875],[-91.1233203125,74.350859375],[-91.1215625,74.35187499999999],[-91.1146875,74.355625],[-91.1130078125,74.356484375],[-91.11140625000002,74.35718750000001],[-91.1098828125,74.357734375],[-91.10843750000001,74.358125],[-91.10281249999998,74.359375],[-91.10095703124999,74.35964843749998],[-91.09820312499998,74.35984375],[-91.09455078124999,74.3599609375],[-91.08999999999999,74.36],[-91.07,74.36],[-91.06547851562499,74.36000976562501],[-91.0619140625,74.3600390625],[-91.05930664062501,74.360087890625],[-91.05765625000001,74.36015624999999],[-91.05296875,74.36046875],[-91.05181640625001,74.36056640625],[-91.050703125,74.360703125],[-91.04962890625,74.36087890625001],[-91.04859375000001,74.36109375],[-91.04453124999998,74.36203125],[-91.04353515624997,74.36228515625],[-91.04257812499998,74.362578125],[-91.04166015624997,74.36291015625],[-91.04078124999998,74.36328125],[-91.03734374999999,74.36484374999999],[-91.03650390625,74.36525390624999],[-91.035703125,74.36570312499998],[-91.03494140625,74.36619140625],[-91.03421875000001,74.36671874999999],[-91.03140625,74.36890625000001],[-91.03047851562502,74.369697265625],[-91.02910156249999,74.3709765625],[-91.02727539062501,74.372744140625],[-91.025,74.375],[-91.01499999999999,74.385],[-91.01138671874997,74.387255859375],[-91.005546875,74.38902343750001],[-90.99748046874998,74.39030273437501],[-90.98718749999999,74.39109375000001],[-90.94156249999999,74.39328125],[-90.92746093749999,74.39380859375001],[-90.90796874999998,74.39429687500001],[-90.8830859375,74.39474609375],[-90.8528125,74.39515625000001],[-90.7209375,74.39671875],[-90.6852734375,74.39708984375001],[-90.64421875,74.397421875],[-90.59777343750001,74.39771484375001],[-90.54593750000001,74.39796875],[-90.3278125,74.39890625000001],[-90.27058593749999,74.39912109375001],[-90.20796874999999,74.399296875],[-90.1399609375,74.39943359374999],[-90.0665625,74.39953125],[-89.7621875,74.39984375],[-89.65216796874999,74.39991210937501],[-89.474296875,74.3999609375],[-89.22857421875,74.399990234375],[-88.91499999999999,74.4],[-87.525,74.4],[-87.211328125,74.3999609375],[-86.96531250000001,74.39984375],[-86.786953125,74.3996484375],[-86.67625000000001,74.399375],[-86.36874999999999,74.39812500000001],[-86.29437499999999,74.39773437500001],[-86.225,74.3971875],[-86.16062499999998,74.396484375],[-86.10125,74.39562500000001],[-85.87375,74.39187500000001],[-85.819375,74.390859375],[-85.76999999999998,74.38968750000002],[-85.725625,74.38835937500002],[-85.68625,74.38687500000002],[-85.53875,74.38062500000001],[-85.504375,74.37898437500002],[-85.475,74.37718750000002],[-85.45062499999999,74.37523437500002],[-85.43124999999999,74.37312500000002],[-85.36375000000001,74.36437500000001],[-85.34554687500001,74.3612109375],[-85.32468750000001,74.35609375000001],[-85.301171875,74.34902343750001],[-85.275,74.34],[-85.16499999999999,74.30000000000001],[-85.139072265625,74.2909765625],[-85.11628906249999,74.28390625],[-85.09665039062499,74.27878906250001],[-85.08015624999999,74.275625],[-85.02046874999999,74.266875],[-85.00353515625,74.26476562500001],[-84.982578125,74.2628125],[-84.95759765625,74.261015625],[-84.92859375,74.259375],[-84.80453125,74.253125],[-84.77150390625,74.251640625],[-84.734453125,74.2503125],[-84.69337890624999,74.249140625],[-84.64828125,74.248125],[-84.45984375,74.244375],[-84.41072265625,74.243515625],[-84.357578125,74.2428125],[-84.30041015625,74.24226562500002],[-84.23921874999999,74.24187500000001],[-83.98640624999999,74.24062500000001],[-83.89547851562499,74.24035156250001],[-83.74910156249999,74.24015625000001],[-83.54727539062499,74.24003906250002],[-83.28999999999999,74.24000000000001],[-82.15,74.24000000000001],[-81.892724609375,74.23996093750002],[-81.69089843750001,74.23984375],[-81.544521484375,74.23964843750001],[-81.45359375000001,74.23937500000001],[-81.20078125,74.23812500000001],[-81.13958984375,74.23773437500002],[-81.082421875,74.23718750000002],[-81.02927734375,74.236484375],[-80.98015625,74.23562500000001],[-80.79171875,74.231875],[-80.74662109375,74.23085937500001],[-80.705546875,74.22968750000001],[-80.66849609375,74.22835937500001],[-80.63546875,74.226875],[-80.51140625,74.220625],[-80.48240234375,74.218984375],[-80.457421875,74.2171875],[-80.43646484375,74.215234375],[-80.41953125,74.213125],[-80.35984375000001,74.204375],[-80.34334960937501,74.20121093750001],[-80.32371093750001,74.19609375],[-80.300927734375,74.18902343750001],[-80.275,74.18],[-80.16499999999999,74.14],[-80.140087890625,74.1309765625],[-80.12035156249999,74.12390625],[-80.10579101562499,74.1187890625],[-80.09640625,74.115625],[-80.06921875,74.106875],[-80.06244140625002,74.104765625],[-80.05570312500001,74.1028125],[-80.04900390625,74.101015625],[-80.04234375,74.099375],[-80.01578125,74.093125],[-80.00916015625,74.091640625],[-80.002578125,74.0903125],[-79.99603515625,74.089140625],[-79.98953125,74.088125],[-79.96359375,74.08437500000001],[-79.95712890625,74.08351562500002],[-79.950703125,74.08281250000002],[-79.94431640625001,74.082265625],[-79.93796875000001,74.08187500000001],[-79.91265625,74.080625],[-79.903994140625,74.0803515625],[-79.89066406250001,74.08015625],[-79.872666015625,74.0800390625],[-79.85,74.08],[-79.75,74.08],[-79.72739257812499,74.079951171875],[-79.70957031249999,74.0798046875],[-79.696533203125,74.079560546875],[-79.68828124999999,74.07921875],[-79.66484374999999,74.07765625],[-79.65908203125,74.07716796875],[-79.65351562499998,74.076484375],[-79.64814453124998,74.07560546875001],[-79.64296875,74.07453125],[-79.62265624999999,74.06984374999999],[-79.61767578124999,74.06857421875],[-79.612890625,74.067109375],[-79.60830078125,74.06544921874999],[-79.60390625,74.06359375],[-79.58671875,74.05578125],[-79.58251953125001,74.05373046874999],[-79.578515625,74.051484375],[-79.57470703125,74.04904296875],[-79.57109375,74.04640624999999],[-79.55703125,74.03546875],[-79.552392578125,74.03151367187502],[-79.54550781249999,74.0251171875],[-79.536376953125,74.016279296875],[-79.52499999999999,74.005],[-79.475,73.95499999999998],[-79.46291015624999,73.94372070312498],[-79.45164062499998,73.93488281249999],[-79.44119140624998,73.92848632812499],[-79.43156249999998,73.92453124999999],[-79.39468749999999,73.91359374999999],[-79.38394531249999,73.91095703124998],[-79.37015625,73.90851562499998],[-79.35332031249999,73.90626953124999],[-79.33343749999999,73.90421874999998],[-79.24781249999998,73.89640625],[-79.22488281249998,73.89455078125],[-79.19890624999998,73.892890625],[-79.16988281249999,73.89142578125],[-79.13781249999998,73.89015625],[-79.00343749999999,73.88546874999999],[-78.9683203125,73.88439453125],[-78.93015624999998,73.883515625],[-78.8889453125,73.88283203124999],[-78.84468749999999,73.88234374999999],[-78.66156249999999,73.88078125],[-78.59556640624999,73.880439453125],[-78.489140625,73.88019531249999],[-78.34228515625,73.880048828125],[-78.155,73.88],[-77.32499999999999,73.88],[-77.1375390625,73.879921875],[-76.99015625,73.87968749999999],[-76.8828515625,73.879296875],[-76.815625,73.87875],[-76.626875,73.87624999999998],[-76.580859375,73.87546874999998],[-76.53718749999999,73.87437499999999],[-76.495859375,73.87296874999998],[-76.456875,73.87124999999999],[-76.30562499999999,73.86375],[-76.26898437499999,73.86171875],[-76.23468749999999,73.859375],[-76.202734375,73.85671875],[-76.173125,73.85374999999999],[-76.05937499999999,73.84125],[-76.032109375,73.83796875],[-76.00718749999999,73.834375],[-75.98460937499999,73.83046875],[-75.96437499999999,73.82625],[-75.888125,73.80874999999999],[-75.86425781249999,73.802421875],[-75.83078125,73.7921875],[-75.7876953125,73.778046875],[-75.735,73.75999999999999],[-75.505,73.68],[-75.45308593749999,73.661953125],[-75.41234374999999,73.6478125],[-75.38277343749999,73.637578125],[-75.364375,73.63125],[-75.313125,73.61375],[-75.300703125,73.60953125],[-75.2890625,73.60562499999999],[-75.278203125,73.60203125],[-75.268125,73.59875],[-75.229375,73.58625],[-75.22007812500001,73.58328125000001],[-75.2115625,73.580625],[-75.203828125,73.57828125],[-75.196875,73.57625],[-75.170625,73.56875],[-75.164453125,73.56703125],[-75.1590625,73.565625],[-75.154453125,73.56453125],[-75.15062499999999,73.56375],[-75.136875,73.56125],[-75.13292968750001,73.560703125],[-75.12796875,73.56031250000001],[-75.1219921875,73.56007812499999],[-75.115,73.56],[-75.085,73.56],[-75.07822265624999,73.55999023437501],[-75.07289062499999,73.5599609375],[-75.06900390625,73.559912109375],[-75.06656249999999,73.55984375],[-75.0596875,73.55953125],[-75.0580078125,73.55943359375],[-75.05640625,73.559296875],[-75.0548828125,73.55912109375001],[-75.0534375,73.55890625],[-75.04781249999999,73.55796875],[-75.0464453125,73.55771484375],[-75.04515624999999,73.557421875],[-75.0439453125,73.55708984374999],[-75.0428125,73.55671875],[-75.03843749999999,73.55515625],[-75.0373828125,73.55474609375],[-75.03640625,73.55429687499999],[-75.03550781249999,73.55380859375],[-75.03468749999999,73.55328125],[-75.0315625,73.55109374999999],[-75.03056640625002,73.550302734375],[-75.029140625,73.54902343749998],[-75.02728515625,73.54725585937499],[-75.025,73.54499999999999],[-75.01499999999999,73.535],[-75.01269531249999,73.53273437499999],[-75.01078125,73.5309375],[-75.00925781249998,73.529609375],[-75.00812499999999,73.52875],[-75.004375,73.52625],[-75.003359375,73.525625],[-75.00218749999999,73.52499999999999],[-75.000859375,73.52437499999999],[-74.999375,73.52374999999999],[-74.99312499999999,73.52125],[-74.99148437499998,73.520625],[-74.9896875,73.52],[-74.987734375,73.519375],[-74.985625,73.51875],[-74.97687499999999,73.51625],[-74.974609375,73.515625],[-74.9721875,73.515],[-74.969609375,73.514375],[-74.966875,73.51375],[-74.955625,73.51125],[-74.9516015625,73.51039062500001],[-74.94515625,73.5090625],[-74.93628906250001,73.507265625],[-74.92500000000001,73.50500000000001],[-74.875,73.49499999999999],[-74.863701171875,73.492724609375],[-74.85480468749999,73.4908984375],[-74.84831054687498,73.48952148437499],[-74.84421875,73.48859374999999],[-74.83265624999999,73.48578125],[-74.82982421874999,73.48505859375],[-74.82710937499999,73.484296875],[-74.82451171874999,73.48349609374999],[-74.82203125,73.48265624999999],[-74.81234375,73.47921875],[-74.80998046874998,73.47833984375],[-74.807734375,73.477421875],[-74.80560546875,73.47646484375],[-74.80359375,73.47546875],[-74.79578125,73.47140625],[-74.79388671875002,73.47037109375],[-74.792109375,73.46929687500001],[-74.79044921875,73.46818359375001],[-74.78890625,73.46703125000002],[-74.78296875000001,73.46234375],[-74.78104492187501,73.460693359375],[-74.7782421875,73.4580859375],[-74.774560546875,73.45452148437501],[-74.77,73.45],[-74.75,73.43],[-74.7453125,73.42548828125001],[-74.74125,73.421953125],[-74.73781249999999,73.41939453124999],[-74.73499999999999,73.4178125],[-74.725,73.41343750000001],[-74.7221875,73.41238281250001],[-74.71875,73.41140625000001],[-74.7146875,73.41050781250001],[-74.71000000000001,73.40968750000002],[-74.69,73.4065625],[-74.6846875,73.40582031250001],[-74.67875000000001,73.40515625],[-74.6721875,73.4045703125],[-74.665,73.40406250000001],[-74.63499999999999,73.4021875],[-74.62718749999999,73.4017578125],[-74.61874999999999,73.40140625000001],[-74.60968749999999,73.40113281250001],[-74.6,73.4009375],[-74.55999999999999,73.40031250000001],[-74.54562499999999,73.40017578125001],[-74.5225,73.40007812500001],[-74.490625,73.40001953125],[-74.44999999999999,73.4],[-74.27000000000001,73.4],[-74.22917968750002,73.39978515625],[-74.19671875,73.399140625],[-74.17261718750001,73.39806640625],[-74.15687500000001,73.3965625],[-74.110625,73.38968750000001],[-74.09898437500001,73.3875390625],[-74.0871875,73.38453125000001],[-74.07523437500001,73.38066406249999],[-74.06312500000001,73.37593749999999],[-74.014375,73.3553125],[-74.002109375,73.3497265625],[-73.9896875,73.34328124999999],[-73.977109375,73.3359765625],[-73.964375,73.3278125],[-73.91312500000001,73.29343750000001],[-73.90023437500001,73.2844140625],[-73.88718750000001,73.27453125000001],[-73.873984375,73.2637890625],[-73.860625,73.2521875],[-73.806875,73.2040625],[-73.7882421875,73.18666015625],[-73.75921875,73.158515625],[-73.7198046875,73.11962890625],[-73.67,73.07000000000001],[-73.45,72.85000000000001],[-73.399375,72.80037109375002],[-73.3575,72.76148437500001],[-73.324375,72.73333984375],[-73.30000000000001,72.71593750000001],[-73.22,72.66781250000001],[-73.1984375,72.65621093750002],[-73.17375000000001,72.64546875000002],[-73.1459375,72.63558593750001],[-73.11500000000001,72.6265625],[-72.985,72.59218750000001],[-72.9509375,72.58402343750001],[-72.91375,72.57671875],[-72.8734375,72.5702734375],[-72.83,72.5646875],[-72.65,72.5440625],[-72.6034375,72.5393359375],[-72.55375000000001,72.53546874999999],[-72.50093749999999,72.53246093749999],[-72.445,72.5303125],[-72.215,72.5234375],[-72.1328125,72.52193359374999],[-72.00125,72.520859375],[-71.8203125,72.52021484375],[-71.59,72.52],[-70.57,72.52],[-70.33905273437499,72.519169921875],[-70.15621093749999,72.5166796875],[-70.021474609375,72.512529296875],[-69.93484375,72.50671875],[-69.68453125,72.48015625],[-69.62224609375,72.47185546875],[-69.560546875,72.460234375],[-69.49943359375,72.44529296875],[-69.43890625,72.42703125],[-69.19796874999999,72.34734375000001],[-69.13802734374998,72.32576171875002],[-69.07867187499998,72.300859375],[-69.01990234374999,72.27263671875001],[-68.96171874999999,72.24109375],[-68.73015625,72.10828125],[-68.67255859374998,72.07341796875001],[-68.61554687499999,72.035234375],[-68.55912109375,71.99373046875002],[-68.50328124999999,71.94890625000001],[-68.28109375,71.76296875],[-68.20530273437498,71.695732421875],[-68.08902343749999,71.5869921875],[-67.93225585937499,71.43674804687501],[-67.73499999999999,71.245],[-66.86500000000001,70.395],[-66.6683984375,70.203251953125],[-66.51359375000001,70.0530078125],[-66.40058593750001,69.944267578125],[-66.329375,69.87703125],[-66.12812500000001,69.69109375000001],[-66.078828125,69.64626953125001],[-66.0315625,69.604765625],[-65.986328125,69.56658203125001],[-65.94312500000001,69.53171875000001],[-65.77437499999999,69.39890625000001],[-65.73320312499999,69.36736328125001],[-65.6940625,69.33914062500001],[-65.656953125,69.31423828125001],[-65.621875,69.29265625000001],[-65.485625,69.21296875],[-65.452578125,69.19470703124999],[-65.4215625,69.179765625],[-65.392578125,69.16814453125],[-65.365625,69.15984375],[-65.261875,69.13328125000001],[-65.22824218750002,69.127470703125],[-65.17921875,69.1233203125],[-65.1148046875,69.12083007812501],[-65.035,69.12],[-64.685,69.12],[-64.60600585937499,69.11998046875001],[-64.54402343749999,69.119921875],[-64.499052734375,69.11982421875001],[-64.47109375,69.1196875],[-64.39328125,69.11906250000001],[-64.37443359375,69.1188671875],[-64.356796875,69.11859375],[-64.34037109375001,69.11824218750002],[-64.32515625,69.11781250000001],[-64.26671875,69.1159375],[-64.25271484375,69.1154296875],[-64.239921875,69.11484375],[-64.22833984374999,69.11417968750001],[-64.21796875,69.1134375],[-64.17890625,69.1103125],[-64.16974609374999,69.1094921875],[-64.161796875,69.10859375],[-64.15505859375,69.1076171875],[-64.14953125,69.1065625],[-64.12984375,69.1021875],[-64.124287109375,69.10060546874999],[-64.1174609375,69.098046875],[-64.109365234375,69.09451171875],[-64.1,69.09],[-64.06,69.07],[-64.0508984375,69.06546874999998],[-64.04359375,69.061875],[-64.0380859375,69.05921875],[-64.034375,69.0575],[-64.023125,69.0525],[-64.020234375,69.05125],[-64.0171875,69.04999999999998],[-64.013984375,69.04874999999998],[-64.010625,69.04749999999999],[-63.99687499999999,69.04249999999999],[-63.99335937499999,69.04124999999999],[-63.98968749999999,69.03999999999999],[-63.98585937499999,69.03875],[-63.98187499999999,69.0375],[-63.965625,69.0325],[-63.961484375000005,69.03125],[-63.9571875,69.03],[-63.952734375000006,69.02875],[-63.948125000000005,69.0275],[-63.92937499999999,69.02250000000001],[-63.92277343749999,69.02078125000001],[-63.91234375,69.018125],[-63.8980859375,69.01453125],[-63.879999999999995,69.01],[-63.8,68.99],[-63.78192382812499,68.98546875],[-63.767695312499995,68.981875],[-63.75731445312499,68.97921875],[-63.75078124999999,68.9775],[-63.73234374999999,68.97250000000001],[-63.727832031249996,68.97125000000001],[-63.72351562499999,68.97],[-63.71939453124999,68.96875],[-63.71546874999999,68.9675],[-63.70015624999999,68.9625],[-63.69642578124999,68.96125],[-63.69289062499999,68.96000000000001],[-63.68955078124999,68.95875000000001],[-63.68640624999999,68.95750000000001],[-63.674218749999994,68.95250000000001],[-63.67126953125,68.95125],[-63.66851562499999,68.95],[-63.665957031249995,68.94875],[-63.66359374999999,68.9475],[-63.65453124999999,68.9425],[-63.65161132812499,68.94078125],[-63.64738281249999,68.938125],[-63.641845703125,68.93453125],[-63.635,68.93],[-63.605000000000004,68.91],[-63.598066406250005,68.905439453125],[-63.59226562500001,68.9017578125],[-63.58759765625,68.898955078125],[-63.5840625,68.89703125],[-63.572187500000005,68.89109375000001],[-63.568945312500006,68.88955078125],[-63.56515625,68.88789062500001],[-63.5608203125,68.88611328125],[-63.555937500000006,68.88421875],[-63.5353125,68.87640625],[-63.529882812500006,68.87439453125],[-63.52390625,68.87226562500001],[-63.5173828125,68.87001953125001],[-63.510312500000005,68.86765625000001],[-63.4809375,68.85796875],[-63.47332031250001,68.85548828125],[-63.46515625000001,68.852890625],[-63.4564453125,68.85017578125002],[-63.4471875,68.84734375000001],[-63.409062500000005,68.83578125],[-63.39541015625001,68.83168945312501],[-63.373515625,68.8251953125],[-63.34337890625001,68.81629882812501],[-63.30500000000001,68.805],[-63.13499999999999,68.755],[-63.09662109374999,68.743701171875],[-63.066484374999995,68.7348046875],[-63.04458984374999,68.72831054687501],[-63.03093749999999,68.72421875],[-62.9928125,68.71265625000001],[-62.983554687499996,68.70982421875001],[-62.97484375,68.70710937500002],[-62.9666796875,68.70451171875001],[-62.959062499999995,68.70203125],[-62.9296875,68.69234375],[-62.9226171875,68.68998046875001],[-62.916093749999995,68.687734375],[-62.9101171875,68.68560546875],[-62.9046875,68.68359375],[-62.8840625,68.67578125],[-62.879179687500006,68.67388671875],[-62.87484375,68.67210937499999],[-62.8710546875,68.67044921875],[-62.8678125,68.66890624999999],[-62.855937499999996,68.66296875],[-62.85240234375,68.661044921875],[-62.84773437499999,68.65824218750001],[-62.84193359375,68.654560546875],[-62.834999999999994,68.65],[-62.80499999999999,68.63],[-62.79809570312499,68.62544921874999],[-62.792382812499994,68.621796875],[-62.787861328125,68.61904296875],[-62.78453124999999,68.6171875],[-62.77359374999999,68.6115625],[-62.770644531249985,68.61011718750001],[-62.76726562499999,68.60859375000001],[-62.763457031249985,68.6069921875],[-62.75921874999999,68.6053125],[-62.74140624999999,68.5984375],[-62.736738281249984,68.5966796875],[-62.73164062499998,68.59484375],[-62.72611328124999,68.5929296875],[-62.72015624999999,68.5909375],[-62.69546874999999,68.58281249999999],[-62.68908203124999,68.58074218750001],[-62.682265624999985,68.57859375],[-62.67501953124999,68.5763671875],[-62.667343749999986,68.5740625],[-62.63578124999999,68.5646875],[-62.624501953124984,68.56138671875],[-62.606445312499986,68.55617187499999],[-62.58161132812499,68.54904296875],[-62.54999999999999,68.53999999999999],[-62.41,68.5],[-62.378388671875,68.49095703124999],[-62.3535546875,68.483828125],[-62.335498046875,68.47861328124999],[-62.32421875,68.4753125],[-62.29265625,68.4659375],[-62.28498046875,68.4636328125],[-62.277734375,68.46140625000001],[-62.27091796875,68.4592578125],[-62.264531250000005,68.4571875],[-62.239843750000006,68.4490625],[-62.23388671875,68.44707031249999],[-62.228359375000004,68.44515625],[-62.22326171875,68.44332031249999],[-62.218593750000004,68.4415625],[-62.200781250000006,68.4346875],[-62.19654296875,68.4330078125],[-62.192734375,68.43140625000001],[-62.18935546875,68.4298828125],[-62.186406250000005,68.4284375],[-62.17546875,68.42281249999999],[-62.172138671875,68.42095703125],[-62.1676171875,68.41820312499999],[-62.161904296874994,68.41455078125],[-62.155,68.41],[-62.125,68.39],[-62.118066406249994,68.385439453125],[-62.112265625,68.38175781249998],[-62.10759765625,68.37895507812499],[-62.1040625,68.37703124999999],[-62.092187499999994,68.37109375],[-62.0889453125,68.36955078125],[-62.08515625,68.367890625],[-62.080820312499995,68.36611328125],[-62.075937499999995,68.36421874999999],[-62.0553125,68.35640624999999],[-62.0498828125,68.35439453125],[-62.04390624999999,68.352265625],[-62.0373828125,68.35001953125],[-62.030312499999994,68.34765625],[-62.0009375,68.33796874999999],[-61.9933203125,68.33548828125],[-61.985156249999996,68.33289062499999],[-61.976445312500005,68.33017578124999],[-61.9671875,68.32734375],[-61.9290625,68.31578125],[-61.915410156250005,68.311689453125],[-61.89351562499999,68.30519531249999],[-61.86337890624999,68.296298828125],[-61.824999999999996,68.285],[-61.654999999999994,68.235],[-61.61662109375,68.223701171875],[-61.586484375,68.21480468749999],[-61.56458984374999,68.208310546875],[-61.55093749999999,68.20421875],[-61.512812499999995,68.19265625],[-61.5035546875,68.18982421875],[-61.494843749999994,68.187109375],[-61.4866796875,68.18451171875],[-61.4790625,68.18203125],[-61.449687499999996,68.17234375],[-61.4426171875,68.16998046875],[-61.43609375,68.16773437499998],[-61.43011718749999,68.16560546874999],[-61.42468749999999,68.16359374999999],[-61.404062499999995,68.15578124999999],[-61.399179687499995,68.15388671874999],[-61.39484374999999,68.152109375],[-61.391054687499995,68.15044921875],[-61.387812499999995,68.14890625],[-61.37593749999999,68.14296875],[-61.37240234375,68.141044921875],[-61.36773437499999,68.1382421875],[-61.361933593749995,68.13456054687501],[-61.355,68.13],[-61.325,68.11],[-61.318173828125005,68.105478515625],[-61.3126953125,68.1019140625],[-61.308564453125,68.099306640625],[-61.30578125,68.09765625],[-61.29734375,68.09296875000001],[-61.29517578125,68.09181640625],[-61.292890625000005,68.090703125],[-61.290488281250006,68.08962890625],[-61.287968750000005,68.08859375],[-61.27765625,68.08453125],[-61.27501953125,68.08353515625001],[-61.272265625,68.082578125],[-61.26939453125,68.08166015625],[-61.26640625,68.08078125],[-61.25421875,68.07734375],[-61.25111328125,68.07650390625],[-61.247890625000004,68.075703125],[-61.24455078125,68.07494140625],[-61.24109375,68.07421875],[-61.227031249999996,68.07140625],[-61.222080078125,68.070478515625],[-61.214257812499994,68.0691015625],[-61.203564453125,68.067275390625],[-61.19,68.065],[-61.129999999999995,68.05499999999999],[-61.11529296875,68.05157226562498],[-61.10117187499999,68.0462890625],[-61.08763671874999,68.039150390625],[-61.074687499999996,68.03015624999999],[-61.02406249999999,67.99046874999999],[-61.00917968749999,67.97822265624998],[-60.98984374999999,67.961328125],[-60.96605468749999,67.93978515625],[-60.93781249999999,67.91359374999999],[-60.8159375,67.79953124999999],[-60.783242187499994,67.76869140624999],[-60.74609374999999,67.73320312499999],[-60.704492187499994,67.69306640624998],[-60.65843749999999,67.64828125],[-60.465312499999996,67.45984374999999],[-60.414804687499995,67.41041015625],[-60.359843749999996,67.356328125],[-60.30042968749999,67.29759765624999],[-60.23656249999999,67.23421875],[-59.97218749999999,66.97140625],[-59.876855468749994,66.876416015625],[-59.723046874999994,66.7228515625],[-59.51076171875,66.510712890625],[-59.239999999999995,66.24],[-58.03999999999999,65.03999999999999],[-57.769140624999984,64.769296875],[-57.556562499999984,64.5571875],[-57.40226562499999,64.403671875],[-57.30624999999999,64.30875],[-57.03874999999999,64.04625],[-56.97390624999999,63.98296875],[-56.913124999999994,63.92437500000001],[-56.85640624999999,63.87046875],[-56.803749999999994,63.821250000000006],[-56.60124999999999,63.633750000000006],[-56.55265624999999,63.58921875],[-56.50812499999999,63.549375],[-56.46765624999999,63.51421875],[-56.43124999999999,63.48375],[-56.293749999999996,63.37125],[-56.26140624999999,63.34546875],[-56.233124999999994,63.324375],[-56.20890624999999,63.30796875],[-56.18874999999999,63.29625],[-56.116249999999994,63.25875],[-56.09539062499999,63.250546875],[-56.069062499999994,63.244687500000005],[-56.03726562499999,63.241171875],[-55.99999999999999,63.24],[-55.83999999999999,63.24],[-55.80387695312499,63.23998046874999],[-55.77550781249999,63.239921875],[-55.75489257812499,63.23982421875],[-55.74203124999999,63.2396875],[-55.70609374999999,63.2390625],[-55.697363281249984,63.238867187500006],[-55.689140624999986,63.23859375000001],[-55.681425781249985,63.238242187500006],[-55.67421874999999,63.237812500000004],[-55.64640624999999,63.23593749999999],[-55.63970703124999,63.235429687499995],[-55.63351562499999,63.234843749999996],[-55.627832031249994,63.234179687499996],[-55.62265624999999,63.233437499999994],[-55.602968749999995,63.23031250000001],[-55.59830078124999,63.22949218750001],[-55.594140624999994,63.22859375],[-55.590488281249996,63.227617187500016],[-55.587343749999995,63.22656250000001],[-55.57578124999999,63.222187500000004],[-55.57231445312499,63.22060546875001],[-55.56769531249999,63.218046875000006],[-55.56192382812499,63.21451171875],[-55.55499999999999,63.21],[-55.525,63.19],[-55.518125,63.185458984374996],[-55.512499999999996,63.181835937500004],[-55.508125,63.179130859375],[-55.505,63.17734375],[-55.495,63.172031249999996],[-55.492343749999996,63.17068359374999],[-55.489374999999995,63.16929687499999],[-55.48609375,63.167871093749994],[-55.4825,63.166406249999994],[-55.4675,63.16046875],[-55.46359375,63.158964843750006],[-55.459374999999994,63.157421875],[-55.454843749999995,63.15583984375],[-55.45,63.15421875],[-55.43,63.14765625],[-55.42484375,63.14599609374999],[-55.419375,63.144296875],[-55.413593750000004,63.142558593749996],[-55.4075,63.140781249999996],[-55.38249999999999,63.133593749999996],[-55.37359375,63.131083984374996],[-55.359375,63.1271484375],[-55.33984375,63.12178710937499],[-55.315,63.114999999999995],[-55.205,63.085],[-55.17981445312499,63.077861328124996],[-55.1592578125,63.0714453125],[-55.143330078125,63.065751953125],[-55.13203125,63.060781250000005],[-55.096093749999994,63.04234375],[-55.08658203124999,63.03705078125],[-55.07601562499999,63.030390625],[-55.06439453124999,63.02236328125],[-55.05171874999999,63.01296875],[-54.99890624999999,62.97265625],[-54.98517578124999,62.96189453125],[-54.97039062499999,62.949765625],[-54.95455078124999,62.936269531250005],[-54.93765624999999,62.921406250000004],[-54.867968749999996,62.85921875],[-54.85001953125,62.842988281249994],[-54.83101562499999,62.825390625],[-54.81095703125,62.80642578125],[-54.789843749999996,62.78609375],[-54.703281249999996,62.70203125],[-54.672470703125,62.671767578125],[-54.6233203125,62.6230078125],[-54.555830078125,62.555751953125],[-54.47,62.47],[-54.089999999999996,62.089999999999996],[-54.00379882812499,62.00427734375],[-53.9351953125,61.93710937499999],[-53.884189453124996,61.88849609374999],[-53.85078125,61.858437499999994],[-53.75234375,61.775312500000005],[-53.72751953125,61.7552734375],[-53.702265624999995,61.73671875000001],[-53.67658203125001,61.7196484375],[-53.65046875,61.704062500000006],[-53.54515625,61.64468749999999],[-53.51861328125,61.630585937499994],[-53.491640625,61.617968749999996],[-53.46423828125,61.606835937499994],[-53.43640625,61.59718749999999],[-53.32421875,61.561562499999994],[-53.29595703125,61.55339843749999],[-53.267265625,61.54671875],[-53.23814453125,61.5415234375],[-53.20859375,61.5378125],[-53.08953125,61.5259375],[-53.048173828124995,61.52333984375],[-52.9836328125,61.521484375],[-52.895908203124996,61.52037109375],[-52.785,61.519999999999996],[-52.294999999999995,61.519999999999996],[-52.1841015625,61.519638671875],[-52.096406249999994,61.5185546875],[-52.03191406249999,61.516748046875],[-51.990624999999994,61.51421875],[-51.871875,61.50265625],[-51.842421875,61.499042968750004],[-51.8134375,61.493984375000004],[-51.784921874999995,61.48748046875],[-51.756875,61.47953125],[-51.645625,61.44484375],[-51.618046875000005,61.43544921875],[-51.5909375,61.424609375],[-51.564296875,61.41232421875],[-51.538125,61.39859375],[-51.434375,61.340781250000006],[-51.408671875,61.325605468750005],[-51.3834375,61.308984375],[-51.358671875,61.29091796875001],[-51.334375,61.271406250000005],[-51.238125,61.190468749999994],[-51.205507812499995,61.161201171875],[-51.15578125,61.1138671875],[-51.088945312499995,61.04846679687499],[-51.004999999999995,60.964999999999996],[-50.635000000000005,60.595],[-50.55151367187501,60.5115234375],[-50.48605468750001,60.446093749999996],[-50.43862304687501,60.3987109375],[-50.40921875000001,60.369375],[-50.32765624999999,60.288124999999994],[-50.30794921874999,60.268515625],[-50.289609375,60.25031249999999],[-50.27263671874999,60.233515624999995],[-50.25703125,60.21812499999999],[-50.19734375,60.159375000000004],[-50.18310546875001,60.145390625000005],[-50.170234375,60.1328125],[-50.15873046875001,60.121640625000005],[-50.14859375,60.111875000000005],[-50.11078125,60.075624999999995],[-50.10201171875,60.067265625],[-50.094609375000005,60.060312499999995],[-50.08857421875,60.054765624999995],[-50.08390625,60.050625],[-50.067968750000006,60.036875],[-50.063544921875,60.0333984375],[-50.0582421875,60.029843750000005],[-50.052060546875,60.0262109375],[-50.045,60.0225],[-50.0,60.0]]}},{"type":"Feature","properties":{"id":"nwp-prince-wales","name":"Northwest Passage \u00b7 Prince of Wales","category":"passage","status":"Documented passage \u00b7 ice constrained","summary":"Northern passage variant (1) using Viscount Melville Sound and Prince of Wales Strait. A mapped corridor, not a year-round trade lane.","cargo":"Atlantic\u2013Pacific transit corridor.","season":"Ice conditions may prevent a complete transit in a given season.","waypoints":["Beaufort Sea","Amundsen Gulf","Prince of Wales Strait","Viscount Melville Sound","Barrow Strait","Lancaster Sound","Baffin Bay"],"constraints":["Multi-year ice can affect northern channels.","Narrow strait and limited support infrastructure."],"sources":[{"title":"DRDC Canadian Arctic shipping routes \u00b7 Table 2-2 (2013)","url":"https://publications.gc.ca/collections/collection_2016/rddc-drdc/D68-3-065-2013-eng.pdf"},{"title":"Northwest Passage transit records \u00b7 through 2025","url":"https://thenorthwestpassage.info/transit-statistics"}],"geometry_method":"Hand-placed schematic waypoints; not AIS tracks, official corridor boundaries or a navigational chart. Sea segments follow an approximate land mask, with rounded display corners where the coast allows; no depth or ice routing is performed."},"geometry":{"type":"LineString","coordinates":[[-168.52,66.0],[-167.5525,66.9675],[-167.408466796875,67.11169921875],[-167.2988671875,67.221796875],[-167.223701171875,67.29779296875],[-167.18296875000001,67.3396875],[-167.08890625000004,67.4390625],[-167.06623046875004,67.4633984375],[-167.04523437500004,67.48671875],[-167.02591796875004,67.5090234375],[-167.00828125000004,67.53031250000001],[-166.94109375000002,67.6134375],[-166.92513671875003,67.6337109375],[-166.91085937500003,67.65296875],[-166.89826171875,67.67121093749999],[-166.88734375,67.68843749999999],[-166.84703125000004,67.7553125],[-166.83779296875002,67.7715234375],[-166.83023437500003,67.78671874999999],[-166.82435546875,67.8008984375],[-166.82015625000003,67.81406249999999],[-166.80671875000002,67.8646875],[-166.80377929687504,67.88373046875],[-166.8016796875,67.915546875],[-166.800419921875,67.96013671875001],[-166.8,68.01750000000001],[-166.8,68.4],[-166.3725,68.8275],[-166.30867187500002,68.891201171875],[-166.2596875,68.9398046875],[-166.22554687500002,68.973310546875],[-166.20625,68.99171875],[-166.15875000000003,69.03515625],[-166.14687500000002,69.04576171875],[-166.13500000000002,69.05585937500001],[-166.12312500000002,69.06544921875002],[-166.11125,69.07453125],[-166.06375,69.10984375],[-166.05187500000002,69.11841796875],[-166.04,69.12648437499999],[-166.02812500000002,69.13404296875],[-166.01625,69.14109375],[-165.96875,69.16828124999999],[-165.956875,69.17482421874999],[-165.945,69.180859375],[-165.933125,69.18638671875],[-165.92125,69.19140625],[-165.87374999999997,69.21046874999999],[-165.857421875,69.21651367187499],[-165.83218749999997,69.22511718749999],[-165.798046875,69.236279296875],[-165.755,69.25],[-165.565,69.31],[-165.52210937499999,69.32355468749999],[-165.4884375,69.33421875],[-165.463984375,69.34199218750001],[-165.44875,69.34687500000001],[-165.40625,69.360625],[-165.3959375,69.363984375],[-165.38625,69.3671875],[-165.3771875,69.370234375],[-165.36874999999998,69.373125],[-165.33625,69.384375],[-165.3284375,69.38710937500001],[-165.32125,69.38968750000001],[-165.3146875,69.39210937499999],[-165.30875,69.394375],[-165.28625,69.403125],[-165.28093750000002,69.405234375],[-165.27625,69.40718749999999],[-165.27218750000003,69.40898437499999],[-165.26875,69.410625],[-165.25625,69.416875],[-165.25257812499999,69.4188671875],[-165.2478125,69.42171875],[-165.241953125,69.42542968750001],[-165.235,69.43],[-165.20499999999998,69.45],[-165.19818359374997,69.45452148437501],[-165.192734375,69.4580859375],[-165.18865234375,69.460693359375],[-165.1859375,69.46234375],[-165.17781250000002,69.46703124999999],[-165.17574218750002,69.46818359375],[-165.17359375,69.469296875],[-165.1713671875,69.47037109375],[-165.1690625,69.47140625],[-165.15968750000002,69.47546875],[-165.15730468750002,69.47646484375001],[-165.15484375,69.477421875],[-165.15230468750002,69.47833984375],[-165.14968750000003,69.47921875],[-165.13906250000002,69.48265625],[-165.1363671875,69.48349609375],[-165.13359375000002,69.484296875],[-165.1307421875,69.48505859375],[-165.1278125,69.48578125],[-165.11593750000003,69.48859374999999],[-165.11177734375002,69.48952148437499],[-165.105234375,69.4908984375],[-165.09630859375,69.49272460937499],[-165.085,69.49499999999999],[-165.035,69.50500000000001],[-165.02341796875,69.50755859375],[-165.013671875,69.51023437500001],[-165.00576171875,69.51302734375001],[-164.9996875,69.5159375],[-164.9790625,69.5278125],[-164.9733984375,69.5313671875],[-164.96671874999998,69.53609374999999],[-164.9590234375,69.5419921875],[-164.9503125,69.54906249999999],[-164.91343750000001,69.5796875],[-164.90371093750002,69.58792968750001],[-164.89296875000002,69.59734375],[-164.88121093750004,69.6079296875],[-164.86843750000003,69.6196875],[-164.8153125,69.6690625],[-164.8015234375,69.6819921875],[-164.78671875,69.69609374999999],[-164.7708984375,69.7113671875],[-164.7540625,69.7278125],[-164.6846875,69.79593750000001],[-164.65982421875,69.82052734375],[-164.619921875,69.860234375],[-164.56498046875,69.91505859375],[-164.495,69.985],[-164.185,70.295],[-164.114150390625,70.364931640625],[-164.05660156250002,70.4197265625],[-164.01235351562502,70.459384765625],[-163.98140625000002,70.48390625],[-163.88421875,70.55171875],[-163.85869140625,70.56806640625001],[-163.830703125,70.58320312500001],[-163.80025390625002,70.59712890625],[-163.76734375,70.60984375000001],[-163.63078125,70.65828125],[-163.59541015625,70.66978515625],[-163.55757812500002,70.68007812500001],[-163.51728515624998,70.68916015625001],[-163.47453124999998,70.69703125000001],[-163.29859375,70.72609375],[-163.25337890625,70.73275390625001],[-163.205703125,70.738203125],[-163.15556640625,70.74244140625001],[-163.10296875,70.74546875],[-162.88765625000002,70.75515625000001],[-162.811181640625,70.75727539062501],[-162.68941406250002,70.7587890625],[-162.522353515625,70.75969726562501],[-162.31,70.76],[-161.37,70.76],[-161.157861328125,70.7600390625],[-160.9914453125,70.76015625000001],[-160.870751953125,70.7603515625],[-160.79578125,70.760625],[-160.58734375,70.761875],[-160.53689453125003,70.76226562500001],[-160.48976562500002,70.7628125],[-160.44595703125,70.763515625],[-160.40546875,70.764375],[-160.25015625,70.76812500000001],[-160.21298828125,70.769140625],[-160.179140625,70.7703125],[-160.14861328125,70.771640625],[-160.12140625,70.77312500000001],[-160.01921875,70.779375],[-159.99533203124997,70.781015625],[-159.97476562499997,70.7828125],[-159.95751953125,70.784765625],[-159.94359375,70.78687500000001],[-159.89453125,70.795625],[-159.880986328125,70.7987890625],[-159.8648828125,70.80390625000001],[-159.846220703125,70.8109765625],[-159.825,70.82000000000001],[-159.735,70.86],[-159.71447265625,70.869091796875],[-159.697890625,70.8763671875],[-159.68525390625,70.88182617187499],[-159.6765625,70.88546875],[-159.64968749999997,70.89640625],[-159.64269531249997,70.89919921875],[-159.63515624999997,70.90210937500001],[-159.6270703125,70.90513671875],[-159.61843749999997,70.90828125],[-159.5828125,70.92109375],[-159.5736328125,70.92435546875],[-159.56390625,70.927734375],[-159.55363281249998,70.93123046875],[-159.5428125,70.93484375],[-159.4984375,70.94953124999999],[-159.48707031249998,70.95326171875],[-159.47515625,70.957109375],[-159.4626953125,70.96107421874999],[-159.44968749999998,70.96515624999999],[-159.39656250000002,70.98171875],[-159.37775390625,70.98752929687501],[-159.347890625,70.99667968749999],[-159.30697265625003,71.00916992187499],[-159.255,71.02499999999999],[-159.025,71.09500000000001],[-158.97308593750003,71.11081054687502],[-158.93234375,71.12324218750001],[-158.9027734375,71.13229492187502],[-158.884375,71.13796875000001],[-158.833125,71.15390625],[-158.82070312500002,71.15779296875],[-158.8090625,71.16148437500001],[-158.798203125,71.16498046875],[-158.788125,71.16828125],[-158.749375,71.18109375],[-158.74007812499997,71.18419921875],[-158.7315625,71.187109375],[-158.723828125,71.18982421874999],[-158.716875,71.19234374999999],[-158.690625,71.20203125],[-158.68445312500003,71.20435546875],[-158.67906250000001,71.206484375],[-158.674453125,71.20841796875],[-158.670625,71.21015625],[-158.656875,71.21671875],[-158.65292968750003,71.218779296875],[-158.64796875000002,71.2216796875],[-158.64199218750002,71.225419921875],[-158.63500000000002,71.23],[-158.605,71.25],[-158.59803710937499,71.2545703125],[-158.5921484375,71.25828125000001],[-158.587333984375,71.2611328125],[-158.58359375,71.263125],[-158.57078125,71.269375],[-158.56724609375,71.27101562499999],[-158.56304687500003,71.27281249999999],[-158.55818359375002,71.27476562499999],[-158.55265625,71.27687499999999],[-158.52921875,71.285625],[-158.52302734375,71.28789062499999],[-158.516171875,71.2903125],[-158.50865234375,71.292890625],[-158.50046875,71.295625],[-158.46640625000003,71.30687499999999],[-158.45755859375004,71.309765625],[-158.44804687500005,71.3128125],[-158.43787109375003,71.316015625],[-158.42703125000003,71.31937500000001],[-158.38234375000002,71.333125],[-158.36631835937504,71.3380078125],[-158.3405859375,71.34578125],[-158.305146484375,71.3564453125],[-158.26,71.37],[-158.06,71.43],[-158.014794921875,71.44357421875],[-157.9791796875,71.45429687500001],[-157.95315429687497,71.46216796875001],[-157.93671874999998,71.46718750000001],[-157.89015625,71.48156250000001],[-157.87873046874998,71.48511718750001],[-157.867734375,71.48859375],[-157.85716796875,71.4919921875],[-157.84703125,71.49531250000001],[-157.80734374999997,71.50843750000001],[-157.79763671875,71.5116796875],[-157.78835937499997,71.51484375000001],[-157.77951171874997,71.5179296875],[-157.77109374999998,71.5209375],[-157.73828125,71.53281249999999],[-157.73029296875,71.5357421875],[-157.72273437500002,71.53859374999999],[-157.71560546875003,71.54136718749999],[-157.70890625,71.5440625],[-157.68296875,71.5546875],[-157.67448242187498,71.55826171875],[-157.6619921875,71.563671875],[-157.645498046875,71.57091796875],[-157.625,71.58],[-157.535,71.62],[-157.5146484375,71.629033203125],[-157.49859375,71.6361328125],[-157.48683593750002,71.641298828125],[-157.479375,71.64453125],[-157.45812500000002,71.65359375000001],[-157.45289062500004,71.65580078125002],[-157.44781250000003,71.65789062500002],[-157.44289062500002,71.65986328125001],[-157.438125,71.66171875],[-157.41937500000003,71.66890624999999],[-157.41476562500003,71.67064453125],[-157.41031250000003,71.672265625],[-157.406015625,71.67376953125],[-157.40187500000002,71.67515625],[-157.385625,71.68046875],[-157.381640625,71.68173828125],[-157.3778125,71.682890625],[-157.374140625,71.68392578125],[-157.37062500000002,71.68484375],[-157.356875,71.68828125],[-157.3523046875,71.689345703125],[-157.34546875,71.6908203125],[-157.3363671875,71.69270507812499],[-157.32500000000002,71.695],[-157.275,71.70500000000001],[-157.26371093750004,71.70726562500002],[-157.25484375,71.70906250000002],[-157.2483984375,71.710390625],[-157.244375,71.71125],[-157.233125,71.71375],[-157.230390625,71.714375],[-157.2278125,71.715],[-157.225390625,71.715625],[-157.22312499999998,71.71625],[-157.214375,71.71875],[-157.212265625,71.719375],[-157.2103125,71.72],[-157.20851562499996,71.720625],[-157.20687499999997,71.72125],[-157.200625,71.72375],[-157.19914062499998,71.724375],[-157.1978125,71.725],[-157.196640625,71.725625],[-157.195625,71.72625],[-157.19187499999998,71.72874999999999],[-157.19074218749998,71.72960937499998],[-157.18921875,71.7309375],[-157.1873046875,71.732734375],[-157.185,71.735],[-157.175,71.745],[-157.17271484375001,71.747255859375],[-157.17085937500002,71.7490234375],[-157.16943359375,71.750302734375],[-157.1684375,71.75109375],[-157.16531250000003,71.75328125],[-157.16449218750003,71.75380859375001],[-157.16359375000002,71.754296875],[-157.16261718750002,71.75474609375],[-157.1615625,71.75515625],[-157.15718750000002,71.75671875],[-157.1560546875,71.75708984375],[-157.15484375,71.757421875],[-157.15355468750002,71.75771484375001],[-157.15218750000003,71.75796875],[-157.14656250000002,71.75890625000001],[-157.14511718750003,71.75912109375001],[-157.14359375,71.759296875],[-157.1419921875,71.75943359375],[-157.1403125,71.75953125000001],[-157.1334375,71.75984375000002],[-157.13099609375,71.75991210937501],[-157.127109375,71.75996093750001],[-157.12177734375,71.75999023437501],[-157.115,71.76],[-157.08499999999998,71.76],[-157.07822265625,71.760009765625],[-157.07289062499999,71.76003906250001],[-157.06900390624997,71.76008789062502],[-157.0665625,71.76015625000001],[-157.0596875,71.76046875],[-157.05800781250002,71.76056640625],[-157.05640625,71.760703125],[-157.0548828125,71.76087890625001],[-157.0534375,71.76109375000001],[-157.0478125,71.76203125],[-157.0464453125,71.76228515625002],[-157.04515625,71.762578125],[-157.0439453125,71.76291015625],[-157.0428125,71.76328125],[-157.0384375,71.76484375000001],[-157.0373828125,71.76525390625],[-157.03640625,71.765703125],[-157.0355078125,71.76619140625],[-157.0346875,71.76671875],[-157.0315625,71.76890625000001],[-157.03056640625002,71.76969726562501],[-157.029140625,71.77097656250001],[-157.02728515625,71.77274414062501],[-157.025,71.775],[-157.015,71.785],[-157.012412109375,71.787255859375],[-157.0096484375,71.78902343749999],[-157.006708984375,71.79030273437499],[-157.00359375,71.79109374999999],[-156.99078125,71.79328124999998],[-156.98693359375,71.79380859374997],[-156.981796875,71.79429687499999],[-156.97537109375,71.79474609374998],[-156.96765625,71.79515624999999],[-156.93421874999999,71.79671875],[-156.92521484374998,71.79708984375],[-156.91492187499998,71.797421875],[-156.90333984374996,71.79771484374999],[-156.89046874999997,71.79796875],[-156.83640624999998,71.79890625],[-156.82224609374998,71.79912109375],[-156.80679687499997,71.79929687500001],[-156.79005859375,71.79943359375],[-156.77203125,71.79953125],[-156.69734375000002,71.79984375],[-156.67038085937503,71.799912109375],[-156.6268359375,71.7999609375],[-156.566708984375,71.79999023437499],[-156.49,71.8],[-156.14999999999998,71.8],[-156.07325195312498,71.799951171875],[-156.01300781249998,71.7998046875],[-155.96926757812497,71.799560546875],[-155.94203124999999,71.79921875],[-155.86609375,71.79765625],[-155.84767578125,71.79716796875002],[-155.830390625,71.796484375],[-155.81423828124997,71.79560546875],[-155.79921875,71.79453125],[-155.74140624999998,71.78984374999999],[-155.72751953124995,71.78857421874999],[-155.71476562499998,71.787109375],[-155.70314453124996,71.78544921874999],[-155.69265624999997,71.78359375],[-155.65296874999999,71.77578125],[-155.64361328124997,71.77373046875],[-155.63539062499996,71.771484375],[-155.62830078124998,71.76904296875],[-155.62234374999997,71.76640624999999],[-155.60078124999998,71.75546875],[-155.594501953125,71.75151367187499],[-155.58644531249996,71.7451171875],[-155.576611328125,71.736279296875],[-155.565,71.725],[-155.515,71.675],[-155.501220703125,71.663720703125],[-155.48488281250002,71.65488281249999],[-155.46598632812498,71.648486328125],[-155.44453125,71.64453125],[-155.35359375000002,71.63359374999999],[-155.32595703125003,71.63095703124999],[-155.288515625,71.62851562499998],[-155.24126953125003,71.62626953124999],[-155.18421875,71.62421874999998],[-154.93640625,71.61640624999998],[-154.86955078124998,71.61455078124999],[-154.79289062499998,71.61289062499998],[-154.70642578125,71.61142578124999],[-154.61015625,71.61015624999999],[-154.20546875000002,71.60546875],[-154.09939453125003,71.60439453125001],[-153.983515625,71.603515625],[-153.85783203124998,71.60283203124999],[-153.72234375,71.60234374999999],[-153.16078125,71.60078125],[-152.95793945312502,71.60043945312499],[-152.6301953125,71.6001953125],[-152.177548828125,71.600048828125],[-151.6,71.6],[-149.04,71.6],[-148.46245117187502,71.59998046875],[-148.00980468749998,71.59992187499999],[-147.682060546875,71.59982421874999],[-147.47921875,71.59968749999999],[-146.91765625,71.5990625],[-146.78216796875,71.59886718749999],[-146.656484375,71.59859374999999],[-146.54060546875,71.5982421875],[-146.43453125,71.5978125],[-146.02984375,71.59593749999999],[-145.93357421875,71.59542968749999],[-145.847109375,71.59484375],[-145.77044921875,71.59417968749999],[-145.70359374999998,71.5934375],[-145.45578125,71.59031250000001],[-145.39873046875,71.5894921875],[-145.351484375,71.58859375],[-145.31404296875002,71.5876171875],[-145.28640625,71.5865625],[-145.19546874999997,71.5821875],[-145.17401367187497,71.58060546875],[-145.15511718749997,71.578046875],[-145.138779296875,71.57451171874999],[-145.125,71.57],[-145.075,71.55],[-145.06208984375,71.54548828124999],[-145.04835937500002,71.54195312499999],[-145.03380859375,71.53939453125],[-145.0184375,71.5378125],[-144.9553125,71.53343749999999],[-144.93636718749997,71.53238281249999],[-144.91109375,71.53140625],[-144.87949218749998,71.53050781249999],[-144.84156249999998,71.5296875],[-144.6771875,71.5265625],[-144.63292968749997,71.52582031249999],[-144.58234375,71.52515625],[-144.52542968749998,71.5245703125],[-144.46218749999997,71.5240625],[-144.19656249999997,71.52218749999999],[-144.12699218749998,71.52175781249998],[-144.05109374999998,71.52140625],[-143.96886718749997,71.52113281249999],[-143.88031249999997,71.52093749999999],[-143.51343749999998,71.5203125],[-143.38099609374999,71.52017578125],[-143.167109375,71.520078125],[-142.87177734374998,71.52001953125],[-142.495,71.52],[-140.825,71.52],[-140.448173828125,71.51990234375],[-140.1526953125,71.519609375],[-139.93856445312503,71.51912109375],[-139.80578125,71.5184375],[-139.43734375,71.5153125],[-139.34830078124997,71.5143359375],[-139.265390625,71.51296875],[-139.18861328124999,71.5112109375],[-139.11796875,71.5090625],[-138.84765625,71.49968750000001],[-138.78314453125,71.49714843750002],[-138.724765625,71.49421875],[-138.67251953125,71.49089843750001],[-138.62640625,71.4871875],[-138.45421875,71.4715625],[-138.41423828125,71.46746093750001],[-138.380390625,71.46296875],[-138.35267578125,71.45808593750002],[-138.33109375,71.45281250000001],[-138.25703124999998,71.4309375],[-138.23770507812497,71.42302734375],[-138.2167578125,71.410234375],[-138.19418945312498,71.39255859375001],[-138.17,71.37],[-138.07000000000002,71.27],[-138.04673828125,71.24744140625],[-138.026953125,71.229765625],[-138.01064453125002,71.21697265625],[-137.9978125,71.2090625],[-137.9534375,71.18718750000001],[-137.94113281250003,71.18191406250001],[-137.92640625,71.17703125],[-137.90925781250002,71.17253906250001],[-137.8896875,71.16843750000001],[-137.8065625,71.15281250000001],[-137.78457031250002,71.14910156250001],[-137.76015625000002,71.14578125000001],[-137.7333203125,71.14285156250001],[-137.70406250000002,71.14031250000001],[-137.5821875,71.1309375],[-137.5505078125,71.12878906249999],[-137.51640625000002,71.12703125],[-137.47988281250002,71.1256640625],[-137.44093750000002,71.1246875],[-137.2803125,71.12156250000001],[-137.22267578125002,71.12087890625],[-137.130078125,71.120390625],[-137.00251953125002,71.12009765625001],[-136.84,71.12],[-136.12,71.12],[-135.957548828125,71.11998046875001],[-135.8301953125,71.119921875],[-135.737939453125,71.11982421875001],[-135.68078125,71.1196875],[-135.52234375,71.11906250000001],[-135.48408203125,71.1188671875],[-135.448515625,71.11859375],[-135.41564453125,71.11824218750002],[-135.38546875,71.11781250000001],[-135.27015624999999,71.1159375],[-135.24267578124997,71.1154296875],[-135.217890625,71.11484375],[-135.19580078124997,71.11417968750001],[-135.17640624999999,71.1134375],[-135.10421875,71.1103125],[-135.08751953125,71.1094921875],[-135.073515625,71.10859375],[-135.06220703125,71.1076171875],[-135.05359375,71.1065625],[-135.02453125,71.1021875],[-135.017236328125,71.10060546874999],[-135.0098828125,71.098046875],[-135.002470703125,71.09451171875],[-134.995,71.09],[-134.965,71.07],[-134.957822265625,71.06547851562499],[-134.9512890625,71.0619140625],[-134.945400390625,71.05930664062501],[-134.94015625,71.05765625000001],[-134.92046875000003,71.05296874999999],[-134.91478515625002,71.05181640625],[-134.90757812500001,71.050703125],[-134.89884765625,71.04962890624999],[-134.88859375,71.04859375],[-134.84453125000002,71.04453124999999],[-134.83275390625002,71.04353515624999],[-134.819453125,71.04257812499999],[-134.80462890625,71.04166015624999],[-134.78828125,71.04078125],[-134.71984375000002,71.03734374999999],[-134.70197265625004,71.03650390625],[-134.68257812500002,71.035703125],[-134.66166015625,71.03494140625],[-134.63921875,71.03421875000001],[-134.54640625000002,71.03140625],[-134.512978515625,71.030478515625],[-134.4591015625,71.0291015625],[-134.384775390625,71.027275390625],[-134.29000000000002,71.025],[-133.87,71.01499999999999],[-133.775244140625,71.01273437499998],[-133.70097656250002,71.01093749999998],[-133.64719726562504,71.009609375],[-133.61390625,71.00874999999999],[-133.52171875000005,71.00625],[-133.49947265625005,71.005625],[-133.47882812500004,71.005],[-133.45978515625,71.004375],[-133.44234375000002,71.00375],[-133.37578125000005,71.00125],[-133.35994140625002,71.000625],[-133.34570312500003,71.0],[-133.33306640625003,70.999375],[-133.32203125,70.99875],[-133.28109375000003,70.99625],[-133.27166015625002,70.99562500000002],[-133.263828125,70.995],[-133.25759765625003,70.994375],[-133.25296875,70.99375],[-133.23765625000001,70.99125000000001],[-133.23399414062501,70.990390625],[-133.2306640625,70.98906250000002],[-133.227666015625,70.98726562500002],[-133.22500000000002,70.98500000000001],[-133.21499999999997,70.975],[-133.21173828124998,70.972734375],[-133.20695312499998,70.97093749999999],[-133.20064453124996,70.969609375],[-133.19281249999997,70.96875],[-133.1584375,70.96625],[-133.1478515625,70.96562499999999],[-133.13328124999998,70.965],[-133.11472656249998,70.964375],[-133.09218749999997,70.96375],[-132.99406249999998,70.96125],[-132.96753906249998,70.96062500000001],[-132.93703125,70.96000000000001],[-132.9025390625,70.95937500000001],[-132.8640625,70.95875000000001],[-132.70218749999998,70.95625000000001],[-132.6597265625,70.955625],[-132.61328124999997,70.95500000000001],[-132.5628515625,70.95437500000001],[-132.50843749999999,70.95375000000001],[-132.28281249999998,70.95125000000002],[-132.20126953125,70.95039062500001],[-132.069453125,70.94906250000001],[-131.88736328125,70.94726562500001],[-131.655,70.94500000000001],[-130.62499999999997,70.935],[-130.39249999999998,70.93268554687499],[-130.20999999999998,70.9307421875],[-130.0775,70.929169921875],[-129.99499999999998,70.92796875],[-129.765,70.92390625],[-129.70921874999996,70.92279296875],[-129.65687499999999,70.921484375],[-129.60796874999997,70.91998046875001],[-129.56249999999997,70.91828125],[-129.3875,70.91109374999999],[-129.34546875,70.90919921874999],[-129.306875,70.907109375],[-129.27171875,70.90482421875001],[-129.24,70.90234375],[-129.12,70.89203125],[-129.09171875,70.88935546875],[-129.066875,70.88648437500001],[-129.04546875,70.88341796875],[-129.0275,70.88015625],[-128.96249999999998,70.86671874999999],[-128.94359375,70.861904296875],[-128.91937499999997,70.8541796875],[-128.88984374999998,70.84354492187501],[-128.855,70.83],[-128.70499999999998,70.77000000000001],[-128.67108398437497,70.75646484375001],[-128.6443359375,70.74585937500001],[-128.624755859375,70.73818359375001],[-128.61234374999998,70.73343750000001],[-128.57703125,70.72031250000002],[-128.56833984374998,70.71714843750001],[-128.559921875,70.71421875000001],[-128.55177734375,70.71152343750002],[-128.54390625,70.70906250000002],[-128.51296875,70.69968750000001],[-128.50537109375,70.69746093750001],[-128.498046875,70.69546875],[-128.49099609375,70.69371093750001],[-128.48421875,70.69218750000002],[-128.45765624999999,70.68656250000001],[-128.45115234374998,70.6852734375],[-128.44492187499998,70.68421875000001],[-128.43896484375,70.6833984375],[-128.43328125,70.68281250000001],[-128.41109374999996,70.6809375],[-128.40374023437496,70.68052734375],[-128.39277343749998,70.680234375],[-128.37819335937496,70.68005859375],[-128.35999999999999,70.68],[-128.28,70.68],[-128.26193359375,70.67999023437501],[-128.247734375,70.6799609375],[-128.23740234375,70.67991210937501],[-128.2309375,70.67984375],[-128.2128125,70.67953125000003],[-128.20839843750002,70.67943359375002],[-128.20421875000002,70.67929687500002],[-128.20027343750002,70.67912109375001],[-128.19656250000003,70.67890625000001],[-128.1821875,70.67796875000002],[-128.1787109375,70.67771484375001],[-128.17546875,70.67742187500001],[-128.1724609375,70.67708984375],[-128.1696875,70.67671875],[-128.1590625,70.67515625],[-128.1565234375,70.67474609375],[-128.15421874999998,70.674296875],[-128.1521484375,70.67380859375],[-128.15031249999998,70.67328125],[-128.1434375,70.67109375],[-128.14130859374998,70.67030273437499],[-128.138359375,70.66902343749999],[-128.13458984375,70.66725585937499],[-128.13,70.66499999999999],[-128.10999999999999,70.655],[-128.10548828125,70.65273437500001],[-128.10195312499997,70.6509375],[-128.09939453124997,70.64960937500001],[-128.09781249999997,70.64875],[-128.0934375,70.64625000000001],[-128.09238281249998,70.64562500000001],[-128.09140624999998,70.64500000000001],[-128.09050781249996,70.64437500000001],[-128.08968749999997,70.64375000000001],[-128.08656249999999,70.64125000000001],[-128.08582031249998,70.64062500000001],[-128.08515624999998,70.64],[-128.08457031249998,70.639375],[-128.0840625,70.63875],[-128.08218749999997,70.63624999999999],[-128.08175781249997,70.63562499999999],[-128.08140625,70.63499999999999],[-128.0811328125,70.63437499999999],[-128.0809375,70.63374999999999],[-128.0803125,70.63125],[-128.08017578124998,70.63039062499999],[-128.080078125,70.6290625],[-128.08001953124997,70.627265625],[-128.07999999999998,70.625],[-128.07999999999998,70.615],[-128.07999999999998,70.612734375],[-128.07999999999998,70.61093749999999],[-128.07999999999998,70.60960937499999],[-128.07999999999998,70.60874999999999],[-128.07999999999998,70.60624999999999],[-128.07999999999998,70.60562499999999],[-128.07999999999998,70.60499999999999],[-128.07999999999998,70.60437499999999],[-128.07999999999998,70.60374999999999],[-128.07999999999998,70.60125],[-128.07999999999998,70.60062499999998],[-128.07999999999998,70.6],[-128.07999999999998,70.599375],[-128.07999999999998,70.59875],[-128.07999999999998,70.59625],[-128.07999999999998,70.595625],[-128.07999999999998,70.595],[-128.07999999999998,70.594375],[-128.07999999999998,70.59375],[-128.07999999999998,70.59125],[-128.07999999999998,70.590390625],[-128.07999999999998,70.58906250000001],[-128.07999999999998,70.58726562500001],[-128.07999999999998,70.58500000000001],[-128.07999999999998,70.57499999999999],[-128.07999999999998,70.57275390624999],[-128.07999999999998,70.57101562499999],[-128.07999999999998,70.56978515624999],[-128.07999999999998,70.56906249999999],[-128.07999999999998,70.56718749999999],[-128.07999999999998,70.56675781249999],[-128.07999999999998,70.56640624999999],[-128.07999999999998,70.56613281249999],[-128.07999999999998,70.56593749999999],[-128.07999999999998,70.56531249999999],[-128.07999999999998,70.56519531249998],[-128.07999999999998,70.56515625],[-128.07999999999998,70.56519531250001],[-128.07999999999998,70.5653125],[-128.07999999999998,70.56593749999999],[-128.07999999999998,70.5661328125],[-128.07999999999998,70.56640625],[-128.07999999999998,70.56675781249999],[-128.07999999999998,70.56718749999999],[-128.07999999999998,70.5690625],[-128.07999999999998,70.56978515625],[-128.07999999999998,70.571015625],[-128.07999999999998,70.57275390625],[-128.07999999999998,70.57499999999999],[-128.07999999999998,70.58500000000001],[-128.07883789062498,70.587255859375],[-128.07535156249997,70.5890234375],[-128.06954101562496,70.590302734375],[-128.06140624999998,70.59109375],[-128.02421875,70.59328124999999],[-128.01259765625,70.59380859375],[-127.99632812499998,70.594296875],[-127.97541015624998,70.59474609374999],[-127.94984374999997,70.59515625],[-127.83828125,70.59671875],[-127.80806640624999,70.59708984375],[-127.77320312499998,70.597421875],[-127.73369140624999,70.59771484375],[-127.68953124999999,70.59796874999999],[-127.50359374999998,70.59890625],[-127.45478515624998,70.59912109375],[-127.40132812499999,70.599296875],[-127.34322265624998,70.59943359374998],[-127.28046874999998,70.59953124999998],[-127.02015624999999,70.59984374999999],[-126.92602539062499,70.59991210937498],[-126.77378906249999,70.59996093749999],[-126.563447265625,70.599990234375],[-126.29499999999999,70.6],[-125.10499999999999,70.6],[-124.83647460937499,70.599970703125],[-124.6258984375,70.5998828125],[-124.47327148437499,70.599736328125],[-124.37859375,70.59953125],[-124.11578124999998,70.59859374999999],[-124.05224609374997,70.59830078125],[-123.99304687499998,70.59789062499999],[-123.93818359374998,70.59736328125001],[-123.88765624999999,70.59671875000001],[-123.69421875,70.59390625],[-123.64802734375,70.59314453125],[-123.606171875,70.59226562500001],[-123.56865234375002,70.59126953125],[-123.53546875,70.59015625],[-123.41140624999997,70.58546874999999],[-123.38255859374998,70.58423828125],[-123.35804687499999,70.58289062499999],[-123.33787109374998,70.58142578125],[-123.32203124999998,70.57984375],[-123.26734374999998,70.57328125],[-123.252880859375,70.570908203125],[-123.23683593749999,70.5670703125],[-123.219208984375,70.56176757812499],[-123.19999999999999,70.55499999999999],[-123.12,70.52499999999999],[-123.10166015624999,70.51823242187498],[-123.086640625,70.51292968749999],[-123.07494140624999,70.509091796875],[-123.0665625,70.50671874999999],[-123.0396875,70.50015624999999],[-123.0325390625,70.49857421874998],[-123.02453125000001,70.49710937499998],[-123.01566406250001,70.49576171874999],[-123.0059375,70.49453125],[-122.9653125,70.48984374999999],[-122.9547265625,70.48873046874999],[-122.94328124999998,70.487734375],[-122.9309765625,70.48685546875],[-122.9178125,70.48609375],[-122.8634375,70.48328125],[-122.84941406249999,70.48263671875],[-122.83453125000001,70.48210937500001],[-122.8187890625,70.48169921875001],[-122.8021875,70.48140625],[-122.73406250000001,70.48046875],[-122.70978515625,70.48026367187501],[-122.67101562500001,70.4801171875],[-122.61775390625002,70.480029296875],[-122.55000000000001,70.48],[-122.24999999999999,70.48],[-122.18226562499999,70.48005859375],[-122.12906249999999,70.480234375],[-122.09039062499998,70.48052734375],[-122.06624999999998,70.4809375],[-121.99875,70.48281250000001],[-121.98234375,70.48339843750001],[-121.96687499999999,70.48421875],[-121.95234375,70.48527343750001],[-121.93875,70.4865625],[-121.88624999999999,70.4921875],[-121.87359375,70.4937109375],[-121.861875,70.49546875],[-121.85109374999999,70.4974609375],[-121.84125,70.4996875],[-121.80375000000001,70.5090625],[-121.79484375000001,70.5115234375],[-121.786875,70.51421875],[-121.77984375000001,70.5171484375],[-121.77375,70.52031249999999],[-121.75125,70.53343749999999],[-121.744453125,70.53818359374999],[-121.73531249999999,70.54585937499999],[-121.72382812499998,70.55646484374999],[-121.71,70.57],[-121.65,70.63],[-121.63598632812501,70.64353515625],[-121.6239453125,70.654140625],[-121.61387695312501,70.66181640625],[-121.60578125,70.6665625],[-121.57734375,70.6796875],[-121.56939453125001,70.6828515625],[-121.559765625,70.68578125],[-121.54845703125,70.6884765625],[-121.53546874999999,70.6909375],[-121.48015625000001,70.7003125],[-121.46548828125002,70.70253906250001],[-121.44914062500001,70.70453125],[-121.43111328125,70.7062890625],[-121.41140625,70.7078125],[-121.32921875,70.7134375],[-121.30783203125,70.7147265625],[-121.28476562499999,70.71578124999999],[-121.26001953125001,70.7166015625],[-121.23359375,70.7171875],[-121.12453124999999,70.7190625],[-121.08536132812499,70.71947265625],[-121.0223828125,70.71976562500001],[-120.93559570312499,70.71994140625],[-120.82499999999999,70.72],[-120.335,70.72],[-120.22434570312498,70.7201171875],[-120.1373828125,70.72046875],[-120.07411132812499,70.72105468749999],[-120.03453124999999,70.721875],[-119.92359375,70.725625],[-119.89658203124999,70.72679687499999],[-119.871015625,70.72843749999998],[-119.84689453125,70.73054687499999],[-119.82421875,70.733125],[-119.73640624999999,70.74437499999999],[-119.71517578125,70.747421875],[-119.69539062499999,70.75093749999999],[-119.67705078124999,70.75492187500001],[-119.66015625,70.759375],[-119.59546874999998,70.77812499999999],[-119.58001953124997,70.783046875],[-119.56601562499998,70.78843749999999],[-119.55345703124998,70.79429687499999],[-119.54234374999999,70.800625],[-119.50078124999999,70.826875],[-119.487939453125,70.8363671875],[-119.47019531249998,70.85171875],[-119.447548828125,70.8729296875],[-119.41999999999999,70.9],[-119.30000000000001,71.02000000000001],[-119.27291015625,71.04707031250001],[-119.25164062500001,71.06828125000001],[-119.23619140625,71.08363281250001],[-119.2265625,71.09312500000001],[-119.19968750000001,71.11937500000002],[-119.1931640625,71.12570312500002],[-119.18703125000002,71.13156250000002],[-119.1812890625,71.13695312500002],[-119.1759375,71.14187500000001],[-119.15531250000001,71.160625],[-119.15035156250002,71.165078125],[-119.14578125,71.1690625],[-119.14160156250001,71.172578125],[-119.13781250000001,71.175625],[-119.1234375,71.18687500000001],[-119.12003906249998,71.18945312500001],[-119.11703125,71.1915625],[-119.1144140625,71.19320312500001],[-119.1121875,71.19437500000001],[-119.10406249999998,71.198125],[-119.10166015624998,71.19894531250002],[-119.09851562499999,71.19953125],[-119.09462890625,71.19988281250001],[-119.08999999999999,71.2],[-119.07,71.2],[-119.06547851562499,71.200009765625],[-119.0619140625,71.20003906250001],[-119.05930664062501,71.200087890625],[-119.05765625000001,71.20015625],[-119.05296875,71.20046875],[-119.05181640625001,71.20056640625],[-119.050703125,71.200703125],[-119.04962890625,71.20087890625001],[-119.04859375000001,71.20109375000001],[-119.04453124999998,71.20203125],[-119.04353515624999,71.20228515625],[-119.04257812499998,71.20257812500002],[-119.04166015624997,71.20291015625001],[-119.04078124999998,71.20328125000002],[-119.03734374999999,71.20484375000001],[-119.03650390625,71.20525390625001],[-119.035703125,71.20570312500001],[-119.03494140625,71.20619140625001],[-119.03421875000001,71.20671875000002],[-119.03140625,71.20890625000001],[-119.030478515625,71.20969726562501],[-119.02910156249999,71.21097656250001],[-119.02727539062502,71.212744140625],[-119.025,71.215],[-119.01499999999999,71.225],[-119.01274414062499,71.22732421875],[-119.01097656249999,71.229296875],[-119.009697265625,71.23091796875],[-119.00890625,71.23218750000001],[-119.00671874999999,71.2365625],[-119.00619140625,71.23777343750001],[-119.005703125,71.23921875],[-119.00525390624999,71.24089843750001],[-119.00484374999999,71.24281250000001],[-119.00328125,71.25093750000002],[-119.00291015625001,71.25308593750002],[-119.002578125,71.25546875],[-119.00228515625,71.25808593750001],[-119.00203125,71.26093750000001],[-119.00109375,71.2728125],[-119.00087890625,71.27589843749999],[-119.000703125,71.27921875],[-119.00056640625,71.2827734375],[-119.00046875,71.2865625],[-119.00015625,71.3021875],[-119.000087890625,71.30779296875001],[-119.00003906250001,71.316796875],[-119.00000976562501,71.32919921875],[-119.0,71.345],[-119.0,71.415],[-119.0000390625,71.43083984375],[-119.00015625,71.443359375],[-119.0003515625,71.45255859375],[-119.000625,71.4584375],[-119.001875,71.4753125],[-119.002265625,71.47949218750001],[-119.00281249999999,71.48359375],[-119.003515625,71.4876171875],[-119.004375,71.4915625],[-119.00812499999999,71.5071875],[-119.00914062499999,71.51105468749999],[-119.0103125,71.51484375000001],[-119.01164062499998,71.5185546875],[-119.01312499999999,71.5221875],[-119.019375,71.53656249999999],[-119.021015625,71.54011718749999],[-119.02281249999999,71.54359374999999],[-119.02476562499999,71.5469921875],[-119.02687499999999,71.55031249999999],[-119.035625,71.56343749999999],[-119.0387890625,71.56787109374999],[-119.04390624999999,71.574609375],[-119.0509765625,71.58365234375],[-119.06,71.595],[-119.1,71.645],[-119.10901367187499,71.65632812499999],[-119.11605468750001,71.6653125],[-119.121123046875,71.67195312499999],[-119.12421875000001,71.67625],[-119.13265625,71.68875],[-119.13466796875,71.69187500000001],[-119.13648437500001,71.695],[-119.13810546874998,71.69812499999999],[-119.13953125,71.70124999999999],[-119.14484375,71.71375],[-119.14607421875,71.716875],[-119.14710937500001,71.72],[-119.14794921875,71.723125],[-119.14859375,71.72625],[-119.15078125000002,71.73875000000001],[-119.15123046875001,71.74187500000001],[-119.15148437500002,71.745],[-119.15154296875002,71.748125],[-119.15140625000001,71.75125],[-119.15046875000002,71.76375],[-119.14995117187502,71.76804687500001],[-119.1488671875,71.7746875],[-119.14721679687501,71.783671875],[-119.14500000000001,71.795],[-119.13499999999999,71.845],[-119.13271484375,71.856298828125],[-119.130859375,71.8651953125],[-119.12943359375,71.87168945312501],[-119.12843749999999,71.87578125],[-119.1253125,71.88734375],[-119.12449218750001,71.89017578125001],[-119.12359375,71.892890625],[-119.12261718750001,71.89548828125],[-119.12156250000001,71.89796874999999],[-119.1171875,71.90765625],[-119.1160546875,71.91001953124999],[-119.11484375,71.912265625],[-119.1135546875,71.91439453125],[-119.1121875,71.91640625],[-119.1065625,71.92421875],[-119.1051171875,71.92611328125],[-119.10359374999999,71.927890625],[-119.1019921875,71.92955078124999],[-119.1003125,71.93109375],[-119.0934375,71.93703124999999],[-119.09099609375,71.938955078125],[-119.087109375,71.9417578125],[-119.08177734374999,71.945439453125],[-119.07499999999999,71.95],[-119.04500000000002,71.97],[-119.03819335937501,71.974521484375],[-119.0327734375,71.9780859375],[-119.02874023437501,71.98069335937501],[-119.02609375,71.98234375],[-119.01828125,71.98703125000002],[-119.01630859375,71.98818359375001],[-119.01429687500001,71.98929687500001],[-119.01224609375001,71.99037109375001],[-119.01015625000001,71.99140625000001],[-119.00171875000001,71.99546875],[-118.99958984375,71.99646484374999],[-118.997421875,71.997421875],[-118.99521484375,71.99833984374999],[-118.99296875,71.99921875],[-118.98390625,72.00265625],[-118.98162109375,72.00349609374999],[-118.97929687500002,72.004296875],[-118.97693359375,72.00505859375],[-118.97453125000001,72.00578125],[-118.96484375,72.00859374999999],[-118.961474609375,72.009521484375],[-118.9562109375,72.01089843749999],[-118.949052734375,72.01272460937498],[-118.94,72.01499999999999],[-118.9,72.025],[-118.89092773437501,72.027294921875],[-118.88371093749998,72.0291796875],[-118.878349609375,72.030654296875],[-118.87484375,72.03171875],[-118.86453125,72.03515625],[-118.86193359375,72.03607421875],[-118.85929687500001,72.037109375],[-118.85662109375,72.03826171875],[-118.85390625,72.03953125],[-118.84296875000001,72.04484375],[-118.84021484375,72.04623046875001],[-118.837421875,72.047734375],[-118.83458984375001,72.04935546875],[-118.83171875000001,72.05109374999999],[-118.82015625,72.05828125000001],[-118.81724609375,72.06013671875002],[-118.81429687499998,72.062109375],[-118.81130859374998,72.06419921875],[-118.80828125,72.06640625],[-118.79609375,72.07546875],[-118.79186523437501,72.078701171875],[-118.7852734375,72.0838671875],[-118.776318359375,72.090966796875],[-118.765,72.1],[-118.715,72.14],[-118.70359374999998,72.149033203125],[-118.69437500000001,72.15613281249999],[-118.68734375,72.161298828125],[-118.6825,72.16453125],[-118.6675,72.17359375],[-118.66359375,72.17580078125],[-118.65937500000001,72.177890625],[-118.65484375000001,72.17986328125],[-118.65,72.18171874999999],[-118.63000000000001,72.18890625],[-118.62484375000001,72.19064453125],[-118.619375,72.192265625],[-118.61359375,72.19376953125],[-118.6075,72.19515625],[-118.58250000000001,72.20046875],[-118.57609375000001,72.20173828125],[-118.56937500000001,72.20289062500001],[-118.56234375000001,72.20392578125],[-118.555,72.20484375000001],[-118.525,72.20828125],[-118.51437500000002,72.209345703125],[-118.4975,72.2108203125],[-118.47437500000001,72.212705078125],[-118.44500000000001,72.215],[-118.315,72.225],[-118.28568359375001,72.227265625],[-118.26273437500001,72.2290625],[-118.24615234375001,72.23039062500001],[-118.2359375,72.23125],[-118.20781249999999,72.23375000000001],[-118.20105468749999,72.234375],[-118.19484374999999,72.23500000000001],[-118.18917968749999,72.23562500000001],[-118.18406249999998,72.23625000000001],[-118.16468750000001,72.23875000000001],[-118.16011718750002,72.23937500000001],[-118.15609375000001,72.24000000000001],[-118.1526171875,72.24062500000001],[-118.14968750000001,72.24125000000001],[-118.1390625,72.24375],[-118.13667968749999,72.244375],[-118.13484375,72.245],[-118.13355468750001,72.245625],[-118.1328125,72.24625],[-118.1309375,72.24875],[-118.13083984375,72.249609375],[-118.131484375,72.25093749999999],[-118.13287109375,72.25273437499999],[-118.13499999999999,72.255],[-118.14500000000001,72.26500000000001],[-118.14734375,72.26725585937501],[-118.14937500000002,72.26902343750001],[-118.15109375000002,72.27030273437501],[-118.15250000000002,72.27109375],[-118.1575,72.27328125],[-118.15890625,72.27380859374999],[-118.16062500000001,72.274296875],[-118.16265625000001,72.27474609375],[-118.165,72.27515625000001],[-118.17500000000001,72.27671875],[-118.17765625000001,72.27708984374999],[-118.180625,72.277421875],[-118.18390625,72.27771484375],[-118.1875,72.27796875],[-118.2025,72.27890625],[-118.20640625,72.27912109374999],[-118.210625,72.279296875],[-118.21515625,72.27943359374999],[-118.22,72.27953124999999],[-118.24000000000001,72.27984375],[-118.24718750000001,72.279912109375],[-118.25875,72.2799609375],[-118.2746875,72.27999023437499],[-118.295,72.28],[-118.385,72.28],[-118.405322265625,72.28001953125],[-118.4212890625,72.280078125],[-118.43290039062501,72.28017578125001],[-118.44015625,72.28031250000001],[-118.46046875,72.2809375],[-118.46541015625,72.28113281249999],[-118.47007812500001,72.28140625],[-118.47447265625,72.28175781249999],[-118.47859375,72.28218749999999],[-118.49453125,72.2840625],[-118.49837890625,72.2845703125],[-118.501953125,72.28515625],[-118.50525390625,72.2858203125],[-118.50828125,72.2865625],[-118.51984374999999,72.28968749999999],[-118.52259765624999,72.29050781249998],[-118.525078125,72.29140625],[-118.52728515624997,72.2923828125],[-118.52921874999998,72.2934375],[-118.53640625,72.29781249999999],[-118.538603515625,72.29939453124999],[-118.54160156249999,72.301953125],[-118.545400390625,72.30548828124999],[-118.55,72.31],[-118.57,72.33],[-118.57451171874997,72.334541015625],[-118.57804687499998,72.3381640625],[-118.58060546874998,72.340869140625],[-118.58218749999997,72.34265625],[-118.58656249999997,72.34796875],[-118.58761718749997,72.34931640625001],[-118.58859374999997,72.35070312500001],[-118.58949218749999,72.35212890625],[-118.59031249999998,72.35359375],[-118.5934375,72.35953125],[-118.59417968749999,72.36103515625001],[-118.59484375,72.362578125],[-118.59542968749999,72.36416015625],[-118.59593749999999,72.36578125],[-118.59781249999997,72.37234375],[-118.59824218749998,72.37400390625],[-118.59859374999996,72.375703125],[-118.59886718749998,72.37744140625],[-118.59906249999997,72.37921874999999],[-118.59968749999999,72.38640625000001],[-118.59982421874999,72.38891601562501],[-118.599921875,72.3928515625],[-118.59998046874998,72.398212890625],[-118.6,72.405],[-118.6,72.435],[-118.59998046874999,72.441787109375],[-118.59992187499998,72.4471484375],[-118.59982421875,72.451083984375],[-118.59968749999999,72.45359375000001],[-118.59906249999997,72.46078125],[-118.59886718749998,72.46255859375],[-118.59859374999998,72.464296875],[-118.59824218749998,72.46599609375],[-118.59781249999997,72.46765625],[-118.59593749999999,72.47421875],[-118.59542968749999,72.47583984375001],[-118.59484374999998,72.477421875],[-118.59417968749999,72.47896484374999],[-118.5934375,72.48046875],[-118.59031249999997,72.48640625],[-118.58949218749996,72.48787109375],[-118.58859374999997,72.48929687500001],[-118.58761718749997,72.49068359374999],[-118.58656249999997,72.49203125],[-118.58218749999997,72.49734375],[-118.58060546874997,72.499130859375],[-118.57804687499998,72.5018359375],[-118.57451171874999,72.505458984375],[-118.57,72.51],[-118.55,72.53],[-118.54546875,72.53451171875],[-118.541875,72.538046875],[-118.53921874999999,72.54060546874999],[-118.5375,72.5421875],[-118.5325,72.54656250000001],[-118.53125,72.54761718750001],[-118.53,72.54859375000001],[-118.52875,72.54949218750001],[-118.5275,72.5503125],[-118.52250000000001,72.5534375],[-118.52125000000001,72.5541796875],[-118.52,72.55484375],[-118.51875000000001,72.55542968750001],[-118.5175,72.5559375],[-118.51249999999999,72.55781250000001],[-118.51124999999999,72.5582421875],[-118.50999999999999,72.55859375],[-118.50874999999999,72.5588671875],[-118.5075,72.55906250000001],[-118.5025,72.5596875],[-118.50078125,72.55982421875],[-118.498125,72.559921875],[-118.49453125,72.55998046875],[-118.49,72.56],[-118.47,72.56],[-118.4654296875,72.560029296875],[-118.46171874999999,72.5601171875],[-118.4588671875,72.560263671875],[-118.456875,72.56046875],[-118.45062499999999,72.56140625],[-118.448984375,72.56169921875001],[-118.4471875,72.562109375],[-118.44523437499998,72.56263671875001],[-118.443125,72.56328125],[-118.43437499999999,72.56609375],[-118.432109375,72.56685546874999],[-118.42968749999999,72.56773437499999],[-118.427109375,72.56873046874999],[-118.424375,72.56984374999999],[-118.413125,72.57453125],[-118.41023437499999,72.57576171875002],[-118.40718749999999,72.577109375],[-118.403984375,72.57857421874999],[-118.40062499999999,72.58015625],[-118.386875,72.58671875],[-118.38199218749999,72.58909179687501],[-118.37421875000001,72.5929296875],[-118.3635546875,72.598232421875],[-118.35,72.605],[-118.28999999999999,72.635],[-118.27642578124998,72.641767578125],[-118.26570312499999,72.6470703125],[-118.25783203124999,72.650908203125],[-118.25281249999999,72.65328125],[-118.2384375,72.65984375000001],[-118.2348828125,72.66142578125],[-118.23140625,72.662890625],[-118.22800781250001,72.66423828125],[-118.2246875,72.66546875],[-118.21156249999999,72.67015625000002],[-118.20832031249999,72.67126953125002],[-118.20515624999999,72.67226562500002],[-118.2020703125,72.67314453125002],[-118.1990625,72.67390625000002],[-118.18718750000001,72.67671875],[-118.18425781250001,72.67736328125],[-118.18140625000001,72.677890625],[-118.17863281250001,72.67830078125],[-118.1759375,72.67859375],[-118.1653125,72.67953125000001],[-118.16173828125001,72.679736328125],[-118.15632812499999,72.67988281250001],[-118.14908203125,72.67997070312501],[-118.14,72.68],[-118.1,72.68],[-118.0909375,72.68001953125003],[-118.08375,72.68007812500001],[-118.0784375,72.68017578125001],[-118.075,72.68031250000001],[-118.065,72.68093750000001],[-118.06250000000001,72.68113281250001],[-118.06,72.68140625000001],[-118.0575,72.68175781250002],[-118.055,72.68218750000001],[-118.045,72.68406250000001],[-118.0425,72.6845703125],[-118.03999999999999,72.68515625],[-118.0375,72.6858203125],[-118.035,72.68656250000001],[-118.025,72.6896875],[-118.02250000000002,72.69050781250002],[-118.02000000000001,72.69140625000001],[-118.01750000000001,72.6923828125],[-118.01500000000001,72.6934375],[-118.005,72.69781250000001],[-118.0015625,72.69939453125002],[-117.99625,72.70195312500002],[-117.98906249999999,72.70548828125001],[-117.97999999999999,72.71000000000001],[-117.94,72.73],[-117.93095703125,72.73451171875001],[-117.923828125,72.73804687500001],[-117.91861328125,72.74060546875],[-117.9153125,72.74218750000001],[-117.9059375,72.74656250000001],[-117.90363281249999,72.74761718750001],[-117.90140624999998,72.74859375000001],[-117.8992578125,72.74949218750001],[-117.89718749999999,72.7503125],[-117.8890625,72.75343750000002],[-117.88707031249999,72.75417968750003],[-117.88515625,72.75484375000002],[-117.88332031249999,72.75542968750003],[-117.8815625,72.75593750000002],[-117.8746875,72.7578125],[-117.87300781249999,72.7582421875],[-117.87140625,72.75859375],[-117.8698828125,72.7588671875],[-117.8684375,72.7590625],[-117.86281249999999,72.75968750000001],[-117.86095703125,72.75982421875001],[-117.85820312499999,72.759921875],[-117.85455078125,72.75998046875],[-117.85,72.76],[-117.83,72.76],[-117.82541015624999,72.7600390625],[-117.82164062499999,72.76015625000001],[-117.81869140625,72.7603515625],[-117.81656249999999,72.760625],[-117.8096875,72.761875],[-117.8078515625,72.76226562500001],[-117.80578125,72.7628125],[-117.8034765625,72.763515625],[-117.8009375,72.764375],[-117.7903125,72.76812500000001],[-117.7875390625,72.769140625],[-117.78453124999999,72.7703125],[-117.78128906250001,72.771640625],[-117.77781250000001,72.77312500000001],[-117.76343749999998,72.779375],[-117.75972656249999,72.781015625],[-117.75578124999998,72.7828125],[-117.7516015625,72.784765625],[-117.7471875,72.78687500000001],[-117.7290625,72.795625],[-117.72259765625,72.7987890625],[-117.712265625,72.80390625000001],[-117.69806640624999,72.8109765625],[-117.67999999999999,72.82000000000001],[-117.6,72.86],[-117.58192382812499,72.8690234375],[-117.56769531249999,72.87609375],[-117.55731445312497,72.8812109375],[-117.55078124999999,72.884375],[-117.53234375,72.893125],[-117.52783203125001,72.895234375],[-117.52351562499999,72.8971875],[-117.51939453125,72.898984375],[-117.51546875,72.900625],[-117.50015624999999,72.906875],[-117.49642578125,72.908359375],[-117.492890625,72.9096875],[-117.48955078124999,72.910859375],[-117.48640624999999,72.911875],[-117.47421874999999,72.91562499999999],[-117.47126953124999,72.91648437499998],[-117.46851562499998,72.91718749999998],[-117.46595703124999,72.917734375],[-117.46359374999999,72.91812499999999],[-117.45453124999999,72.919375],[-117.45161132812498,72.9196484375],[-117.4473828125,72.91984375],[-117.44184570312498,72.9199609375],[-117.43499999999999,72.92],[-117.40499999999999,72.92],[-117.398232421875,72.920009765625],[-117.39292968749999,72.9200390625],[-117.38909179687498,72.920087890625],[-117.38671874999999,72.92015624999999],[-117.38015624999997,72.92046875],[-117.37857421874997,72.92056640625],[-117.37710937499996,72.920703125],[-117.37576171874997,72.92087890625],[-117.37453124999998,72.92109375],[-117.36984375,72.92203125],[-117.36873046874999,72.92228515625],[-117.367734375,72.922578125],[-117.36685546875,72.92291015625],[-117.36609375,72.92328125],[-117.36328125,72.92484375000001],[-117.36263671875,72.92525390625],[-117.362109375,72.92570312500001],[-117.36169921875,72.92619140625001],[-117.36140625,72.92671875],[-117.36046875,72.92890625000001],[-117.36026367187499,72.92969726562501],[-117.36011718750001,72.9309765625],[-117.360029296875,72.932744140625],[-117.36,72.935],[-117.36,72.94500000000001],[-117.35998046875001,72.94726562500001],[-117.359921875,72.94906250000001],[-117.35982421874999,72.95039062500001],[-117.35968749999999,72.95125000000002],[-117.35906250000001,72.95375000000001],[-117.35886718750001,72.95437500000001],[-117.35859375000001,72.95500000000001],[-117.3582421875,72.95562500000001],[-117.3578125,72.95625000000001],[-117.35593749999998,72.95875000000001],[-117.35542968749998,72.95937500000001],[-117.35484374999999,72.96000000000001],[-117.35417968749998,72.96062500000001],[-117.35343749999998,72.96125],[-117.3503125,72.96375],[-117.3494921875,72.964375],[-117.34859374999999,72.965],[-117.34761718749999,72.965625],[-117.3465625,72.96625],[-117.3421875,72.96875],[-117.34060546874998,72.96960937499999],[-117.33804687499999,72.97093749999999],[-117.33451171875001,72.972734375],[-117.33,72.975],[-117.31,72.98500000000001],[-117.305439453125,72.98725585937501],[-117.3017578125,72.98902343750001],[-117.298955078125,72.990302734375],[-117.29703125,72.99109375],[-117.29109375,72.99328125000001],[-117.28955078125,72.99380859375],[-117.28789062500002,72.994296875],[-117.28611328125001,72.99474609375001],[-117.28421875000001,72.99515625000001],[-117.27640625000001,72.99671875],[-117.27439453125001,72.99708984374999],[-117.272265625,72.997421875],[-117.27001953125,72.99771484375],[-117.26765625,72.99796875],[-117.25796875,72.99890625],[-117.25548828125,72.99912109375],[-117.25289062499999,72.999296875],[-117.25017578125,72.99943359375001],[-117.24734375,72.99953125],[-117.23578125,72.99984375],[-117.231689453125,72.999912109375],[-117.22519531249999,72.99996093749999],[-117.216298828125,72.99999023437499],[-117.205,73.0],[-117.155,73.0],[-117.143701171875,73.00001953125],[-117.1348046875,73.000078125],[-117.128310546875,73.00017578125001],[-117.12421875,73.0003125],[-117.11265625,73.00093749999999],[-117.10982421874999,73.00113281249999],[-117.107109375,73.00140625],[-117.10451171875,73.00175781249999],[-117.10203125,73.00218749999999],[-117.09234375,73.0040625],[-117.08998046875001,73.00457031250001],[-117.087734375,73.00515625],[-117.08560546875,73.00582031249999],[-117.08359375,73.0065625],[-117.07578125,73.00968749999998],[-117.07388671875002,73.01050781249998],[-117.07210937500001,73.01140625],[-117.07044921875001,73.0123828125],[-117.06890625000001,73.0134375],[-117.06296875000001,73.01781249999999],[-117.061044921875,73.01939453125],[-117.0582421875,73.021953125],[-117.054560546875,73.02548828125],[-117.05,73.03],[-117.03,73.05],[-117.02541015624999,73.05453125],[-117.021640625,73.058125],[-117.01869140625001,73.06078125],[-117.0165625,73.0625],[-117.0096875,73.0675],[-117.00785156250001,73.06875],[-117.00578125000001,73.07],[-117.00347656250001,73.07124999999999],[-117.0009375,73.07249999999999],[-116.9903125,73.0775],[-116.9875390625,73.07875],[-116.98453125,73.08000000000001],[-116.9812890625,73.08125000000001],[-116.9778125,73.08250000000001],[-116.9634375,73.0875],[-116.9597265625,73.08875],[-116.95578124999999,73.09],[-116.9516015625,73.09125],[-116.9471875,73.0925],[-116.9290625,73.0975],[-116.92259765624999,73.09921874999999],[-116.912265625,73.10187499999999],[-116.89806640625,73.10546875],[-116.88,73.11],[-116.80000000000001,73.13],[-116.78194335937502,73.134521484375],[-116.76777343750001,73.1380859375],[-116.75749023437501,73.140693359375],[-116.75109375000001,73.14234375000001],[-116.73328125,73.14703125],[-116.72896484374999,73.14818359375],[-116.724921875,73.149296875],[-116.72115234374999,73.15037109375001],[-116.71765625,73.15140625000001],[-116.70421875000001,73.15546875],[-116.70099609375,73.15646484375],[-116.69804687500002,73.15742187500001],[-116.69537109375001,73.15833984375001],[-116.69296875,73.15921875000001],[-116.68390624999999,73.16265625],[-116.68177734375,73.16349609375],[-116.67992187499999,73.164296875],[-116.67833984375,73.16505859375],[-116.67703125,73.16578125000001],[-116.67234375,73.16859375],[-116.671005859375,73.169521484375],[-116.6693359375,73.1708984375],[-116.66733398437499,73.172724609375],[-116.66499999999999,73.175],[-116.65500000000002,73.185],[-116.65266601562502,73.187265625],[-116.65066406250001,73.1890625],[-116.648994140625,73.19039062499999],[-116.64765625000001,73.19125],[-116.64296875,73.19375000000001],[-116.64166015625,73.19437500000001],[-116.640078125,73.19500000000001],[-116.63822265625001,73.195625],[-116.63609375,73.19625],[-116.62703125,73.19875],[-116.62462890625,73.199375],[-116.621953125,73.2],[-116.61900390625,73.20062500000002],[-116.61578125,73.20125000000002],[-116.60234375,73.20375000000001],[-116.59884765625,73.20437500000001],[-116.595078125,73.20500000000001],[-116.59103515625,73.20562500000001],[-116.58671875,73.20625000000001],[-116.56890625,73.20875000000001],[-116.56250976562501,73.209609375],[-116.5522265625,73.2109375],[-116.538056640625,73.212734375],[-116.52,73.215],[-116.44,73.225],[-116.421943359375,73.227265625],[-116.4077734375,73.2290625],[-116.397490234375,73.23039062500001],[-116.39109375,73.23125],[-116.37328124999999,73.23375000000001],[-116.36896484374999,73.234375],[-116.364921875,73.23500000000001],[-116.36115234374999,73.23562500000001],[-116.35765624999999,73.23625000000001],[-116.34421875,73.23875000000001],[-116.34099609375,73.23937500000001],[-116.338046875,73.24000000000001],[-116.33537109374998,73.24062500000001],[-116.33296874999999,73.24125000000001],[-116.32390625,73.24375],[-116.32177734374999,73.244375],[-116.319921875,73.245],[-116.31833984375,73.245625],[-116.31703125,73.24625],[-116.31234375,73.24875],[-116.31100585937502,73.249609375],[-116.3093359375,73.25093749999999],[-116.307333984375,73.25273437499999],[-116.305,73.255],[-116.295,73.26500000000001],[-116.292607421875,73.26726562500001],[-116.2904296875,73.26906250000002],[-116.28846679687501,73.270390625],[-116.28671875,73.27125000000001],[-116.28015625000002,73.27375],[-116.27826171875002,73.27437500000002],[-116.27585937500001,73.275],[-116.27294921875003,73.275625],[-116.26953125000001,73.27625],[-116.25484375,73.27875],[-116.25091796875002,73.279375],[-116.24648437500001,73.28],[-116.24154296875,73.280625],[-116.23609375000001,73.28125],[-116.21328125000001,73.28375],[-116.20732421875002,73.28437500000001],[-116.20085937500001,73.285],[-116.19388671875001,73.285625],[-116.18640625,73.28625],[-116.15546875000003,73.28875],[-116.14432617187502,73.289609375],[-116.12636718750002,73.29093749999998],[-116.10159179687503,73.29273437499998],[-116.07000000000002,73.29499999999999],[-115.92999999999998,73.305],[-115.89840820312499,73.307265625],[-115.87363281249999,73.30906250000001],[-115.85567382812496,73.310390625],[-115.84453124999997,73.31125],[-115.81359375,73.31375],[-115.80611328125,73.314375],[-115.79914062499998,73.315],[-115.79267578124998,73.315625],[-115.78671874999999,73.31625],[-115.76390624999998,73.31875],[-115.75845703124997,73.319375],[-115.75351562499998,73.32],[-115.74908203124998,73.32062499999999],[-115.74515624999998,73.32124999999999],[-115.73046874999999,73.32375],[-115.72705078124997,73.324375],[-115.72414062499999,73.325],[-115.72173828124998,73.325625],[-115.71984374999998,73.32625],[-115.71328125,73.32875],[-115.71153320312499,73.329609375],[-115.70957031249999,73.3309375],[-115.707392578125,73.332734375],[-115.705,73.33500000000001],[-115.695,73.345],[-115.69267578125,73.34726562499999],[-115.690703125,73.3490625],[-115.68908203125001,73.35039062499999],[-115.6878125,73.35125],[-115.68343750000001,73.35374999999999],[-115.6822265625,73.35437499999999],[-115.68078125000001,73.35499999999999],[-115.67910156250002,73.35562499999999],[-115.67718750000002,73.35624999999999],[-115.6690625,73.35874999999999],[-115.66691406250001,73.35937499999999],[-115.66453125000001,73.36],[-115.66191406249999,73.360625],[-115.6590625,73.36125],[-115.64718750000002,73.36375000000001],[-115.64410156250003,73.36437500000001],[-115.64078125000002,73.36500000000001],[-115.63722656250002,73.36562500000001],[-115.63343750000001,73.36625000000001],[-115.61781250000001,73.36875],[-115.61220703125002,73.36960937500001],[-115.60320312500002,73.3709375],[-115.59080078125001,73.372734375],[-115.57500000000002,73.375],[-115.50500000000001,73.385],[-115.48911132812502,73.387333984375],[-115.47644531250002,73.38933593750001],[-115.467001953125,73.39100585937501],[-115.46078125000001,73.39234375000001],[-115.44234375,73.39703125],[-115.43767578125002,73.39833984375001],[-115.432890625,73.399921875],[-115.42798828125001,73.40177734375001],[-115.42296875,73.40390625],[-115.40265625,73.41296875],[-115.39751953125001,73.41537109375],[-115.39226562500001,73.418046875],[-115.38689453125001,73.42099609375],[-115.38140625,73.42421875],[-115.35921875000003,73.43765625],[-115.35361328125002,73.44115234375],[-115.34789062500002,73.444921875],[-115.34205078125002,73.44896484375],[-115.33609375000002,73.45328125],[-115.31203125000002,73.47109375],[-115.30364257812502,73.477490234375],[-115.29050781250001,73.4877734375],[-115.27262695312501,73.50194335937499],[-115.25,73.52],[-115.14999999999999,73.60000000000001],[-115.12717773437498,73.61804687500002],[-115.10871093749999,73.6321875],[-115.094599609375,73.64242187500001],[-115.08484374999999,73.64875],[-115.05453125,73.66624999999999],[-115.04662109374999,73.67046875],[-115.03804687499999,73.674375],[-115.02880859374997,73.67796874999999],[-115.01890624999999,73.68124999999999],[-114.97796875000002,73.69375],[-114.96740234375002,73.69671874999999],[-114.95617187500001,73.69937499999999],[-114.94427734375003,73.70171875],[-114.93171875000002,73.70374999999999],[-114.88015625,73.71125],[-114.86693359375,73.71296875],[-114.85304687500002,73.714375],[-114.83849609375001,73.71546875],[-114.82328125000001,73.71625],[-114.76109375,73.71875],[-114.739052734375,73.719296875],[-114.70402343750001,73.71968749999999],[-114.656005859375,73.719921875],[-114.595,73.72],[-114.325,73.72],[-114.264013671875,73.720078125],[-114.21605468749999,73.7203125],[-114.181123046875,73.720703125],[-114.15921875,73.72125],[-114.09765625,73.72375],[-114.08263671875,73.72453125],[-114.068359375,73.725625],[-114.05482421875001,73.72703125],[-114.04203125000001,73.72874999999999],[-113.99234375,73.73624999999998],[-113.98029296875,73.73828124999999],[-113.96898437499999,73.740625],[-113.95841796875001,73.74328125],[-113.94859375000001,73.74624999999999],[-113.91078124999999,73.75874999999999],[-113.90169921874998,73.76203124999999],[-113.89335937499999,73.76562499999999],[-113.88576171874999,73.76953124999999],[-113.87890625,73.77374999999999],[-113.85296875,73.79124999999999],[-113.84479492187499,73.79757812499999],[-113.8332421875,73.8078125],[-113.818310546875,73.821953125],[-113.8,73.83999999999999],[-113.72,73.92],[-113.701083984375,73.938046875],[-113.6843359375,73.9521875],[-113.66975585937499,73.96242187499999],[-113.65734375,73.96875],[-113.61203124999999,73.98624999999998],[-113.59912109374997,73.99046874999998],[-113.58304687499998,73.99437499999999],[-113.56380859374998,73.99796874999998],[-113.54140624999998,74.00124999999998],[-113.44546875,74.01374999999999],[-113.41990234375001,74.01671874999998],[-113.391171875,74.01937499999998],[-113.35927734375,74.02171874999998],[-113.32421875,74.02374999999998],[-113.17765624999997,74.03125],[-113.13943359374997,74.03296875000001],[-113.09804687499998,74.034375],[-113.05349609374997,74.03546875],[-113.00578124999997,74.03625],[-112.80859374999997,74.03875],[-112.73764648437498,74.03929687499999],[-112.62339843749999,74.03968749999999],[-112.46584960937498,74.03992187499999],[-112.26499999999999,74.03999999999999],[-111.375,74.03999999999999],[-111.17421875,74.040009765625],[-111.016875,74.0400390625],[-110.90296875000001,74.04008789062499],[-110.83250000000001,74.04015625],[-110.6375,74.04046875],[-110.59046875,74.04056640625001],[-110.546875,74.040703125],[-110.50671875,74.04087890624999],[-110.47,74.04109374999999],[-110.33,74.04203125],[-110.29671875,74.04228515625],[-110.266875,74.04257812499999],[-110.24046874999999,74.04291015624999],[-110.2175,74.04328124999999],[-110.1325,74.04484375],[-110.11296875,74.04525390625001],[-110.096875,74.04570312499999],[-110.08421874999999,74.04619140624999],[-110.07499999999999,74.04671875],[-110.04500000000002,74.04890624999999],[-110.03812500000002,74.049697265625],[-110.0325,74.0509765625],[-110.02812500000002,74.05274414062498],[-110.025,74.05499999999999],[-110.01499999999999,74.065],[-110.01231445312499,74.06725585937501],[-110.00925781249998,74.0690234375],[-110.00583007812499,74.07030273437499],[-110.00203124999999,74.07109374999999],[-109.98609375,74.07328125],[-109.98126953124999,74.07380859374999],[-109.97476562499999,74.07429687499999],[-109.96658203125,74.07474609375],[-109.95671875,74.07515624999999],[-109.91390625,74.07671875],[-109.90236328125,74.07708984375002],[-109.889140625,74.077421875],[-109.87423828125,74.07771484374999],[-109.85765625,74.07796875],[-109.78796874999999,74.07890625],[-109.76970703125,74.07912109375],[-109.749765625,74.079296875],[-109.72814453125,74.07943359375],[-109.70484375,74.07953125],[-109.60828125,74.07984375000001],[-109.573408203125,74.079912109375],[-109.51707031250001,74.0799609375],[-109.439267578125,74.079990234375],[-109.34,74.08],[-108.9,74.08],[-108.800703125,74.0800390625],[-108.7228125,74.08015625],[-108.666328125,74.0803515625],[-108.63125000000001,74.080625],[-108.53375000000001,74.08187500000001],[-108.51015625000002,74.082265625],[-108.48812500000001,74.08281250000002],[-108.46765625000002,74.08351562500002],[-108.44875000000002,74.08437500000001],[-108.37625,74.088125],[-108.35890625,74.08914062500001],[-108.34312499999999,74.0903125],[-108.32890624999999,74.091640625],[-108.31625,74.093125],[-108.26875000000001,74.09937500000001],[-108.25765625000001,74.101015625],[-108.248125,74.1028125],[-108.24015625,74.104765625],[-108.23375,74.106875],[-108.21125,74.11562500000001],[-108.20507812500001,74.11878906250001],[-108.19781250000001,74.12390625],[-108.18945312500001,74.1309765625],[-108.18,74.14],[-108.14,74.18],[-108.12974609375,74.18902343750001],[-108.118984375,74.19609375],[-108.10771484375,74.20121093750001],[-108.0959375,74.20437500000001],[-108.04781249999999,74.213125],[-108.03339843749998,74.215234375],[-108.01421875,74.21718750000002],[-107.99027343749998,74.21898437500002],[-107.96156249999999,74.22062500000001],[-107.8371875,74.226875],[-107.8037109375,74.228359375],[-107.76546875,74.22968750000001],[-107.7224609375,74.230859375],[-107.6746875,74.231875],[-107.4740625,74.23562500000001],[-107.4215234375,74.23648437500002],[-107.36421875,74.23718750000002],[-107.3021484375,74.237734375],[-107.2353125,74.23812500000001],[-106.9584375,74.23937500000001],[-106.85849609375,74.23964843750001],[-106.697109375,74.23984375],[-106.47427734375,74.2399609375],[-106.19,74.24000000000001],[-104.92999999999999,74.24000000000001],[-104.64575195312499,74.240009765625],[-104.42300781249999,74.24003906250002],[-104.26176757812499,74.240087890625],[-104.16203125,74.24015625000001],[-103.88609375,74.24046875],[-103.81955078125,74.24056640625],[-103.757890625,74.24070312500001],[-103.70111328125,74.24087890625],[-103.64921874999999,74.24109375],[-103.45140625,74.24203125000001],[-103.40439453124999,74.24228515625],[-103.36226562499999,74.24257812500001],[-103.32501953124999,74.24291015625],[-103.29265625,74.24328125000001],[-103.17296875,74.24484375],[-103.14548828125001,74.24525390625],[-103.122890625,74.245703125],[-103.10517578125001,74.24619140625],[-103.09234375,74.24671875],[-103.05078125,74.24890625],[-103.04137695312501,74.249697265625],[-103.03394531250001,74.2509765625],[-103.02848632812501,74.252744140625],[-103.025,74.255],[-103.01499999999999,74.26500000000001],[-103.01162109374998,74.26725585937501],[-103.00648437499999,74.26902343750001],[-102.99958984374999,74.27030273437501],[-102.99093749999999,74.27109375],[-102.9528125,74.27328125],[-102.94105468749999,74.27380859374999],[-102.92484375000001,74.274296875],[-102.9041796875,74.27474609375],[-102.8790625,74.27515625000001],[-102.76968749999999,74.27671875],[-102.74011718749999,74.27708984374999],[-102.70609375,74.277421875],[-102.66761718749999,74.27771484375],[-102.6246875,74.27796875],[-102.4440625,74.27890625],[-102.3966796875,74.27912109374999],[-102.34484375,74.279296875],[-102.2885546875,74.27943359374999],[-102.2278125,74.27953124999999],[-101.97593749999999,74.27984375],[-101.88490234374999,74.279912109375],[-101.73773437499999,74.2799609375],[-101.53443359374998,74.27999023437499],[-101.27499999999999,74.28],[-100.125,74.28],[-99.86556640625,74.279990234375],[-99.662265625,74.2799609375],[-99.51509765624999,74.279912109375],[-99.42406249999999,74.27984375],[-99.1721875,74.27953124999999],[-99.1114453125,74.27943359375],[-99.05515625000001,74.279296875],[-99.0033203125,74.27912109375],[-98.9559375,74.27890625],[-98.77531249999998,74.27796875],[-98.73238281249998,74.27771484375],[-98.69390624999998,74.277421875],[-98.65988281249997,74.27708984374999],[-98.63031249999999,74.27671875],[-98.5209375,74.27515625000001],[-98.4958203125,74.27474609375001],[-98.47515625,74.274296875],[-98.4589453125,74.27380859375],[-98.4471875,74.27328125],[-98.4090625,74.27109375],[-98.40041015625,74.27030273437501],[-98.39351562499999,74.26902343750001],[-98.38837890625001,74.26725585937501],[-98.385,74.26500000000001],[-98.37499999999999,74.255],[-98.37217773437499,74.252744140625],[-98.36871093749998,74.2509765625],[-98.36459960937498,74.249697265625],[-98.35984374999998,74.24890625],[-98.33953125,74.24671875],[-98.33333984374998,74.24619140624999],[-98.324921875,74.245703125],[-98.31427734374998,74.24525390625],[-98.30140624999999,74.24484375],[-98.24546875,74.24328125000001],[-98.23037109375001,74.24291015625],[-98.213046875,74.24257812500001],[-98.19349609375001,74.24228515625],[-98.17171875000001,74.24203125000001],[-98.08015624999999,74.24109375],[-98.05615234375,74.24087890625],[-98.02992187499999,74.24070312500001],[-98.00146484374999,74.24056640625],[-97.97078124999999,74.24046875],[-97.84359375000001,74.24015625000001],[-97.79764648437501,74.24008789062502],[-97.72339843750001,74.24003906250002],[-97.620849609375,74.24000976562502],[-97.49000000000001,74.24000000000001],[-96.91,74.24000000000001],[-96.77915039062499,74.23999023437501],[-96.6766015625,74.2399609375],[-96.602353515625,74.23991210937501],[-96.55640625000001,74.23984375],[-96.42921875,74.23953125000001],[-96.39853515625,74.23943359375002],[-96.370078125,74.23929687500001],[-96.34384765625,74.23912109375001],[-96.31984375,74.23890625000001],[-96.22828125000001,74.23796875000001],[-96.20650390625,74.23771484375001],[-96.186953125,74.23742187500001],[-96.16962890625001,74.23708984375001],[-96.15453125,74.23671875000001],[-96.09859375,74.23515625],[-96.08572265625,74.23474609375],[-96.075078125,74.234296875],[-96.06666015625001,74.23380859375001],[-96.06046875000001,74.23328125],[-96.04015625000001,74.23109375],[-96.03540039062501,74.23030273437499],[-96.03128906250001,74.22902343749999],[-96.027822265625,74.22725585937499],[-96.025,74.225],[-96.01499999999999,74.215],[-96.01159179687498,74.212744140625],[-96.00636718749999,74.21097656250001],[-95.999326171875,74.20969726562501],[-95.99046874999999,74.20890625000001],[-95.95140624999999,74.20671875000002],[-95.93935546875,74.20619140625003],[-95.92273437499999,74.20570312500001],[-95.90154296875,74.20525390625002],[-95.87578124999999,74.20484375000001],[-95.76359375,74.20328125],[-95.73326171875001,74.20291015625],[-95.698359375,74.202578125],[-95.65888671875001,74.20228515625001],[-95.61484375,74.20203125],[-95.42953125,74.20109375],[-95.38091796874998,74.20087890625],[-95.327734375,74.20070312499999],[-95.26998046874999,74.20056640625],[-95.20765625,74.20046875],[-94.94921875,74.20015625],[-94.855810546875,74.200087890625],[-94.7048046875,74.2000390625],[-94.49620117187499,74.200009765625],[-94.22999999999999,74.2],[-93.05,74.2],[-92.78376953125,74.2000390625],[-92.575078125,74.20015625],[-92.42392578125,74.2003515625],[-92.3303125,74.200625],[-92.07093750000001,74.201875],[-92.00832031250002,74.20226562500001],[-91.95015625000002,74.2028125],[-91.8964453125,74.203515625],[-91.8471875,74.204375],[-91.6590625,74.20812500000001],[-91.6142578125,74.209140625],[-91.57390625,74.2103125],[-91.5380078125,74.211640625],[-91.5065625,74.213125],[-91.38968750000001,74.21937500000001],[-91.36269531250001,74.22101562500002],[-91.34015625000002,74.2228125],[-91.32207031250002,74.224765625],[-91.30843750000001,74.226875],[-91.26281250000001,74.23562500000001],[-91.25158203125001,74.2387890625],[-91.24070312500001,74.24390625000001],[-91.23017578125001,74.2509765625],[-91.22,74.26],[-91.18,74.3],[-91.17095703125001,74.30902343749999],[-91.16382812500001,74.31609375],[-91.15861328125001,74.32121093749998],[-91.15531250000001,74.32437499999999],[-91.14593749999997,74.333125],[-91.14363281249997,74.335234375],[-91.14140624999999,74.3371875],[-91.13925781249998,74.338984375],[-91.13718749999998,74.34062499999999],[-91.1290625,74.346875],[-91.1270703125,74.348359375],[-91.12515625,74.3496875],[-91.1233203125,74.350859375],[-91.1215625,74.35187499999999],[-91.1146875,74.355625],[-91.1130078125,74.356484375],[-91.11140625000002,74.35718750000001],[-91.1098828125,74.357734375],[-91.10843750000001,74.358125],[-91.10281249999998,74.359375],[-91.10095703124999,74.35964843749998],[-91.09820312499998,74.35984375],[-91.09455078124999,74.3599609375],[-91.08999999999999,74.36],[-91.07,74.36],[-91.06547851562499,74.36000976562501],[-91.0619140625,74.3600390625],[-91.05930664062501,74.360087890625],[-91.05765625000001,74.36015624999999],[-91.05296875,74.36046875],[-91.05181640625001,74.36056640625],[-91.050703125,74.360703125],[-91.04962890625,74.36087890625001],[-91.04859375000001,74.36109375],[-91.04453124999998,74.36203125],[-91.04353515624997,74.36228515625],[-91.04257812499998,74.362578125],[-91.04166015624997,74.36291015625],[-91.04078124999998,74.36328125],[-91.03734374999999,74.36484374999999],[-91.03650390625,74.36525390624999],[-91.035703125,74.36570312499998],[-91.03494140625,74.36619140625],[-91.03421875000001,74.36671874999999],[-91.03140625,74.36890625000001],[-91.03047851562502,74.369697265625],[-91.02910156249999,74.3709765625],[-91.02727539062501,74.372744140625],[-91.025,74.375],[-91.01499999999999,74.385],[-91.01138671874997,74.387255859375],[-91.005546875,74.38902343750001],[-90.99748046874998,74.39030273437501],[-90.98718749999999,74.39109375000001],[-90.94156249999999,74.39328125],[-90.92746093749999,74.39380859375001],[-90.90796874999998,74.39429687500001],[-90.8830859375,74.39474609375],[-90.8528125,74.39515625000001],[-90.7209375,74.39671875],[-90.6852734375,74.39708984375001],[-90.64421875,74.397421875],[-90.59777343750001,74.39771484375001],[-90.54593750000001,74.39796875],[-90.3278125,74.39890625000001],[-90.27058593749999,74.39912109375001],[-90.20796874999999,74.399296875],[-90.1399609375,74.39943359374999],[-90.0665625,74.39953125],[-89.7621875,74.39984375],[-89.65216796874999,74.39991210937501],[-89.474296875,74.3999609375],[-89.22857421875,74.399990234375],[-88.91499999999999,74.4],[-87.525,74.4],[-87.211328125,74.3999609375],[-86.96531250000001,74.39984375],[-86.786953125,74.3996484375],[-86.67625000000001,74.399375],[-86.36874999999999,74.39812500000001],[-86.29437499999999,74.39773437500001],[-86.225,74.3971875],[-86.16062499999998,74.396484375],[-86.10125,74.39562500000001],[-85.87375,74.39187500000001],[-85.819375,74.390859375],[-85.76999999999998,74.38968750000002],[-85.725625,74.38835937500002],[-85.68625,74.38687500000002],[-85.53875,74.38062500000001],[-85.504375,74.37898437500002],[-85.475,74.37718750000002],[-85.45062499999999,74.37523437500002],[-85.43124999999999,74.37312500000002],[-85.36375000000001,74.36437500000001],[-85.34554687500001,74.3612109375],[-85.32468750000001,74.35609375000001],[-85.301171875,74.34902343750001],[-85.275,74.34],[-85.16499999999999,74.30000000000001],[-85.139072265625,74.2909765625],[-85.11628906249999,74.28390625],[-85.09665039062499,74.27878906250001],[-85.08015624999999,74.275625],[-85.02046874999999,74.266875],[-85.00353515625,74.26476562500001],[-84.982578125,74.2628125],[-84.95759765625,74.261015625],[-84.92859375,74.259375],[-84.80453125,74.253125],[-84.77150390625,74.251640625],[-84.734453125,74.2503125],[-84.69337890624999,74.249140625],[-84.64828125,74.248125],[-84.45984375,74.244375],[-84.41072265625,74.243515625],[-84.357578125,74.2428125],[-84.30041015625,74.24226562500002],[-84.23921874999999,74.24187500000001],[-83.98640624999999,74.24062500000001],[-83.89547851562499,74.24035156250001],[-83.74910156249999,74.24015625000001],[-83.54727539062499,74.24003906250002],[-83.28999999999999,74.24000000000001],[-82.15,74.24000000000001],[-81.892724609375,74.23996093750002],[-81.69089843750001,74.23984375],[-81.544521484375,74.23964843750001],[-81.45359375000001,74.23937500000001],[-81.20078125,74.23812500000001],[-81.13958984375,74.23773437500002],[-81.082421875,74.23718750000002],[-81.02927734375,74.236484375],[-80.98015625,74.23562500000001],[-80.79171875,74.231875],[-80.74662109375,74.23085937500001],[-80.705546875,74.22968750000001],[-80.66849609375,74.22835937500001],[-80.63546875,74.226875],[-80.51140625,74.220625],[-80.48240234375,74.218984375],[-80.457421875,74.2171875],[-80.43646484375,74.215234375],[-80.41953125,74.213125],[-80.35984375000001,74.204375],[-80.34334960937501,74.20121093750001],[-80.32371093750001,74.19609375],[-80.300927734375,74.18902343750001],[-80.275,74.18],[-80.16499999999999,74.14],[-80.140087890625,74.1309765625],[-80.12035156249999,74.12390625],[-80.10579101562499,74.1187890625],[-80.09640625,74.115625],[-80.06921875,74.106875],[-80.06244140625002,74.104765625],[-80.05570312500001,74.1028125],[-80.04900390625,74.101015625],[-80.04234375,74.099375],[-80.01578125,74.093125],[-80.00916015625,74.091640625],[-80.002578125,74.0903125],[-79.99603515625,74.089140625],[-79.98953125,74.088125],[-79.96359375,74.08437500000001],[-79.95712890625,74.08351562500002],[-79.950703125,74.08281250000002],[-79.94431640625001,74.082265625],[-79.93796875000001,74.08187500000001],[-79.91265625,74.080625],[-79.903994140625,74.0803515625],[-79.89066406250001,74.08015625],[-79.872666015625,74.0800390625],[-79.85,74.08],[-79.75,74.08],[-79.72739257812499,74.079951171875],[-79.70957031249999,74.0798046875],[-79.696533203125,74.079560546875],[-79.68828124999999,74.07921875],[-79.66484374999999,74.07765625],[-79.65908203125,74.07716796875],[-79.65351562499998,74.076484375],[-79.64814453124998,74.07560546875001],[-79.64296875,74.07453125],[-79.62265624999999,74.06984374999999],[-79.61767578124999,74.06857421875],[-79.612890625,74.067109375],[-79.60830078125,74.06544921874999],[-79.60390625,74.06359375],[-79.58671875,74.05578125],[-79.58251953125001,74.05373046874999],[-79.578515625,74.051484375],[-79.57470703125,74.04904296875],[-79.57109375,74.04640624999999],[-79.55703125,74.03546875],[-79.552392578125,74.03151367187502],[-79.54550781249999,74.0251171875],[-79.536376953125,74.016279296875],[-79.52499999999999,74.005],[-79.475,73.95499999999998],[-79.46291015624999,73.94372070312498],[-79.45164062499998,73.93488281249999],[-79.44119140624998,73.92848632812499],[-79.43156249999998,73.92453124999999],[-79.39468749999999,73.91359374999999],[-79.38394531249999,73.91095703124998],[-79.37015625,73.90851562499998],[-79.35332031249999,73.90626953124999],[-79.33343749999999,73.90421874999998],[-79.24781249999998,73.89640625],[-79.22488281249998,73.89455078125],[-79.19890624999998,73.892890625],[-79.16988281249999,73.89142578125],[-79.13781249999998,73.89015625],[-79.00343749999999,73.88546874999999],[-78.9683203125,73.88439453125],[-78.93015624999998,73.883515625],[-78.8889453125,73.88283203124999],[-78.84468749999999,73.88234374999999],[-78.66156249999999,73.88078125],[-78.59556640624999,73.880439453125],[-78.489140625,73.88019531249999],[-78.34228515625,73.880048828125],[-78.155,73.88],[-77.32499999999999,73.88],[-77.1375390625,73.879921875],[-76.99015625,73.87968749999999],[-76.8828515625,73.879296875],[-76.815625,73.87875],[-76.626875,73.87624999999998],[-76.580859375,73.87546874999998],[-76.53718749999999,73.87437499999999],[-76.495859375,73.87296874999998],[-76.456875,73.87124999999999],[-76.30562499999999,73.86375],[-76.26898437499999,73.86171875],[-76.23468749999999,73.859375],[-76.202734375,73.85671875],[-76.173125,73.85374999999999],[-76.05937499999999,73.84125],[-76.032109375,73.83796875],[-76.00718749999999,73.834375],[-75.98460937499999,73.83046875],[-75.96437499999999,73.82625],[-75.888125,73.80874999999999],[-75.86425781249999,73.802421875],[-75.83078125,73.7921875],[-75.7876953125,73.778046875],[-75.735,73.75999999999999],[-75.505,73.68],[-75.45308593749999,73.661953125],[-75.41234374999999,73.6478125],[-75.38277343749999,73.637578125],[-75.364375,73.63125],[-75.313125,73.61375],[-75.300703125,73.60953125],[-75.2890625,73.60562499999999],[-75.278203125,73.60203125],[-75.268125,73.59875],[-75.229375,73.58625],[-75.22007812500001,73.58328125000001],[-75.2115625,73.580625],[-75.203828125,73.57828125],[-75.196875,73.57625],[-75.170625,73.56875],[-75.164453125,73.56703125],[-75.1590625,73.565625],[-75.154453125,73.56453125],[-75.15062499999999,73.56375],[-75.136875,73.56125],[-75.13292968750001,73.560703125],[-75.12796875,73.56031250000001],[-75.1219921875,73.56007812499999],[-75.115,73.56],[-75.085,73.56],[-75.07822265624999,73.55999023437501],[-75.07289062499999,73.5599609375],[-75.06900390625,73.559912109375],[-75.06656249999999,73.55984375],[-75.0596875,73.55953125],[-75.0580078125,73.55943359375],[-75.05640625,73.559296875],[-75.0548828125,73.55912109375001],[-75.0534375,73.55890625],[-75.04781249999999,73.55796875],[-75.0464453125,73.55771484375],[-75.04515624999999,73.557421875],[-75.0439453125,73.55708984374999],[-75.0428125,73.55671875],[-75.03843749999999,73.55515625],[-75.0373828125,73.55474609375],[-75.03640625,73.55429687499999],[-75.03550781249999,73.55380859375],[-75.03468749999999,73.55328125],[-75.0315625,73.55109374999999],[-75.03056640625002,73.550302734375],[-75.029140625,73.54902343749998],[-75.02728515625,73.54725585937499],[-75.025,73.54499999999999],[-75.01499999999999,73.535],[-75.01269531249999,73.53273437499999],[-75.01078125,73.5309375],[-75.00925781249998,73.529609375],[-75.00812499999999,73.52875],[-75.004375,73.52625],[-75.003359375,73.525625],[-75.00218749999999,73.52499999999999],[-75.000859375,73.52437499999999],[-74.999375,73.52374999999999],[-74.99312499999999,73.52125],[-74.99148437499998,73.520625],[-74.9896875,73.52],[-74.987734375,73.519375],[-74.985625,73.51875],[-74.97687499999999,73.51625],[-74.974609375,73.515625],[-74.9721875,73.515],[-74.969609375,73.514375],[-74.966875,73.51375],[-74.955625,73.51125],[-74.9516015625,73.51039062500001],[-74.94515625,73.5090625],[-74.93628906250001,73.507265625],[-74.92500000000001,73.50500000000001],[-74.875,73.49499999999999],[-74.863701171875,73.492724609375],[-74.85480468749999,73.4908984375],[-74.84831054687498,73.48952148437499],[-74.84421875,73.48859374999999],[-74.83265624999999,73.48578125],[-74.82982421874999,73.48505859375],[-74.82710937499999,73.484296875],[-74.82451171874999,73.48349609374999],[-74.82203125,73.48265624999999],[-74.81234375,73.47921875],[-74.80998046874998,73.47833984375],[-74.807734375,73.477421875],[-74.80560546875,73.47646484375],[-74.80359375,73.47546875],[-74.79578125,73.47140625],[-74.79388671875002,73.47037109375],[-74.792109375,73.46929687500001],[-74.79044921875,73.46818359375001],[-74.78890625,73.46703125000002],[-74.78296875000001,73.46234375],[-74.78104492187501,73.460693359375],[-74.7782421875,73.4580859375],[-74.774560546875,73.45452148437501],[-74.77,73.45],[-74.75,73.43],[-74.7453125,73.42548828125001],[-74.74125,73.421953125],[-74.73781249999999,73.41939453124999],[-74.73499999999999,73.4178125],[-74.725,73.41343750000001],[-74.7221875,73.41238281250001],[-74.71875,73.41140625000001],[-74.7146875,73.41050781250001],[-74.71000000000001,73.40968750000002],[-74.69,73.4065625],[-74.6846875,73.40582031250001],[-74.67875000000001,73.40515625],[-74.6721875,73.4045703125],[-74.665,73.40406250000001],[-74.63499999999999,73.4021875],[-74.62718749999999,73.4017578125],[-74.61874999999999,73.40140625000001],[-74.60968749999999,73.40113281250001],[-74.6,73.4009375],[-74.55999999999999,73.40031250000001],[-74.54562499999999,73.40017578125001],[-74.5225,73.40007812500001],[-74.490625,73.40001953125],[-74.44999999999999,73.4],[-74.27000000000001,73.4],[-74.22917968750002,73.39978515625],[-74.19671875,73.399140625],[-74.17261718750001,73.39806640625],[-74.15687500000001,73.3965625],[-74.110625,73.38968750000001],[-74.09898437500001,73.3875390625],[-74.0871875,73.38453125000001],[-74.07523437500001,73.38066406249999],[-74.06312500000001,73.37593749999999],[-74.014375,73.3553125],[-74.002109375,73.3497265625],[-73.9896875,73.34328124999999],[-73.977109375,73.3359765625],[-73.964375,73.3278125],[-73.91312500000001,73.29343750000001],[-73.90023437500001,73.2844140625],[-73.88718750000001,73.27453125000001],[-73.873984375,73.2637890625],[-73.860625,73.2521875],[-73.806875,73.2040625],[-73.7882421875,73.18666015625],[-73.75921875,73.158515625],[-73.7198046875,73.11962890625],[-73.67,73.07000000000001],[-73.45,72.85000000000001],[-73.399375,72.80037109375002],[-73.3575,72.76148437500001],[-73.324375,72.73333984375],[-73.30000000000001,72.71593750000001],[-73.22,72.66781250000001],[-73.1984375,72.65621093750002],[-73.17375000000001,72.64546875000002],[-73.1459375,72.63558593750001],[-73.11500000000001,72.6265625],[-72.985,72.59218750000001],[-72.9509375,72.58402343750001],[-72.91375,72.57671875],[-72.8734375,72.5702734375],[-72.83,72.5646875],[-72.65,72.5440625],[-72.6034375,72.5393359375],[-72.55375000000001,72.53546874999999],[-72.50093749999999,72.53246093749999],[-72.445,72.5303125],[-72.215,72.5234375],[-72.1328125,72.52193359374999],[-72.00125,72.520859375],[-71.8203125,72.52021484375],[-71.59,72.52],[-70.57,72.52],[-70.33905273437499,72.519169921875],[-70.15621093749999,72.5166796875],[-70.021474609375,72.512529296875],[-69.93484375,72.50671875],[-69.68453125,72.48015625],[-69.62224609375,72.47185546875],[-69.560546875,72.460234375],[-69.49943359375,72.44529296875],[-69.43890625,72.42703125],[-69.19796874999999,72.34734375000001],[-69.13802734374998,72.32576171875002],[-69.07867187499998,72.300859375],[-69.01990234374999,72.27263671875001],[-68.96171874999999,72.24109375],[-68.73015625,72.10828125],[-68.67255859374998,72.07341796875001],[-68.61554687499999,72.035234375],[-68.55912109375,71.99373046875002],[-68.50328124999999,71.94890625000001],[-68.28109375,71.76296875],[-68.20530273437498,71.695732421875],[-68.08902343749999,71.5869921875],[-67.93225585937499,71.43674804687501],[-67.73499999999999,71.245],[-66.86500000000001,70.395],[-66.6683984375,70.203251953125],[-66.51359375000001,70.0530078125],[-66.40058593750001,69.944267578125],[-66.329375,69.87703125],[-66.12812500000001,69.69109375000001],[-66.078828125,69.64626953125001],[-66.0315625,69.604765625],[-65.986328125,69.56658203125001],[-65.94312500000001,69.53171875000001],[-65.77437499999999,69.39890625000001],[-65.73320312499999,69.36736328125001],[-65.6940625,69.33914062500001],[-65.656953125,69.31423828125001],[-65.621875,69.29265625000001],[-65.485625,69.21296875],[-65.452578125,69.19470703124999],[-65.4215625,69.179765625],[-65.392578125,69.16814453125],[-65.365625,69.15984375],[-65.261875,69.13328125000001],[-65.22824218750002,69.127470703125],[-65.17921875,69.1233203125],[-65.1148046875,69.12083007812501],[-65.035,69.12],[-64.685,69.12],[-64.60600585937499,69.11998046875001],[-64.54402343749999,69.119921875],[-64.499052734375,69.11982421875001],[-64.47109375,69.1196875],[-64.39328125,69.11906250000001],[-64.37443359375,69.1188671875],[-64.356796875,69.11859375],[-64.34037109375001,69.11824218750002],[-64.32515625,69.11781250000001],[-64.26671875,69.1159375],[-64.25271484375,69.1154296875],[-64.239921875,69.11484375],[-64.22833984374999,69.11417968750001],[-64.21796875,69.1134375],[-64.17890625,69.1103125],[-64.16974609374999,69.1094921875],[-64.161796875,69.10859375],[-64.15505859375,69.1076171875],[-64.14953125,69.1065625],[-64.12984375,69.1021875],[-64.124287109375,69.10060546874999],[-64.1174609375,69.098046875],[-64.109365234375,69.09451171875],[-64.1,69.09],[-64.06,69.07],[-64.0508984375,69.06546874999998],[-64.04359375,69.061875],[-64.0380859375,69.05921875],[-64.034375,69.0575],[-64.023125,69.0525],[-64.020234375,69.05125],[-64.0171875,69.04999999999998],[-64.013984375,69.04874999999998],[-64.010625,69.04749999999999],[-63.99687499999999,69.04249999999999],[-63.99335937499999,69.04124999999999],[-63.98968749999999,69.03999999999999],[-63.98585937499999,69.03875],[-63.98187499999999,69.0375],[-63.965625,69.0325],[-63.961484375000005,69.03125],[-63.9571875,69.03],[-63.952734375000006,69.02875],[-63.948125000000005,69.0275],[-63.92937499999999,69.02250000000001],[-63.92277343749999,69.02078125000001],[-63.91234375,69.018125],[-63.8980859375,69.01453125],[-63.879999999999995,69.01],[-63.8,68.99],[-63.78192382812499,68.98546875],[-63.767695312499995,68.981875],[-63.75731445312499,68.97921875],[-63.75078124999999,68.9775],[-63.73234374999999,68.97250000000001],[-63.727832031249996,68.97125000000001],[-63.72351562499999,68.97],[-63.71939453124999,68.96875],[-63.71546874999999,68.9675],[-63.70015624999999,68.9625],[-63.69642578124999,68.96125],[-63.69289062499999,68.96000000000001],[-63.68955078124999,68.95875000000001],[-63.68640624999999,68.95750000000001],[-63.674218749999994,68.95250000000001],[-63.67126953125,68.95125],[-63.66851562499999,68.95],[-63.665957031249995,68.94875],[-63.66359374999999,68.9475],[-63.65453124999999,68.9425],[-63.65161132812499,68.94078125],[-63.64738281249999,68.938125],[-63.641845703125,68.93453125],[-63.635,68.93],[-63.605000000000004,68.91],[-63.598066406250005,68.905439453125],[-63.59226562500001,68.9017578125],[-63.58759765625,68.898955078125],[-63.5840625,68.89703125],[-63.572187500000005,68.89109375000001],[-63.568945312500006,68.88955078125],[-63.56515625,68.88789062500001],[-63.5608203125,68.88611328125],[-63.555937500000006,68.88421875],[-63.5353125,68.87640625],[-63.529882812500006,68.87439453125],[-63.52390625,68.87226562500001],[-63.5173828125,68.87001953125001],[-63.510312500000005,68.86765625000001],[-63.4809375,68.85796875],[-63.47332031250001,68.85548828125],[-63.46515625000001,68.852890625],[-63.4564453125,68.85017578125002],[-63.4471875,68.84734375000001],[-63.409062500000005,68.83578125],[-63.39541015625001,68.83168945312501],[-63.373515625,68.8251953125],[-63.34337890625001,68.81629882812501],[-63.30500000000001,68.805],[-63.13499999999999,68.755],[-63.09662109374999,68.743701171875],[-63.066484374999995,68.7348046875],[-63.04458984374999,68.72831054687501],[-63.03093749999999,68.72421875],[-62.9928125,68.71265625000001],[-62.983554687499996,68.70982421875001],[-62.97484375,68.70710937500002],[-62.9666796875,68.70451171875001],[-62.959062499999995,68.70203125],[-62.9296875,68.69234375],[-62.9226171875,68.68998046875001],[-62.916093749999995,68.687734375],[-62.9101171875,68.68560546875],[-62.9046875,68.68359375],[-62.8840625,68.67578125],[-62.879179687500006,68.67388671875],[-62.87484375,68.67210937499999],[-62.8710546875,68.67044921875],[-62.8678125,68.66890624999999],[-62.855937499999996,68.66296875],[-62.85240234375,68.661044921875],[-62.84773437499999,68.65824218750001],[-62.84193359375,68.654560546875],[-62.834999999999994,68.65],[-62.80499999999999,68.63],[-62.79809570312499,68.62544921874999],[-62.792382812499994,68.621796875],[-62.787861328125,68.61904296875],[-62.78453124999999,68.6171875],[-62.77359374999999,68.6115625],[-62.770644531249985,68.61011718750001],[-62.76726562499999,68.60859375000001],[-62.763457031249985,68.6069921875],[-62.75921874999999,68.6053125],[-62.74140624999999,68.5984375],[-62.736738281249984,68.5966796875],[-62.73164062499998,68.59484375],[-62.72611328124999,68.5929296875],[-62.72015624999999,68.5909375],[-62.69546874999999,68.58281249999999],[-62.68908203124999,68.58074218750001],[-62.682265624999985,68.57859375],[-62.67501953124999,68.5763671875],[-62.667343749999986,68.5740625],[-62.63578124999999,68.5646875],[-62.624501953124984,68.56138671875],[-62.606445312499986,68.55617187499999],[-62.58161132812499,68.54904296875],[-62.54999999999999,68.53999999999999],[-62.41,68.5],[-62.378388671875,68.49095703124999],[-62.3535546875,68.483828125],[-62.335498046875,68.47861328124999],[-62.32421875,68.4753125],[-62.29265625,68.4659375],[-62.28498046875,68.4636328125],[-62.277734375,68.46140625000001],[-62.27091796875,68.4592578125],[-62.264531250000005,68.4571875],[-62.239843750000006,68.4490625],[-62.23388671875,68.44707031249999],[-62.228359375000004,68.44515625],[-62.22326171875,68.44332031249999],[-62.218593750000004,68.4415625],[-62.200781250000006,68.4346875],[-62.19654296875,68.4330078125],[-62.192734375,68.43140625000001],[-62.18935546875,68.4298828125],[-62.186406250000005,68.4284375],[-62.17546875,68.42281249999999],[-62.172138671875,68.42095703125],[-62.1676171875,68.41820312499999],[-62.161904296874994,68.41455078125],[-62.155,68.41],[-62.125,68.39],[-62.118066406249994,68.385439453125],[-62.112265625,68.38175781249998],[-62.10759765625,68.37895507812499],[-62.1040625,68.37703124999999],[-62.092187499999994,68.37109375],[-62.0889453125,68.36955078125],[-62.08515625,68.367890625],[-62.080820312499995,68.36611328125],[-62.075937499999995,68.36421874999999],[-62.0553125,68.35640624999999],[-62.0498828125,68.35439453125],[-62.04390624999999,68.352265625],[-62.0373828125,68.35001953125],[-62.030312499999994,68.34765625],[-62.0009375,68.33796874999999],[-61.9933203125,68.33548828125],[-61.985156249999996,68.33289062499999],[-61.976445312500005,68.33017578124999],[-61.9671875,68.32734375],[-61.9290625,68.31578125],[-61.915410156250005,68.311689453125],[-61.89351562499999,68.30519531249999],[-61.86337890624999,68.296298828125],[-61.824999999999996,68.285],[-61.654999999999994,68.235],[-61.61662109375,68.223701171875],[-61.586484375,68.21480468749999],[-61.56458984374999,68.208310546875],[-61.55093749999999,68.20421875],[-61.512812499999995,68.19265625],[-61.5035546875,68.18982421875],[-61.494843749999994,68.187109375],[-61.4866796875,68.18451171875],[-61.4790625,68.18203125],[-61.449687499999996,68.17234375],[-61.4426171875,68.16998046875],[-61.43609375,68.16773437499998],[-61.43011718749999,68.16560546874999],[-61.42468749999999,68.16359374999999],[-61.404062499999995,68.15578124999999],[-61.399179687499995,68.15388671874999],[-61.39484374999999,68.152109375],[-61.391054687499995,68.15044921875],[-61.387812499999995,68.14890625],[-61.37593749999999,68.14296875],[-61.37240234375,68.141044921875],[-61.36773437499999,68.1382421875],[-61.361933593749995,68.13456054687501],[-61.355,68.13],[-61.325,68.11],[-61.318173828125005,68.105478515625],[-61.3126953125,68.1019140625],[-61.308564453125,68.099306640625],[-61.30578125,68.09765625],[-61.29734375,68.09296875000001],[-61.29517578125,68.09181640625],[-61.292890625000005,68.090703125],[-61.290488281250006,68.08962890625],[-61.287968750000005,68.08859375],[-61.27765625,68.08453125],[-61.27501953125,68.08353515625001],[-61.272265625,68.082578125],[-61.26939453125,68.08166015625],[-61.26640625,68.08078125],[-61.25421875,68.07734375],[-61.25111328125,68.07650390625],[-61.247890625000004,68.075703125],[-61.24455078125,68.07494140625],[-61.24109375,68.07421875],[-61.227031249999996,68.07140625],[-61.222080078125,68.070478515625],[-61.214257812499994,68.0691015625],[-61.203564453125,68.067275390625],[-61.19,68.065],[-61.129999999999995,68.05499999999999],[-61.11529296875,68.05157226562498],[-61.10117187499999,68.0462890625],[-61.08763671874999,68.039150390625],[-61.074687499999996,68.03015624999999],[-61.02406249999999,67.99046874999999],[-61.00917968749999,67.97822265624998],[-60.98984374999999,67.961328125],[-60.96605468749999,67.93978515625],[-60.93781249999999,67.91359374999999],[-60.8159375,67.79953124999999],[-60.783242187499994,67.76869140624999],[-60.74609374999999,67.73320312499999],[-60.704492187499994,67.69306640624998],[-60.65843749999999,67.64828125],[-60.465312499999996,67.45984374999999],[-60.414804687499995,67.41041015625],[-60.359843749999996,67.356328125],[-60.30042968749999,67.29759765624999],[-60.23656249999999,67.23421875],[-59.97218749999999,66.97140625],[-59.876855468749994,66.876416015625],[-59.723046874999994,66.7228515625],[-59.51076171875,66.510712890625],[-59.239999999999995,66.24],[-58.03999999999999,65.03999999999999],[-57.769140624999984,64.769296875],[-57.556562499999984,64.5571875],[-57.40226562499999,64.403671875],[-57.30624999999999,64.30875],[-57.03874999999999,64.04625],[-56.97390624999999,63.98296875],[-56.913124999999994,63.92437500000001],[-56.85640624999999,63.87046875],[-56.803749999999994,63.821250000000006],[-56.60124999999999,63.633750000000006],[-56.55265624999999,63.58921875],[-56.50812499999999,63.549375],[-56.46765624999999,63.51421875],[-56.43124999999999,63.48375],[-56.293749999999996,63.37125],[-56.26140624999999,63.34546875],[-56.233124999999994,63.324375],[-56.20890624999999,63.30796875],[-56.18874999999999,63.29625],[-56.116249999999994,63.25875],[-56.09539062499999,63.250546875],[-56.069062499999994,63.244687500000005],[-56.03726562499999,63.241171875],[-55.99999999999999,63.24],[-55.83999999999999,63.24],[-55.80387695312499,63.23998046874999],[-55.77550781249999,63.239921875],[-55.75489257812499,63.23982421875],[-55.74203124999999,63.2396875],[-55.70609374999999,63.2390625],[-55.697363281249984,63.238867187500006],[-55.689140624999986,63.23859375000001],[-55.681425781249985,63.238242187500006],[-55.67421874999999,63.237812500000004],[-55.64640624999999,63.23593749999999],[-55.63970703124999,63.235429687499995],[-55.63351562499999,63.234843749999996],[-55.627832031249994,63.234179687499996],[-55.62265624999999,63.233437499999994],[-55.602968749999995,63.23031250000001],[-55.59830078124999,63.22949218750001],[-55.594140624999994,63.22859375],[-55.590488281249996,63.227617187500016],[-55.587343749999995,63.22656250000001],[-55.57578124999999,63.222187500000004],[-55.57231445312499,63.22060546875001],[-55.56769531249999,63.218046875000006],[-55.56192382812499,63.21451171875],[-55.55499999999999,63.21],[-55.525,63.19],[-55.518125,63.185458984374996],[-55.512499999999996,63.181835937500004],[-55.508125,63.179130859375],[-55.505,63.17734375],[-55.495,63.172031249999996],[-55.492343749999996,63.17068359374999],[-55.489374999999995,63.16929687499999],[-55.48609375,63.167871093749994],[-55.4825,63.166406249999994],[-55.4675,63.16046875],[-55.46359375,63.158964843750006],[-55.459374999999994,63.157421875],[-55.454843749999995,63.15583984375],[-55.45,63.15421875],[-55.43,63.14765625],[-55.42484375,63.14599609374999],[-55.419375,63.144296875],[-55.413593750000004,63.142558593749996],[-55.4075,63.140781249999996],[-55.38249999999999,63.133593749999996],[-55.37359375,63.131083984374996],[-55.359375,63.1271484375],[-55.33984375,63.12178710937499],[-55.315,63.114999999999995],[-55.205,63.085],[-55.17981445312499,63.077861328124996],[-55.1592578125,63.0714453125],[-55.143330078125,63.065751953125],[-55.13203125,63.060781250000005],[-55.096093749999994,63.04234375],[-55.08658203124999,63.03705078125],[-55.07601562499999,63.030390625],[-55.06439453124999,63.02236328125],[-55.05171874999999,63.01296875],[-54.99890624999999,62.97265625],[-54.98517578124999,62.96189453125],[-54.97039062499999,62.949765625],[-54.95455078124999,62.936269531250005],[-54.93765624999999,62.921406250000004],[-54.867968749999996,62.85921875],[-54.85001953125,62.842988281249994],[-54.83101562499999,62.825390625],[-54.81095703125,62.80642578125],[-54.789843749999996,62.78609375],[-54.703281249999996,62.70203125],[-54.672470703125,62.671767578125],[-54.6233203125,62.6230078125],[-54.555830078125,62.555751953125],[-54.47,62.47],[-54.089999999999996,62.089999999999996],[-54.00379882812499,62.00427734375],[-53.9351953125,61.93710937499999],[-53.884189453124996,61.88849609374999],[-53.85078125,61.858437499999994],[-53.75234375,61.775312500000005],[-53.72751953125,61.7552734375],[-53.702265624999995,61.73671875000001],[-53.67658203125001,61.7196484375],[-53.65046875,61.704062500000006],[-53.54515625,61.64468749999999],[-53.51861328125,61.630585937499994],[-53.491640625,61.617968749999996],[-53.46423828125,61.606835937499994],[-53.43640625,61.59718749999999],[-53.32421875,61.561562499999994],[-53.29595703125,61.55339843749999],[-53.267265625,61.54671875],[-53.23814453125,61.5415234375],[-53.20859375,61.5378125],[-53.08953125,61.5259375],[-53.048173828124995,61.52333984375],[-52.9836328125,61.521484375],[-52.895908203124996,61.52037109375],[-52.785,61.519999999999996],[-52.294999999999995,61.519999999999996],[-52.1841015625,61.519638671875],[-52.096406249999994,61.5185546875],[-52.03191406249999,61.516748046875],[-51.990624999999994,61.51421875],[-51.871875,61.50265625],[-51.842421875,61.499042968750004],[-51.8134375,61.493984375000004],[-51.784921874999995,61.48748046875],[-51.756875,61.47953125],[-51.645625,61.44484375],[-51.618046875000005,61.43544921875],[-51.5909375,61.424609375],[-51.564296875,61.41232421875],[-51.538125,61.39859375],[-51.434375,61.340781250000006],[-51.408671875,61.325605468750005],[-51.3834375,61.308984375],[-51.358671875,61.29091796875001],[-51.334375,61.271406250000005],[-51.238125,61.190468749999994],[-51.205507812499995,61.161201171875],[-51.15578125,61.1138671875],[-51.088945312499995,61.04846679687499],[-51.004999999999995,60.964999999999996],[-50.635000000000005,60.595],[-50.55151367187501,60.5115234375],[-50.48605468750001,60.446093749999996],[-50.43862304687501,60.3987109375],[-50.40921875000001,60.369375],[-50.32765624999999,60.288124999999994],[-50.30794921874999,60.268515625],[-50.289609375,60.25031249999999],[-50.27263671874999,60.233515624999995],[-50.25703125,60.21812499999999],[-50.19734375,60.159375000000004],[-50.18310546875001,60.145390625000005],[-50.170234375,60.1328125],[-50.15873046875001,60.121640625000005],[-50.14859375,60.111875000000005],[-50.11078125,60.075624999999995],[-50.10201171875,60.067265625],[-50.094609375000005,60.060312499999995],[-50.08857421875,60.054765624999995],[-50.08390625,60.050625],[-50.067968750000006,60.036875],[-50.063544921875,60.0333984375],[-50.0582421875,60.029843750000005],[-50.052060546875,60.0262109375],[-50.045,60.0225],[-50.0,60.0]]}},{"type":"Feature","properties":{"id":"nwp-rae-simpson","name":"Northwest Passage \u00b7 Rae / Simpson","category":"passage","status":"Documented passage \u00b7 ice constrained","summary":"Southern variant (3B) east and south of King William Island, near Gjoa Haven.","cargo":"Shallow-draft passage alternative.","season":"Seasonal and strongly vessel dependent.","waypoints":["Queen Maud Gulf","Simpson Strait","Rae Strait","James Ross Strait","Larsen Sound","Peel Sound","Lancaster Sound"],"constraints":["Shoals, narrow channels and draft restrictions.","Not interchangeable with deeper passage variants."],"sources":[{"title":"DRDC Canadian Arctic shipping routes \u00b7 Table 2-2 (2013)","url":"https://publications.gc.ca/collections/collection_2016/rddc-drdc/D68-3-065-2013-eng.pdf"},{"title":"Northwest Passage transit records \u00b7 through 2025","url":"https://thenorthwestpassage.info/transit-statistics"}],"geometry_method":"Hand-placed schematic waypoints; not AIS tracks, official corridor boundaries or a navigational chart. Sea segments follow an approximate land mask, with rounded display corners where the coast allows; no depth or ice routing is performed."},"geometry":{"type":"LineString","coordinates":[[-168.52,66.0],[-167.5525,66.9675],[-167.408466796875,67.11169921875],[-167.2988671875,67.221796875],[-167.223701171875,67.29779296875],[-167.18296875000001,67.3396875],[-167.08890625000004,67.4390625],[-167.06623046875004,67.4633984375],[-167.04523437500004,67.48671875],[-167.02591796875004,67.5090234375],[-167.00828125000004,67.53031250000001],[-166.94109375000002,67.6134375],[-166.92513671875003,67.6337109375],[-166.91085937500003,67.65296875],[-166.89826171875,67.67121093749999],[-166.88734375,67.68843749999999],[-166.84703125000004,67.7553125],[-166.83779296875002,67.7715234375],[-166.83023437500003,67.78671874999999],[-166.82435546875,67.8008984375],[-166.82015625000003,67.81406249999999],[-166.80671875000002,67.8646875],[-166.80377929687504,67.88373046875],[-166.8016796875,67.915546875],[-166.800419921875,67.96013671875001],[-166.8,68.01750000000001],[-166.8,68.4],[-166.3725,68.8275],[-166.30867187500002,68.891201171875],[-166.2596875,68.9398046875],[-166.22554687500002,68.973310546875],[-166.20625,68.99171875],[-166.15875000000003,69.03515625],[-166.14687500000002,69.04576171875],[-166.13500000000002,69.05585937500001],[-166.12312500000002,69.06544921875002],[-166.11125,69.07453125],[-166.06375,69.10984375],[-166.05187500000002,69.11841796875],[-166.04,69.12648437499999],[-166.02812500000002,69.13404296875],[-166.01625,69.14109375],[-165.96875,69.16828124999999],[-165.956875,69.17482421874999],[-165.945,69.180859375],[-165.933125,69.18638671875],[-165.92125,69.19140625],[-165.87374999999997,69.21046874999999],[-165.857421875,69.21651367187499],[-165.83218749999997,69.22511718749999],[-165.798046875,69.236279296875],[-165.755,69.25],[-165.565,69.31],[-165.52210937499999,69.32355468749999],[-165.4884375,69.33421875],[-165.463984375,69.34199218750001],[-165.44875,69.34687500000001],[-165.40625,69.360625],[-165.3959375,69.363984375],[-165.38625,69.3671875],[-165.3771875,69.370234375],[-165.36874999999998,69.373125],[-165.33625,69.384375],[-165.3284375,69.38710937500001],[-165.32125,69.38968750000001],[-165.3146875,69.39210937499999],[-165.30875,69.394375],[-165.28625,69.403125],[-165.28093750000002,69.405234375],[-165.27625,69.40718749999999],[-165.27218750000003,69.40898437499999],[-165.26875,69.410625],[-165.25625,69.416875],[-165.25257812499999,69.4188671875],[-165.2478125,69.42171875],[-165.241953125,69.42542968750001],[-165.235,69.43],[-165.20499999999998,69.45],[-165.19818359374997,69.45452148437501],[-165.192734375,69.4580859375],[-165.18865234375,69.460693359375],[-165.1859375,69.46234375],[-165.17781250000002,69.46703124999999],[-165.17574218750002,69.46818359375],[-165.17359375,69.469296875],[-165.1713671875,69.47037109375],[-165.1690625,69.47140625],[-165.15968750000002,69.47546875],[-165.15730468750002,69.47646484375001],[-165.15484375,69.477421875],[-165.15230468750002,69.47833984375],[-165.14968750000003,69.47921875],[-165.13906250000002,69.48265625],[-165.1363671875,69.48349609375],[-165.13359375000002,69.484296875],[-165.1307421875,69.48505859375],[-165.1278125,69.48578125],[-165.11593750000003,69.48859374999999],[-165.11177734375002,69.48952148437499],[-165.105234375,69.4908984375],[-165.09630859375,69.49272460937499],[-165.085,69.49499999999999],[-165.035,69.50500000000001],[-165.02341796875,69.50755859375],[-165.013671875,69.51023437500001],[-165.00576171875,69.51302734375001],[-164.9996875,69.5159375],[-164.9790625,69.5278125],[-164.9733984375,69.5313671875],[-164.96671874999998,69.53609374999999],[-164.9590234375,69.5419921875],[-164.9503125,69.54906249999999],[-164.91343750000001,69.5796875],[-164.90371093750002,69.58792968750001],[-164.89296875000002,69.59734375],[-164.88121093750004,69.6079296875],[-164.86843750000003,69.6196875],[-164.8153125,69.6690625],[-164.8015234375,69.6819921875],[-164.78671875,69.69609374999999],[-164.7708984375,69.7113671875],[-164.7540625,69.7278125],[-164.6846875,69.79593750000001],[-164.65982421875,69.82052734375],[-164.619921875,69.860234375],[-164.56498046875,69.91505859375],[-164.495,69.985],[-164.185,70.295],[-164.114150390625,70.364931640625],[-164.05660156250002,70.4197265625],[-164.01235351562502,70.459384765625],[-163.98140625000002,70.48390625],[-163.88421875,70.55171875],[-163.85869140625,70.56806640625001],[-163.830703125,70.58320312500001],[-163.80025390625002,70.59712890625],[-163.76734375,70.60984375000001],[-163.63078125,70.65828125],[-163.59541015625,70.66978515625],[-163.55757812500002,70.68007812500001],[-163.51728515624998,70.68916015625001],[-163.47453124999998,70.69703125000001],[-163.29859375,70.72609375],[-163.25337890625,70.73275390625001],[-163.205703125,70.738203125],[-163.15556640625,70.74244140625001],[-163.10296875,70.74546875],[-162.88765625000002,70.75515625000001],[-162.811181640625,70.75727539062501],[-162.68941406250002,70.7587890625],[-162.522353515625,70.75969726562501],[-162.31,70.76],[-161.37,70.76],[-161.157861328125,70.7600390625],[-160.9914453125,70.76015625000001],[-160.870751953125,70.7603515625],[-160.79578125,70.760625],[-160.58734375,70.761875],[-160.53689453125003,70.76226562500001],[-160.48976562500002,70.7628125],[-160.44595703125,70.763515625],[-160.40546875,70.764375],[-160.25015625,70.76812500000001],[-160.21298828125,70.769140625],[-160.179140625,70.7703125],[-160.14861328125,70.771640625],[-160.12140625,70.77312500000001],[-160.01921875,70.779375],[-159.99533203124997,70.781015625],[-159.97476562499997,70.7828125],[-159.95751953125,70.784765625],[-159.94359375,70.78687500000001],[-159.89453125,70.795625],[-159.880986328125,70.7987890625],[-159.8648828125,70.80390625000001],[-159.846220703125,70.8109765625],[-159.825,70.82000000000001],[-159.735,70.86],[-159.71447265625,70.869091796875],[-159.697890625,70.8763671875],[-159.68525390625,70.88182617187499],[-159.6765625,70.88546875],[-159.64968749999997,70.89640625],[-159.64269531249997,70.89919921875],[-159.63515624999997,70.90210937500001],[-159.6270703125,70.90513671875],[-159.61843749999997,70.90828125],[-159.5828125,70.92109375],[-159.5736328125,70.92435546875],[-159.56390625,70.927734375],[-159.55363281249998,70.93123046875],[-159.5428125,70.93484375],[-159.4984375,70.94953124999999],[-159.48707031249998,70.95326171875],[-159.47515625,70.957109375],[-159.4626953125,70.96107421874999],[-159.44968749999998,70.96515624999999],[-159.39656250000002,70.98171875],[-159.37775390625,70.98752929687501],[-159.347890625,70.99667968749999],[-159.30697265625003,71.00916992187499],[-159.255,71.02499999999999],[-159.025,71.09500000000001],[-158.97308593750003,71.11081054687502],[-158.93234375,71.12324218750001],[-158.9027734375,71.13229492187502],[-158.884375,71.13796875000001],[-158.833125,71.15390625],[-158.82070312500002,71.15779296875],[-158.8090625,71.16148437500001],[-158.798203125,71.16498046875],[-158.788125,71.16828125],[-158.749375,71.18109375],[-158.74007812499997,71.18419921875],[-158.7315625,71.187109375],[-158.723828125,71.18982421874999],[-158.716875,71.19234374999999],[-158.690625,71.20203125],[-158.68445312500003,71.20435546875],[-158.67906250000001,71.206484375],[-158.674453125,71.20841796875],[-158.670625,71.21015625],[-158.656875,71.21671875],[-158.65292968750003,71.218779296875],[-158.64796875000002,71.2216796875],[-158.64199218750002,71.225419921875],[-158.63500000000002,71.23],[-158.605,71.25],[-158.59803710937499,71.2545703125],[-158.5921484375,71.25828125000001],[-158.587333984375,71.2611328125],[-158.58359375,71.263125],[-158.57078125,71.269375],[-158.56724609375,71.27101562499999],[-158.56304687500003,71.27281249999999],[-158.55818359375002,71.27476562499999],[-158.55265625,71.27687499999999],[-158.52921875,71.285625],[-158.52302734375,71.28789062499999],[-158.516171875,71.2903125],[-158.50865234375,71.292890625],[-158.50046875,71.295625],[-158.46640625000003,71.30687499999999],[-158.45755859375004,71.309765625],[-158.44804687500005,71.3128125],[-158.43787109375003,71.316015625],[-158.42703125000003,71.31937500000001],[-158.38234375000002,71.333125],[-158.36631835937504,71.3380078125],[-158.3405859375,71.34578125],[-158.305146484375,71.3564453125],[-158.26,71.37],[-158.06,71.43],[-158.014794921875,71.44357421875],[-157.9791796875,71.45429687500001],[-157.95315429687497,71.46216796875001],[-157.93671874999998,71.46718750000001],[-157.89015625,71.48156250000001],[-157.87873046874998,71.48511718750001],[-157.867734375,71.48859375],[-157.85716796875,71.4919921875],[-157.84703125,71.49531250000001],[-157.80734374999997,71.50843750000001],[-157.79763671875,71.5116796875],[-157.78835937499997,71.51484375000001],[-157.77951171874997,71.5179296875],[-157.77109374999998,71.5209375],[-157.73828125,71.53281249999999],[-157.73029296875,71.5357421875],[-157.72273437500002,71.53859374999999],[-157.71560546875003,71.54136718749999],[-157.70890625,71.5440625],[-157.68296875,71.5546875],[-157.67448242187498,71.55826171875],[-157.6619921875,71.563671875],[-157.645498046875,71.57091796875],[-157.625,71.58],[-157.535,71.62],[-157.5146484375,71.629033203125],[-157.49859375,71.6361328125],[-157.48683593750002,71.641298828125],[-157.479375,71.64453125],[-157.45812500000002,71.65359375000001],[-157.45289062500004,71.65580078125002],[-157.44781250000003,71.65789062500002],[-157.44289062500002,71.65986328125001],[-157.438125,71.66171875],[-157.41937500000003,71.66890624999999],[-157.41476562500003,71.67064453125],[-157.41031250000003,71.672265625],[-157.406015625,71.67376953125],[-157.40187500000002,71.67515625],[-157.385625,71.68046875],[-157.381640625,71.68173828125],[-157.3778125,71.682890625],[-157.374140625,71.68392578125],[-157.37062500000002,71.68484375],[-157.356875,71.68828125],[-157.3523046875,71.689345703125],[-157.34546875,71.6908203125],[-157.3363671875,71.69270507812499],[-157.32500000000002,71.695],[-157.275,71.70500000000001],[-157.26371093750004,71.70726562500002],[-157.25484375,71.70906250000002],[-157.2483984375,71.710390625],[-157.244375,71.71125],[-157.233125,71.71375],[-157.230390625,71.714375],[-157.2278125,71.715],[-157.225390625,71.715625],[-157.22312499999998,71.71625],[-157.214375,71.71875],[-157.212265625,71.719375],[-157.2103125,71.72],[-157.20851562499996,71.720625],[-157.20687499999997,71.72125],[-157.200625,71.72375],[-157.19914062499998,71.724375],[-157.1978125,71.725],[-157.196640625,71.725625],[-157.195625,71.72625],[-157.19187499999998,71.72874999999999],[-157.19074218749998,71.72960937499998],[-157.18921875,71.7309375],[-157.1873046875,71.732734375],[-157.185,71.735],[-157.175,71.745],[-157.17271484375001,71.747255859375],[-157.17085937500002,71.7490234375],[-157.16943359375,71.750302734375],[-157.1684375,71.75109375],[-157.16531250000003,71.75328125],[-157.16449218750003,71.75380859375001],[-157.16359375000002,71.754296875],[-157.16261718750002,71.75474609375],[-157.1615625,71.75515625],[-157.15718750000002,71.75671875],[-157.1560546875,71.75708984375],[-157.15484375,71.757421875],[-157.15355468750002,71.75771484375001],[-157.15218750000003,71.75796875],[-157.14656250000002,71.75890625000001],[-157.14511718750003,71.75912109375001],[-157.14359375,71.759296875],[-157.1419921875,71.75943359375],[-157.1403125,71.75953125000001],[-157.1334375,71.75984375000002],[-157.13099609375,71.75991210937501],[-157.127109375,71.75996093750001],[-157.12177734375,71.75999023437501],[-157.115,71.76],[-157.08499999999998,71.76],[-157.07822265625,71.760009765625],[-157.07289062499999,71.76003906250001],[-157.06900390624997,71.76008789062502],[-157.0665625,71.76015625000001],[-157.0596875,71.76046875],[-157.05800781250002,71.76056640625],[-157.05640625,71.760703125],[-157.0548828125,71.76087890625001],[-157.0534375,71.76109375000001],[-157.0478125,71.76203125],[-157.0464453125,71.76228515625002],[-157.04515625,71.762578125],[-157.0439453125,71.76291015625],[-157.0428125,71.76328125],[-157.0384375,71.76484375000001],[-157.0373828125,71.76525390625],[-157.03640625,71.765703125],[-157.0355078125,71.76619140625],[-157.0346875,71.76671875],[-157.0315625,71.76890625000001],[-157.03056640625002,71.76969726562501],[-157.029140625,71.77097656250001],[-157.02728515625,71.77274414062501],[-157.025,71.775],[-157.015,71.785],[-157.012412109375,71.787255859375],[-157.0096484375,71.78902343749999],[-157.006708984375,71.79030273437499],[-157.00359375,71.79109374999999],[-156.99078125,71.79328124999998],[-156.98693359375,71.79380859374997],[-156.981796875,71.79429687499999],[-156.97537109375,71.79474609374998],[-156.96765625,71.79515624999999],[-156.93421874999999,71.79671875],[-156.92521484374998,71.79708984375],[-156.91492187499998,71.797421875],[-156.90333984374996,71.79771484374999],[-156.89046874999997,71.79796875],[-156.83640624999998,71.79890625],[-156.82224609374998,71.79912109375],[-156.80679687499997,71.79929687500001],[-156.79005859375,71.79943359375],[-156.77203125,71.79953125],[-156.69734375000002,71.79984375],[-156.67038085937503,71.799912109375],[-156.6268359375,71.7999609375],[-156.566708984375,71.79999023437499],[-156.49,71.8],[-156.14999999999998,71.8],[-156.07325195312498,71.799951171875],[-156.01300781249998,71.7998046875],[-155.96926757812497,71.799560546875],[-155.94203124999999,71.79921875],[-155.86609375,71.79765625],[-155.84767578125,71.79716796875002],[-155.830390625,71.796484375],[-155.81423828124997,71.79560546875],[-155.79921875,71.79453125],[-155.74140624999998,71.78984374999999],[-155.72751953124995,71.78857421874999],[-155.71476562499998,71.787109375],[-155.70314453124996,71.78544921874999],[-155.69265624999997,71.78359375],[-155.65296874999999,71.77578125],[-155.64361328124997,71.77373046875],[-155.63539062499996,71.771484375],[-155.62830078124998,71.76904296875],[-155.62234374999997,71.76640624999999],[-155.60078124999998,71.75546875],[-155.594501953125,71.75151367187499],[-155.58644531249996,71.7451171875],[-155.576611328125,71.736279296875],[-155.565,71.725],[-155.515,71.675],[-155.501220703125,71.663720703125],[-155.48488281250002,71.65488281249999],[-155.46598632812498,71.648486328125],[-155.44453125,71.64453125],[-155.35359375000002,71.63359374999999],[-155.32595703125003,71.63095703124999],[-155.288515625,71.62851562499998],[-155.24126953125003,71.62626953124999],[-155.18421875,71.62421874999998],[-154.93640625,71.61640624999998],[-154.86955078124998,71.61455078124999],[-154.79289062499998,71.61289062499998],[-154.70642578125,71.61142578124999],[-154.61015625,71.61015624999999],[-154.20546875000002,71.60546875],[-154.09939453125003,71.60439453125001],[-153.983515625,71.603515625],[-153.85783203124998,71.60283203124999],[-153.72234375,71.60234374999999],[-153.16078125,71.60078125],[-152.95793945312502,71.60043945312499],[-152.6301953125,71.6001953125],[-152.177548828125,71.600048828125],[-151.6,71.6],[-149.04,71.6],[-148.46245117187502,71.59998046875],[-148.00980468749998,71.59992187499999],[-147.682060546875,71.59982421874999],[-147.47921875,71.59968749999999],[-146.91765625,71.5990625],[-146.78216796875,71.59886718749999],[-146.656484375,71.59859374999999],[-146.54060546875,71.5982421875],[-146.43453125,71.5978125],[-146.02984375,71.59593749999999],[-145.93357421875,71.59542968749999],[-145.847109375,71.59484375],[-145.77044921875,71.59417968749999],[-145.70359374999998,71.5934375],[-145.45578125,71.59031250000001],[-145.39873046875,71.5894921875],[-145.351484375,71.58859375],[-145.31404296875002,71.5876171875],[-145.28640625,71.5865625],[-145.19546874999997,71.5821875],[-145.17401367187497,71.58060546875],[-145.15511718749997,71.578046875],[-145.138779296875,71.57451171874999],[-145.125,71.57],[-145.075,71.55],[-145.06208984375,71.54548828124999],[-145.04835937500002,71.54195312499999],[-145.03380859375,71.53939453125],[-145.0184375,71.5378125],[-144.9553125,71.53343749999999],[-144.93636718749997,71.53238281249999],[-144.91109375,71.53140625],[-144.87949218749998,71.53050781249999],[-144.84156249999998,71.5296875],[-144.6771875,71.5265625],[-144.63292968749997,71.52582031249999],[-144.58234375,71.52515625],[-144.52542968749998,71.5245703125],[-144.46218749999997,71.5240625],[-144.19656249999997,71.52218749999999],[-144.12699218749998,71.52175781249998],[-144.05109374999998,71.52140625],[-143.96886718749997,71.52113281249999],[-143.88031249999997,71.52093749999999],[-143.51343749999998,71.5203125],[-143.38099609374999,71.52017578125],[-143.167109375,71.520078125],[-142.87177734374998,71.52001953125],[-142.495,71.52],[-140.825,71.52],[-140.448173828125,71.51990234375],[-140.1526953125,71.519609375],[-139.93856445312503,71.51912109375],[-139.80578125,71.5184375],[-139.43734375,71.5153125],[-139.34830078124997,71.5143359375],[-139.265390625,71.51296875],[-139.18861328124999,71.5112109375],[-139.11796875,71.5090625],[-138.84765625,71.49968750000001],[-138.78314453125,71.49714843750002],[-138.724765625,71.49421875],[-138.67251953125,71.49089843750001],[-138.62640625,71.4871875],[-138.45421875,71.4715625],[-138.41423828125,71.46746093750001],[-138.380390625,71.46296875],[-138.35267578125,71.45808593750002],[-138.33109375,71.45281250000001],[-138.25703124999998,71.4309375],[-138.23770507812497,71.42302734375],[-138.2167578125,71.410234375],[-138.19418945312498,71.39255859375001],[-138.17,71.37],[-138.07000000000002,71.27],[-138.04673828125,71.24744140625],[-138.026953125,71.229765625],[-138.01064453125002,71.21697265625],[-137.9978125,71.2090625],[-137.9534375,71.18718750000001],[-137.94113281250003,71.18191406250001],[-137.92640625,71.17703125],[-137.90925781250002,71.17253906250001],[-137.8896875,71.16843750000001],[-137.8065625,71.15281250000001],[-137.78457031250002,71.14910156250001],[-137.76015625000002,71.14578125000001],[-137.7333203125,71.14285156250001],[-137.70406250000002,71.14031250000001],[-137.5821875,71.1309375],[-137.5505078125,71.12878906249999],[-137.51640625000002,71.12703125],[-137.47988281250002,71.1256640625],[-137.44093750000002,71.1246875],[-137.2803125,71.12156250000001],[-137.22267578125002,71.12087890625],[-137.130078125,71.120390625],[-137.00251953125002,71.12009765625001],[-136.84,71.12],[-136.12,71.12],[-135.957548828125,71.11998046875001],[-135.8301953125,71.119921875],[-135.737939453125,71.11982421875001],[-135.68078125,71.1196875],[-135.52234375,71.11906250000001],[-135.48408203125,71.1188671875],[-135.448515625,71.11859375],[-135.41564453125,71.11824218750002],[-135.38546875,71.11781250000001],[-135.27015624999999,71.1159375],[-135.24267578124997,71.1154296875],[-135.217890625,71.11484375],[-135.19580078124997,71.11417968750001],[-135.17640624999999,71.1134375],[-135.10421875,71.1103125],[-135.08751953125,71.1094921875],[-135.073515625,71.10859375],[-135.06220703125,71.1076171875],[-135.05359375,71.1065625],[-135.02453125,71.1021875],[-135.017236328125,71.10060546874999],[-135.0098828125,71.098046875],[-135.002470703125,71.09451171875],[-134.995,71.09],[-134.965,71.07],[-134.957822265625,71.06547851562499],[-134.9512890625,71.0619140625],[-134.945400390625,71.05930664062501],[-134.94015625,71.05765625000001],[-134.92046875000003,71.05296874999999],[-134.91478515625002,71.05181640625],[-134.90757812500001,71.050703125],[-134.89884765625,71.04962890624999],[-134.88859375,71.04859375],[-134.84453125000002,71.04453124999999],[-134.83275390625002,71.04353515624999],[-134.819453125,71.04257812499999],[-134.80462890625,71.04166015624999],[-134.78828125,71.04078125],[-134.71984375000002,71.03734374999999],[-134.70197265625004,71.03650390625],[-134.68257812500002,71.035703125],[-134.66166015625,71.03494140625],[-134.63921875,71.03421875000001],[-134.54640625000002,71.03140625],[-134.512978515625,71.030478515625],[-134.4591015625,71.0291015625],[-134.384775390625,71.027275390625],[-134.29000000000002,71.025],[-133.87,71.01499999999999],[-133.775244140625,71.01273437499998],[-133.70097656250002,71.01093749999998],[-133.64719726562504,71.009609375],[-133.61390625,71.00874999999999],[-133.52171875000005,71.00625],[-133.49947265625005,71.005625],[-133.47882812500004,71.005],[-133.45978515625,71.004375],[-133.44234375000002,71.00375],[-133.37578125000005,71.00125],[-133.35994140625002,71.000625],[-133.34570312500003,71.0],[-133.33306640625003,70.999375],[-133.32203125,70.99875],[-133.28109375000003,70.99625],[-133.27166015625002,70.99562500000002],[-133.263828125,70.995],[-133.25759765625003,70.994375],[-133.25296875,70.99375],[-133.23765625000001,70.99125000000001],[-133.23399414062501,70.990390625],[-133.2306640625,70.98906250000002],[-133.227666015625,70.98726562500002],[-133.22500000000002,70.98500000000001],[-133.21499999999997,70.975],[-133.21173828124998,70.972734375],[-133.20695312499998,70.97093749999999],[-133.20064453124996,70.969609375],[-133.19281249999997,70.96875],[-133.1584375,70.96625],[-133.1478515625,70.96562499999999],[-133.13328124999998,70.965],[-133.11472656249998,70.964375],[-133.09218749999997,70.96375],[-132.99406249999998,70.96125],[-132.96753906249998,70.96062500000001],[-132.93703125,70.96000000000001],[-132.9025390625,70.95937500000001],[-132.8640625,70.95875000000001],[-132.70218749999998,70.95625000000001],[-132.6597265625,70.955625],[-132.61328124999997,70.95500000000001],[-132.5628515625,70.95437500000001],[-132.50843749999999,70.95375000000001],[-132.28281249999998,70.95125000000002],[-132.20126953125,70.95039062500001],[-132.069453125,70.94906250000001],[-131.88736328125,70.94726562500001],[-131.655,70.94500000000001],[-130.62499999999997,70.935],[-130.39249999999998,70.93268554687499],[-130.20999999999998,70.9307421875],[-130.0775,70.929169921875],[-129.99499999999998,70.92796875],[-129.765,70.92390625],[-129.70921874999996,70.92279296875],[-129.65687499999999,70.921484375],[-129.60796874999997,70.91998046875001],[-129.56249999999997,70.91828125],[-129.3875,70.91109374999999],[-129.34546875,70.90919921874999],[-129.306875,70.907109375],[-129.27171875,70.90482421875001],[-129.24,70.90234375],[-129.12,70.89203125],[-129.09171875,70.88935546875],[-129.066875,70.88648437500001],[-129.04546875,70.88341796875],[-129.0275,70.88015625],[-128.96249999999998,70.86671874999999],[-128.94359375,70.861904296875],[-128.91937499999997,70.8541796875],[-128.88984374999998,70.84354492187501],[-128.855,70.83],[-128.70499999999998,70.77000000000001],[-128.67108398437497,70.75646484375001],[-128.6443359375,70.74585937500001],[-128.624755859375,70.73818359375001],[-128.61234374999998,70.73343750000001],[-128.57703125,70.72031250000002],[-128.56833984374998,70.71714843750001],[-128.559921875,70.71421875000001],[-128.55177734375,70.71152343750002],[-128.54390625,70.70906250000002],[-128.51296875,70.69968750000001],[-128.50537109375,70.69746093750001],[-128.498046875,70.69546875],[-128.49099609375,70.69371093750001],[-128.48421875,70.69218750000002],[-128.45765624999999,70.68656250000001],[-128.45115234374998,70.6852734375],[-128.44492187499998,70.68421875000001],[-128.43896484375,70.6833984375],[-128.43328125,70.68281250000001],[-128.41109374999996,70.6809375],[-128.40374023437496,70.68052734375],[-128.39277343749998,70.680234375],[-128.37819335937496,70.68005859375],[-128.35999999999999,70.68],[-128.28,70.68],[-128.26193359375,70.67999023437501],[-128.247734375,70.6799609375],[-128.23740234375,70.67991210937501],[-128.2309375,70.67984375],[-128.2128125,70.67953125000003],[-128.20839843750002,70.67943359375002],[-128.20421875000002,70.67929687500002],[-128.20027343750002,70.67912109375001],[-128.19656250000003,70.67890625000001],[-128.1821875,70.67796875000002],[-128.1787109375,70.67771484375001],[-128.17546875,70.67742187500001],[-128.1724609375,70.67708984375],[-128.1696875,70.67671875],[-128.1590625,70.67515625],[-128.1565234375,70.67474609375],[-128.15421874999998,70.674296875],[-128.1521484375,70.67380859375],[-128.15031249999998,70.67328125],[-128.1434375,70.67109375],[-128.14130859374998,70.67030273437499],[-128.138359375,70.66902343749999],[-128.13458984375,70.66725585937499],[-128.13,70.66499999999999],[-128.10999999999999,70.655],[-128.10548828125,70.65273437500001],[-128.10195312499997,70.6509375],[-128.09939453124997,70.64960937500001],[-128.09781249999997,70.64875],[-128.0934375,70.64625000000001],[-128.09238281249998,70.64562500000001],[-128.09140624999998,70.64500000000001],[-128.09050781249996,70.64437500000001],[-128.08968749999997,70.64375000000001],[-128.08656249999999,70.64125000000001],[-128.08582031249998,70.64062500000001],[-128.08515624999998,70.64],[-128.08457031249998,70.639375],[-128.0840625,70.63875],[-128.08218749999997,70.63624999999999],[-128.08175781249997,70.63562499999999],[-128.08140625,70.63499999999999],[-128.0811328125,70.63437499999999],[-128.0809375,70.63374999999999],[-128.0803125,70.63125],[-128.08017578124998,70.63039062499999],[-128.080078125,70.6290625],[-128.08001953124997,70.627265625],[-128.07999999999998,70.625],[-128.07999999999998,70.615],[-128.07999999999998,70.612734375],[-128.07999999999998,70.61093749999999],[-128.07999999999998,70.60960937499999],[-128.07999999999998,70.60874999999999],[-128.07999999999998,70.60624999999999],[-128.07999999999998,70.60562499999999],[-128.07999999999998,70.60499999999999],[-128.07999999999998,70.60437499999999],[-128.07999999999998,70.60374999999999],[-128.07999999999998,70.60125],[-128.07999999999998,70.60062499999998],[-128.07999999999998,70.6],[-128.07999999999998,70.599375],[-128.07999999999998,70.59875],[-128.07999999999998,70.59625],[-128.07999999999998,70.595625],[-128.07999999999998,70.595],[-128.07999999999998,70.594375],[-128.07999999999998,70.59375],[-128.07999999999998,70.59125],[-128.07999999999998,70.590390625],[-128.07999999999998,70.58906250000001],[-128.07999999999998,70.58726562500001],[-128.07999999999998,70.58500000000001],[-128.07999999999998,70.57499999999999],[-128.07999999999998,70.57275390624999],[-128.07999999999998,70.57101562499999],[-128.07999999999998,70.56978515624999],[-128.07999999999998,70.56906249999999],[-128.07999999999998,70.56718749999999],[-128.07999999999998,70.56675781249999],[-128.07999999999998,70.56640624999999],[-128.07999999999998,70.56613281249999],[-128.07999999999998,70.56593749999999],[-128.07999999999998,70.56531249999999],[-128.07999999999998,70.56519531249998],[-128.07999999999998,70.56515625],[-128.07999999999998,70.56519531250001],[-128.07999999999998,70.5653125],[-128.07999999999998,70.56593749999999],[-128.07999999999998,70.5661328125],[-128.07999999999998,70.56640625],[-128.07999999999998,70.56675781249999],[-128.07999999999998,70.56718749999999],[-128.07999999999998,70.5690625],[-128.07999999999998,70.56978515625],[-128.07999999999998,70.571015625],[-128.07999999999998,70.57275390625],[-128.07999999999998,70.57499999999999],[-128.07999999999998,70.58500000000001],[-128.0791015625,70.587255859375],[-128.07640625,70.5890234375],[-128.07191406249999,70.590302734375],[-128.06562499999998,70.59109375],[-128.03687499999998,70.59328124999999],[-128.02789062499997,70.59380859375],[-128.0153125,70.594296875],[-127.99914062499997,70.59474609374999],[-127.97937499999998,70.59515625],[-127.89312499999998,70.59671875],[-127.86976562499999,70.59708984375],[-127.8428125,70.597421875],[-127.81226562499998,70.59771484375],[-127.77812499999999,70.59796874999999],[-127.634375,70.59890625],[-127.596640625,70.59912109375],[-127.55531249999999,70.599296875],[-127.51039062499999,70.59943359374998],[-127.46187499999999,70.59953124999998],[-127.260625,70.59984374999999],[-127.1878515625,70.59991210937498],[-127.07015625,70.59996093749999],[-126.9075390625,70.599990234375],[-126.7,70.6],[-125.78,70.6],[-125.57244140625001,70.59998046875],[-125.409765625,70.59992187499999],[-125.29197265625001,70.59982421874999],[-125.2190625,70.59968749999999],[-125.01718750000002,70.5990625],[-124.96847656250002,70.59886718749999],[-124.92328125000003,70.59859374999999],[-124.88160156250001,70.5982421875],[-124.84343750000002,70.5978125],[-124.6978125,70.59593749999999],[-124.6631640625,70.59542968749999],[-124.63203125,70.59484375],[-124.60441406250001,70.59417968749999],[-124.5803125,70.5934375],[-124.49093750000002,70.59031250000001],[-124.47035156250001,70.5894921875],[-124.45328125000002,70.58859375],[-124.43972656250003,70.5876171875],[-124.42968750000001,70.5865625],[-124.39656250000002,70.5821875],[-124.38869140625002,70.58060546875],[-124.38164062500002,70.578046875],[-124.37541015625,70.57451171874999],[-124.37,70.57],[-124.35,70.55],[-124.34538085937498,70.54545898437499],[-124.3415234375,70.5418359375],[-124.33842773437499,70.53913085937499],[-124.33609375,70.53734374999999],[-124.32828125,70.53203124999999],[-124.32615234375,70.53068359375],[-124.323671875,70.529296875],[-124.32083984375001,70.52787109375],[-124.31765625,70.52640625],[-124.30421874999999,70.52046875],[-124.30068359375,70.51896484375001],[-124.296796875,70.517421875],[-124.29255859374999,70.51583984375],[-124.28796874999999,70.51421875],[-124.26890625,70.50765625000001],[-124.26396484374999,70.50599609375001],[-124.258671875,70.50429687500002],[-124.25302734374999,70.50255859375002],[-124.24703124999999,70.50078125000002],[-124.22234375,70.49359375],[-124.21350585937499,70.491083984375],[-124.1993359375,70.48714843750001],[-124.179833984375,70.481787109375],[-124.155,70.47500000000001],[-124.04499999999999,70.44500000000001],[-124.01997070312498,70.438154296875],[-123.99988281249999,70.4326171875],[-123.98473632812498,70.42838867187501],[-123.97453124999998,70.42546875000001],[-123.94359374999999,70.41640625000001],[-123.93564453124999,70.41404296875001],[-123.92726562499999,70.41148437500001],[-123.91845703124999,70.40873046875001],[-123.90921874999998,70.40578125],[-123.87140625,70.39359375000001],[-123.86173828125001,70.39044921875],[-123.851640625,70.38710937500001],[-123.84111328125,70.38357421875],[-123.83015625,70.37984375],[-123.78546875,70.36453125],[-123.77408203125,70.36060546875001],[-123.762265625,70.35648437500001],[-123.75001953125,70.35216796875],[-123.73734375000001,70.34765625],[-123.68578125,70.32921875000001],[-123.66762695312501,70.32268554687501],[-123.6389453125,70.31230468750002],[-123.599736328125,70.29807617187501],[-123.55000000000001,70.28],[-123.32999999999998,70.2],[-123.28010742187499,70.181953125],[-123.2404296875,70.1678125],[-123.21096679687498,70.157578125],[-123.19171874999999,70.15125],[-123.13515625,70.13374999999999],[-123.12091796874998,70.12953125],[-123.10648437500001,70.125625],[-123.09185546875,70.12203124999999],[-123.07703125,70.11875],[-123.01734375000001,70.10624999999999],[-123.00232421875,70.10328125],[-122.98710937500002,70.100625],[-122.97169921875002,70.09828125],[-122.95609375000001,70.09625],[-122.89328125,70.08875],[-122.87748046875,70.08703125000001],[-122.86148437499999,70.08562500000001],[-122.84529296874999,70.08453125000001],[-122.82890625,70.08375000000001],[-122.76296875,70.08125000000001],[-122.74010742187501,70.080703125],[-122.7044921875,70.0803125],[-122.656123046875,70.080078125],[-122.595,70.08],[-122.325,70.08],[-122.26403320312501,70.07994140625],[-122.21613281249999,70.07976562500001],[-122.181298828125,70.07947265625],[-122.15953125,70.0790625],[-122.09859374999999,70.0771875],[-122.08376953124998,70.07660156249999],[-122.069765625,70.07578125],[-122.05658203125,70.07472656249999],[-122.04421875,70.0734375],[-121.99640625,70.0678125],[-121.98486328125001,70.06628906249999],[-121.974140625,70.06453125],[-121.96423828125,70.0625390625],[-121.95515625,70.0603125],[-121.92046875,70.0509375],[-121.91220703125,70.04847656250001],[-121.90476562500001,70.04578125],[-121.89814453125001,70.0428515625],[-121.89234375000001,70.03968750000001],[-121.87078125,70.02656250000001],[-121.864189453125,70.02181640625001],[-121.85519531249999,70.01414062500001],[-121.843798828125,70.00353515625001],[-121.83,69.99000000000001],[-121.77000000000001,69.93],[-121.75599609375001,69.91646484375002],[-121.743984375,69.905859375],[-121.73396484375002,69.89818359375],[-121.72593750000001,69.8934375],[-121.69781250000001,69.8803125],[-121.6899609375,69.8771484375],[-121.68046875000002,69.87421875],[-121.66933593750002,69.8715234375],[-121.6565625,69.8690625],[-121.60218750000001,69.8596875],[-121.58777343750002,69.8574609375],[-121.57171875,69.85546875],[-121.5540234375,69.8537109375],[-121.5346875,69.8521875],[-121.45406249999999,69.8465625],[-121.43308593749998,69.8452734375],[-121.41046874999998,69.84421875000001],[-121.38621093749998,69.84339843750001],[-121.36031249999999,69.84281250000001],[-121.2534375,69.8409375],[-121.21505859375,69.84052734375],[-121.15335937500001,69.840234375],[-121.06833984375001,69.84005859375],[-120.96000000000001,69.84],[-120.47999999999999,69.84],[-120.37165039062498,69.83993164062501],[-120.2866015625,69.8397265625],[-120.224853515625,69.839384765625],[-120.18640624999999,69.83890625000001],[-120.07921875,69.83671875000002],[-120.05322265625,69.83603515625002],[-120.02882812499999,69.83507812500001],[-120.00603515625,69.83384765625001],[-119.98484375,69.83234375],[-119.90328124999999,69.82578125],[-119.88369140625,69.82400390625],[-119.865703125,69.82195312500001],[-119.84931640625,69.81962890625002],[-119.83453125,69.81703125000001],[-119.77859375,69.80609375],[-119.76541015625,69.80322265625],[-119.753828125,69.800078125],[-119.74384765625001,69.79666015625],[-119.73546875,69.79296875],[-119.70515625,69.77765625],[-119.696337890625,69.77211914062502],[-119.68503906250001,69.76316406250001],[-119.671259765625,69.75079101562501],[-119.655,69.73500000000001],[-119.585,69.66499999999999],[-119.56918945312499,69.649208984375],[-119.55675781249998,69.6368359375],[-119.54770507812499,69.627880859375],[-119.54203125,69.62234375],[-119.52609374999997,69.60703124999999],[-119.52220703124998,69.60333984374999],[-119.51851562499999,69.59992187499999],[-119.51501953124998,69.59677734374999],[-119.51171874999999,69.59390624999999],[-119.49890624999999,69.58296875],[-119.49580078124998,69.58037109375],[-119.49289062499999,69.578046875],[-119.49017578124997,69.57599609375],[-119.48765624999999,69.57421875],[-119.47796874999999,69.56765625],[-119.47564453124998,69.56615234375],[-119.47351562499999,69.564921875],[-119.47158203124998,69.56396484375],[-119.46984374999998,69.56328125],[-119.46328124999998,69.56109375],[-119.461220703125,69.560615234375],[-119.45832031249998,69.5602734375],[-119.45458007812499,69.560068359375],[-119.44999999999999,69.56],[-119.43,69.56],[-119.42545898437503,69.55998046875001],[-119.42183593750002,69.559921875],[-119.41913085937502,69.55982421875],[-119.41734375000001,69.5596875],[-119.41203125000001,69.55906250000001],[-119.41068359375,69.5588671875],[-119.40929687500002,69.55859375],[-119.40787109375,69.55824218750001],[-119.40640625,69.55781250000001],[-119.40046875,69.5559375],[-119.39896484375,69.5554296875],[-119.397421875,69.55484375],[-119.39583984375,69.55417968750001],[-119.39421875,69.5534375],[-119.38765625000002,69.5503125],[-119.38599609375001,69.54949218750001],[-119.38429687500002,69.54859375],[-119.38255859375,69.54761718750001],[-119.38078125000001,69.54656250000001],[-119.37359375,69.5421875],[-119.371083984375,69.54060546875],[-119.3671484375,69.53804687499999],[-119.361787109375,69.53451171875],[-119.355,69.53],[-119.325,69.51],[-119.318173828125,69.50547851562501],[-119.3126953125,69.50191406249999],[-119.308564453125,69.49930664062501],[-119.30578125,69.49765625],[-119.29734375,69.49296875],[-119.29517578125001,69.49181640625001],[-119.292890625,69.49070312500001],[-119.29048828124999,69.48962890625],[-119.28796875,69.48859375],[-119.27765625,69.48453125],[-119.27501953125001,69.48353515625],[-119.272265625,69.482578125],[-119.26939453125,69.48166015625],[-119.26640625,69.48078125],[-119.25421875,69.47734375],[-119.25111328125001,69.47650390625002],[-119.247890625,69.475703125],[-119.24455078125,69.47494140625],[-119.24109375,69.47421875],[-119.22703125,69.47140625],[-119.222080078125,69.47047851562499],[-119.2142578125,69.4691015625],[-119.203564453125,69.467275390625],[-119.19,69.465],[-119.13,69.45500000000001],[-119.116455078125,69.452734375],[-119.10582031249999,69.45093750000001],[-119.09809570312498,69.44960937500001],[-119.09328124999999,69.44875],[-119.07984374999998,69.44625],[-119.07658203124998,69.445625],[-119.07351562499998,69.44500000000001],[-119.07064453125,69.44437500000001],[-119.06796874999998,69.44375000000001],[-119.05765624999998,69.44125],[-119.05517578124999,69.440625],[-119.05289062499997,69.44],[-119.05080078124999,69.439375],[-119.04890624999999,69.43875],[-119.04171875,69.43625],[-119.04001953125,69.435625],[-119.038515625,69.435],[-119.03720703124999,69.434375],[-119.03609374999999,69.43375],[-119.03203125000002,69.43125],[-119.03083007812502,69.430390625],[-119.02925781249999,69.42906250000001],[-119.02731445312502,69.427265625],[-119.025,69.42500000000001],[-119.01499999999999,69.41499999999999],[-119.01222656249998,69.412744140625],[-119.00890625,69.4109765625],[-119.00503906249997,69.409697265625],[-119.00062499999999,69.40890625],[-118.981875,69.40671875000001],[-118.976171875,69.40619140625],[-118.9684375,69.405703125],[-118.95867187500001,69.40525390625001],[-118.946875,69.40484375],[-118.895625,69.40328125],[-118.881796875,69.40291015625],[-118.8659375,69.402578125],[-118.848046875,69.40228515625],[-118.828125,69.40203125000001],[-118.744375,69.40109375],[-118.72242187500002,69.40087890625],[-118.69843750000001,69.400703125],[-118.672421875,69.40056640625002],[-118.644375,69.40046875000002],[-118.52812499999999,69.40015625000001],[-118.48613281249999,69.40008789062502],[-118.41828124999999,69.40003906250001],[-118.32457031249999,69.400009765625],[-118.20499999999998,69.4],[-117.67500000000001,69.4],[-117.555224609375,69.399921875],[-117.4608984375,69.3996875],[-117.39202148437501,69.399296875],[-117.34859375,69.39875],[-117.22578125000001,69.39625000000001],[-117.19568359375002,69.39546875],[-117.166796875,69.394375],[-117.13912109375,69.39296875],[-117.11265625,69.39125],[-117.00921874999999,69.38375],[-116.98396484374999,69.38171875],[-116.95992187499999,69.37937500000001],[-116.93708984374999,69.37671875000001],[-116.91546874999999,69.37375000000002],[-116.83140625,69.36125000000001],[-116.81099609375,69.35796875000003],[-116.791796875,69.35437500000002],[-116.77380859375,69.35046875000002],[-116.75703125000001,69.34625000000001],[-116.69234375,69.32875000000001],[-116.67131835937501,69.32242187500002],[-116.6405859375,69.31218750000001],[-116.600146484375,69.29804687500001],[-116.55000000000001,69.28],[-116.32999999999998,69.2],[-116.28002929687499,69.181953125],[-116.24011718749999,69.1678125],[-116.21026367187498,69.157578125],[-116.19046875,69.15125],[-116.13140625,69.13374999999999],[-116.11638671875,69.12953125],[-116.100859375,69.125625],[-116.08482421875,69.12203124999999],[-116.06828125000001,69.11875],[-116.00109375000001,69.10624999999999],[-115.98404296875,69.10328125],[-115.966484375,69.100625],[-115.94841796875,69.09828125],[-115.92984375,69.09625],[-115.85453125000001,69.08875],[-115.83544921875001,69.08703125000001],[-115.815859375,69.08562500000001],[-115.79576171875001,69.08453125000001],[-115.77515625000001,69.08375000000001],[-115.69171875,69.08125000000001],[-115.66252929687501,69.080703125],[-115.61667968750001,69.0803125],[-115.55416992187502,69.080078125],[-115.47500000000001,69.08],[-115.125,69.08],[-115.046015625,69.07998046875001],[-114.9840625,69.079921875],[-114.939140625,69.07982421875],[-114.91125,69.0796875],[-114.83375,69.07906249999999],[-114.81499999999998,69.0788671875],[-114.7975,69.07859375],[-114.78125,69.0782421875],[-114.76625,69.0778125],[-114.70874999999998,69.07593750000001],[-114.695,69.0754296875],[-114.68249999999999,69.07484375000001],[-114.67125,69.0741796875],[-114.66125,69.07343750000001],[-114.62374999999999,69.0703125],[-114.615,69.06949218749999],[-114.60749999999999,69.06859374999999],[-114.60124999999998,69.0676171875],[-114.59624999999998,69.0665625],[-114.57874999999999,69.0621875],[-114.573984375,69.06060546874998],[-114.5684375,69.058046875],[-114.56210937499999,69.05451171874999],[-114.55499999999999,69.05],[-114.52499999999999,69.03],[-114.51801757812498,69.025419921875],[-114.51207031249999,69.0216796875],[-114.50715820312499,69.018779296875],[-114.50328124999999,69.01671875],[-114.48984374999999,69.01015625],[-114.48611328124998,69.00841796875],[-114.481640625,69.006484375],[-114.47642578124999,69.00435546874999],[-114.47046875,69.00203125],[-114.44515624999998,68.99234374999999],[-114.43845703125,68.98982421874999],[-114.43101562499999,68.987109375],[-114.42283203124998,68.98419921874999],[-114.41390624999998,68.98109375],[-114.37671875,68.96828125],[-114.36705078124999,68.96498046875],[-114.35664062499998,68.961484375],[-114.34548828125,68.95779296875],[-114.33359374999999,68.95390625],[-114.28453124999999,68.93796875000001],[-114.26692382812499,68.93229492187501],[-114.23863281249999,68.92324218750001],[-114.19965820312498,68.91081054687501],[-114.14999999999999,68.89500000000001],[-113.92999999999999,68.82499999999999],[-113.880322265625,68.809169921875],[-113.8412890625,68.79667968749999],[-113.81290039062499,68.787529296875],[-113.79515624999999,68.78171875],[-113.74546874999999,68.76515624999999],[-113.73337890624998,68.76107421875],[-113.72195312499998,68.757109375],[-113.71119140624998,68.75326171875],[-113.70109374999998,68.74953124999999],[-113.66203124999998,68.73484375],[-113.65259765624998,68.73123046874998],[-113.64382812499998,68.72773437499998],[-113.63572265624998,68.72435546874999],[-113.62828124999999,68.72109375],[-113.59984374999998,68.70828125],[-113.59306640624999,68.70513671875],[-113.58695312499998,68.70210937499999],[-113.58150390624996,68.69919921875],[-113.57671874999997,68.69640625],[-113.55890624999999,68.68546875000001],[-113.553447265625,68.68182617187502],[-113.54597656249999,68.6763671875],[-113.536494140625,68.669091796875],[-113.525,68.66],[-113.475,68.62],[-113.46364257812499,68.610966796875],[-113.45457031250001,68.6038671875],[-113.44778320312501,68.59870117187499],[-113.44328125000001,68.59546875],[-113.42984375,68.58640625],[-113.42642578125,68.58419921874999],[-113.42289062500001,68.58210937499999],[-113.41923828125,68.58013671875],[-113.41546875,68.57828125],[-113.40015625000001,68.57109374999999],[-113.39626953125001,68.56935546874999],[-113.392265625,68.56773437499999],[-113.38814453125,68.56623046874999],[-113.38390625000001,68.56484375],[-113.36671875,68.55953124999999],[-113.36236328125,68.55826171874999],[-113.35789062500001,68.557109375],[-113.35330078125,68.55607421874998],[-113.34859375,68.55515625],[-113.32953125000002,68.55171874999999],[-113.32286132812501,68.550654296875],[-113.3123828125,68.54917968749999],[-113.298095703125,68.547294921875],[-113.28,68.54499999999999],[-113.2,68.535],[-113.18201171875002,68.532744140625],[-113.168046875,68.5309765625],[-113.15810546875001,68.529697265625],[-113.15218750000001,68.52890625],[-113.1365625,68.52671874999999],[-113.13292968750001,68.52619140624998],[-113.12984375,68.52570312499999],[-113.12730468750001,68.52525390624999],[-113.1253125,68.52484374999999],[-113.1184375,68.52328125],[-113.1169921875,68.52291015624999],[-113.11609375,68.522578125],[-113.11574218749999,68.52228515625],[-113.1159375,68.52203125],[-113.11781250000001,68.52109374999999],[-113.11855468750002,68.52087890624999],[-113.11984375,68.52070312499998],[-113.1216796875,68.52056640625],[-113.12406250000001,68.52046874999999],[-113.13468750000001,68.52015625],[-113.13888671875002,68.520087890625],[-113.14617187500001,68.52003906249999],[-113.15654296875,68.52000976562499],[-113.17,68.52],[-113.22999999999999,68.52],[-113.24353515624999,68.51998046874999],[-113.25414062499999,68.519921875],[-113.26181640624999,68.51982421875],[-113.26656249999999,68.5196875],[-113.27968749999998,68.51906249999999],[-113.28285156249999,68.51886718749999],[-113.28578124999999,68.51859375],[-113.28847656249998,68.5182421875],[-113.29093749999998,68.51781249999999],[-113.30031249999999,68.5159375],[-113.30253906249999,68.5154296875],[-113.30453125,68.51484375000001],[-113.30628906249999,68.5141796875],[-113.30781249999998,68.51343750000001],[-113.3134375,68.5103125],[-113.31472656250001,68.5094921875],[-113.31578125,68.50859374999999],[-113.31660156250001,68.50761718749999],[-113.3171875,68.5065625],[-113.3190625,68.50218749999999],[-113.31947265625,68.50060546875],[-113.31976562499999,68.498046875],[-113.31994140625,68.49451171875],[-113.32,68.49],[-113.32,68.47],[-113.31885742187498,68.465478515625],[-113.3154296875,68.4619140625],[-113.309716796875,68.459306640625],[-113.30171874999999,68.45765625],[-113.26515624999999,68.45296875],[-113.25373046874999,68.45181640625],[-113.237734375,68.450703125],[-113.21716796874999,68.44962890625],[-113.19203124999999,68.44859375],[-113.08234374999999,68.44453125],[-113.05263671875,68.44353515625001],[-113.01835937499999,68.442578125],[-112.97951171874999,68.44166015625],[-112.93609375,68.44078125],[-112.75328124999999,68.43734375],[-112.70529296874999,68.43650390625],[-112.652734375,68.435703125],[-112.59560546875,68.43494140625],[-112.53390624999999,68.43421875],[-112.27796875,68.43140625000001],[-112.185419921875,68.43047851562501],[-112.03574218749999,68.42910156250001],[-111.828935546875,68.427275390625],[-111.565,68.42500000000001],[-110.395,68.41499999999999],[-110.13099609375,68.41280273437499],[-109.923984375,68.41121093749999],[-109.77396484375001,68.41022460937499],[-109.6809375,68.40984375],[-109.4228125,68.40953124999999],[-109.3604296875,68.40958984375],[-109.30234375,68.409921875],[-109.2485546875,68.41052734375],[-109.19906250000001,68.41140625],[-109.0096875,68.41546875],[-108.9644921875,68.41662109375001],[-108.92359375000001,68.418046875],[-108.8869921875,68.41974609374999],[-108.85468750000001,68.42171875],[-108.73406250000001,68.43015625000001],[-108.70605468750001,68.43240234375001],[-108.68234375,68.43492187500001],[-108.6629296875,68.43771484375002],[-108.6478125,68.44078125000001],[-108.59593750000002,68.45359375000001],[-108.58240234375002,68.458271484375],[-108.56773437500001,68.46589843750002],[-108.55193359375001,68.476474609375],[-108.53500000000001,68.49000000000001],[-108.46499999999999,68.55000000000001],[-108.4490625,68.563544921875],[-108.43625,68.57417968750002],[-108.42656249999999,68.58190429687502],[-108.41999999999999,68.58671875000002],[-108.39999999999999,68.60015625000003],[-108.39484374999999,68.60341796875002],[-108.38937499999999,68.60648437500002],[-108.38359374999999,68.60935546875001],[-108.37749999999998,68.61203125000002],[-108.35249999999999,68.62234375],[-108.34609375,68.62482421874999],[-108.33937499999999,68.627109375],[-108.33234374999999,68.62919921874999],[-108.32499999999999,68.63109374999999],[-108.295,68.63828125],[-108.28734375,68.63998046875001],[-108.279375,68.641484375],[-108.27109375,68.64279296875],[-108.2625,68.64390625],[-108.22749999999999,68.64796875],[-108.21515624999999,68.649169921875],[-108.19562499999999,68.65074218750001],[-108.16890624999999,68.652685546875],[-108.13499999999999,68.655],[-107.985,68.66499999999999],[-107.951142578125,68.667275390625],[-107.92457031250001,68.6691015625],[-107.90528320312501,68.670478515625],[-107.89328125,68.67140625],[-107.85984375000001,68.67421875000001],[-107.85173828125,68.67494140625001],[-107.844140625,68.67570312500001],[-107.83705078125,68.67650390625],[-107.83046875,68.67734375],[-107.80515624999998,68.68078125000001],[-107.79908203124998,68.68166015625],[-107.79351562499998,68.682578125],[-107.78845703124998,68.68353515625],[-107.78390624999999,68.68453125],[-107.76671875,68.68859375000001],[-107.76267578125,68.68962890625002],[-107.759140625,68.690703125],[-107.75611328124998,68.69181640625001],[-107.75359375,68.69296875],[-107.74453125,68.69765625000001],[-107.741923828125,68.69930664062501],[-107.73863281249999,68.70191406250001],[-107.734658203125,68.705478515625],[-107.72999999999999,68.71000000000001],[-107.71000000000001,68.73],[-107.70535156250001,68.73451171875001],[-107.70140625,68.73804687500001],[-107.69816406250001,68.74060546875],[-107.695625,68.74218750000001],[-107.686875,68.74656250000001],[-107.684453125,68.74761718750001],[-107.6815625,68.74859375000001],[-107.67820312500001,68.74949218750001],[-107.674375,68.7503125],[-107.65812500000001,68.75343750000002],[-107.65382812500002,68.75417968750003],[-107.6490625,68.75484375000002],[-107.64382812500003,68.75542968750003],[-107.63812500000002,68.75593750000002],[-107.614375,68.7578125],[-107.60820312499999,68.7582421875],[-107.60156250000001,68.75859375],[-107.594453125,68.7588671875],[-107.586875,68.7590625],[-107.555625,68.75968750000001],[-107.5444140625,68.75982421875001],[-107.52640625000001,68.759921875],[-107.5016015625,68.75998046875],[-107.47,68.76],[-107.33000000000001,68.76],[-107.29836914062501,68.76001953125001],[-107.27347656250001,68.760078125],[-107.25532226562501,68.76017578125001],[-107.24390625000001,68.76031250000001],[-107.21171874999999,68.7609375],[-107.20384765624999,68.7611328125],[-107.19632812499998,68.76140625],[-107.18916015624998,68.76175781250001],[-107.18234374999999,68.76218750000001],[-107.15578125,68.76406250000001],[-107.14931640625001,68.76457031250001],[-107.143203125,68.76515625000002],[-107.13744140625,68.76582031250001],[-107.13203125000001,68.76656250000002],[-107.11109375,68.7696875],[-107.10603515625,68.7705078125],[-107.10132812500001,68.77140625000001],[-107.09697265624999,68.77238281250001],[-107.09296875,68.7734375],[-107.07765625000002,68.77781250000001],[-107.07274414062502,68.77939453125],[-107.0656640625,68.781953125],[-107.05641601562502,68.78548828125],[-107.04500000000002,68.79],[-106.99499999999999,68.81],[-106.98365234375,68.81451171875],[-106.974609375,68.81804687500001],[-106.96787109375,68.82060546875002],[-106.9634375,68.82218750000001],[-106.9503125,68.8265625],[-106.9469921875,68.8276171875],[-106.94359374999999,68.82859375],[-106.9401171875,68.8294921875],[-106.93656249999998,68.83031249999999],[-106.9221875,68.8334375],[-106.9185546875,68.8341796875],[-106.91484374999999,68.83484375],[-106.9110546875,68.83542968750001],[-106.90718749999999,68.8359375],[-106.89156249999999,68.83781250000001],[-106.8876171875,68.8382421875],[-106.88359375,68.83859375],[-106.8794921875,68.8388671875],[-106.8753125,68.83906250000001],[-106.85843749999998,68.8396875],[-106.85255859374999,68.83982421875],[-106.84335937499999,68.839921875],[-106.83083984375,68.83998046875001],[-106.815,68.84],[-106.745,68.84],[-106.72919921875001,68.84000976562501],[-106.716796875,68.84003906250001],[-106.70779296875,68.840087890625],[-106.70218750000001,68.84015625],[-106.68656250000001,68.84046875000001],[-106.6827734375,68.84056640625],[-106.67921874999999,68.840703125],[-106.6758984375,68.84087890625],[-106.67281249999999,68.84109375],[-106.66093750000002,68.84203125],[-106.65808593750002,68.84228515625],[-106.65546875,68.842578125],[-106.65308593750001,68.84291015625],[-106.65093750000001,68.84328125],[-106.64281249999999,68.84484375],[-106.6408984375,68.84525390625001],[-106.63921875,68.845703125],[-106.63777343749999,68.84619140625],[-106.6365625,68.84671875000001],[-106.6321875,68.84890625],[-106.63091796875,68.849697265625],[-106.629296875,68.8509765625],[-106.62732421875,68.85274414062499],[-106.625,68.85499999999999],[-106.61499999999998,68.86500000000001],[-106.61271484374998,68.867255859375],[-106.61085937499998,68.8690234375],[-106.60943359374998,68.870302734375],[-106.60843749999998,68.87109375],[-106.60531249999997,68.87328125000002],[-106.60449218749997,68.87380859375001],[-106.60359374999999,68.87429687500001],[-106.60261718749997,68.87474609375002],[-106.60156249999997,68.87515625],[-106.59718749999999,68.87671875000001],[-106.59605468749999,68.87708984375001],[-106.59484375,68.877421875],[-106.59355468749999,68.87771484375],[-106.5921875,68.87796875],[-106.58656249999997,68.87890625],[-106.58511718749997,68.87912109374999],[-106.58359374999998,68.879296875],[-106.58199218749998,68.87943359375001],[-106.58031249999998,68.87953125],[-106.57343749999998,68.87984374999999],[-106.57099609375,68.879912109375],[-106.56710937499999,68.87996093749999],[-106.56177734374998,68.87999023437499],[-106.55499999999999,68.88],[-106.52499999999999,68.88],[-106.51819335937499,68.88001953124999],[-106.51277343749999,68.880078125],[-106.50874023437498,68.88017578124999],[-106.50609374999999,68.8803125],[-106.49828124999999,68.88093749999999],[-106.49630859374999,68.8811328125],[-106.49429687499999,68.88140625],[-106.49224609375,68.88175781249998],[-106.49015625,68.88218749999999],[-106.48171875,68.8840625],[-106.47958984375,68.8845703125],[-106.477421875,68.88515625],[-106.47521484375001,68.88582031249999],[-106.47296875,68.8865625],[-106.46390625,68.8896875],[-106.46162109374998,68.8905078125],[-106.45929687499999,68.89140625],[-106.45693359375,68.8923828125],[-106.45453124999999,68.8934375],[-106.44484374999999,68.8978125],[-106.441474609375,68.89939453125001],[-106.43621093750001,68.901953125],[-106.429052734375,68.90548828125],[-106.42,68.91],[-106.38,68.93],[-106.370830078125,68.93451171875002],[-106.36332031250001,68.938046875],[-106.35747070312499,68.94060546875001],[-106.35328125,68.9421875],[-106.33984375,68.9465625],[-106.33626953125,68.94761718750001],[-106.33226562499999,68.94859375],[-106.32783203125,68.9494921875],[-106.32296875,68.9503125],[-106.30265624999998,68.9534375],[-106.29736328124997,68.95417968750002],[-106.29164062499999,68.95484375000001],[-106.28548828124997,68.95542968750001],[-106.27890624999998,68.9559375],[-106.25171875000001,68.95781250000002],[-106.24470703125,68.95824218750002],[-106.23726562499999,68.95859375],[-106.22939453125,68.95886718750002],[-106.22109375,68.95906250000002],[-106.18703124999999,68.9596875],[-106.174892578125,68.95982421875],[-106.15550781249999,68.959921875],[-106.128876953125,68.95998046875002],[-106.095,68.96000000000001],[-105.945,68.96000000000001],[-105.911142578125,68.95998046875],[-105.88457031249999,68.959921875],[-105.86528320312499,68.95982421875],[-105.85328124999998,68.9596875],[-105.81984374999999,68.95906250000002],[-105.81173828124999,68.95886718750002],[-105.80414062499999,68.95859375],[-105.79705078125,68.95824218750002],[-105.79046874999999,68.95781250000002],[-105.76515624999999,68.9559375],[-105.75908203125,68.95542968750001],[-105.753515625,68.95484375000001],[-105.74845703125,68.95417968750002],[-105.74390625,68.9534375],[-105.72671874999999,68.9503125],[-105.72267578124999,68.9494921875],[-105.71914062499998,68.94859375],[-105.71611328124999,68.9476171875],[-105.71359374999999,68.9465625],[-105.70453124999999,68.9421875],[-105.70192382812499,68.94060546875001],[-105.6986328125,68.938046875],[-105.69465820312499,68.93451171875],[-105.69,68.93],[-105.67,68.91],[-105.6653125,68.90548828125],[-105.66125,68.901953125],[-105.6578125,68.89939453125001],[-105.655,68.89781250000001],[-105.64500000000001,68.8934375],[-105.6421875,68.89238281250002],[-105.63875,68.89140625000002],[-105.6346875,68.8905078125],[-105.63,68.88968750000001],[-105.60999999999999,68.8865625],[-105.60468749999998,68.8858203125],[-105.59874999999998,68.88515625],[-105.5921875,68.88457031249999],[-105.585,68.8840625],[-105.555,68.88218749999999],[-105.5471875,68.8817578125],[-105.53875,68.88140625],[-105.52968750000001,68.88113281249998],[-105.52000000000001,68.88093749999999],[-105.48,68.8803125],[-105.46562499999999,68.88017578124999],[-105.44250000000001,68.880078125],[-105.41062500000001,68.88001953125],[-105.37,68.88],[-105.19,68.88],[-105.149384765625,68.87999023437499],[-105.11753906249999,68.87996093749999],[-105.09446289062498,68.879912109375],[-105.08015624999999,68.87984374999999],[-105.04046875,68.87953124999999],[-105.03087890625001,68.87943359374998],[-105.02195312500001,68.87929687499998],[-105.01369140625002,68.87912109374999],[-105.00609375000002,68.87890624999999],[-104.97703125000001,68.87796875],[-104.97009765625,68.87771484375],[-104.96382812500002,68.877421875],[-104.95822265625,68.87708984375],[-104.95328125,68.87671875],[-104.93484375,68.87515625],[-104.93056640625001,68.87474609375],[-104.92695312499998,68.874296875],[-104.92400390625,68.87380859375],[-104.92171875,68.87328125],[-104.91390625,68.87109375],[-104.911884765625,68.870302734375],[-104.9097265625,68.8690234375],[-104.90743164062499,68.867255859375],[-104.905,68.86500000000001],[-104.89500000000001,68.85499999999999],[-104.892587890625,68.85274414062499],[-104.8903515625,68.8509765625],[-104.88829101562501,68.849697265625],[-104.88640625000001,68.84890625],[-104.87921874999999,68.84671875000001],[-104.87712890624998,68.84619140625],[-104.874453125,68.845703125],[-104.87119140625,68.84525390625001],[-104.86734375,68.84484375],[-104.85078125000001,68.84328125],[-104.84634765625,68.84291015625],[-104.841328125,68.842578125],[-104.83572265625,68.84228515625],[-104.82953125,68.84203125],[-104.80359375,68.84109375],[-104.79681640625,68.84087890625],[-104.78945312500001,68.840703125],[-104.78150390625001,68.84056640625002],[-104.77296875000002,68.84046875000001],[-104.73765624999999,68.84015625],[-104.72493164062499,68.840087890625],[-104.70441406249999,68.84003906250001],[-104.67610351562499,68.84000976562501],[-104.63999999999999,68.84],[-104.47999999999999,68.84],[-104.44389648437499,68.84000976562501],[-104.4155859375,68.84003906250001],[-104.39506835937499,68.840087890625],[-104.38234374999999,68.84015625],[-104.34703124999999,68.84046875000001],[-104.33849609375,68.84056640625],[-104.330546875,68.840703125],[-104.32318359375,68.84087890625],[-104.31640625,68.84109375],[-104.29046875,68.84203125],[-104.28427734374999,68.84228515625],[-104.278671875,68.842578125],[-104.27365234374999,68.84291015625],[-104.26921875,68.84328125],[-104.25265625,68.84484375],[-104.24880859375,68.84525390625001],[-104.24554687499999,68.845703125],[-104.24287109375,68.84619140625],[-104.24078125,68.84671875000001],[-104.23359374999998,68.84890625],[-104.23170898437498,68.849697265625],[-104.2296484375,68.8509765625],[-104.227412109375,68.85274414062499],[-104.225,68.85499999999999],[-104.215,68.86500000000001],[-104.212744140625,68.86724609375001],[-104.2109765625,68.868984375],[-104.20969726562501,68.87021484375],[-104.20890625,68.8709375],[-104.20671875000002,68.87281250000001],[-104.20619140625003,68.87324218750001],[-104.20570312500001,68.87359375],[-104.20525390625002,68.87386718750001],[-104.20484375000001,68.87406250000001],[-104.20328125,68.8746875],[-104.20291015625,68.87480468749999],[-104.202578125,68.87484375],[-104.20228515625001,68.87480468749999],[-104.20203125,68.8746875],[-104.20109375,68.87406250000001],[-104.20087890625,68.87386718750001],[-104.20070312499999,68.87359375],[-104.20056640625,68.87324218750001],[-104.20046875,68.87281250000001],[-104.20015625,68.8709375],[-104.200087890625,68.87021484374999],[-104.2000390625,68.868984375],[-104.200009765625,68.86724609375],[-104.2,68.86500000000001],[-104.2,68.85499999999999],[-104.199931640625,68.85274414062499],[-104.1997265625,68.8509765625],[-104.19938476562501,68.849697265625],[-104.19890625000001,68.84890625],[-104.19671875,68.84671875000001],[-104.19603515624999,68.84619140625],[-104.19507812500001,68.845703125],[-104.19384765625,68.84525390625001],[-104.19234375,68.84484375],[-104.18578125,68.84328125],[-104.18400390625,68.84291015625],[-104.181953125,68.842578125],[-104.17962890625,68.84228515625],[-104.17703125,68.84203125],[-104.16609375000002,68.84109375],[-104.16322265625001,68.84087890625],[-104.16007812500001,68.840703125],[-104.15666015625001,68.84056640625002],[-104.15296875000001,68.84046875000001],[-104.13765625000002,68.84015625],[-104.13211914062502,68.840087890625],[-104.12316406250002,68.84003906250001],[-104.11079101562501,68.84000976562501],[-104.09500000000001,68.84],[-104.02499999999999,68.84],[-104.00919921875,68.83999023437501],[-103.996796875,68.8399609375],[-103.98779296875,68.839912109375],[-103.9821875,68.83984375],[-103.9665625,68.83953125],[-103.96277343749999,68.83943359374999],[-103.95921874999999,68.839296875],[-103.9558984375,68.83912109375001],[-103.9528125,68.83890625000001],[-103.9409375,68.83796875],[-103.9380859375,68.83771484375],[-103.93546875000001,68.837421875],[-103.93308593750001,68.83708984375001],[-103.9309375,68.83671875],[-103.92281249999999,68.83515625],[-103.9208984375,68.83474609375],[-103.91921874999998,68.834296875],[-103.91777343749999,68.83380859375],[-103.9165625,68.83328125],[-103.9121875,68.83109375000001],[-103.91091796875,68.83030273437501],[-103.909296875,68.8290234375],[-103.90732421875,68.82725585937501],[-103.905,68.825],[-103.89500000000001,68.815],[-103.89265625,68.81274414062501],[-103.890625,68.8109765625],[-103.88890625,68.809697265625],[-103.8875,68.80890625],[-103.8825,68.80671874999999],[-103.88109374999999,68.80619140624998],[-103.879375,68.805703125],[-103.87734375,68.80525390624999],[-103.875,68.80484374999999],[-103.86499999999998,68.80328125],[-103.86234374999998,68.80291015625001],[-103.85937499999997,68.802578125],[-103.85609374999999,68.80228515625],[-103.85249999999998,68.80203125],[-103.83749999999998,68.80109374999999],[-103.83359374999998,68.80087890624999],[-103.82937499999998,68.800703125],[-103.82484374999999,68.80056640625],[-103.82,68.80046875],[-103.8,68.80015624999999],[-103.7928125,68.800087890625],[-103.78125,68.80003906249999],[-103.7653125,68.80000976562499],[-103.745,68.8],[-103.655,68.8],[-103.63468749999998,68.799990234375],[-103.61875,68.79996093749999],[-103.6071875,68.799912109375],[-103.6,68.79984375],[-103.58000000000001,68.79953125],[-103.57515625000002,68.79943359375],[-103.570625,68.799296875],[-103.56640625,68.79912109374999],[-103.5625,68.79890624999999],[-103.5475,68.79796875],[-103.54390625,68.79771484375],[-103.540625,68.79742187499998],[-103.53765625,68.79708984374999],[-103.535,68.79671874999998],[-103.525,68.79515624999999],[-103.52265625000001,68.79474609374999],[-103.52062500000002,68.79429687499999],[-103.51890625000001,68.79380859374999],[-103.51750000000001,68.79328124999998],[-103.51250000000002,68.79109374999999],[-103.51109375000001,68.79030273437499],[-103.509375,68.78902343749999],[-103.50734375000002,68.787255859375],[-103.50500000000001,68.785],[-103.49499999999999,68.775],[-103.4926953125,68.77274414062501],[-103.49078125,68.77097656250001],[-103.4892578125,68.76969726562501],[-103.488125,68.76890625000001],[-103.484375,68.76671875000002],[-103.48335937499999,68.76619140625002],[-103.48218750000001,68.76570312500002],[-103.480859375,68.76525390625001],[-103.479375,68.76484375000001],[-103.473125,68.76328125],[-103.471484375,68.76291015625002],[-103.46968749999999,68.762578125],[-103.46773437499999,68.76228515625002],[-103.46562499999999,68.76203125],[-103.45687500000003,68.76109375],[-103.45460937500003,68.76087890625],[-103.45218750000002,68.76070312499999],[-103.44960937500002,68.76056640625],[-103.44687500000002,68.76046875],[-103.43562500000002,68.76015625000001],[-103.4316015625,68.760087890625],[-103.42515625000001,68.7600390625],[-103.4162890625,68.760009765625],[-103.405,68.76],[-103.355,68.76],[-103.34367187500001,68.759951171875],[-103.33468750000002,68.75980468750001],[-103.32804687500001,68.75956054687501],[-103.32375,68.75921875],[-103.31125,68.75765625000001],[-103.30812499999999,68.75716796875],[-103.305,68.75648437500001],[-103.30187500000001,68.75560546875002],[-103.29875000000001,68.75453125000001],[-103.28625000000001,68.74984375],[-103.28312500000001,68.74857421875],[-103.28,68.74710937500001],[-103.27687500000002,68.74544921875],[-103.27375,68.74359375],[-103.26125000000002,68.73578125],[-103.25812500000002,68.73373046875001],[-103.25500000000001,68.73148437500001],[-103.25187500000001,68.72904296875],[-103.24875000000002,68.72640625],[-103.23625,68.71546875000001],[-103.23195312499999,68.71151367187501],[-103.2253125,68.70511718750001],[-103.216328125,68.696279296875],[-103.205,68.685],[-103.155,68.63499999999999],[-103.14314453125,68.623720703125],[-103.132578125,68.6148828125],[-103.12330078125,68.608486328125],[-103.1153125,68.60453125],[-103.0859375,68.59359375],[-103.0775390625,68.59095703125],[-103.06703125000001,68.58851562499999],[-103.0544140625,68.58626953125],[-103.0396875,68.58421874999999],[-102.9765625,68.57640625],[-102.95972656250001,68.57455078125001],[-102.94078124999999,68.57289062500001],[-102.91972656249999,68.57142578125001],[-102.89656249999999,68.57015625000001],[-102.79968749999999,68.56546875],[-102.77441406249999,68.56439453125],[-102.74703124999999,68.56351562500001],[-102.7175390625,68.56283203125],[-102.6859375,68.56234375],[-102.55531250000001,68.56078125],[-102.50830078125001,68.560439453125],[-102.432578125,68.5601953125],[-102.32814453125002,68.56004882812499],[-102.19500000000001,68.56],[-101.60499999999999,68.56],[-101.47189453124999,68.56000976562501],[-101.367578125,68.56003906250001],[-101.29205078124998,68.560087890625],[-101.24531249999998,68.56015625],[-101.11593749999999,68.56046875],[-101.0847265625,68.56056640625],[-101.05578124999998,68.560703125],[-101.02910156249999,68.56087890625],[-101.00468749999999,68.56109375],[-100.91156249999999,68.56203125],[-100.88941406249998,68.56228515625001],[-100.86953125,68.562578125],[-100.85191406249999,68.56291015625001],[-100.83656249999999,68.56328125],[-100.7796875,68.56484375],[-100.76660156249999,68.56525390624999],[-100.75578124999998,68.565703125],[-100.74722656249999,68.56619140625],[-100.74093749999999,68.56671874999999],[-100.7203125,68.56890625],[-100.71548828125,68.56969726562501],[-100.711328125,68.5709765625],[-100.70783203125,68.57274414062499],[-100.705,68.57499999999999],[-100.695,68.58500000000001],[-100.69269531249999,68.587265625],[-100.69078125,68.58906250000001],[-100.6892578125,68.590390625],[-100.688125,68.59125],[-100.684375,68.59375],[-100.683359375,68.594375],[-100.6821875,68.595],[-100.680859375,68.595625],[-100.679375,68.59625],[-100.673125,68.59875],[-100.671484375,68.599375],[-100.66968749999998,68.6],[-100.66773437500001,68.600625],[-100.665625,68.60125],[-100.65687499999999,68.60374999999999],[-100.65460937499998,68.60437499999999],[-100.6521875,68.60499999999999],[-100.649609375,68.60562499999999],[-100.646875,68.60624999999999],[-100.635625,68.60874999999999],[-100.63160156250001,68.60960937499999],[-100.62515625,68.61093749999999],[-100.61628906249999,68.612734375],[-100.60499999999999,68.615],[-100.555,68.625],[-100.54369140625002,68.627236328125],[-100.534765625,68.6289453125],[-100.52822265625002,68.630126953125],[-100.52406250000001,68.63078125],[-100.51218750000001,68.63234375],[-100.50925781250001,68.63267578125],[-100.50640625000001,68.63289062500002],[-100.5036328125,68.63298828125001],[-100.5009375,68.63296875],[-100.4903125,68.63265625],[-100.48769531250001,68.63251953125],[-100.48515624999999,68.632265625],[-100.4826953125,68.63189453125],[-100.4803125,68.63140625],[-100.4709375,68.62921875],[-100.4686328125,68.62861328125001],[-100.46640625,68.627890625],[-100.4642578125,68.62705078125],[-100.4621875,68.62609375000001],[-100.4540625,68.62203125],[-100.45134765625,68.62051757812499],[-100.447265625,68.61800781250001],[-100.44181640625,68.614501953125],[-100.435,68.61],[-100.405,68.59],[-100.39820312500001,68.58548828125],[-100.3928125,68.581953125],[-100.388828125,68.57939453124999],[-100.38625,68.5778125],[-100.37875,68.5734375],[-100.376875,68.5723828125],[-100.375,68.57140625],[-100.373125,68.57050781249998],[-100.37125,68.56968749999999],[-100.36375,68.5665625],[-100.361875,68.56582031250001],[-100.36,68.56515625],[-100.358125,68.5645703125],[-100.35624999999999,68.5640625],[-100.34875,68.5621875],[-100.34687499999998,68.56175781249999],[-100.345,68.56140625],[-100.34312499999999,68.5611328125],[-100.34124999999999,68.5609375],[-100.33375000000001,68.56031250000001],[-100.33117187500001,68.56017578125],[-100.3271875,68.560078125],[-100.321796875,68.56001953124999],[-100.315,68.56],[-100.285,68.56],[-100.27822265625,68.55999023437501],[-100.272890625,68.5599609375],[-100.26900390624999,68.559912109375],[-100.26656249999999,68.55984375],[-100.25968749999998,68.55953125],[-100.25800781249998,68.55943359375],[-100.25640625,68.559296875],[-100.25488281249999,68.55912109375001],[-100.25343749999999,68.55890625],[-100.24781250000001,68.55796875],[-100.2464453125,68.55771484375],[-100.24515625000001,68.557421875],[-100.2439453125,68.55708984374999],[-100.2428125,68.55671875],[-100.23843749999999,68.55515625],[-100.2373828125,68.55474609375],[-100.23640624999999,68.55429687499999],[-100.23550781249997,68.55380859375],[-100.23468749999998,68.55328125],[-100.23156249999998,68.55109374999999],[-100.23056640624998,68.550302734375],[-100.22914062499999,68.54902343749998],[-100.22728515624999,68.54725585937499],[-100.225,68.54499999999999],[-100.215,68.535],[-100.212666015625,68.532744140625],[-100.2106640625,68.5309765625],[-100.20899414062501,68.529697265625],[-100.20765625,68.52890625],[-100.20296875,68.52671874999999],[-100.20166015625,68.52619140624998],[-100.20007812499999,68.52570312499999],[-100.19822265625001,68.52525390624999],[-100.19609375,68.52484374999999],[-100.18703125,68.52328125],[-100.18462890625,68.52291015624999],[-100.181953125,68.522578125],[-100.17900390625,68.52228515625],[-100.17578125,68.52203125],[-100.16234375000002,68.52109374999999],[-100.15884765625002,68.52087890624999],[-100.15507812500002,68.52070312499998],[-100.15103515625002,68.52056640625],[-100.14671875000002,68.52046874999999],[-100.12890625,68.52015625],[-100.122509765625,68.520087890625],[-100.1122265625,68.52003906249999],[-100.098056640625,68.52000976562499],[-100.08,68.52],[-100.0,68.52],[-99.981943359375,68.519990234375],[-99.96777343749999,68.5199609375],[-99.957490234375,68.51991210937501],[-99.95109375,68.51984375],[-99.93328125,68.51953125],[-99.92896484375,68.51943359375001],[-99.924921875,68.519296875],[-99.92115234375,68.51912109375],[-99.91765625,68.51890625],[-99.90421875,68.51796875],[-99.90099609375,68.51771484375001],[-99.898046875,68.517421875],[-99.89537109375,68.51708984375],[-99.89296875,68.51671875],[-99.88390625000001,68.51515625],[-99.88177734375002,68.51474609375],[-99.87992187500001,68.51429687500001],[-99.87833984375001,68.51380859375],[-99.87703125000002,68.51328125],[-99.87234375,68.51109375000001],[-99.871005859375,68.51030273437502],[-99.86933593750001,68.5090234375],[-99.86733398437501,68.50725585937501],[-99.86500000000001,68.50500000000001],[-99.85499999999999,68.49499999999999],[-99.85255859374999,68.49274414062499],[-99.85023437499999,68.49097656249998],[-99.84802734374999,68.48969726562498],[-99.84593749999999,68.48890624999999],[-99.83781250000001,68.48671875],[-99.83542968750002,68.48619140625],[-99.83234375,68.485703125],[-99.8285546875,68.48525390625],[-99.8240625,68.48484375],[-99.8046875,68.48328125],[-99.7994921875,68.48291015625],[-99.79359374999999,68.482578125],[-99.7869921875,68.48228515625],[-99.7796875,68.48203125],[-99.74906249999998,68.48109375],[-99.74105468749998,68.48087890625],[-99.73234374999998,68.480703125],[-99.72292968749998,68.48056640625],[-99.71281249999998,68.48046875],[-99.6709375,68.48015625],[-99.65583984375,68.48008789062499],[-99.631484375,68.4800390625],[-99.59787109375,68.480009765625],[-99.555,68.48],[-99.36500000000001,68.48],[-99.32212890625001,68.47999023437501],[-99.288515625,68.4799609375],[-99.26416015625001,68.479912109375],[-99.24906250000001,68.47984375],[-99.2071875,68.47953125000001],[-99.19707031250002,68.47943359375],[-99.18765625,68.479296875],[-99.17894531250002,68.47912109375],[-99.17093750000001,68.47890625],[-99.1403125,68.47796875],[-99.1330078125,68.47771484375],[-99.12640625,68.477421875],[-99.1205078125,68.47708984375001],[-99.1153125,68.47671875],[-99.09593749999999,68.47515625],[-99.09144531249999,68.47474609375001],[-99.08765625,68.47429687500001],[-99.08457031249999,68.47380859375001],[-99.08218749999999,68.47328125000001],[-99.0740625,68.47109375],[-99.07197265625,68.470302734375],[-99.06976562499999,68.4690234375],[-99.06744140625,68.467255859375],[-99.065,68.465],[-99.05499999999999,68.45500000000001],[-99.05251953124998,68.452744140625],[-99.050078125,68.4509765625],[-99.04767578124999,68.44969726562502],[-99.0453125,68.44890625000001],[-99.0359375,68.44671875],[-99.0331640625,68.44619140625],[-99.02953124999999,68.44570312500001],[-99.02503906250001,68.44525390625],[-99.0196875,68.44484375],[-98.9965625,68.44328125],[-98.9903515625,68.44291015625],[-98.98328125,68.442578125],[-98.9753515625,68.44228515625],[-98.9665625,68.44203125],[-98.9296875,68.44109375],[-98.9200390625,68.44087890624999],[-98.90953125,68.440703125],[-98.8981640625,68.44056640625],[-98.8859375,68.44046875],[-98.8353125,68.44015625],[-98.81705078124999,68.440087890625],[-98.787578125,68.4400390625],[-98.74689453124999,68.440009765625],[-98.695,68.44],[-98.46499999999999,68.44],[-98.41308593749999,68.440029296875],[-98.37234374999998,68.4401171875],[-98.3427734375,68.440263671875],[-98.32437499999999,68.44046875],[-98.273125,68.44140625],[-98.26070312499999,68.44169921874999],[-98.24906249999998,68.442109375],[-98.23820312499998,68.44263671875001],[-98.22812499999999,68.44328125],[-98.18937500000001,68.44609374999999],[-98.18007812500002,68.44685546874999],[-98.17156250000002,68.44773437499998],[-98.16382812500001,68.44873046874999],[-98.15687500000001,68.44984374999999],[-98.13062500000001,68.45453125],[-98.12445312500002,68.45576171875],[-98.11906250000001,68.457109375],[-98.11445312500001,68.45857421874999],[-98.110625,68.46015625],[-98.096875,68.46671875],[-98.0924609375,68.469560546875],[-98.08609375,68.4748046875],[-98.07777343749999,68.482451171875],[-98.0675,68.4925],[-98.02250000000001,68.5375],[-98.00421875,68.546875],[-97.97187500000001,68.55250000000001],[-97.92546875000001,68.55437500000001],[-97.86500000000001,68.55250000000001],[-97.595,68.5375],[-97.5346875,68.53414062499999],[-97.48875,68.5315625],[-97.4571875,68.529765625],[-97.44,68.52875],[-97.4,68.52625],[-97.39031250000001,68.525625],[-97.38125000000001,68.52499999999999],[-97.37281250000001,68.52437499999999],[-97.36500000000001,68.52374999999999],[-97.335,68.52125],[-97.3278125,68.520625],[-97.32124999999999,68.52],[-97.3153125,68.519375],[-97.31,68.51875],[-97.29,68.51625],[-97.2853125,68.515625],[-97.28125,68.515],[-97.27781250000001,68.514375],[-97.275,68.51375],[-97.26500000000001,68.51125],[-97.26218750000001,68.51039062500001],[-97.25875,68.5090625],[-97.2546875,68.507265625],[-97.25,68.50500000000001],[-97.22999999999999,68.49499999999999],[-97.22548828125,68.492734375],[-97.22195312499998,68.49093749999999],[-97.21939453125,68.48960937499999],[-97.2178125,68.48875],[-97.2134375,68.48625],[-97.2123828125,68.485625],[-97.21140625000001,68.485],[-97.2105078125,68.48437499999999],[-97.2096875,68.48374999999999],[-97.2065625,68.48124999999999],[-97.20582031250001,68.48062499999999],[-97.20515625,68.47999999999999],[-97.20457031250001,68.47937499999999],[-97.2040625,68.47874999999999],[-97.20218750000001,68.47625],[-97.20175781250002,68.47562499999998],[-97.20140625000002,68.475],[-97.20113281250002,68.474375],[-97.20093750000001,68.47375],[-97.20031250000001,68.47125],[-97.20017578125001,68.470390625],[-97.200078125,68.4690625],[-97.20001953125,68.46726562500001],[-97.2,68.465],[-97.2,68.45500000000001],[-97.199755859375,68.452744140625],[-97.1990234375,68.4509765625],[-97.19780273437502,68.44969726562502],[-97.19609375,68.44890625000001],[-97.18828125,68.44671875],[-97.18583984375,68.44619140625],[-97.182421875,68.44570312500001],[-97.17802734375002,68.44525390625],[-97.17265625,68.44484375],[-97.14921875,68.44328125],[-97.14287109375,68.44291015625],[-97.13554687500002,68.442578125],[-97.12724609375002,68.44228515625],[-97.11796875000002,68.44203125],[-97.07890625,68.44109375],[-97.06865234375,68.44087890624999],[-97.057421875,68.440703125],[-97.04521484375002,68.44056640625],[-97.03203125,68.44046875],[-96.97734375000002,68.44015625],[-96.95756835937502,68.440087890625],[-96.9255859375,68.4400390625],[-96.88139648437502,68.440009765625],[-96.825,68.44],[-96.575,68.44],[-96.51857421875,68.44001953124999],[-96.47429687500001,68.440078125],[-96.44216796875001,68.44017578125],[-96.4221875,68.4403125],[-96.3665625,68.44093749999999],[-96.3530859375,68.4411328125],[-96.34046875,68.44140625],[-96.3287109375,68.44175781249999],[-96.3178125,68.44218749999999],[-96.27593750000001,68.4440625],[-96.26589843750001,68.4445703125],[-96.25671875000002,68.44515625],[-96.24839843750001,68.44582031249999],[-96.24093750000002,68.4465625],[-96.2128125,68.4496875],[-96.20621093749999,68.45050781249999],[-96.20046875,68.45140625],[-96.1955859375,68.45238281249999],[-96.1915625,68.45343749999999],[-96.1771875,68.4578125],[-96.17310546875,68.45939453125],[-96.16804687499999,68.46195312500001],[-96.16201171875,68.46548828125],[-96.155,68.47],[-96.125,68.49],[-96.118203125,68.49451171874999],[-96.1128125,68.498046875],[-96.108828125,68.50060546875],[-96.10624999999999,68.50218749999999],[-96.09875,68.5065625],[-96.09687499999998,68.5076171875],[-96.095,68.50859374999999],[-96.09312499999999,68.5094921875],[-96.09124999999999,68.5103125],[-96.08375000000001,68.51343750000001],[-96.08187500000001,68.5141796875],[-96.08,68.51484375000001],[-96.078125,68.51542968750002],[-96.07625,68.5159375],[-96.06875,68.51781249999999],[-96.066875,68.5182421875],[-96.065,68.51859375],[-96.063125,68.51886718749999],[-96.06125,68.51906249999999],[-96.05375,68.5196875],[-96.05117187500001,68.51982421875],[-96.0471875,68.519921875],[-96.04179687499999,68.51998046874999],[-96.035,68.52],[-96.005,68.52],[-95.99822265625,68.52000976562499],[-95.992890625,68.5200390625],[-95.98900390624999,68.520087890625],[-95.98656249999999,68.52015625],[-95.97968750000001,68.52046874999999],[-95.97800781250001,68.52056640625],[-95.97640625000001,68.520703125],[-95.9748828125,68.52087890625],[-95.9734375,68.52109375],[-95.9678125,68.52203125],[-95.96644531249999,68.52228515625],[-95.96515624999999,68.522578125],[-95.9639453125,68.52291015624999],[-95.9628125,68.52328125],[-95.9584375,68.52484375],[-95.95738281250001,68.52525390624999],[-95.95640625000001,68.52570312499999],[-95.9555078125,68.52619140624999],[-95.9546875,68.52671874999999],[-95.95156250000001,68.52890625],[-95.95056640625,68.529697265625],[-95.949140625,68.5309765625],[-95.94728515625002,68.532744140625],[-95.94500000000001,68.535],[-95.93499999999999,68.54499999999999],[-95.93269531249999,68.547255859375],[-95.93078125,68.5490234375],[-95.9292578125,68.55030273437498],[-95.928125,68.55109374999999],[-95.92437499999998,68.55328125],[-95.92335937499998,68.55380859375],[-95.92218749999998,68.55429687499999],[-95.92085937499996,68.55474609375],[-95.91937499999997,68.55515625],[-95.91312500000001,68.55671875],[-95.91148437500001,68.55708984375],[-95.90968749999999,68.557421875],[-95.907734375,68.55771484375],[-95.905625,68.55796875],[-95.896875,68.55890625],[-95.894609375,68.55912109375001],[-95.8921875,68.559296875],[-95.889609375,68.55943359375],[-95.886875,68.55953125],[-95.875625,68.55984375],[-95.8716015625,68.559912109375],[-95.86515625000001,68.5599609375],[-95.8562890625,68.559990234375],[-95.845,68.56],[-95.795,68.56],[-95.78370117187501,68.56001953125],[-95.7748046875,68.560078125],[-95.768310546875,68.56017578125001],[-95.76421875,68.56031250000001],[-95.75265625,68.5609375],[-95.74982421875,68.56113281249999],[-95.74710937500001,68.56140625],[-95.74451171875,68.56175781249999],[-95.74203125,68.5621875],[-95.73234375,68.5640625],[-95.72998046875,68.5645703125],[-95.72773437499998,68.56515625],[-95.72560546874999,68.5658203125],[-95.72359374999999,68.5665625],[-95.71578124999999,68.5696875],[-95.71388671874999,68.5705078125],[-95.712109375,68.57140625000001],[-95.71044921875,68.5723828125],[-95.70890625,68.5734375],[-95.70296875,68.57781250000001],[-95.701044921875,68.57939453125],[-95.69824218749999,68.58195312500001],[-95.694560546875,68.58548828125001],[-95.69,68.59],[-95.67,68.61],[-95.66537109375,68.61451171875001],[-95.661484375,68.618046875],[-95.65833984375001,68.62060546875],[-95.65593750000001,68.62218750000001],[-95.64781249999999,68.6265625],[-95.6455859375,68.6276171875],[-95.64296875,68.62859375000001],[-95.63996093749999,68.6294921875],[-95.6365625,68.6303125],[-95.62218750000001,68.63343750000001],[-95.6183984375,68.63417968750001],[-95.61421875,68.63484375000002],[-95.6096484375,68.63542968750001],[-95.60468750000001,68.63593750000001],[-95.5840625,68.6378125],[-95.57871093749999,68.6382421875],[-95.57296875,68.63859375],[-95.5668359375,68.6388671875],[-95.56031250000001,68.6390625],[-95.53343750000002,68.63968750000001],[-95.52380859375002,68.63982421875001],[-95.50835937500003,68.639921875],[-95.48708984375001,68.63998046875],[-95.46000000000001,68.64],[-95.34,68.64],[-95.31285156250001,68.640068359375],[-95.29140625,68.64027343750001],[-95.2756640625,68.640615234375],[-95.265625,68.64109375000001],[-95.236875,68.64328125],[-95.229765625,68.64396484375],[-95.2228125,68.644921875],[-95.21601562500001,68.64615234375],[-95.20937500000001,68.64765625],[-95.18312500000002,68.65421875],[-95.176640625,68.65599609374999],[-95.17031250000002,68.658046875],[-95.16414062500002,68.66037109375],[-95.15812500000001,68.66296875],[-95.134375,68.67390625000002],[-95.128515625,68.67677734375002],[-95.1228125,68.67992187500002],[-95.117265625,68.68333984375002],[-95.111875,68.68703125000002],[-95.090625,68.70234375000001],[-95.08347656250001,68.707880859375],[-95.07265625,68.71683593750001],[-95.0581640625,68.729208984375],[-95.03999999999999,68.745],[-94.96000000000001,68.815],[-94.9419140625,68.830791015625],[-94.92765624999998,68.8431640625],[-94.91722656249999,68.85211914062499],[-94.910625,68.85765624999999],[-94.89187499999997,68.87296875000001],[-94.88726562499997,68.87666015625003],[-94.88281249999997,68.88007812500001],[-94.87851562499998,68.88322265625001],[-94.87437499999999,68.88609375000001],[-94.858125,68.89703125],[-94.854140625,68.89962890625],[-94.8503125,68.901953125],[-94.84664062499999,68.90400390625001],[-94.843125,68.90578125],[-94.829375,68.91234375],[-94.826015625,68.91384765625],[-94.8228125,68.91507812500001],[-94.819765625,68.91603515625],[-94.816875,68.91671875],[-94.80562499999999,68.91890624999999],[-94.80191406249999,68.919384765625],[-94.79640624999999,68.9197265625],[-94.7891015625,68.919931640625],[-94.78,68.92],[-94.74,68.92],[-94.73111328125,68.92013671875],[-94.724453125,68.920546875],[-94.72001953124999,68.92123046875],[-94.7178125,68.92218749999999],[-94.7134375,68.9265625],[-94.7126953125,68.9279296875],[-94.71265624999998,68.92984375],[-94.7133203125,68.9323046875],[-94.7146875,68.9353125],[-94.72156249999999,68.9484375],[-94.72363281249999,68.9519921875],[-94.72640625,68.95609375],[-94.7298828125,68.9607421875],[-94.7340625,68.9659375],[-94.75218749999999,68.9878125],[-94.75707031249999,68.9935546875],[-94.76265624999999,68.99984375],[-94.76894531249998,69.0066796875],[-94.77593749999998,69.0140625],[-94.80531249999999,69.04468750000001],[-94.81611328124998,69.05576171875],[-94.833828125,69.073671875],[-94.85845703125,69.09841796875],[-94.88999999999999,69.13],[-95.02999999999999,69.27000000000001],[-95.06160156249999,69.30158203125],[-95.08640624999998,69.326328125],[-95.10441406249998,69.34423828125],[-95.115625,69.3553125],[-95.146875,69.38593750000001],[-95.154453125,69.39332031250001],[-95.16156249999999,69.40015625000001],[-95.16820312499999,69.4064453125],[-95.17437499999998,69.4121875],[-95.198125,69.43406250000001],[-95.20382812500002,69.4392578125],[-95.20906249999999,69.44390625000001],[-95.21382812499999,69.44800781250001],[-95.218125,69.45156250000001],[-95.23437499999999,69.4646875],[-95.238203125,69.4676953125],[-95.24156249999999,69.47015625],[-95.24445312499999,69.4720703125],[-95.24687499999999,69.4734375],[-95.255625,69.4778125],[-95.25816406249999,69.47876953125001],[-95.26140625,69.479453125],[-95.2653515625,69.47986328125],[-95.27,69.48],[-95.28999999999999,69.48],[-95.294521484375,69.48001953125001],[-95.29808593749999,69.480078125],[-95.30069335937499,69.48017578125],[-95.30234374999999,69.4803125],[-95.30703125,69.48093750000001],[-95.30818359374999,69.48113281250001],[-95.309296875,69.48140625],[-95.31037109374999,69.4817578125],[-95.31140624999999,69.48218750000001],[-95.31546875,69.4840625],[-95.31646484375,69.4845703125],[-95.317421875,69.48515624999999],[-95.31833984375001,69.4858203125],[-95.31921875,69.48656249999999],[-95.32265625,69.4896875],[-95.32349609375001,69.4905078125],[-95.32429687499999,69.49140625000001],[-95.32505859374999,69.49238281250001],[-95.32578124999999,69.4934375],[-95.32859375000001,69.49781250000001],[-95.32952148437501,69.49939453125],[-95.3308984375,69.501953125],[-95.332724609375,69.50548828125],[-95.33500000000001,69.51],[-95.34499999999998,69.53],[-95.34728515625,69.534521484375],[-95.34914062499999,69.5380859375],[-95.35056640624998,69.540693359375],[-95.35156249999999,69.54234375],[-95.35468750000001,69.54703125],[-95.35550781250001,69.54818359375],[-95.35640625000002,69.549296875],[-95.3573828125,69.55037109375],[-95.35843750000001,69.55140625],[-95.36281249999999,69.55546875],[-95.36394531249998,69.55646484374999],[-95.36515624999998,69.557421875],[-95.36644531249999,69.55833984375],[-95.36781249999999,69.55921875],[-95.3734375,69.56265625],[-95.37488281249999,69.56349609375],[-95.37640624999999,69.564296875],[-95.37800781249999,69.56505859375],[-95.37968749999999,69.56578125],[-95.3865625,69.56859374999999],[-95.38900390625,69.56952148437499],[-95.392890625,69.57089843749999],[-95.39822265625,69.572724609375],[-95.405,69.57499999999999],[-95.435,69.58500000000001],[-95.441787109375,69.58727539062501],[-95.4471484375,69.5891015625],[-95.451083984375,69.590478515625],[-95.45359375000001,69.59140625],[-95.46078125,69.59421875000001],[-95.46255859375,69.59494140625],[-95.464296875,69.59570312500001],[-95.46599609375,69.59650390625],[-95.46765625,69.59734375000001],[-95.47421875,69.60078125],[-95.47583984375001,69.60166015624999],[-95.477421875,69.602578125],[-95.47896484374999,69.60353515624999],[-95.48046875,69.60453125],[-95.48640625,69.60859375],[-95.48787109375,69.60962890625],[-95.48929687500001,69.610703125],[-95.49068359374999,69.61181640625],[-95.49203125,69.61296875],[-95.49734375,69.61765625000001],[-95.499130859375,69.61930664062501],[-95.5018359375,69.6219140625],[-95.505458984375,69.62547851562499],[-95.51,69.63],[-95.53,69.65],[-95.5345703125,69.65451171875],[-95.53828125000001,69.658046875],[-95.5411328125,69.66060546874999],[-95.543125,69.6621875],[-95.54937500000001,69.6665625],[-95.551015625,69.6676171875],[-95.5528125,69.66859375],[-95.55476562500002,69.66949218750001],[-95.556875,69.67031250000001],[-95.56562500000001,69.6734375],[-95.567890625,69.6741796875],[-95.57031250000001,69.67484375000001],[-95.572890625,69.67542968750001],[-95.575625,69.6759375],[-95.586875,69.67781250000002],[-95.589765625,69.67824218750002],[-95.59281250000001,69.67859375],[-95.596015625,69.6788671875],[-95.59937500000001,69.67906250000001],[-95.613125,69.6796875],[-95.6180078125,69.67982421875],[-95.62578124999999,69.679921875],[-95.6364453125,69.67998046875002],[-95.65,69.68],[-95.71,69.68],[-95.7235546875,69.68001953125003],[-95.73421875,69.68007812500001],[-95.74199218749999,69.68017578125001],[-95.74687499999999,69.68031250000001],[-95.760625,69.68093750000001],[-95.76398437499999,69.68113281250001],[-95.76718749999999,69.68140625000001],[-95.770234375,69.68175781250002],[-95.773125,69.68218750000001],[-95.784375,69.68406250000001],[-95.787109375,69.6845703125],[-95.7896875,69.68515625],[-95.792109375,69.6858203125],[-95.794375,69.68656250000001],[-95.803125,69.6896875],[-95.805234375,69.69050781250002],[-95.8071875,69.69140625000001],[-95.808984375,69.6923828125],[-95.81062499999999,69.6934375],[-95.816875,69.69781250000001],[-95.81886718749999,69.69939453125002],[-95.82171874999999,69.70195312500002],[-95.82542968749999,69.70548828125001],[-95.83,69.71000000000001],[-95.85,69.73],[-95.85455078125,69.73451171875001],[-95.85820312499999,69.73804687500001],[-95.86095703125,69.74060546875],[-95.86281249999999,69.74218750000001],[-95.8684375,69.74656250000001],[-95.8698828125,69.74761718750001],[-95.87140624999999,69.74859375000001],[-95.87300781249999,69.74949218750001],[-95.8746875,69.7503125],[-95.8815625,69.75343750000002],[-95.88332031249999,69.75417968750003],[-95.88515625,69.75484375000002],[-95.88707031249999,69.75542968750003],[-95.8890625,69.75593750000002],[-95.89718749999999,69.7578125],[-95.89925781249998,69.7582421875],[-95.90140625,69.75859375],[-95.90363281249998,69.7588671875],[-95.9059375,69.7590625],[-95.9153125,69.75968750000001],[-95.91861328125,69.75982421875001],[-95.92382812499999,69.759921875],[-95.93095703125,69.75998046875],[-95.94,69.76],[-95.97999999999999,69.76],[-95.98904296875,69.76001953125001],[-95.996171875,69.760078125],[-96.00138671875001,69.76017578125001],[-96.0046875,69.76031250000001],[-96.0140625,69.7609375],[-96.01636718749998,69.7611328125],[-96.01859375,69.76140625],[-96.02074218749999,69.76175781250001],[-96.02281249999999,69.76218750000001],[-96.03093750000001,69.76406250000001],[-96.03292968750002,69.76457031250001],[-96.03484375,69.76515625000002],[-96.0366796875,69.76582031250001],[-96.0384375,69.76656250000002],[-96.0453125,69.7696875],[-96.04699218750001,69.7705078125],[-96.04859375,69.77140625000001],[-96.0501171875,69.77238281250001],[-96.0515625,69.7734375],[-96.0571875,69.77781250000001],[-96.05904296875,69.77939453125],[-96.061796875,69.781953125],[-96.06544921874999,69.78548828125],[-96.07,69.79],[-96.08999999999999,69.81],[-96.09453124999999,69.81451171875],[-96.09812499999998,69.81804687500001],[-96.10078124999998,69.82060546875002],[-96.10249999999999,69.82218750000001],[-96.10749999999999,69.8265625],[-96.10874999999999,69.8276171875],[-96.11,69.82859375],[-96.11124999999998,69.8294921875],[-96.1125,69.83031249999999],[-96.1175,69.8334375],[-96.11875,69.8341796875],[-96.12,69.83484375],[-96.12125,69.83542968750001],[-96.1225,69.8359375],[-96.1275,69.83781250000001],[-96.12875,69.8382421875],[-96.13,69.83859375],[-96.13125,69.8388671875],[-96.1325,69.83906250000001],[-96.1375,69.8396875],[-96.13921875000001,69.83982421875],[-96.141875,69.839921875],[-96.14546875,69.83998046875001],[-96.15,69.84],[-96.17,69.84],[-96.17454101562501,69.84001953125001],[-96.1781640625,69.840078125],[-96.180869140625,69.84017578125],[-96.18265625000001,69.84031250000001],[-96.18796875000001,69.8409375],[-96.18931640625,69.84113281249999],[-96.190703125,69.84140625],[-96.19212890625002,69.84175781249999],[-96.19359375000002,69.8421875],[-96.19953125000002,69.8440625],[-96.20103515625003,69.8445703125],[-96.20257812500002,69.84515625],[-96.20416015625003,69.8458203125],[-96.20578125000003,69.8465625],[-96.21234375,69.84968749999999],[-96.21400390625,69.85050781249998],[-96.215703125,69.85140625],[-96.21744140625,69.8523828125],[-96.21921875000001,69.8534375],[-96.22640625,69.8578125],[-96.228916015625,69.85939453124999],[-96.2328515625,69.861953125],[-96.238212890625,69.86548828125001],[-96.245,69.87],[-96.275,69.89],[-96.28182617187501,69.894521484375],[-96.28730468750001,69.8980859375],[-96.291435546875,69.900693359375],[-96.29421875,69.90234375],[-96.30265624999998,69.90703124999999],[-96.30482421874999,69.90818359375],[-96.30710937499998,69.909296875],[-96.30951171874999,69.91037109375],[-96.31203124999999,69.91140625],[-96.32234374999999,69.91546875],[-96.32498046875,69.91646484375],[-96.32773437499998,69.917421875],[-96.33060546874998,69.91833984375],[-96.33359374999999,69.91921875],[-96.34578124999999,69.92265625],[-96.34888671874998,69.92349609375],[-96.352109375,69.924296875],[-96.35544921874998,69.92505859375],[-96.35890624999999,69.92578125],[-96.37296875,69.92859375],[-96.377919921875,69.929521484375],[-96.3857421875,69.9308984375],[-96.396435546875,69.932724609375],[-96.41,69.935],[-96.47,69.94500000000001],[-96.48369140625,69.94741210937501],[-96.49476562500001,69.9496484375],[-96.50322265625,69.951708984375],[-96.5090625,69.95359375000001],[-96.52718750000001,69.96078125000001],[-96.53191406250002,69.96287109375001],[-96.53703125000001,69.96554687500002],[-96.5425390625,69.96880859375001],[-96.5484375,69.97265625000001],[-96.5728125,69.98921875],[-96.5791015625,69.99365234375],[-96.58578125,69.99867187500001],[-96.5928515625,70.00427734375],[-96.6003125,70.01046875],[-96.63093750000002,70.03640625],[-96.63878906250002,70.04318359374999],[-96.64703125000001,70.050546875],[-96.65566406250002,70.05849609375],[-96.66468750000001,70.06703125],[-96.7015625,70.10234375],[-96.71462890624998,70.115068359375],[-96.735390625,70.1355859375],[-96.76384765625,70.163896484375],[-96.8,70.2],[-96.96000000000001,70.36],[-96.99619140625,70.39617187500001],[-97.024765625,70.4246875],[-97.04572265625,70.44554687499999],[-97.0590625,70.45875],[-97.0971875,70.49625],[-97.10660156249999,70.50546875],[-97.11578125,70.514375],[-97.1247265625,70.52296875],[-97.1334375,70.53125],[-97.1678125,70.56375],[-97.17628906249999,70.57171875],[-97.18453124999999,70.579375],[-97.1925390625,70.58671875],[-97.2003125,70.59375],[-97.2309375,70.62124999999999],[-97.23847656249998,70.62796875],[-97.24578125,70.63437499999999],[-97.2528515625,70.64046875],[-97.2596875,70.64625],[-97.2865625,70.66874999999999],[-97.29556640625,70.676171875],[-97.30914062500001,70.6871875],[-97.32728515625001,70.701796875],[-97.35000000000001,70.72],[-97.44999999999999,70.8],[-97.47246093749999,70.81814453125],[-97.48984374999998,70.832578125],[-97.50214843749998,70.84330078125001],[-97.50937499999998,70.8503125],[-97.52812499999999,70.8709375],[-97.532421875,70.8761328125],[-97.53593749999999,70.88140625],[-97.53867187499999,70.8867578125],[-97.54062499999999,70.89218749999999],[-97.546875,70.9140625],[-97.548046875,70.9195703125],[-97.5484375,70.92515625],[-97.548046875,70.9308203125],[-97.546875,70.9365625],[-97.54062499999999,70.9596875],[-97.53867187499999,70.9655078125],[-97.53593749999999,70.97140625],[-97.53242187499998,70.9773828125],[-97.52812499999999,70.9834375],[-97.50937499999998,71.0078125],[-97.50214843749998,71.01626953124999],[-97.48984374999999,71.029453125],[-97.47246093749999,71.04736328125],[-97.44999999999999,71.07],[-97.35000000000001,71.17],[-97.32727539062502,71.19255859375],[-97.30910156250002,71.210234375],[-97.295478515625,71.22302734375],[-97.28640625000001,71.2309375],[-97.25921875,71.2528125],[-97.25228515625001,71.2580859375],[-97.24507812499999,71.26296875],[-97.23759765625,71.26746093749999],[-97.22984375,71.27156249999999],[-97.19828125000001,71.28718749999999],[-97.19025390625,71.29089843749998],[-97.181953125,71.29421874999998],[-97.17337890625001,71.2971484375],[-97.16453125000001,71.29968749999999],[-97.12859375,71.3090625],[-97.11947265624998,71.3112109375],[-97.110078125,71.31296875],[-97.10041015624998,71.3143359375],[-97.09046874999999,71.3153125],[-97.05015625000001,71.31843749999999],[-97.036025390625,71.31912109374998],[-97.01378906250001,71.319609375],[-96.98344726562502,71.31990234374999],[-96.94500000000001,71.32],[-96.775,71.32],[-96.7365234375,71.32012695312498],[-96.70609375,71.3205078125],[-96.6837109375,71.32114257812499],[-96.669375,71.32203125],[-96.628125,71.32609374999998],[-96.61789062499999,71.32736328124999],[-96.6078125,71.32914062499998],[-96.59789062499999,71.33142578124999],[-96.58812499999999,71.33421874999999],[-96.54937500000001,71.34640624999999],[-96.53976562500002,71.34970703124998],[-96.53031250000001,71.35351562499999],[-96.52101562500002,71.35783203124998],[-96.511875,71.36265624999999],[-96.47562500000001,71.38296875],[-96.46664062500001,71.38830078125],[-96.4578125,71.394140625],[-96.449140625,71.40048828125],[-96.440625,71.40734375],[-96.406875,71.43578124999999],[-96.3954296875,71.44606445312499],[-96.37796875,71.46269531249999],[-96.3544921875,71.48567382812499],[-96.325,71.51499999999999],[-96.195,71.64500000000001],[-96.16565429687499,71.67432617187501],[-96.1426171875,71.69730468750001],[-96.12588867187499,71.713935546875],[-96.11546874999999,71.72421875],[-96.08640625000001,71.75265625],[-96.07935546875001,71.75951171874999],[-96.07273437500001,71.76585937499999],[-96.06654296875001,71.77169921875],[-96.06078125000002,71.77703125],[-96.03859374999999,71.79734375000001],[-96.03326171875,71.80216796875001],[-96.028359375,71.806484375],[-96.02388671874999,71.81029296874999],[-96.01984374999999,71.81359375],[-96.00453125000001,71.82578125],[-96.00091796875,71.82857421874999],[-95.997734375,71.830859375],[-95.99498046875001,71.83263671875],[-95.99265625000001,71.83390625],[-95.98421875,71.83796875],[-95.981748046875,71.83885742187499],[-95.97855468750001,71.83949218750001],[-95.974638671875,71.839873046875],[-95.97,71.84],[-95.95,71.84],[-95.94546875,71.84001953125001],[-95.941875,71.840078125],[-95.93921875000001,71.84017578125],[-95.9375,71.84031250000001],[-95.9325,71.8409375],[-95.93125,71.84113281249999],[-95.93,71.84140625],[-95.92875000000001,71.84175781249999],[-95.92750000000001,71.8421875],[-95.9225,71.8440625],[-95.92125,71.8445703125],[-95.91999999999999,71.84515625],[-95.91874999999999,71.8458203125],[-95.91749999999999,71.8465625],[-95.9125,71.84968749999999],[-95.91125000000001,71.85050781249998],[-95.91,71.85140625],[-95.90875,71.8523828125],[-95.9075,71.8534375],[-95.9025,71.8578125],[-95.90078125000001,71.85939453124999],[-95.898125,71.861953125],[-95.89453125000001,71.86548828125001],[-95.89000000000001,71.87],[-95.87,71.89],[-95.865458984375,71.89451171875001],[-95.8618359375,71.898046875],[-95.859130859375,71.90060546875],[-95.85734375,71.9021875],[-95.85203125,71.9065625],[-95.85068359374999,71.90761718750001],[-95.849296875,71.90859375],[-95.84787109375,71.9094921875],[-95.84640625,71.9103125],[-95.84046875000001,71.9134375],[-95.83896484375002,71.9141796875],[-95.83742187500002,71.91484375],[-95.83583984375002,71.9154296875],[-95.83421875000002,71.9159375],[-95.82765624999999,71.9178125],[-95.82599609374999,71.9182421875],[-95.82429687499999,71.91859374999999],[-95.82255859374999,71.91886718749998],[-95.82078125,71.9190625],[-95.81359375,71.9196875],[-95.811083984375,71.91982421875],[-95.8071484375,71.919921875],[-95.801787109375,71.91998046875],[-95.795,71.92],[-95.765,71.92],[-95.758232421875,71.920205078125],[-95.7529296875,71.9208203125],[-95.749091796875,71.921845703125],[-95.74671875,71.92328125],[-95.74015625,71.92984374999999],[-95.73857421875,71.93189453125],[-95.73710937499999,71.93476562499998],[-95.73576171875001,71.93845703124998],[-95.73453125,71.94296874999999],[-95.72984375,71.96265625],[-95.72873046875,71.96798828124999],[-95.727734375,71.974140625],[-95.72685546875,71.98111328125],[-95.72609375,71.98890625],[-95.72328124999999,72.02171874999999],[-95.72263671875,72.03033203125],[-95.722109375,72.039765625],[-95.72169921874999,72.05001953125],[-95.72140625,72.06109375],[-95.72046875,72.10703124999999],[-95.720263671875,72.12364257812499],[-95.7201171875,72.1505078125],[-95.720029296875,72.187626953125],[-95.72,72.235],[-95.72,72.44500000000001],[-95.71999023437499,72.49238281250001],[-95.71996093749999,72.52953125],[-95.719912109375,72.5564453125],[-95.71984375,72.573125],[-95.71953124999999,72.61937500000002],[-95.71943359375,72.63054687500001],[-95.71929687499998,72.6409375],[-95.71912109374999,72.650546875],[-95.71890624999999,72.65937500000001],[-95.71796875,72.69312500000001],[-95.71771484374999,72.701171875],[-95.71742187499999,72.7084375],[-95.71708984374999,72.71492187500002],[-95.71671874999998,72.72062500000001],[-95.71515624999998,72.74187500000002],[-95.71474609374997,72.74679687500003],[-95.71429687499999,72.75093750000002],[-95.71380859374997,72.75429687500002],[-95.71328124999998,72.75687500000001],[-95.71109375,72.76562500000001],[-95.710302734375,72.76785156250001],[-95.7090234375,72.77015625000001],[-95.70725585937501,72.7725390625],[-95.705,72.775],[-95.695,72.785],[-95.69275390625,72.78733398437498],[-95.691015625,72.7893359375],[-95.68978515625,72.79100585937499],[-95.6890625,72.79234374999999],[-95.68718750000001,72.79703125],[-95.6867578125,72.79833984375],[-95.68640625,72.799921875],[-95.6861328125,72.80177734374999],[-95.68593750000001,72.80390625],[-95.68531249999998,72.81296875],[-95.68519531249999,72.81537109375],[-95.68515624999998,72.818046875],[-95.68519531249999,72.82099609375],[-95.68531249999998,72.82421875],[-95.68593750000001,72.83765624999998],[-95.6861328125,72.84115234374998],[-95.68640625,72.84492187499998],[-95.68675781250002,72.84896484374998],[-95.68718750000001,72.85328124999998],[-95.6890625,72.87109375],[-95.68978515625,72.877490234375],[-95.69101562499999,72.8877734375],[-95.69275390624999,72.901943359375],[-95.695,72.92],[-95.71,73.04],[-95.71234375,73.06671875],[-95.71267578125,73.07103515625],[-95.71289062500001,73.075078125],[-95.71298828125,73.07884765625],[-95.71296875,73.08234375],[-95.71265625,73.09578125],[-95.71251953125,73.09900390625],[-95.71226562499999,73.101953125],[-95.71189453125,73.10462890625],[-95.71140625,73.10703125],[-95.70921874999999,73.11609375],[-95.70861328125,73.11822265625],[-95.70789062499999,73.120078125],[-95.70705078124999,73.12166015625],[-95.70609375,73.12296875],[-95.70203124999999,73.12765625],[-95.70051757812499,73.128994140625],[-95.6980078125,73.13066406249999],[-95.694501953125,73.13266601562499],[-95.69,73.13499999999999],[-95.67,73.14500000000001],[-95.665478515625,73.14727539062501],[-95.6619140625,73.14910156250001],[-95.659306640625,73.15047851562501],[-95.65765625,73.15140625000001],[-95.65296874999999,73.15421875000001],[-95.65181640624998,73.15494140625],[-95.65070312499999,73.155703125],[-95.64962890625,73.15650390625001],[-95.64859374999999,73.15734375],[-95.64453125,73.16078125],[-95.64353515625,73.16166015625],[-95.642578125,73.162578125],[-95.64166015625,73.16353515624999],[-95.64078125,73.16453125],[-95.63734375,73.16859375],[-95.63650390625,73.16962890625001],[-95.635703125,73.170703125],[-95.63494140625,73.17181640625],[-95.63421875,73.17296875],[-95.63140625,73.17765625000001],[-95.630322265625,73.17961914062501],[-95.6284765625,73.18316406250001],[-95.625869140625,73.18829101562501],[-95.6225,73.19500000000001],[-95.60749999999999,73.22500000000001],[-95.60609374999999,73.23578125],[-95.609375,73.25312500000001],[-95.61734374999999,73.27703125000001],[-95.63,73.3075],[-95.69,73.4425],[-95.7033984375,73.47267578125],[-95.71359375,73.49570312499999],[-95.7205859375,73.51158203124999],[-95.724375,73.52031249999999],[-95.733125,73.54093749999998],[-95.73523437499999,73.54597656249997],[-95.7371875,73.55078124999999],[-95.738984375,73.55535156249998],[-95.740625,73.55968749999998],[-95.746875,73.5765625],[-95.748359375,73.58066406249999],[-95.7496875,73.58453125],[-95.750859375,73.5881640625],[-95.751875,73.5915625],[-95.75562500000001,73.60468749999998],[-95.75648437500001,73.60785156249999],[-95.7571875,73.61078124999999],[-95.75773437500001,73.61347656249998],[-95.758125,73.61593749999999],[-95.759375,73.62531249999999],[-95.7596484375,73.62830078124999],[-95.75984375,73.632578125],[-95.75996093750001,73.63814453124999],[-95.76,73.645],[-95.76,73.675],[-95.76005859375,73.681884765625],[-95.76023437500001,73.68753906250001],[-95.76052734375,73.69196289062499],[-95.76093750000001,73.69515625],[-95.7628125,73.70546875],[-95.7633984375,73.70822265625],[-95.76421875,73.711328125],[-95.76527343749999,73.71478515625],[-95.76656249999999,73.71859375],[-95.77218750000002,73.73453125],[-95.7737109375,73.73869140625001],[-95.77546875000002,73.74320312500001],[-95.77746093750002,73.74806640625002],[-95.77968750000002,73.75328125000001],[-95.7890625,73.77484375],[-95.7915234375,73.78041015625],[-95.79421875000001,73.78632812500001],[-95.7971484375,73.79259765625001],[-95.8003125,73.79921875000001],[-95.81343750000002,73.82640625],[-95.81818359375,73.83610351562501],[-95.82585937500002,73.85160156250001],[-95.83646484375001,73.872900390625],[-95.85000000000001,73.9],[-95.91,74.02000000000001],[-95.92238281249999,74.04707031250001],[-95.92953125,74.06828125000001],[-95.93144531249999,74.08363281250001],[-95.928125,74.09312500000001],[-95.904375,74.11937500000002],[-95.896015625,74.12570312500002],[-95.8828125,74.13156250000002],[-95.86476562499999,74.13695312500002],[-95.841875,74.14187500000001],[-95.740625,74.160625],[-95.712890625,74.165078125],[-95.6803125,74.1690625],[-95.642890625,74.172578125],[-95.600625,74.175625],[-95.421875,74.18687500000001],[-95.374765625,74.18945312500001],[-95.3228125,74.1915625],[-95.266015625,74.19320312500001],[-95.204375,74.19437500000001],[-94.94812499999999,74.198125],[-94.8551953125,74.19894531250002],[-94.70453125,74.19953125],[-94.4961328125,74.19988281250001],[-94.22999999999999,74.2],[-93.05,74.2],[-92.78376953125,74.2000390625],[-92.575078125,74.20015625],[-92.42392578125,74.2003515625],[-92.3303125,74.200625],[-92.07093750000001,74.201875],[-92.00832031250002,74.20226562500001],[-91.95015625000002,74.2028125],[-91.8964453125,74.203515625],[-91.8471875,74.204375],[-91.6590625,74.20812500000001],[-91.6142578125,74.209140625],[-91.57390625,74.2103125],[-91.5380078125,74.211640625],[-91.5065625,74.213125],[-91.38968750000001,74.21937500000001],[-91.36269531250001,74.22101562500002],[-91.34015625000002,74.2228125],[-91.32207031250002,74.224765625],[-91.30843750000001,74.226875],[-91.26281250000001,74.23562500000001],[-91.25158203125001,74.2387890625],[-91.24070312500001,74.24390625000001],[-91.23017578125001,74.2509765625],[-91.22,74.26],[-91.18,74.3],[-91.17095703125001,74.30902343749999],[-91.16382812500001,74.31609375],[-91.15861328125001,74.32121093749998],[-91.15531250000001,74.32437499999999],[-91.14593749999997,74.333125],[-91.14363281249997,74.335234375],[-91.14140624999999,74.3371875],[-91.13925781249998,74.338984375],[-91.13718749999998,74.34062499999999],[-91.1290625,74.346875],[-91.1270703125,74.348359375],[-91.12515625,74.3496875],[-91.1233203125,74.350859375],[-91.1215625,74.35187499999999],[-91.1146875,74.355625],[-91.1130078125,74.356484375],[-91.11140625000002,74.35718750000001],[-91.1098828125,74.357734375],[-91.10843750000001,74.358125],[-91.10281249999998,74.359375],[-91.10095703124999,74.35964843749998],[-91.09820312499998,74.35984375],[-91.09455078124999,74.3599609375],[-91.08999999999999,74.36],[-91.07,74.36],[-91.06547851562499,74.36000976562501],[-91.0619140625,74.3600390625],[-91.05930664062501,74.360087890625],[-91.05765625000001,74.36015624999999],[-91.05296875,74.36046875],[-91.05181640625001,74.36056640625],[-91.050703125,74.360703125],[-91.04962890625,74.36087890625001],[-91.04859375000001,74.36109375],[-91.04453124999998,74.36203125],[-91.04353515624997,74.36228515625],[-91.04257812499998,74.362578125],[-91.04166015624997,74.36291015625],[-91.04078124999998,74.36328125],[-91.03734374999999,74.36484374999999],[-91.03650390625,74.36525390624999],[-91.035703125,74.36570312499998],[-91.03494140625,74.36619140625],[-91.03421875000001,74.36671874999999],[-91.03140625,74.36890625000001],[-91.03047851562502,74.369697265625],[-91.02910156249999,74.3709765625],[-91.02727539062501,74.372744140625],[-91.025,74.375],[-91.01499999999999,74.385],[-91.01138671874997,74.387255859375],[-91.005546875,74.38902343750001],[-90.99748046874998,74.39030273437501],[-90.98718749999999,74.39109375000001],[-90.94156249999999,74.39328125],[-90.92746093749999,74.39380859375001],[-90.90796874999998,74.39429687500001],[-90.8830859375,74.39474609375],[-90.8528125,74.39515625000001],[-90.7209375,74.39671875],[-90.6852734375,74.39708984375001],[-90.64421875,74.397421875],[-90.59777343750001,74.39771484375001],[-90.54593750000001,74.39796875],[-90.3278125,74.39890625000001],[-90.27058593749999,74.39912109375001],[-90.20796874999999,74.399296875],[-90.1399609375,74.39943359374999],[-90.0665625,74.39953125],[-89.7621875,74.39984375],[-89.65216796874999,74.39991210937501],[-89.474296875,74.3999609375],[-89.22857421875,74.399990234375],[-88.91499999999999,74.4],[-87.525,74.4],[-87.211328125,74.3999609375],[-86.96531250000001,74.39984375],[-86.786953125,74.3996484375],[-86.67625000000001,74.399375],[-86.36874999999999,74.39812500000001],[-86.29437499999999,74.39773437500001],[-86.225,74.3971875],[-86.16062499999998,74.396484375],[-86.10125,74.39562500000001],[-85.87375,74.39187500000001],[-85.819375,74.390859375],[-85.76999999999998,74.38968750000002],[-85.725625,74.38835937500002],[-85.68625,74.38687500000002],[-85.53875,74.38062500000001],[-85.504375,74.37898437500002],[-85.475,74.37718750000002],[-85.45062499999999,74.37523437500002],[-85.43124999999999,74.37312500000002],[-85.36375000000001,74.36437500000001],[-85.34554687500001,74.3612109375],[-85.32468750000001,74.35609375000001],[-85.301171875,74.34902343750001],[-85.275,74.34],[-85.16499999999999,74.30000000000001],[-85.139072265625,74.2909765625],[-85.11628906249999,74.28390625],[-85.09665039062499,74.27878906250001],[-85.08015624999999,74.275625],[-85.02046874999999,74.266875],[-85.00353515625,74.26476562500001],[-84.982578125,74.2628125],[-84.95759765625,74.261015625],[-84.92859375,74.259375],[-84.80453125,74.253125],[-84.77150390625,74.251640625],[-84.734453125,74.2503125],[-84.69337890624999,74.249140625],[-84.64828125,74.248125],[-84.45984375,74.244375],[-84.41072265625,74.243515625],[-84.357578125,74.2428125],[-84.30041015625,74.24226562500002],[-84.23921874999999,74.24187500000001],[-83.98640624999999,74.24062500000001],[-83.89547851562499,74.24035156250001],[-83.74910156249999,74.24015625000001],[-83.54727539062499,74.24003906250002],[-83.28999999999999,74.24000000000001],[-82.15,74.24000000000001],[-81.892724609375,74.23996093750002],[-81.69089843750001,74.23984375],[-81.544521484375,74.23964843750001],[-81.45359375000001,74.23937500000001],[-81.20078125,74.23812500000001],[-81.13958984375,74.23773437500002],[-81.082421875,74.23718750000002],[-81.02927734375,74.236484375],[-80.98015625,74.23562500000001],[-80.79171875,74.231875],[-80.74662109375,74.23085937500001],[-80.705546875,74.22968750000001],[-80.66849609375,74.22835937500001],[-80.63546875,74.226875],[-80.51140625,74.220625],[-80.48240234375,74.218984375],[-80.457421875,74.2171875],[-80.43646484375,74.215234375],[-80.41953125,74.213125],[-80.35984375000001,74.204375],[-80.34334960937501,74.20121093750001],[-80.32371093750001,74.19609375],[-80.300927734375,74.18902343750001],[-80.275,74.18],[-80.16499999999999,74.14],[-80.140087890625,74.1309765625],[-80.12035156249999,74.12390625],[-80.10579101562499,74.1187890625],[-80.09640625,74.115625],[-80.06921875,74.106875],[-80.06244140625002,74.104765625],[-80.05570312500001,74.1028125],[-80.04900390625,74.101015625],[-80.04234375,74.099375],[-80.01578125,74.093125],[-80.00916015625,74.091640625],[-80.002578125,74.0903125],[-79.99603515625,74.089140625],[-79.98953125,74.088125],[-79.96359375,74.08437500000001],[-79.95712890625,74.08351562500002],[-79.950703125,74.08281250000002],[-79.94431640625001,74.082265625],[-79.93796875000001,74.08187500000001],[-79.91265625,74.080625],[-79.903994140625,74.0803515625],[-79.89066406250001,74.08015625],[-79.872666015625,74.0800390625],[-79.85,74.08],[-79.75,74.08],[-79.72739257812499,74.079951171875],[-79.70957031249999,74.0798046875],[-79.696533203125,74.079560546875],[-79.68828124999999,74.07921875],[-79.66484374999999,74.07765625],[-79.65908203125,74.07716796875],[-79.65351562499998,74.076484375],[-79.64814453124998,74.07560546875001],[-79.64296875,74.07453125],[-79.62265624999999,74.06984374999999],[-79.61767578124999,74.06857421875],[-79.612890625,74.067109375],[-79.60830078125,74.06544921874999],[-79.60390625,74.06359375],[-79.58671875,74.05578125],[-79.58251953125001,74.05373046874999],[-79.578515625,74.051484375],[-79.57470703125,74.04904296875],[-79.57109375,74.04640624999999],[-79.55703125,74.03546875],[-79.552392578125,74.03151367187502],[-79.54550781249999,74.0251171875],[-79.536376953125,74.016279296875],[-79.52499999999999,74.005],[-79.475,73.95499999999998],[-79.46291015624999,73.94372070312498],[-79.45164062499998,73.93488281249999],[-79.44119140624998,73.92848632812499],[-79.43156249999998,73.92453124999999],[-79.39468749999999,73.91359374999999],[-79.38394531249999,73.91095703124998],[-79.37015625,73.90851562499998],[-79.35332031249999,73.90626953124999],[-79.33343749999999,73.90421874999998],[-79.24781249999998,73.89640625],[-79.22488281249998,73.89455078125],[-79.19890624999998,73.892890625],[-79.16988281249999,73.89142578125],[-79.13781249999998,73.89015625],[-79.00343749999999,73.88546874999999],[-78.9683203125,73.88439453125],[-78.93015624999998,73.883515625],[-78.8889453125,73.88283203124999],[-78.84468749999999,73.88234374999999],[-78.66156249999999,73.88078125],[-78.59556640624999,73.880439453125],[-78.489140625,73.88019531249999],[-78.34228515625,73.880048828125],[-78.155,73.88],[-77.32499999999999,73.88],[-77.1375390625,73.879921875],[-76.99015625,73.87968749999999],[-76.8828515625,73.879296875],[-76.815625,73.87875],[-76.626875,73.87624999999998],[-76.580859375,73.87546874999998],[-76.53718749999999,73.87437499999999],[-76.495859375,73.87296874999998],[-76.456875,73.87124999999999],[-76.30562499999999,73.86375],[-76.26898437499999,73.86171875],[-76.23468749999999,73.859375],[-76.202734375,73.85671875],[-76.173125,73.85374999999999],[-76.05937499999999,73.84125],[-76.032109375,73.83796875],[-76.00718749999999,73.834375],[-75.98460937499999,73.83046875],[-75.96437499999999,73.82625],[-75.888125,73.80874999999999],[-75.86425781249999,73.802421875],[-75.83078125,73.7921875],[-75.7876953125,73.778046875],[-75.735,73.75999999999999],[-75.505,73.68],[-75.45308593749999,73.661953125],[-75.41234374999999,73.6478125],[-75.38277343749999,73.637578125],[-75.364375,73.63125],[-75.313125,73.61375],[-75.300703125,73.60953125],[-75.2890625,73.60562499999999],[-75.278203125,73.60203125],[-75.268125,73.59875],[-75.229375,73.58625],[-75.22007812500001,73.58328125000001],[-75.2115625,73.580625],[-75.203828125,73.57828125],[-75.196875,73.57625],[-75.170625,73.56875],[-75.164453125,73.56703125],[-75.1590625,73.565625],[-75.154453125,73.56453125],[-75.15062499999999,73.56375],[-75.136875,73.56125],[-75.13292968750001,73.560703125],[-75.12796875,73.56031250000001],[-75.1219921875,73.56007812499999],[-75.115,73.56],[-75.085,73.56],[-75.07822265624999,73.55999023437501],[-75.07289062499999,73.5599609375],[-75.06900390625,73.559912109375],[-75.06656249999999,73.55984375],[-75.0596875,73.55953125],[-75.0580078125,73.55943359375],[-75.05640625,73.559296875],[-75.0548828125,73.55912109375001],[-75.0534375,73.55890625],[-75.04781249999999,73.55796875],[-75.0464453125,73.55771484375],[-75.04515624999999,73.557421875],[-75.0439453125,73.55708984374999],[-75.0428125,73.55671875],[-75.03843749999999,73.55515625],[-75.0373828125,73.55474609375],[-75.03640625,73.55429687499999],[-75.03550781249999,73.55380859375],[-75.03468749999999,73.55328125],[-75.0315625,73.55109374999999],[-75.03056640625002,73.550302734375],[-75.029140625,73.54902343749998],[-75.02728515625,73.54725585937499],[-75.025,73.54499999999999],[-75.01499999999999,73.535],[-75.01269531249999,73.53273437499999],[-75.01078125,73.5309375],[-75.00925781249998,73.529609375],[-75.00812499999999,73.52875],[-75.004375,73.52625],[-75.003359375,73.525625],[-75.00218749999999,73.52499999999999],[-75.000859375,73.52437499999999],[-74.999375,73.52374999999999],[-74.99312499999999,73.52125],[-74.99148437499998,73.520625],[-74.9896875,73.52],[-74.987734375,73.519375],[-74.985625,73.51875],[-74.97687499999999,73.51625],[-74.974609375,73.515625],[-74.9721875,73.515],[-74.969609375,73.514375],[-74.966875,73.51375],[-74.955625,73.51125],[-74.9516015625,73.51039062500001],[-74.94515625,73.5090625],[-74.93628906250001,73.507265625],[-74.92500000000001,73.50500000000001],[-74.875,73.49499999999999],[-74.863701171875,73.492724609375],[-74.85480468749999,73.4908984375],[-74.84831054687498,73.48952148437499],[-74.84421875,73.48859374999999],[-74.83265624999999,73.48578125],[-74.82982421874999,73.48505859375],[-74.82710937499999,73.484296875],[-74.82451171874999,73.48349609374999],[-74.82203125,73.48265624999999],[-74.81234375,73.47921875],[-74.80998046874998,73.47833984375],[-74.807734375,73.477421875],[-74.80560546875,73.47646484375],[-74.80359375,73.47546875],[-74.79578125,73.47140625],[-74.79388671875002,73.47037109375],[-74.792109375,73.46929687500001],[-74.79044921875,73.46818359375001],[-74.78890625,73.46703125000002],[-74.78296875000001,73.46234375],[-74.78104492187501,73.460693359375],[-74.7782421875,73.4580859375],[-74.774560546875,73.45452148437501],[-74.77,73.45],[-74.75,73.43],[-74.7453125,73.42548828125001],[-74.74125,73.421953125],[-74.73781249999999,73.41939453124999],[-74.73499999999999,73.4178125],[-74.725,73.41343750000001],[-74.7221875,73.41238281250001],[-74.71875,73.41140625000001],[-74.7146875,73.41050781250001],[-74.71000000000001,73.40968750000002],[-74.69,73.4065625],[-74.6846875,73.40582031250001],[-74.67875000000001,73.40515625],[-74.6721875,73.4045703125],[-74.665,73.40406250000001],[-74.63499999999999,73.4021875],[-74.62718749999999,73.4017578125],[-74.61874999999999,73.40140625000001],[-74.60968749999999,73.40113281250001],[-74.6,73.4009375],[-74.55999999999999,73.40031250000001],[-74.54562499999999,73.40017578125001],[-74.5225,73.40007812500001],[-74.490625,73.40001953125],[-74.44999999999999,73.4],[-74.27000000000001,73.4],[-74.22917968750002,73.39978515625],[-74.19671875,73.399140625],[-74.17261718750001,73.39806640625],[-74.15687500000001,73.3965625],[-74.110625,73.38968750000001],[-74.09898437500001,73.3875390625],[-74.0871875,73.38453125000001],[-74.07523437500001,73.38066406249999],[-74.06312500000001,73.37593749999999],[-74.014375,73.3553125],[-74.002109375,73.3497265625],[-73.9896875,73.34328124999999],[-73.977109375,73.3359765625],[-73.964375,73.3278125],[-73.91312500000001,73.29343750000001],[-73.90023437500001,73.2844140625],[-73.88718750000001,73.27453125000001],[-73.873984375,73.2637890625],[-73.860625,73.2521875],[-73.806875,73.2040625],[-73.7882421875,73.18666015625],[-73.75921875,73.158515625],[-73.7198046875,73.11962890625],[-73.67,73.07000000000001],[-73.45,72.85000000000001],[-73.399375,72.80037109375002],[-73.3575,72.76148437500001],[-73.324375,72.73333984375],[-73.30000000000001,72.71593750000001],[-73.22,72.66781250000001],[-73.1984375,72.65621093750002],[-73.17375000000001,72.64546875000002],[-73.1459375,72.63558593750001],[-73.11500000000001,72.6265625],[-72.985,72.59218750000001],[-72.9509375,72.58402343750001],[-72.91375,72.57671875],[-72.8734375,72.5702734375],[-72.83,72.5646875],[-72.65,72.5440625],[-72.6034375,72.5393359375],[-72.55375000000001,72.53546874999999],[-72.50093749999999,72.53246093749999],[-72.445,72.5303125],[-72.215,72.5234375],[-72.1328125,72.52193359374999],[-72.00125,72.520859375],[-71.8203125,72.52021484375],[-71.59,72.52],[-70.57,72.52],[-70.33905273437499,72.519169921875],[-70.15621093749999,72.5166796875],[-70.021474609375,72.512529296875],[-69.93484375,72.50671875],[-69.68453125,72.48015625],[-69.62224609375,72.47185546875],[-69.560546875,72.460234375],[-69.49943359375,72.44529296875],[-69.43890625,72.42703125],[-69.19796874999999,72.34734375000001],[-69.13802734374998,72.32576171875002],[-69.07867187499998,72.300859375],[-69.01990234374999,72.27263671875001],[-68.96171874999999,72.24109375],[-68.73015625,72.10828125],[-68.67255859374998,72.07341796875001],[-68.61554687499999,72.035234375],[-68.55912109375,71.99373046875002],[-68.50328124999999,71.94890625000001],[-68.28109375,71.76296875],[-68.20530273437498,71.695732421875],[-68.08902343749999,71.5869921875],[-67.93225585937499,71.43674804687501],[-67.73499999999999,71.245],[-66.86500000000001,70.395],[-66.6683984375,70.203251953125],[-66.51359375000001,70.0530078125],[-66.40058593750001,69.944267578125],[-66.329375,69.87703125],[-66.12812500000001,69.69109375000001],[-66.078828125,69.64626953125001],[-66.0315625,69.604765625],[-65.986328125,69.56658203125001],[-65.94312500000001,69.53171875000001],[-65.77437499999999,69.39890625000001],[-65.73320312499999,69.36736328125001],[-65.6940625,69.33914062500001],[-65.656953125,69.31423828125001],[-65.621875,69.29265625000001],[-65.485625,69.21296875],[-65.452578125,69.19470703124999],[-65.4215625,69.179765625],[-65.392578125,69.16814453125],[-65.365625,69.15984375],[-65.261875,69.13328125000001],[-65.22824218750002,69.127470703125],[-65.17921875,69.1233203125],[-65.1148046875,69.12083007812501],[-65.035,69.12],[-64.685,69.12],[-64.60600585937499,69.11998046875001],[-64.54402343749999,69.119921875],[-64.499052734375,69.11982421875001],[-64.47109375,69.1196875],[-64.39328125,69.11906250000001],[-64.37443359375,69.1188671875],[-64.356796875,69.11859375],[-64.34037109375001,69.11824218750002],[-64.32515625,69.11781250000001],[-64.26671875,69.1159375],[-64.25271484375,69.1154296875],[-64.239921875,69.11484375],[-64.22833984374999,69.11417968750001],[-64.21796875,69.1134375],[-64.17890625,69.1103125],[-64.16974609374999,69.1094921875],[-64.161796875,69.10859375],[-64.15505859375,69.1076171875],[-64.14953125,69.1065625],[-64.12984375,69.1021875],[-64.124287109375,69.10060546874999],[-64.1174609375,69.098046875],[-64.109365234375,69.09451171875],[-64.1,69.09],[-64.06,69.07],[-64.0508984375,69.06546874999998],[-64.04359375,69.061875],[-64.0380859375,69.05921875],[-64.034375,69.0575],[-64.023125,69.0525],[-64.020234375,69.05125],[-64.0171875,69.04999999999998],[-64.013984375,69.04874999999998],[-64.010625,69.04749999999999],[-63.99687499999999,69.04249999999999],[-63.99335937499999,69.04124999999999],[-63.98968749999999,69.03999999999999],[-63.98585937499999,69.03875],[-63.98187499999999,69.0375],[-63.965625,69.0325],[-63.961484375000005,69.03125],[-63.9571875,69.03],[-63.952734375000006,69.02875],[-63.948125000000005,69.0275],[-63.92937499999999,69.02250000000001],[-63.92277343749999,69.02078125000001],[-63.91234375,69.018125],[-63.8980859375,69.01453125],[-63.879999999999995,69.01],[-63.8,68.99],[-63.78192382812499,68.98546875],[-63.767695312499995,68.981875],[-63.75731445312499,68.97921875],[-63.75078124999999,68.9775],[-63.73234374999999,68.97250000000001],[-63.727832031249996,68.97125000000001],[-63.72351562499999,68.97],[-63.71939453124999,68.96875],[-63.71546874999999,68.9675],[-63.70015624999999,68.9625],[-63.69642578124999,68.96125],[-63.69289062499999,68.96000000000001],[-63.68955078124999,68.95875000000001],[-63.68640624999999,68.95750000000001],[-63.674218749999994,68.95250000000001],[-63.67126953125,68.95125],[-63.66851562499999,68.95],[-63.665957031249995,68.94875],[-63.66359374999999,68.9475],[-63.65453124999999,68.9425],[-63.65161132812499,68.94078125],[-63.64738281249999,68.938125],[-63.641845703125,68.93453125],[-63.635,68.93],[-63.605000000000004,68.91],[-63.598066406250005,68.905439453125],[-63.59226562500001,68.9017578125],[-63.58759765625,68.898955078125],[-63.5840625,68.89703125],[-63.572187500000005,68.89109375000001],[-63.568945312500006,68.88955078125],[-63.56515625,68.88789062500001],[-63.5608203125,68.88611328125],[-63.555937500000006,68.88421875],[-63.5353125,68.87640625],[-63.529882812500006,68.87439453125],[-63.52390625,68.87226562500001],[-63.5173828125,68.87001953125001],[-63.510312500000005,68.86765625000001],[-63.4809375,68.85796875],[-63.47332031250001,68.85548828125],[-63.46515625000001,68.852890625],[-63.4564453125,68.85017578125002],[-63.4471875,68.84734375000001],[-63.409062500000005,68.83578125],[-63.39541015625001,68.83168945312501],[-63.373515625,68.8251953125],[-63.34337890625001,68.81629882812501],[-63.30500000000001,68.805],[-63.13499999999999,68.755],[-63.09662109374999,68.743701171875],[-63.066484374999995,68.7348046875],[-63.04458984374999,68.72831054687501],[-63.03093749999999,68.72421875],[-62.9928125,68.71265625000001],[-62.983554687499996,68.70982421875001],[-62.97484375,68.70710937500002],[-62.9666796875,68.70451171875001],[-62.959062499999995,68.70203125],[-62.9296875,68.69234375],[-62.9226171875,68.68998046875001],[-62.916093749999995,68.687734375],[-62.9101171875,68.68560546875],[-62.9046875,68.68359375],[-62.8840625,68.67578125],[-62.879179687500006,68.67388671875],[-62.87484375,68.67210937499999],[-62.8710546875,68.67044921875],[-62.8678125,68.66890624999999],[-62.855937499999996,68.66296875],[-62.85240234375,68.661044921875],[-62.84773437499999,68.65824218750001],[-62.84193359375,68.654560546875],[-62.834999999999994,68.65],[-62.80499999999999,68.63],[-62.79809570312499,68.62544921874999],[-62.792382812499994,68.621796875],[-62.787861328125,68.61904296875],[-62.78453124999999,68.6171875],[-62.77359374999999,68.6115625],[-62.770644531249985,68.61011718750001],[-62.76726562499999,68.60859375000001],[-62.763457031249985,68.6069921875],[-62.75921874999999,68.6053125],[-62.74140624999999,68.5984375],[-62.736738281249984,68.5966796875],[-62.73164062499998,68.59484375],[-62.72611328124999,68.5929296875],[-62.72015624999999,68.5909375],[-62.69546874999999,68.58281249999999],[-62.68908203124999,68.58074218750001],[-62.682265624999985,68.57859375],[-62.67501953124999,68.5763671875],[-62.667343749999986,68.5740625],[-62.63578124999999,68.5646875],[-62.624501953124984,68.56138671875],[-62.606445312499986,68.55617187499999],[-62.58161132812499,68.54904296875],[-62.54999999999999,68.53999999999999],[-62.41,68.5],[-62.378388671875,68.49095703124999],[-62.3535546875,68.483828125],[-62.335498046875,68.47861328124999],[-62.32421875,68.4753125],[-62.29265625,68.4659375],[-62.28498046875,68.4636328125],[-62.277734375,68.46140625000001],[-62.27091796875,68.4592578125],[-62.264531250000005,68.4571875],[-62.239843750000006,68.4490625],[-62.23388671875,68.44707031249999],[-62.228359375000004,68.44515625],[-62.22326171875,68.44332031249999],[-62.218593750000004,68.4415625],[-62.200781250000006,68.4346875],[-62.19654296875,68.4330078125],[-62.192734375,68.43140625000001],[-62.18935546875,68.4298828125],[-62.186406250000005,68.4284375],[-62.17546875,68.42281249999999],[-62.172138671875,68.42095703125],[-62.1676171875,68.41820312499999],[-62.161904296874994,68.41455078125],[-62.155,68.41],[-62.125,68.39],[-62.118066406249994,68.385439453125],[-62.112265625,68.38175781249998],[-62.10759765625,68.37895507812499],[-62.1040625,68.37703124999999],[-62.092187499999994,68.37109375],[-62.0889453125,68.36955078125],[-62.08515625,68.367890625],[-62.080820312499995,68.36611328125],[-62.075937499999995,68.36421874999999],[-62.0553125,68.35640624999999],[-62.0498828125,68.35439453125],[-62.04390624999999,68.352265625],[-62.0373828125,68.35001953125],[-62.030312499999994,68.34765625],[-62.0009375,68.33796874999999],[-61.9933203125,68.33548828125],[-61.985156249999996,68.33289062499999],[-61.976445312500005,68.33017578124999],[-61.9671875,68.32734375],[-61.9290625,68.31578125],[-61.915410156250005,68.311689453125],[-61.89351562499999,68.30519531249999],[-61.86337890624999,68.296298828125],[-61.824999999999996,68.285],[-61.654999999999994,68.235],[-61.61662109375,68.223701171875],[-61.586484375,68.21480468749999],[-61.56458984374999,68.208310546875],[-61.55093749999999,68.20421875],[-61.512812499999995,68.19265625],[-61.5035546875,68.18982421875],[-61.494843749999994,68.187109375],[-61.4866796875,68.18451171875],[-61.4790625,68.18203125],[-61.449687499999996,68.17234375],[-61.4426171875,68.16998046875],[-61.43609375,68.16773437499998],[-61.43011718749999,68.16560546874999],[-61.42468749999999,68.16359374999999],[-61.404062499999995,68.15578124999999],[-61.399179687499995,68.15388671874999],[-61.39484374999999,68.152109375],[-61.391054687499995,68.15044921875],[-61.387812499999995,68.14890625],[-61.37593749999999,68.14296875],[-61.37240234375,68.141044921875],[-61.36773437499999,68.1382421875],[-61.361933593749995,68.13456054687501],[-61.355,68.13],[-61.325,68.11],[-61.318173828125005,68.105478515625],[-61.3126953125,68.1019140625],[-61.308564453125,68.099306640625],[-61.30578125,68.09765625],[-61.29734375,68.09296875000001],[-61.29517578125,68.09181640625],[-61.292890625000005,68.090703125],[-61.290488281250006,68.08962890625],[-61.287968750000005,68.08859375],[-61.27765625,68.08453125],[-61.27501953125,68.08353515625001],[-61.272265625,68.082578125],[-61.26939453125,68.08166015625],[-61.26640625,68.08078125],[-61.25421875,68.07734375],[-61.25111328125,68.07650390625],[-61.247890625000004,68.075703125],[-61.24455078125,68.07494140625],[-61.24109375,68.07421875],[-61.227031249999996,68.07140625],[-61.222080078125,68.070478515625],[-61.214257812499994,68.0691015625],[-61.203564453125,68.067275390625],[-61.19,68.065],[-61.129999999999995,68.05499999999999],[-61.11529296875,68.05157226562498],[-61.10117187499999,68.0462890625],[-61.08763671874999,68.039150390625],[-61.074687499999996,68.03015624999999],[-61.02406249999999,67.99046874999999],[-61.00917968749999,67.97822265624998],[-60.98984374999999,67.961328125],[-60.96605468749999,67.93978515625],[-60.93781249999999,67.91359374999999],[-60.8159375,67.79953124999999],[-60.783242187499994,67.76869140624999],[-60.74609374999999,67.73320312499999],[-60.704492187499994,67.69306640624998],[-60.65843749999999,67.64828125],[-60.465312499999996,67.45984374999999],[-60.414804687499995,67.41041015625],[-60.359843749999996,67.356328125],[-60.30042968749999,67.29759765624999],[-60.23656249999999,67.23421875],[-59.97218749999999,66.97140625],[-59.876855468749994,66.876416015625],[-59.723046874999994,66.7228515625],[-59.51076171875,66.510712890625],[-59.239999999999995,66.24],[-58.03999999999999,65.03999999999999],[-57.769140624999984,64.769296875],[-57.556562499999984,64.5571875],[-57.40226562499999,64.403671875],[-57.30624999999999,64.30875],[-57.03874999999999,64.04625],[-56.97390624999999,63.98296875],[-56.913124999999994,63.92437500000001],[-56.85640624999999,63.87046875],[-56.803749999999994,63.821250000000006],[-56.60124999999999,63.633750000000006],[-56.55265624999999,63.58921875],[-56.50812499999999,63.549375],[-56.46765624999999,63.51421875],[-56.43124999999999,63.48375],[-56.293749999999996,63.37125],[-56.26140624999999,63.34546875],[-56.233124999999994,63.324375],[-56.20890624999999,63.30796875],[-56.18874999999999,63.29625],[-56.116249999999994,63.25875],[-56.09539062499999,63.250546875],[-56.069062499999994,63.244687500000005],[-56.03726562499999,63.241171875],[-55.99999999999999,63.24],[-55.83999999999999,63.24],[-55.80387695312499,63.23998046874999],[-55.77550781249999,63.239921875],[-55.75489257812499,63.23982421875],[-55.74203124999999,63.2396875],[-55.70609374999999,63.2390625],[-55.697363281249984,63.238867187500006],[-55.689140624999986,63.23859375000001],[-55.681425781249985,63.238242187500006],[-55.67421874999999,63.237812500000004],[-55.64640624999999,63.23593749999999],[-55.63970703124999,63.235429687499995],[-55.63351562499999,63.234843749999996],[-55.627832031249994,63.234179687499996],[-55.62265624999999,63.233437499999994],[-55.602968749999995,63.23031250000001],[-55.59830078124999,63.22949218750001],[-55.594140624999994,63.22859375],[-55.590488281249996,63.227617187500016],[-55.587343749999995,63.22656250000001],[-55.57578124999999,63.222187500000004],[-55.57231445312499,63.22060546875001],[-55.56769531249999,63.218046875000006],[-55.56192382812499,63.21451171875],[-55.55499999999999,63.21],[-55.525,63.19],[-55.518125,63.185458984374996],[-55.512499999999996,63.181835937500004],[-55.508125,63.179130859375],[-55.505,63.17734375],[-55.495,63.172031249999996],[-55.492343749999996,63.17068359374999],[-55.489374999999995,63.16929687499999],[-55.48609375,63.167871093749994],[-55.4825,63.166406249999994],[-55.4675,63.16046875],[-55.46359375,63.158964843750006],[-55.459374999999994,63.157421875],[-55.454843749999995,63.15583984375],[-55.45,63.15421875],[-55.43,63.14765625],[-55.42484375,63.14599609374999],[-55.419375,63.144296875],[-55.413593750000004,63.142558593749996],[-55.4075,63.140781249999996],[-55.38249999999999,63.133593749999996],[-55.37359375,63.131083984374996],[-55.359375,63.1271484375],[-55.33984375,63.12178710937499],[-55.315,63.114999999999995],[-55.205,63.085],[-55.17981445312499,63.077861328124996],[-55.1592578125,63.0714453125],[-55.143330078125,63.065751953125],[-55.13203125,63.060781250000005],[-55.096093749999994,63.04234375],[-55.08658203124999,63.03705078125],[-55.07601562499999,63.030390625],[-55.06439453124999,63.02236328125],[-55.05171874999999,63.01296875],[-54.99890624999999,62.97265625],[-54.98517578124999,62.96189453125],[-54.97039062499999,62.949765625],[-54.95455078124999,62.936269531250005],[-54.93765624999999,62.921406250000004],[-54.867968749999996,62.85921875],[-54.85001953125,62.842988281249994],[-54.83101562499999,62.825390625],[-54.81095703125,62.80642578125],[-54.789843749999996,62.78609375],[-54.703281249999996,62.70203125],[-54.672470703125,62.671767578125],[-54.6233203125,62.6230078125],[-54.555830078125,62.555751953125],[-54.47,62.47],[-54.089999999999996,62.089999999999996],[-54.00379882812499,62.00427734375],[-53.9351953125,61.93710937499999],[-53.884189453124996,61.88849609374999],[-53.85078125,61.858437499999994],[-53.75234375,61.775312500000005],[-53.72751953125,61.7552734375],[-53.702265624999995,61.73671875000001],[-53.67658203125001,61.7196484375],[-53.65046875,61.704062500000006],[-53.54515625,61.64468749999999],[-53.51861328125,61.630585937499994],[-53.491640625,61.617968749999996],[-53.46423828125,61.606835937499994],[-53.43640625,61.59718749999999],[-53.32421875,61.561562499999994],[-53.29595703125,61.55339843749999],[-53.267265625,61.54671875],[-53.23814453125,61.5415234375],[-53.20859375,61.5378125],[-53.08953125,61.5259375],[-53.048173828124995,61.52333984375],[-52.9836328125,61.521484375],[-52.895908203124996,61.52037109375],[-52.785,61.519999999999996],[-52.294999999999995,61.519999999999996],[-52.1841015625,61.519638671875],[-52.096406249999994,61.5185546875],[-52.03191406249999,61.516748046875],[-51.990624999999994,61.51421875],[-51.871875,61.50265625],[-51.842421875,61.499042968750004],[-51.8134375,61.493984375000004],[-51.784921874999995,61.48748046875],[-51.756875,61.47953125],[-51.645625,61.44484375],[-51.618046875000005,61.43544921875],[-51.5909375,61.424609375],[-51.564296875,61.41232421875],[-51.538125,61.39859375],[-51.434375,61.340781250000006],[-51.408671875,61.325605468750005],[-51.3834375,61.308984375],[-51.358671875,61.29091796875001],[-51.334375,61.271406250000005],[-51.238125,61.190468749999994],[-51.205507812499995,61.161201171875],[-51.15578125,61.1138671875],[-51.088945312499995,61.04846679687499],[-51.004999999999995,60.964999999999996],[-50.635000000000005,60.595],[-50.55151367187501,60.5115234375],[-50.48605468750001,60.446093749999996],[-50.43862304687501,60.3987109375],[-50.40921875000001,60.369375],[-50.32765624999999,60.288124999999994],[-50.30794921874999,60.268515625],[-50.289609375,60.25031249999999],[-50.27263671874999,60.233515624999995],[-50.25703125,60.21812499999999],[-50.19734375,60.159375000000004],[-50.18310546875001,60.145390625000005],[-50.170234375,60.1328125],[-50.15873046875001,60.121640625000005],[-50.14859375,60.111875000000005],[-50.11078125,60.075624999999995],[-50.10201171875,60.067265625],[-50.094609375000005,60.060312499999995],[-50.08857421875,60.054765624999995],[-50.08390625,60.050625],[-50.067968750000006,60.036875],[-50.063544921875,60.0333984375],[-50.0582421875,60.029843750000005],[-50.052060546875,60.0262109375],[-50.045,60.0225],[-50.0,60.0]]}},{"type":"Feature","properties":{"id":"eastern-sealift","name":"Qu\u00e9bec \u2192 Baffin / Kitikmeot sealift","category":"used","status":"Used logistics corridor \u00b7 seasonal","summary":"NEAS lists Pond Inlet, Resolute Bay, Cambridge Bay, Gjoa Haven and other Arctic communities as service areas. This line illustrates the sea connection, not a published voyage itinerary.","cargo":"Community supplies, equipment and project freight.","season":"Seasonal sealift; sailing calls and order vary by operator and year.","waypoints":["Qu\u00e9bec loading ports (off-map)","Gulf of St Lawrence","Labrador Sea","Baffin Bay","Pond Inlet / Lancaster Sound","Southern NWP","Cambridge Bay"],"constraints":["Local unloading facilities and vessel draft.","Ice-dependent sailing schedules; not every voyage follows every stop shown."],"sources":[{"title":"NEAS Arctic resupply service areas","url":"https://neas.ca/sealift-reservation-options/"}],"geometry_method":"Hand-placed schematic waypoints; not AIS tracks, official corridor boundaries or a navigational chart. Sea segments follow an approximate land mask, with rounded display corners where the coast allows; no depth or ice routing is performed."},"geometry":{"type":"LineString","coordinates":[[-62.519999999999996,50.0],[-61.5975,50.0],[-61.46011718749999,50.000048828125],[-61.35546874999999,50.0001953125],[-61.28355468749999,50.000439453125],[-61.24437499999999,50.00078125],[-61.153124999999996,50.002343749999994],[-61.131015624999996,50.002832031249994],[-61.1103125,50.00351562499999],[-61.091015625,50.00439453124999],[-61.073125,50.00546874999999],[-61.004374999999996,50.01015625000001],[-60.987890625,50.01142578125001],[-60.972812499999996,50.012890625],[-60.959140625,50.01455078125001],[-60.946875,50.01640625],[-60.900625,50.02421875],[-60.889765625,50.02626953125],[-60.880312499999995,50.02851562500001],[-60.872265625,50.03095703125001],[-60.865624999999994,50.03359375000001],[-60.841875,50.04453124999999],[-60.835117187499996,50.048486328124994],[-60.82671875,50.0548828125],[-60.8166796875,50.06372070312499],[-60.805,50.074999999999996],[-60.754999999999995,50.125],[-60.743242187499995,50.136289062500005],[-60.73296874999999,50.14515625000001],[-60.72417968749998,50.151601562500005],[-60.71687499999999,50.15562500000001],[-60.69062499999999,50.166875000000005],[-60.68320312499999,50.169609375],[-60.67406249999999,50.17218750000001],[-60.663203124999995,50.174609375],[-60.65062499999999,50.176875],[-60.59687499999999,50.18562500000001],[-60.58257812499999,50.187734375000005],[-60.56656249999999,50.189687500000005],[-60.548828125,50.19148437500001],[-60.529374999999995,50.19312500000001],[-60.44812499999999,50.199375],[-60.42695312499999,50.20085937500001],[-60.404062499999995,50.2021875],[-60.37945312499999,50.203359375000005],[-60.35312499999999,50.204375000000006],[-60.24437499999999,50.20812500000001],[-60.20527343749998,50.209257812500006],[-60.142343749999995,50.210781250000004],[-60.055585937499984,50.2126953125],[-59.94499999999999,50.215],[-59.455,50.225],[-59.344306640625,50.227412109374995],[-59.2572265625,50.2296484375],[-59.193759765625,50.231708984375004],[-59.15390625,50.23359375],[-59.04171875,50.24078125],[-59.014316406249996,50.24287109375],[-58.988203125,50.245546874999995],[-58.96337890625,50.24880859375],[-58.939843749999994,50.25265625],[-58.84828124999999,50.26921875],[-58.826035156249986,50.27365234375],[-58.805078124999994,50.278671875],[-58.78541015624999,50.284277343750006],[-58.76703124999999,50.29046875],[-58.69609375,50.31640625],[-58.67900390625,50.323183593749995],[-58.663203125,50.330546874999996],[-58.648691406249995,50.338496093749995],[-58.63546875,50.34703125],[-58.58515625,50.38234375],[-58.569150390625,50.395068359375],[-58.54628906250001,50.4155859375],[-58.516572265625,50.443896484375],[-58.480000000000004,50.48],[-58.32,50.64000000000001],[-58.28386718749999,50.67610351562501],[-58.255468750000006,50.70441406250001],[-58.234804687499995,50.724931640625],[-58.221875,50.73765625000001],[-58.185625,50.772968750000004],[-58.176796875,50.78150390625],[-58.168437499999996,50.78945312500001],[-58.16054687500001,50.79681640625],[-58.153125,50.803593750000005],[-58.12437499999999,50.82953125],[-58.117421875,50.83572265625],[-58.11093749999999,50.841328125000004],[-58.104921874999995,50.84634765625],[-58.099374999999995,50.85078125],[-58.078125,50.867343749999996],[-58.073046874999996,50.87119140624999],[-58.0684375,50.874453125],[-58.064296875,50.87712890624999],[-58.060625,50.87921874999999],[-58.046875,50.88640625000001],[-58.0426171875,50.888291015625],[-58.036718750000006,50.89035156250001],[-58.0291796875,50.892587890625],[-58.019999999999996,50.895],[-57.980000000000004,50.905],[-57.970947265625,50.907275390625],[-57.9637890625,50.9091015625],[-57.958525390625,50.910478515625],[-57.95515625,50.91140625],[-57.94546874999999,50.914218749999996],[-57.94306640625,50.914941406249994],[-57.940703125,50.91570312499999],[-57.938378906249994,50.91650390625],[-57.93609375,50.91734375],[-57.92703125,50.92078124999999],[-57.924785156249996,50.92166015624999],[-57.922578125,50.922578124999994],[-57.92041015624999,50.92353515625],[-57.91828124999999,50.924531249999994],[-57.90984375000001,50.92859374999999],[-57.90775390625001,50.929628906249995],[-57.905703125,50.930703124999994],[-57.903691406250005,50.93181640624999],[-57.90171875,50.93296874999999],[-57.89390625,50.937656249999996],[-57.891259765625,50.939306640625],[-57.887226562500004,50.941914062500004],[-57.881806640625,50.945478515625],[-57.875,50.95],[-57.845,50.97],[-57.838212890625,50.97451171875],[-57.8328515625,50.978046875000004],[-57.828916015625005,50.98060546875],[-57.826406250000005,50.9821875],[-57.81921874999999,50.986562500000005],[-57.81744140624999,50.9876171875],[-57.81570312499999,50.98859375000001],[-57.814003906249994,50.989492187500005],[-57.81234375,50.9903125],[-57.805781249999995,50.993437500000006],[-57.80416015624999,50.9941796875],[-57.802578125000004,50.99484375],[-57.801035156249995,50.99542968750001],[-57.79953125,50.995937500000004],[-57.79359375,50.9978125],[-57.79212890625,50.998242187500004],[-57.79070312499999,50.998593750000005],[-57.789316406249995,50.9988671875],[-57.78796875,50.9990625],[-57.78265624999999,50.9996875],[-57.780869140624986,50.99982421875],[-57.7781640625,50.999921875],[-57.77454101562499,50.999980468749996],[-57.769999999999996,51.0],[-57.74999999999999,51.0],[-57.74539062499999,51.000048828125],[-57.74156249999999,51.0001953125],[-57.73851562499999,51.000439453125],[-57.73624999999999,51.00078125],[-57.728750000000005,51.002343749999994],[-57.72671875,51.002832031249994],[-57.724375,51.00351562499999],[-57.72171875,51.00439453124999],[-57.71875,51.00546874999999],[-57.706250000000004,51.01015625000001],[-57.702968750000004,51.01142578125001],[-57.699375,51.012890625],[-57.69546875,51.01455078125001],[-57.691250000000004,51.01640625],[-57.67375,51.02421875],[-57.66921875,51.02626953125],[-57.66437499999999,51.02851562500001],[-57.659218749999994,51.03095703125001],[-57.653749999999995,51.03359375000001],[-57.631249999999994,51.04453124999999],[-57.62320312499999,51.048486328124994],[-57.61031249999999,51.0548828125],[-57.59257812499999,51.06372070312499],[-57.56999999999999,51.074999999999996],[-57.47,51.125],[-57.447421875,51.136279296875],[-57.4296875,51.145117187500006],[-57.416796875,51.15151367187501],[-57.40875,51.155468750000004],[-57.38624999999999,51.16640625000001],[-57.38078125,51.169042968750006],[-57.375624999999985,51.171484375000006],[-57.37078124999999,51.17373046875001],[-57.366249999999994,51.17578125000001],[-57.348749999999995,51.18359375],[-57.344531249999996,51.18544921875],[-57.34062499999999,51.187109375],[-57.337031249999995,51.188574218750006],[-57.333749999999995,51.18984375],[-57.32124999999999,51.194531250000004],[-57.31828124999999,51.19560546875001],[-57.315625,51.19648437500001],[-57.313281249999996,51.19716796875001],[-57.31125,51.19765625000001],[-57.303749999999994,51.19921875000001],[-57.301484374999994,51.199560546875006],[-57.2984375,51.199804687500006],[-57.29460937499999,51.199951171875],[-57.28999999999999,51.2],[-57.269999999999996,51.2],[-57.265390624999995,51.200048828125],[-57.26156249999999,51.20019531250001],[-57.258515624999994,51.200439453125],[-57.256249999999994,51.200781250000006],[-57.24874999999999,51.20234375],[-57.246718749999985,51.202832031250004],[-57.24437499999999,51.203515625],[-57.24171874999999,51.20439453125],[-57.23874999999999,51.20546875],[-57.22624999999999,51.210156250000004],[-57.222968749999986,51.21142578125001],[-57.219375,51.21289062500001],[-57.215468749999985,51.214550781250004],[-57.21124999999999,51.216406250000006],[-57.193749999999994,51.224218750000006],[-57.18921875,51.22626953125],[-57.18437499999999,51.22851562500001],[-57.17921874999999,51.23095703125001],[-57.17374999999999,51.233593750000004],[-57.15125,51.24453125000001],[-57.14320312499999,51.248486328125004],[-57.130312499999995,51.25488281250001],[-57.112578125,51.263720703125],[-57.089999999999996,51.275000000000006],[-56.989999999999995,51.324999999999996],[-56.967421875,51.33627929687499],[-56.9496875,51.345117187499994],[-56.936796875,51.351513671875],[-56.92875,51.35546874999999],[-56.90625,51.36640625],[-56.90078125,51.36904296875],[-56.89562500000001,51.371484374999994],[-56.89078125,51.37373046875],[-56.886250000000004,51.375781249999996],[-56.86875,51.383593749999996],[-56.86453125,51.38544921875],[-56.860625,51.387109374999994],[-56.85703124999999,51.388574218749994],[-56.85375,51.38984375],[-56.84125,51.39453124999999],[-56.838281249999994,51.39560546874999],[-56.83562500000001,51.396484375],[-56.83328125,51.39716796875],[-56.83125,51.39765625],[-56.823750000000004,51.399218749999996],[-56.821484375,51.399560546874994],[-56.8184375,51.3998046875],[-56.814609375,51.399951171874996],[-56.81,51.4],[-56.78999999999999,51.4],[-56.78545898437499,51.40001953125],[-56.78183593749999,51.40007812499999],[-56.77913085937499,51.40017578125],[-56.77734374999999,51.4003125],[-56.77203125,51.4009375],[-56.77068359375,51.401132812499995],[-56.769296874999995,51.40140625],[-56.767871093749996,51.401757812499994],[-56.766406249999996,51.4021875],[-56.760468749999994,51.404062499999995],[-56.758964843749986,51.40457031249999],[-56.75742187499999,51.40515624999999],[-56.755839843749996,51.4058203125],[-56.75421874999999,51.40656249999999],[-56.74765624999999,51.4096875],[-56.74599609374999,51.41050781249999],[-56.74429687499999,51.41140624999999],[-56.74255859374999,51.4123828125],[-56.74078124999999,51.41343749999999],[-56.73359374999999,51.4178125],[-56.731083984375,51.41939453124999],[-56.72714843749999,51.421953125],[-56.721787109374986,51.42548828125],[-56.71499999999999,51.43],[-56.684999999999995,51.449999999999996],[-56.678212890625,51.45451171875],[-56.6728515625,51.458046875],[-56.668916015625,51.46060546875],[-56.66640625,51.4621875],[-56.65921875000001,51.4665625],[-56.65744140625001,51.467617187500004],[-56.655703125,51.468593750000004],[-56.654003906250004,51.469492187499995],[-56.65234375,51.4703125],[-56.645781250000006,51.473437499999996],[-56.64416015625,51.47417968749999],[-56.642578125,51.47484374999999],[-56.641035156250005,51.4754296875],[-56.639531250000005,51.47593749999999],[-56.63359375,51.4778125],[-56.63212890625,51.4782421875],[-56.630703125000004,51.47859375],[-56.62931640625001,51.4788671875],[-56.62796875000001,51.4790625],[-56.622656250000006,51.4796875],[-56.620869140625004,51.47982421875],[-56.6181640625,51.479921874999995],[-56.614541015625,51.47998046875],[-56.61,51.48],[-56.59,51.48],[-56.585468750000004,51.48001953125],[-56.581875,51.480078125],[-56.57921875,51.48017578125],[-56.5775,51.4803125],[-56.57249999999999,51.4809375],[-56.57124999999999,51.48113281250001],[-56.56999999999999,51.481406250000006],[-56.568749999999994,51.48175781250001],[-56.567499999999995,51.48218750000001],[-56.5625,51.48406249999999],[-56.56125,51.4845703125],[-56.56,51.485156249999996],[-56.55875,51.485820312499996],[-56.557500000000005,51.4865625],[-56.5525,51.4896875],[-56.55125,51.4905078125],[-56.55,51.491406250000004],[-56.54875,51.4923828125],[-56.5475,51.4934375],[-56.542500000000004,51.4978125],[-56.54078125,51.499394531250005],[-56.538125,51.501953125],[-56.53453125,51.505488281249995],[-56.53,51.51],[-56.510000000000005,51.53],[-56.505439453125,51.53451171875],[-56.501757812499996,51.538046875000006],[-56.498955078125,51.54060546875],[-56.49703125,51.5421875],[-56.49109375,51.5465625],[-56.489550781249996,51.5476171875],[-56.487890625,51.548593749999995],[-56.48611328125,51.54949218750001],[-56.48421875,51.550312500000004],[-56.476406250000004,51.5534375],[-56.474394531250006,51.554179687499996],[-56.472265625000006,51.554843749999996],[-56.47001953125,51.5554296875],[-56.467656250000005,51.5559375],[-56.45796875,51.557812500000004],[-56.45548828125,51.5582421875],[-56.452890624999995,51.55859375000001],[-56.45017578125,51.5588671875],[-56.44734375,51.5590625],[-56.43578125,51.5596875],[-56.431689453124996,51.559824218749995],[-56.4251953125,51.559921875],[-56.416298828124994,51.55998046875],[-56.405,51.56],[-56.355000000000004,51.56],[-56.34364257812501,51.560078125000004],[-56.3345703125,51.5603125],[-56.327783203125,51.560703125],[-56.32328125,51.56125],[-56.30984375,51.563750000000006],[-56.30642578125,51.56453125000001],[-56.302890625,51.56562500000001],[-56.29923828125,51.567031250000014],[-56.29546875,51.56875000000001],[-56.28015625,51.57625],[-56.276269531249994,51.57828125],[-56.272265624999996,51.580625],[-56.26814453125,51.583281250000006],[-56.26390625,51.58625000000001],[-56.24671875,51.598749999999995],[-56.24236328125,51.602031249999996],[-56.237890625000006,51.605625],[-56.23330078125,51.609531249999996],[-56.22859375,51.613749999999996],[-56.209531250000005,51.63125000000001],[-56.202861328125,51.637578125000005],[-56.1923828125,51.6478125],[-56.17809570312501,51.66195312500001],[-56.160000000000004,51.68000000000001],[-56.08,51.760000000000005],[-56.061884765625,51.778095703125004],[-56.0475390625,51.79238281250001],[-56.036962890625006,51.802861328125005],[-56.030156250000005,51.809531250000006],[-56.010468749999994,51.82859375000001],[-56.00556640624999,51.83330078125001],[-56.000703125,51.83789062500001],[-55.99587890624999,51.84236328125001],[-55.99109374999999,51.84671875000001],[-55.97203125,51.86390625],[-55.96728515625,51.86814453125],[-55.962578125,51.872265625000004],[-55.957910156249994,51.87626953125],[-55.953281249999996,51.88015625],[-55.93484375,51.895468750000006],[-55.93025390625,51.899238281250014],[-55.925703125,51.902890625],[-55.921191406249996,51.90642578125001],[-55.91671875,51.90984375000001],[-55.89890625,51.92328125],[-55.892822265625,51.92778320312501],[-55.88347656250001,51.93457031250001],[-55.870869140625004,51.94364257812501],[-55.855000000000004,51.955000000000005],[-55.78499999999998,52.005],[-55.769208984374984,52.016298828125],[-55.756835937499986,52.0251953125],[-55.74788085937498,52.031689453125],[-55.74234374999998,52.03578125],[-55.72703124999998,52.04734375],[-55.72333984374998,52.05017578125],[-55.71992187499998,52.052890625],[-55.71677734374998,52.05548828125],[-55.71390624999999,52.05796875],[-55.70296874999999,52.06765625],[-55.700371093749986,52.07001953125],[-55.69804687499999,52.072265625],[-55.69599609374999,52.07439453125],[-55.69421874999999,52.076406250000005],[-55.68765624999999,52.084218750000005],[-55.68615234374998,52.08611328125001],[-55.684921874999986,52.08789062500001],[-55.68396484374999,52.08955078125001],[-55.68328124999999,52.091093750000006],[-55.68109374999999,52.09703125],[-55.68061523437499,52.098955078125],[-55.68027343749999,52.1017578125],[-55.68006835937499,52.105439453125],[-55.67999999999999,52.11],[-55.67999999999999,52.13],[-55.67999023437499,52.134521484375],[-55.679960937499985,52.1380859375],[-55.67991210937499,52.14069335937501],[-55.67984374999999,52.14234375],[-55.67953124999998,52.14703125],[-55.67943359374998,52.148183593750005],[-55.679296874999984,52.149296875],[-55.679121093749984,52.150371093749996],[-55.67890624999998,52.15140625],[-55.67796874999999,52.15546875],[-55.67771484374999,52.15646484375],[-55.677421874999986,52.157421875000004],[-55.67708984374999,52.15833984375],[-55.67671874999999,52.15921875],[-55.67515624999998,52.16265625],[-55.674746093749974,52.16349609375],[-55.67429687499998,52.164296875000005],[-55.67380859374998,52.16505859375],[-55.67328124999998,52.165781249999995],[-55.67109374999998,52.16859375],[-55.67014648437499,52.169677734375],[-55.66839843749999,52.1715234375],[-55.665849609374995,52.174130859375],[-55.662499999999994,52.177499999999995],[-55.64,52.2],[-55.64,54.1575],[-55.639843750000004,54.449238281250004],[-55.639375,54.671953125],[-55.63859375,54.825644531250006],[-55.6375,54.9103125],[-55.63250000000001,55.1109375],[-55.6309375,55.1600390625],[-55.628750000000004,55.20703125],[-55.625937500000006,55.25191406249999],[-55.6225,55.294687499999995],[-55.6075,55.4615625],[-55.603437500000005,55.5022265625],[-55.59875,55.540781249999995],[-55.59343750000001,55.5772265625],[-55.587500000000006,55.6115625],[-55.5625,55.7446875],[-55.5559375,55.7769140625],[-55.548750000000005,55.80703125],[-55.5409375,55.8350390625],[-55.5325,55.8609375],[-55.4975,55.9603125],[-55.48484375,55.99236328124999],[-55.464375000000004,56.038828124999995],[-55.43609375,56.09970703125],[-55.4,56.175],[-55.239999999999995,56.504999999999995],[-55.203906249999996,56.579794921875],[-55.175625,56.6391796875],[-55.15515625,56.683154296874996],[-55.1425,56.711718749999996],[-55.107499999999995,56.795156250000005],[-55.099062499999995,56.81607421875],[-55.091249999999995,56.837109375],[-55.084062499999995,56.85826171875],[-55.07749999999999,56.87953125],[-55.0525,56.96484375000001],[-55.04656250000001,56.98623046875001],[-55.04125,57.007734375000005],[-55.0365625,57.02935546875001],[-55.0325,57.05109375000001],[-55.0175,57.138281250000006],[-55.0140625,57.16013671875],[-55.01125,57.18210937500001],[-55.0090625,57.204199218750006],[-55.0075,57.22640625000001],[-55.0025,57.315468749999994],[-55.00140625,57.346201171874995],[-55.000625,57.3938671875],[-55.00015625,57.45846679687499],[-55.0,57.53999999999999],[-55.0,57.900000000000006],[-55.000244140625,57.981455078125],[-55.0009765625,58.0458203125],[-55.002197265625,58.093095703125],[-55.00390625,58.123281250000005],[-55.01171875,58.20984374999999],[-55.01416015625,58.23126953124999],[-55.017578125,58.25226562499999],[-55.02197265625,58.27283203124999],[-55.02734375,58.29296874999999],[-55.05078125,58.37265624999999],[-55.05712890625,58.392363281249985],[-55.064453125,58.41164062499999],[-55.07275390625,58.43048828124999],[-55.08203125,58.44890624999999],[-55.12109375,58.52171875],[-55.13134765625,58.53970703125],[-55.142578125,58.557265625],[-55.15478515625,58.57439453125],[-55.16796875,58.59109375],[-55.22265625,58.65703125],[-55.242431640625,58.67926757812501],[-55.2744140625,58.713007812499995],[-55.318603515625,58.758251953125],[-55.375,58.815],[-55.625,59.065],[-55.68140625,59.122021484375004],[-55.725625,59.168085937499995],[-55.757656250000004,59.20319335937501],[-55.7775,59.22734375],[-55.832499999999996,59.30203125],[-55.845781249999995,59.32146484375],[-55.858125,59.342421875],[-55.869531249999994,59.36490234375],[-55.879999999999995,59.38890625],[-55.92,59.48796874999999],[-55.929531250000004,59.513496093749986],[-55.938125,59.54054687499999],[-55.945781249999996,59.56912109374999],[-55.9525,59.59921874999999],[-55.97749999999999,59.72265624999999],[-55.98328124999999,59.75427734374999],[-55.988125,59.78742187499999],[-55.99203124999999,59.82208984374999],[-55.99499999999999,59.85828124999999],[-56.004999999999995,60.006093750000005],[-56.0075,60.058427734375],[-56.00999999999999,60.141523437500005],[-56.0125,60.255380859375],[-56.015,60.400000000000006],[-56.02499999999999,61.03999999999999],[-56.027871093749994,61.18499999999999],[-56.03148437499999,61.3],[-56.03583984374999,61.385],[-56.04093749999999,61.44],[-56.06281249999999,61.599999999999994],[-56.06949218749999,61.64],[-56.078593749999996,61.67999999999999],[-56.09011718749999,61.72],[-56.10406249999999,61.76],[-56.16468749999999,61.92],[-56.181054687499994,61.96],[-56.19984374999999,62.0],[-56.2210546875,62.040000000000006],[-56.2446875,62.08],[-56.34406249999999,62.24],[-56.37011718749999,62.279999999999994],[-56.39859374999999,62.32],[-56.42949218749999,62.36],[-56.46281249999999,62.400000000000006],[-56.6009375,62.56],[-56.65083984375,62.615],[-56.731484374999994,62.7],[-56.84287109375,62.81500000000001],[-56.985,62.96000000000001],[-57.614999999999995,63.599999999999994],[-57.757119140625,63.744580078125],[-57.8684765625,63.8583203125],[-57.94907226562499,63.941220703125],[-57.99890625,63.993281249999995],[-58.13671875,64.13984375000001],[-58.16994140625,64.17564453125001],[-58.200703125,64.20976562500002],[-58.22900390625,64.24220703125002],[-58.25484375,64.27296875000002],[-58.35328125,64.39265625000002],[-58.376660156250004,64.42173828125001],[-58.397578125,64.44914062500001],[-58.416035156250004,64.47486328125001],[-58.43203125,64.49890625],[-58.49109375,64.59171875000001],[-58.50462890624999,64.61408203125],[-58.515703125,64.634765625],[-58.524316406249994,64.65376953125],[-58.53046875,64.67109375000001],[-58.55015625,64.73703125],[-58.554462890625004,64.758017578125],[-58.5575390625,64.78800781250001],[-58.559384765625,64.827001953125],[-58.56,64.875],[-58.56,65.08500000000001],[-58.560576171875,65.13294921875],[-58.5623046875,65.171796875],[-58.565185546875,65.20154296875],[-58.569218750000005,65.2221875],[-58.587656249999995,65.2865625],[-58.593417968749996,65.3033984375],[-58.60148437499999,65.32171875],[-58.611855468749994,65.3415234375],[-58.62453125,65.3628125],[-58.67984375,65.45093750000001],[-58.69482421875001,65.4737109375],[-58.712109375,65.49796875000001],[-58.73169921875,65.5237109375],[-58.75359375,65.5509375],[-58.84578125,65.6628125],[-58.86998046874999,65.6915234375],[-58.896484375,65.72171875000001],[-58.92529296875,65.7533984375],[-58.95640625,65.7865625],[-59.085468750000004,65.9221875],[-59.132138671875005,65.97029296875002],[-59.207617187500006,66.04679687500001],[-59.311904296875014,66.15169921875001],[-59.44500000000001,66.28500000000001],[-60.035000000000004,66.87500000000001],[-60.16810546875001,67.00814453125001],[-60.272421875,67.11257812500001],[-60.34794921875,67.18830078125],[-60.3946875,67.23531250000002],[-60.5240625,67.36593750000002],[-60.555273437500006,67.39753906250002],[-60.58421875,67.42703125000001],[-60.6108984375,67.4544140625],[-60.6353125,67.47968750000001],[-60.728437500000005,67.57656250000001],[-60.750585937500006,67.59972656250001],[-60.770468750000006,67.62078125000001],[-60.7880859375,67.63972656250002],[-60.8034375,67.6565625],[-60.86031249999999,67.71968749999999],[-60.87339843749999,67.7344140625],[-60.88421874999999,67.74703124999999],[-60.89277343749999,67.7575390625],[-60.899062499999985,67.7659375],[-60.91968749999999,67.7953125],[-60.92451171874998,67.80330078125],[-60.92867187499999,67.812578125],[-60.93216796874999,67.82314453125001],[-60.93499999999999,67.83500000000001],[-60.94500000000001,67.885],[-60.94727539062501,67.896298828125],[-60.949101562500005,67.90519531250001],[-60.95047851562501,67.911689453125],[-60.951406250000005,67.91578125000001],[-60.95421875000001,67.92734375],[-60.954941406250015,67.93017578125],[-60.95570312500001,67.932890625],[-60.956503906250006,67.93548828125],[-60.95734375000001,67.93796875000001],[-60.96078125,67.94765625000001],[-60.96166015624999,67.95001953125002],[-60.96257812499999,67.95226562500002],[-60.96353515624999,67.95439453125002],[-60.96453124999999,67.95640625000001],[-60.968593750000004,67.96421875000001],[-60.96962890625,67.96611328125],[-60.970703125,67.96789062500001],[-60.97181640625,67.96955078125],[-60.97296875,67.97109375000001],[-60.977656249999995,67.97703125000001],[-60.979306640625,67.978955078125],[-60.981914062499996,67.9817578125],[-60.985478515625,67.985439453125],[-60.989999999999995,67.99],[-61.01,68.01],[-61.014570312500005,68.014521484375],[-61.018281249999994,68.0180859375],[-61.0211328125,68.020693359375],[-61.023125,68.02234375],[-61.02937499999999,68.02703125],[-61.03101562499999,68.02818359374999],[-61.032812499999984,68.02929687499999],[-61.034765624999984,68.03037109374999],[-61.03687499999999,68.03140624999999],[-61.045624999999994,68.03546874999999],[-61.047890624999994,68.03646484374998],[-61.05031249999999,68.03742187499999],[-61.05289062499999,68.03833984375],[-61.05562499999999,68.03921874999999],[-61.06687499999999,68.04265625],[-61.069765624999995,68.04349609374998],[-61.07281249999999,68.04429687499999],[-61.07601562499999,68.04505859374999],[-61.07937499999999,68.04578124999999],[-61.09312499999999,68.04859375],[-61.09800781249999,68.04952148437499],[-61.10578124999999,68.0508984375],[-61.11644531249999,68.05272460937499],[-61.129999999999995,68.05499999999999],[-61.19,68.065],[-61.203564453125,68.067275390625],[-61.214257812499994,68.0691015625],[-61.222080078124996,68.070478515625],[-61.227031249999996,68.07140625],[-61.24109375,68.07421874999999],[-61.24455078124999,68.07494140624999],[-61.247890625000004,68.07570312499999],[-61.25111328125,68.07650390624998],[-61.25421875,68.07734374999998],[-61.26640625,68.08078125],[-61.26939453125,68.08166015625],[-61.272265625,68.082578125],[-61.275019531249995,68.08353515625001],[-61.27765625,68.08453125],[-61.28796875,68.08859375],[-61.29048828124999,68.08962890625],[-61.292890625,68.090703125],[-61.295175781249995,68.09181640625],[-61.297343749999996,68.09296875000001],[-61.30578125,68.09765625],[-61.30856445312501,68.09930664062499],[-61.3126953125,68.1019140625],[-61.318173828125005,68.105478515625],[-61.325,68.11],[-61.355,68.13],[-61.361933593749995,68.134560546875],[-61.367734375,68.1382421875],[-61.37240234375,68.14104492187501],[-61.37593749999999,68.14296875000001],[-61.387812499999995,68.14890625],[-61.391054687499995,68.15044921875],[-61.39484374999999,68.15210937500001],[-61.399179687499995,68.15388671874999],[-61.404062499999995,68.15578124999999],[-61.42468749999999,68.16359374999999],[-61.43011718749999,68.16560546874999],[-61.43609375,68.167734375],[-61.44261718749999,68.16998046875],[-61.449687499999996,68.17234375],[-61.4790625,68.18203125],[-61.4866796875,68.18451171875],[-61.494843749999994,68.187109375],[-61.5035546875,68.18982421875],[-61.512812499999995,68.19265625],[-61.55093749999999,68.20421875],[-61.56458984374999,68.208310546875],[-61.58648437499999,68.21480468749999],[-61.61662109375,68.223701171875],[-61.654999999999994,68.235],[-61.824999999999996,68.285],[-61.86337890625,68.296298828125],[-61.89351562499999,68.3051953125],[-61.91541015625,68.311689453125],[-61.9290625,68.31578125],[-61.9671875,68.32734375],[-61.9764453125,68.33017578125],[-61.98515625,68.332890625],[-61.9933203125,68.33548828125],[-62.000937500000006,68.33796874999999],[-62.030312499999994,68.34765625],[-62.0373828125,68.35001953125],[-62.043906250000006,68.352265625],[-62.0498828125,68.35439453125],[-62.0553125,68.35640624999999],[-62.075937499999995,68.36421874999999],[-62.0808203125,68.36611328125],[-62.08515625,68.367890625],[-62.0889453125,68.36955078125],[-62.092187499999994,68.37109375],[-62.1040625,68.37703124999999],[-62.10759765625,68.378955078125],[-62.112265625,68.3817578125],[-62.118066406249994,68.385439453125],[-62.125,68.39],[-62.155,68.41],[-62.161904296875,68.41455078125],[-62.1676171875,68.41820312499999],[-62.172138671875,68.42095703125],[-62.17546875,68.42281249999999],[-62.186406250000005,68.4284375],[-62.18935546875,68.42988281250001],[-62.19273437500001,68.43140625000001],[-62.19654296875,68.4330078125],[-62.20078125,68.4346875],[-62.218593750000004,68.4415625],[-62.22326171875,68.4433203125],[-62.228359375000004,68.44515625],[-62.23388671875,68.44707031249999],[-62.239843750000006,68.4490625],[-62.26453125,68.45718749999999],[-62.27091796875,68.4592578125],[-62.277734375,68.46140625],[-62.28498046875,68.4636328125],[-62.29265625,68.4659375],[-62.32421875,68.47531249999999],[-62.335498046874996,68.47861328124999],[-62.3535546875,68.48382812499999],[-62.378388671875,68.49095703124999],[-62.41,68.5],[-62.54999999999999,68.53999999999999],[-62.58161132812499,68.54904296874999],[-62.606445312499986,68.55617187499999],[-62.62450195312499,68.56138671874999],[-62.63578124999999,68.56468749999999],[-62.667343749999986,68.5740625],[-62.675019531249994,68.5763671875],[-62.682265624999985,68.57859374999998],[-62.689082031249995,68.5807421875],[-62.69546874999999,68.58281249999999],[-62.720156249999995,68.5909375],[-62.726113281249994,68.5929296875],[-62.731640625,68.59484375],[-62.73673828125,68.5966796875],[-62.74140625,68.5984375],[-62.75921874999999,68.6053125],[-62.76345703124999,68.6069921875],[-62.76726562499999,68.60859375],[-62.77064453124999,68.61011718750001],[-62.77359374999999,68.6115625],[-62.78453124999999,68.6171875],[-62.787861328125,68.61904296875],[-62.792382812499994,68.621796875],[-62.798095703124986,68.62544921874999],[-62.80499999999999,68.63],[-62.834999999999994,68.65],[-62.84193359375,68.65456054687499],[-62.84773437499999,68.65824218750001],[-62.85240234374999,68.661044921875],[-62.855937499999996,68.66296875],[-62.86781249999999,68.66890624999999],[-62.87105468749999,68.67044921875],[-62.87484375,68.67210937499999],[-62.87917968749999,68.67388671875],[-62.88406249999999,68.67578125],[-62.904687499999994,68.68359375],[-62.91011718749999,68.68560546875],[-62.916093749999995,68.68773437499999],[-62.92261718749999,68.68998046875],[-62.92968749999999,68.69234374999999],[-62.959062499999995,68.70203125],[-62.9666796875,68.70451171875],[-62.97484374999999,68.707109375],[-62.9835546875,68.70982421875],[-62.9928125,68.71265625],[-63.03093749999999,68.72421875],[-63.04458984374999,68.72831054687501],[-63.066484374999995,68.7348046875],[-63.09662109374999,68.74370117187499],[-63.13499999999999,68.755],[-63.30500000000001,68.805],[-63.34337890625001,68.81629882812501],[-63.373515625,68.8251953125],[-63.39541015625001,68.831689453125],[-63.409062500000005,68.83578125],[-63.4471875,68.84734375000001],[-63.4564453125,68.85017578125002],[-63.46515625,68.852890625],[-63.47332031250001,68.85548828125],[-63.4809375,68.85796875],[-63.5103125,68.86765625000001],[-63.5173828125,68.87001953125],[-63.52390625,68.87226562500001],[-63.52988281249999,68.87439453125],[-63.535312499999996,68.87640625],[-63.555937500000006,68.88421875],[-63.560820312500006,68.88611328125],[-63.56515625000001,68.88789062500001],[-63.568945312500006,68.88955078125001],[-63.572187500000005,68.89109375000001],[-63.5840625,68.89703125],[-63.58759765625,68.89895507812501],[-63.59226562500001,68.9017578125],[-63.598066406250005,68.905439453125],[-63.605000000000004,68.91],[-63.635,68.93],[-63.641845703125,68.93453125000002],[-63.64738281249999,68.938125],[-63.65161132812499,68.94078125],[-63.65453124999999,68.9425],[-63.66359374999999,68.9475],[-63.665957031249995,68.94875],[-63.66851562499999,68.95000000000002],[-63.67126953125,68.95125000000002],[-63.674218749999994,68.95250000000001],[-63.68640624999999,68.95750000000001],[-63.68955078124999,68.95875000000001],[-63.692890625,68.96000000000001],[-63.69642578124999,68.96125],[-63.70015624999999,68.9625],[-63.71546874999999,68.9675],[-63.719394531249996,68.96875],[-63.72351562499999,68.97],[-63.72783203124999,68.97125],[-63.73234374999999,68.9725],[-63.75078124999999,68.97749999999999],[-63.75731445312499,68.97921874999999],[-63.767695312499995,68.981875],[-63.78192382812499,68.98546875],[-63.8,68.99],[-63.879999999999995,69.01],[-63.8980859375,69.01453125],[-63.91234375,69.018125],[-63.92277343749999,69.02078125],[-63.92937499999999,69.0225],[-63.948125000000005,69.02749999999999],[-63.952734375000006,69.02874999999999],[-63.9571875,69.03],[-63.961484375000005,69.03125],[-63.965625,69.0325],[-63.981875,69.0375],[-63.985859375000004,69.03875],[-63.9896875,69.03999999999999],[-63.993359375000004,69.04124999999999],[-63.996875,69.04249999999999],[-64.010625,69.04749999999999],[-64.013984375,69.04875],[-64.0171875,69.05],[-64.020234375,69.05125],[-64.023125,69.0525],[-64.034375,69.0575],[-64.03808593749999,69.05921875],[-64.04359375,69.061875],[-64.0508984375,69.06546875],[-64.06,69.07],[-64.1,69.09],[-64.109365234375,69.09451171875],[-64.1174609375,69.098046875],[-64.124287109375,69.10060546874999],[-64.12984375,69.10218749999999],[-64.14953125,69.1065625],[-64.15505859375,69.10761718749998],[-64.161796875,69.10859374999998],[-64.16974609374999,69.1094921875],[-64.17890625,69.11031249999999],[-64.21796875,69.1134375],[-64.22833984374999,69.1141796875],[-64.239921875,69.11484375],[-64.25271484375,69.11542968750001],[-64.26671875,69.1159375],[-64.32515624999999,69.11781250000001],[-64.34037109375,69.1182421875],[-64.35679687499999,69.11859375],[-64.37443359374998,69.11886718750002],[-64.39328124999999,69.11906250000001],[-64.47109375,69.1196875],[-64.499052734375,69.11982421875001],[-64.54402343749999,69.119921875],[-64.60600585937499,69.11998046875],[-64.685,69.12],[-65.035,69.12],[-65.1148046875,69.12083007812501],[-65.17921875,69.1233203125],[-65.2282421875,69.127470703125],[-65.261875,69.13328125000001],[-65.365625,69.15984375000001],[-65.392578125,69.16814453125002],[-65.4215625,69.17976562500002],[-65.452578125,69.19470703125002],[-65.485625,69.21296875000002],[-65.621875,69.29265625000001],[-65.656953125,69.31423828125001],[-65.6940625,69.339140625],[-65.73320312499999,69.36736328125001],[-65.77437499999999,69.39890625000001],[-65.94312500000001,69.53171875000001],[-65.986328125,69.56658203125001],[-66.0315625,69.60476562500001],[-66.078828125,69.64626953125001],[-66.12812500000001,69.69109375000001],[-66.329375,69.87703125],[-66.40058593750001,69.944267578125],[-66.51359375000001,70.0530078125],[-66.6683984375,70.203251953125],[-66.86500000000001,70.395],[-67.73499999999999,71.245],[-67.93225585937499,71.436748046875],[-68.08902343749999,71.5869921875],[-68.20530273437498,71.695732421875],[-68.28109374999998,71.76296875],[-68.50328124999999,71.94890625000001],[-68.55912109374998,71.99373046875002],[-68.61554687499998,72.035234375],[-68.67255859374998,72.07341796875001],[-68.73015624999998,72.10828125],[-68.96171874999999,72.24109374999999],[-69.01990234374999,72.27263671874998],[-69.07867187499998,72.30085937499999],[-69.13802734374998,72.32576171874999],[-69.19796874999999,72.34734375],[-69.43890624999999,72.42703125],[-69.49943359374998,72.44529296875],[-69.560546875,72.460234375],[-69.62224609375,72.47185546875],[-69.68453124999999,72.48015625],[-69.93484375,72.50671875],[-70.021474609375,72.512529296875],[-70.15621093749999,72.5166796875],[-70.339052734375,72.519169921875],[-70.57,72.52],[-71.59,72.52],[-71.8203125,72.52021484375],[-72.00125,72.520859375],[-72.1328125,72.52193359374999],[-72.21499999999999,72.5234375],[-72.445,72.5303125],[-72.50093749999999,72.53246093749999],[-72.55375,72.53546874999999],[-72.60343749999998,72.5393359375],[-72.64999999999999,72.5440625],[-72.83,72.5646875],[-72.8734375,72.57027343749999],[-72.91375000000001,72.57671875000001],[-72.9509375,72.58402343750001],[-72.985,72.59218750000001],[-73.11500000000001,72.6265625],[-73.14593750000002,72.63558593750001],[-73.17375000000001,72.64546875],[-73.19843750000001,72.6562109375],[-73.22,72.66781250000001],[-73.30000000000001,72.71593750000001],[-73.324375,72.73333984375],[-73.3575,72.76148437500001],[-73.399375,72.80037109375002],[-73.45,72.85000000000001],[-73.67,73.07000000000001],[-73.7198046875,73.11962890625],[-73.75921875,73.158515625],[-73.7882421875,73.18666015625001],[-73.806875,73.2040625],[-73.860625,73.25218750000002],[-73.873984375,73.26378906250002],[-73.88718750000001,73.27453125000002],[-73.90023437500001,73.28441406250002],[-73.91312500000001,73.29343750000001],[-73.964375,73.32781250000001],[-73.97710937500001,73.33597656250001],[-73.9896875,73.34328124999999],[-74.002109375,73.3497265625],[-74.014375,73.3553125],[-74.06312500000001,73.37593749999999],[-74.07523437500001,73.38066406249999],[-74.0871875,73.38453125000001],[-74.098984375,73.3875390625],[-74.110625,73.38968750000001],[-74.15687500000001,73.3965625],[-74.17261718750001,73.39806640625001],[-74.19671875,73.399140625],[-74.22917968750001,73.39978515625],[-74.27000000000001,73.4],[-74.44999999999999,73.4],[-74.490625,73.40001953125],[-74.5225,73.40007812500001],[-74.54562499999999,73.40017578125001],[-74.55999999999999,73.40031250000001],[-74.6,73.4009375],[-74.60968749999999,73.40113281250001],[-74.61874999999999,73.40140625000001],[-74.62718749999999,73.4017578125],[-74.63499999999999,73.4021875],[-74.66499999999999,73.40406250000001],[-74.67218749999999,73.40457031250001],[-74.67875,73.40515625],[-74.6846875,73.40582031250001],[-74.69,73.4065625],[-74.71,73.40968749999999],[-74.7146875,73.4105078125],[-74.71875,73.41140625],[-74.72218749999999,73.4123828125],[-74.725,73.4134375],[-74.73499999999999,73.4178125],[-74.73781249999999,73.41939453125],[-74.74125,73.421953125],[-74.7453125,73.42548828125001],[-74.75,73.43],[-74.77,73.45],[-74.774560546875,73.45452148437501],[-74.7782421875,73.4580859375],[-74.78104492187501,73.460693359375],[-74.78296875,73.46234375],[-74.78890625,73.46703124999999],[-74.79044921874998,73.46818359375],[-74.792109375,73.469296875],[-74.79388671874999,73.47037109375],[-74.79578124999999,73.47140625],[-74.80359375,73.47546875],[-74.80560546875002,73.47646484375001],[-74.807734375,73.477421875],[-74.80998046875,73.47833984375],[-74.81234375,73.47921875],[-74.82203125000001,73.48265625],[-74.82451171875,73.48349609375],[-74.827109375,73.484296875],[-74.82982421875,73.48505859375],[-74.83265625,73.48578125],[-74.84421875,73.48859374999999],[-74.848310546875,73.48952148437499],[-74.85480468749999,73.4908984375],[-74.863701171875,73.49272460937499],[-74.875,73.49499999999999],[-74.92500000000001,73.50500000000001],[-74.93628906250001,73.507265625],[-74.94515625000001,73.50906250000001],[-74.9516015625,73.51039062500001],[-74.95562500000001,73.51125],[-74.966875,73.51375],[-74.969609375,73.514375],[-74.9721875,73.515],[-74.974609375,73.515625],[-74.976875,73.51625000000001],[-74.985625,73.51875000000001],[-74.987734375,73.51937500000001],[-74.9896875,73.52000000000001],[-74.991484375,73.52062500000001],[-74.99312499999999,73.52125000000001],[-74.999375,73.52375],[-75.000859375,73.52437500000002],[-75.00218749999999,73.525],[-75.003359375,73.525625],[-75.004375,73.52625],[-75.00812499999999,73.52875],[-75.00925781249998,73.529609375],[-75.01078125,73.5309375],[-75.01269531249999,73.53273437499999],[-75.01499999999999,73.535],[-75.025,73.54499999999999],[-75.02728515625,73.547255859375],[-75.029140625,73.5490234375],[-75.03056640625002,73.55030273437498],[-75.0315625,73.55109374999999],[-75.03468749999999,73.55328125],[-75.03550781249999,73.55380859375],[-75.03640625,73.55429687499999],[-75.0373828125,73.55474609375],[-75.03843749999999,73.55515625],[-75.0428125,73.55671875],[-75.04394531249999,73.55708984375],[-75.04515624999999,73.557421875],[-75.0464453125,73.55771484375],[-75.04781249999999,73.55796875],[-75.0534375,73.55890624999999],[-75.05488281250001,73.55912109374998],[-75.05640625,73.559296875],[-75.0580078125,73.55943359374999],[-75.0596875,73.55953124999999],[-75.06656249999999,73.55984375],[-75.06900390625,73.559912109375],[-75.07289062499999,73.5599609375],[-75.07822265625,73.559990234375],[-75.085,73.56],[-75.115,73.56],[-75.1219921875,73.560078125],[-75.12796875000001,73.56031250000001],[-75.1329296875,73.560703125],[-75.136875,73.56125],[-75.15062499999999,73.56375000000001],[-75.15445312499999,73.56453125000002],[-75.1590625,73.56562500000001],[-75.164453125,73.56703125000001],[-75.170625,73.56875000000001],[-75.196875,73.57625],[-75.203828125,73.57828125],[-75.2115625,73.580625],[-75.220078125,73.58328125],[-75.229375,73.58625],[-75.268125,73.59875],[-75.27820312499999,73.60203125],[-75.2890625,73.605625],[-75.300703125,73.60953125],[-75.313125,73.61375],[-75.364375,73.63125000000001],[-75.38277343749999,73.63757812500002],[-75.41234374999999,73.6478125],[-75.45308593749999,73.66195312500001],[-75.505,73.68],[-75.735,73.75999999999999],[-75.78769531249999,73.77804687499999],[-75.83078125,73.7921875],[-75.8642578125,73.802421875],[-75.888125,73.80875],[-75.96437500000002,73.82625],[-75.98460937500002,73.83046875],[-76.00718750000001,73.83437500000001],[-76.03210937500002,73.83796875],[-76.05937500000002,73.84125],[-76.173125,73.85374999999999],[-76.20273437499999,73.85671875],[-76.23468749999999,73.859375],[-76.26898437499999,73.86171875],[-76.30562499999999,73.86375],[-76.456875,73.87125],[-76.495859375,73.87296875],[-76.5371875,73.874375],[-76.580859375,73.87546875000001],[-76.626875,73.87625],[-76.815625,73.87875],[-76.8828515625,73.879296875],[-76.99015625,73.87968749999999],[-77.1375390625,73.879921875],[-77.32499999999999,73.88],[-78.155,73.88],[-78.34228515625,73.88004882812498],[-78.48914062499999,73.88019531249999],[-78.59556640624999,73.880439453125],[-78.66156249999999,73.88078125],[-78.84468749999999,73.88234374999999],[-78.8889453125,73.88283203124999],[-78.93015624999998,73.88351562499999],[-78.9683203125,73.88439453125],[-79.00343749999999,73.88546874999999],[-79.13781249999998,73.89015625],[-79.16988281249998,73.89142578125],[-79.19890625,73.89289062499999],[-79.22488281249998,73.89455078125],[-79.24781249999998,73.89640625],[-79.3334375,73.90421874999998],[-79.35332031249999,73.90626953124999],[-79.37015625000001,73.90851562499998],[-79.3839453125,73.91095703124999],[-79.3946875,73.91359374999999],[-79.43156249999998,73.92453124999999],[-79.44119140624997,73.92848632812499],[-79.45164062499998,73.93488281249999],[-79.46291015624999,73.94372070312498],[-79.475,73.95499999999998],[-79.52499999999999,74.005],[-79.53637695312499,74.016279296875],[-79.5455078125,74.0251171875],[-79.552392578125,74.031513671875],[-79.55703125,74.03546875],[-79.57109375,74.04640624999999],[-79.57470703125001,74.04904296875],[-79.578515625,74.051484375],[-79.58251953125,74.05373046874999],[-79.58671875,74.05578125],[-79.60390625,74.06359375],[-79.60830078125,74.06544921874999],[-79.61289062499999,74.067109375],[-79.61767578125,74.06857421875],[-79.62265624999999,74.06984374999999],[-79.64296875,74.07453125],[-79.64814453125,74.07560546875001],[-79.65351562499998,74.076484375],[-79.65908203125,74.07716796875],[-79.66484374999999,74.07765625],[-79.68828124999999,74.07921875],[-79.696533203125,74.079560546875],[-79.70957031249999,74.0798046875],[-79.72739257812499,74.079951171875],[-79.75,74.08],[-79.85,74.08],[-79.872666015625,74.0800390625],[-79.89066406250001,74.08015625],[-79.903994140625,74.0803515625],[-79.91265625,74.080625],[-79.93796874999998,74.08187500000001],[-79.94431640624998,74.082265625],[-79.95070312499999,74.08281250000002],[-79.95712890624998,74.08351562500002],[-79.96359374999999,74.08437500000001],[-79.98953125,74.088125],[-79.99603515624999,74.08914062500001],[-80.002578125,74.0903125],[-80.00916015625,74.091640625],[-80.01578125,74.093125],[-80.04234374999999,74.09937500000001],[-80.04900390624998,74.101015625],[-80.055703125,74.1028125],[-80.06244140624999,74.104765625],[-80.06921874999999,74.106875],[-80.09640625,74.11562500000001],[-80.10579101562499,74.11878906250001],[-80.12035156249999,74.12390625],[-80.14008789062498,74.1309765625],[-80.16499999999999,74.14],[-80.275,74.18],[-80.300927734375,74.18902343750001],[-80.32371093750001,74.19609375],[-80.343349609375,74.20121093750001],[-80.35984375000001,74.20437500000001],[-80.41953125,74.213125],[-80.43646484375,74.215234375],[-80.457421875,74.21718750000002],[-80.48240234375,74.21898437500002],[-80.51140625,74.22062500000001],[-80.63546875,74.226875],[-80.66849609375,74.228359375],[-80.705546875,74.22968750000001],[-80.74662109375,74.230859375],[-80.79171875,74.231875],[-80.98015625,74.23562500000001],[-81.02927734375,74.23648437500002],[-81.082421875,74.23718750000002],[-81.13958984375,74.237734375],[-81.20078125,74.23812500000001],[-81.45359375000001,74.23937500000001],[-81.54452148437501,74.23964843750001],[-81.69089843750001,74.23984375],[-81.892724609375,74.2399609375],[-82.15,74.24000000000001],[-83.28999999999999,74.24000000000001],[-83.547275390625,74.2400390625],[-83.74910156249999,74.24015625000001],[-83.89547851562499,74.24035156250001],[-83.98640624999999,74.24062500000001],[-84.23921874999999,74.24187500000001],[-84.30041015625,74.242265625],[-84.357578125,74.2428125],[-84.41072265625,74.24351562500001],[-84.45984375,74.244375],[-84.64828125,74.248125],[-84.69337890625,74.249140625],[-84.734453125,74.2503125],[-84.77150390624999,74.251640625],[-84.80453125,74.253125],[-84.92859375,74.259375],[-84.95759765625,74.26101562500001],[-84.982578125,74.2628125],[-85.00353515625,74.264765625],[-85.02046874999999,74.266875],[-85.08015624999999,74.275625],[-85.09665039062499,74.2787890625],[-85.11628906249999,74.28390625],[-85.13907226562499,74.2909765625],[-85.16499999999999,74.30000000000001],[-85.275,74.34],[-85.301171875,74.34902343750002],[-85.32468750000001,74.35609375000001],[-85.345546875,74.3612109375],[-85.36375000000001,74.36437500000001],[-85.43124999999999,74.37312500000002],[-85.45062499999999,74.37523437500002],[-85.475,74.37718750000002],[-85.50437499999998,74.37898437500002],[-85.53875,74.38062500000001],[-85.68625,74.38687500000002],[-85.725625,74.38835937500002],[-85.76999999999998,74.38968750000002],[-85.819375,74.39085937500002],[-85.87375,74.39187500000001],[-86.10125,74.39562500000001],[-86.160625,74.396484375],[-86.225,74.3971875],[-86.29437499999999,74.39773437500001],[-86.36874999999999,74.39812500000001],[-86.67625000000001,74.399375],[-86.78695312500001,74.3996484375],[-86.96531250000001,74.39984375],[-87.211328125,74.3999609375],[-87.525,74.4],[-88.91499999999999,74.4],[-89.22857421875,74.399990234375],[-89.474296875,74.3999609375],[-89.65216796874999,74.39991210937501],[-89.7621875,74.39984375],[-90.0665625,74.39953125],[-90.13996093749999,74.39943359374999],[-90.20796875,74.399296875],[-90.27058593749999,74.39912109375001],[-90.3278125,74.39890625000001],[-90.54593750000001,74.39796875],[-90.59777343750001,74.39771484375001],[-90.64421875,74.397421875],[-90.6852734375,74.39708984375],[-90.7209375,74.39671875],[-90.8528125,74.39515625],[-90.88308593749998,74.39474609375],[-90.90796875,74.39429687500001],[-90.9274609375,74.39380859375],[-90.94156249999999,74.39328125],[-90.98718749999999,74.39109375000001],[-90.99748046874998,74.390302734375],[-91.005546875,74.3890234375],[-91.01138671874999,74.387255859375],[-91.01499999999999,74.385],[-91.025,74.375],[-91.02727539062501,74.372744140625],[-91.02910156250002,74.3709765625],[-91.030478515625,74.369697265625],[-91.03140625,74.36890625000001],[-91.03421875000001,74.36671874999999],[-91.03494140625001,74.36619140625],[-91.035703125,74.365703125],[-91.03650390625,74.36525390624999],[-91.03734375,74.36484374999999],[-91.04078125,74.36328125],[-91.04166015625,74.36291015625],[-91.042578125,74.362578125],[-91.04353515625,74.36228515625],[-91.04453125,74.36203125],[-91.04859375000001,74.36109375],[-91.04962890625,74.36087890625001],[-91.050703125,74.360703125],[-91.05181640625,74.36056640625],[-91.05296875,74.36046875],[-91.05765625000001,74.36015624999999],[-91.059306640625,74.360087890625],[-91.06191406250001,74.3600390625],[-91.06547851562499,74.360009765625],[-91.07,74.36],[-91.08999999999999,74.36],[-91.09455078124999,74.3599609375],[-91.09820312499998,74.35984375],[-91.10095703124999,74.3596484375],[-91.10281249999998,74.359375],[-91.10843750000001,74.358125],[-91.1098828125,74.35773437499999],[-91.11140625,74.35718750000001],[-91.1130078125,74.35648437500001],[-91.1146875,74.355625],[-91.1215625,74.35187499999999],[-91.12332031249998,74.35085937499998],[-91.12515625,74.3496875],[-91.1270703125,74.348359375],[-91.1290625,74.346875],[-91.1371875,74.34062499999999],[-91.13925781249999,74.338984375],[-91.14140625,74.3371875],[-91.14363281249999,74.335234375],[-91.1459375,74.333125],[-91.15531250000001,74.32437499999999],[-91.15861328125001,74.3212109375],[-91.163828125,74.31609375],[-91.17095703125001,74.3090234375],[-91.18,74.3],[-91.22,74.26],[-91.23017578125001,74.25097656250001],[-91.24070312500001,74.24390625000001],[-91.25158203125001,74.23878906250002],[-91.26281250000001,74.23562500000001],[-91.30843750000001,74.226875],[-91.32207031250002,74.224765625],[-91.34015625,74.2228125],[-91.36269531250001,74.221015625],[-91.38968750000001,74.21937500000001],[-91.5065625,74.213125],[-91.53800781249998,74.21164062500002],[-91.57390625,74.2103125],[-91.6142578125,74.209140625],[-91.6590625,74.20812500000001],[-91.8471875,74.20437500000001],[-91.89644531250002,74.20351562500001],[-91.95015625,74.20281250000002],[-92.00832031250002,74.20226562500001],[-92.07093750000001,74.20187500000002],[-92.3303125,74.200625],[-92.42392578124999,74.2003515625],[-92.575078125,74.20015625],[-92.78376953124999,74.2000390625],[-93.05,74.2],[-94.22999999999999,74.2],[-94.49613281249998,74.1998828125],[-94.70453125,74.19953125],[-94.8551953125,74.1989453125],[-94.94812499999999,74.198125],[-95.204375,74.194375],[-95.266015625,74.19320312500001],[-95.3228125,74.19156249999999],[-95.37476562500001,74.189453125],[-95.421875,74.186875],[-95.600625,74.17562500000001],[-95.64289062499999,74.172578125],[-95.68031249999999,74.16906250000002],[-95.712890625,74.16507812500001],[-95.740625,74.16062500000001],[-95.841875,74.14187500000003],[-95.864765625,74.13695312500002],[-95.8828125,74.13156250000003],[-95.89601562499999,74.12570312500002],[-95.904375,74.11937500000002],[-95.928125,74.09312500000001],[-95.9314453125,74.08363281250001],[-95.92953125,74.06828125000001],[-95.92238281249999,74.04707031250001],[-95.91,74.02000000000001],[-95.85000000000001,73.9],[-95.83646484375001,73.872900390625],[-95.82585937500001,73.85160156250001],[-95.81818359375,73.83610351562501],[-95.8134375,73.82640625],[-95.8003125,73.79921875000001],[-95.7971484375,73.79259765625001],[-95.79421875,73.78632812500001],[-95.7915234375,73.78041015625],[-95.7890625,73.77484375],[-95.77968750000001,73.75328125000001],[-95.77746093750001,73.74806640625],[-95.77546875000002,73.74320312500001],[-95.77371093750001,73.73869140625001],[-95.77218750000002,73.73453125],[-95.76656250000002,73.71859375],[-95.76527343750001,73.71478515624999],[-95.76421875000001,73.711328125],[-95.76339843750002,73.70822265625],[-95.76281250000001,73.70546875],[-95.76093750000001,73.69515625],[-95.76052734375001,73.69196289062499],[-95.76023437500001,73.6875390625],[-95.76005859375002,73.681884765625],[-95.76,73.675],[-95.76,73.645],[-95.75996093750001,73.63814453125],[-95.75984375000002,73.632578125],[-95.7596484375,73.62830078124999],[-95.759375,73.62531249999999],[-95.758125,73.6159375],[-95.75773437500001,73.6134765625],[-95.75718750000001,73.61078125],[-95.75648437500001,73.6078515625],[-95.75562500000001,73.6046875],[-95.751875,73.5915625],[-95.750859375,73.5881640625],[-95.7496875,73.58453125],[-95.748359375,73.5806640625],[-95.746875,73.5765625],[-95.74062500000001,73.5596875],[-95.73898437500002,73.5553515625],[-95.7371875,73.55078125],[-95.735234375,73.5459765625],[-95.733125,73.5409375],[-95.724375,73.52031249999999],[-95.7205859375,73.51158203124999],[-95.71359375,73.49570312499999],[-95.7033984375,73.47267578124999],[-95.69,73.4425],[-95.63,73.3075],[-95.616875,73.2775],[-95.60749999999999,73.25500000000001],[-95.60187499999999,73.24000000000001],[-95.6,73.23250000000002],[-95.6,73.2175],[-95.600029296875,73.214130859375],[-95.60011718749999,73.2115234375],[-95.60026367187498,73.209677734375],[-95.60046874999999,73.20859375],[-95.60140625,73.20578125],[-95.60169921875,73.20505859375001],[-95.602109375,73.20429687500001],[-95.60263671875,73.20349609375],[-95.60328125000001,73.20265625],[-95.60609375,73.19921875000001],[-95.60685546875,73.19833984375],[-95.60773437499999,73.197421875],[-95.60873046875,73.19646484375001],[-95.60984375,73.19546875],[-95.61453125,73.19140625000001],[-95.61576171875001,73.19037109375002],[-95.617109375,73.18929687500001],[-95.61857421875,73.18818359375001],[-95.62015625,73.18703125000002],[-95.62671875,73.18234375],[-95.629091796875,73.180693359375],[-95.6329296875,73.1780859375],[-95.63823242187499,73.17452148437499],[-95.645,73.17],[-95.675,73.15],[-95.68176757812499,73.14544921875],[-95.6870703125,73.14179687500001],[-95.69090820312499,73.13904296875],[-95.69328125,73.13718750000001],[-95.69984375,73.1315625],[-95.70142578125,73.1301171875],[-95.70289062500001,73.12859375],[-95.70423828125,73.12699218750001],[-95.70546875,73.1253125],[-95.71015625000001,73.1184375],[-95.71126953125001,73.11667968750001],[-95.71226562500001,73.11484375],[-95.71314453125001,73.11292968750001],[-95.71390625000001,73.1109375],[-95.71671875000001,73.10281250000001],[-95.71736328125002,73.10074218750002],[-95.717890625,73.09859375],[-95.71830078125001,73.09636718750002],[-95.71859375,73.0940625],[-95.71953124999999,73.08468750000002],[-95.719736328125,73.08138671875001],[-95.7198828125,73.07617187500001],[-95.719970703125,73.06904296875001],[-95.72,73.06],[-95.72,73.02000000000001],[-95.71999023437499,73.01096679687501],[-95.71996093749999,73.0038671875],[-95.719912109375,72.998701171875],[-95.71984375,72.99546875],[-95.71953124999999,72.98640625],[-95.71943359375,72.98419921874999],[-95.71929687499998,72.98210937500001],[-95.71912109374999,72.98013671875],[-95.71890624999999,72.97828125000001],[-95.71796875,72.97109375],[-95.71771484374999,72.96935546875],[-95.71742187499999,72.96773437499999],[-95.71708984374999,72.96623046875],[-95.71671874999998,72.96484375],[-95.71515624999998,72.95953125],[-95.71474609374997,72.95826171875001],[-95.71429687499999,72.957109375],[-95.71380859374997,72.95607421875],[-95.71328124999998,72.95515625],[-95.71109375,72.95171875000001],[-95.710302734375,72.95065429687502],[-95.7090234375,72.9491796875],[-95.70725585937501,72.94729492187501],[-95.705,72.94500000000001],[-95.695,72.935],[-95.692744140625,72.93271484374999],[-95.6909765625,72.93085937500001],[-95.689697265625,72.92943359375],[-95.68890625,72.9284375],[-95.68671875,72.92531250000002],[-95.68619140624999,72.92449218750001],[-95.685703125,72.92359375000001],[-95.68525390625,72.92261718750001],[-95.68484375,72.92156250000001],[-95.68328125,72.91718750000001],[-95.68291015624999,72.91605468750001],[-95.68257812499999,72.91484375],[-95.68228515625,72.9135546875],[-95.68203125,72.9121875],[-95.68109375,72.9065625],[-95.68087890625,72.9051171875],[-95.680703125,72.90359375],[-95.68056640625,72.9019921875],[-95.68046875,72.9003125],[-95.68015624999998,72.8934375],[-95.68008789062499,72.89099609375],[-95.6800390625,72.887109375],[-95.68000976562499,72.88177734375],[-95.67999999999999,72.875],[-95.67999999999999,72.845],[-95.68000976562499,72.83822265625],[-95.68003906249999,72.832890625],[-95.68008789062497,72.82900390625],[-95.68015624999998,72.8265625],[-95.68046875,72.8196875],[-95.68056640625,72.8180078125],[-95.680703125,72.81640625],[-95.68087890625,72.81488281249999],[-95.68109375,72.81343749999999],[-95.68203125,72.80781250000001],[-95.68228515624999,72.80644531250002],[-95.68257812499999,72.80515625000001],[-95.68291015624999,72.8039453125],[-95.68328125,72.8028125],[-95.68484375,72.79843749999999],[-95.68525390625,72.79738281249999],[-95.68570312499999,72.79640624999999],[-95.68619140625,72.79550781249998],[-95.68671875,72.79468749999998],[-95.68890625,72.7915625],[-95.68969726562499,72.79056640625001],[-95.6909765625,72.78914062499999],[-95.692744140625,72.78728515625],[-95.695,72.785],[-95.705,72.775],[-95.707255859375,72.7725390625],[-95.70902343750001,72.77015625000001],[-95.710302734375,72.76785156250001],[-95.71109375,72.76562500000001],[-95.71328125,72.75687500000001],[-95.71380859375,72.75429687500001],[-95.714296875,72.75093750000002],[-95.71474609375001,72.74679687500003],[-95.71515625,72.74187500000002],[-95.71671875000001,72.72062500000001],[-95.71708984375,72.71492187500002],[-95.717421875,72.7084375],[-95.71771484375,72.701171875],[-95.71796875000001,72.69312500000001],[-95.71890625,72.65937500000001],[-95.71912109375,72.650546875],[-95.719296875,72.6409375],[-95.71943359375,72.63054687500002],[-95.71953124999999,72.61937500000002],[-95.71984375,72.573125],[-95.71991210937499,72.5564453125],[-95.71996093749999,72.52953125],[-95.71999023437499,72.49238281250001],[-95.72,72.44500000000001],[-95.72,72.235],[-95.720029296875,72.187626953125],[-95.7201171875,72.1505078125],[-95.72026367187499,72.123642578125],[-95.72046875,72.10703125],[-95.72140625,72.06109375],[-95.72169921874999,72.05001953125],[-95.722109375,72.039765625],[-95.72263671874998,72.03033203125],[-95.72328124999999,72.02171875],[-95.72609375,71.98890625],[-95.72685546875,71.98111328125],[-95.727734375,71.974140625],[-95.72873046875,71.96798828125],[-95.72984375,71.96265625],[-95.73453125,71.94296874999999],[-95.73576171875,71.93845703124998],[-95.737109375,71.93476562499998],[-95.73857421875,71.93189453125],[-95.74015625,71.92984374999999],[-95.74671875,71.92328125],[-95.749091796875,71.921845703125],[-95.7529296875,71.9208203125],[-95.758232421875,71.920205078125],[-95.765,71.92],[-95.795,71.92],[-95.801787109375,71.91998046875],[-95.8071484375,71.919921875],[-95.81108398437499,71.91982421875],[-95.81359375,71.9196875],[-95.82078125,71.91906250000001],[-95.82255859374999,71.91886718750001],[-95.82429687499999,71.91859375000001],[-95.82599609374999,71.9182421875],[-95.82765624999999,71.9178125],[-95.83421875,71.9159375],[-95.83583984375002,71.9154296875],[-95.837421875,71.91484374999999],[-95.83896484375,71.9141796875],[-95.84046875000001,71.91343749999999],[-95.84640625,71.9103125],[-95.84787109375,71.9094921875],[-95.849296875,71.90859375],[-95.85068359374999,71.90761718750001],[-95.85203125,71.9065625],[-95.85734375,71.9021875],[-95.859130859375,71.90060546875],[-95.8618359375,71.898046875],[-95.86545898437501,71.89451171875001],[-95.87,71.89],[-95.89000000000001,71.87],[-95.89453125000001,71.86548828125],[-95.89812500000002,71.861953125],[-95.90078125000001,71.85939453124999],[-95.9025,71.8578125],[-95.9075,71.8534375],[-95.90875,71.8523828125],[-95.91,71.85140625],[-95.91125000000001,71.85050781249998],[-95.91250000000001,71.84968749999999],[-95.91749999999999,71.8465625],[-95.91874999999999,71.84582031250001],[-95.92,71.84515625],[-95.92125,71.84457031250001],[-95.9225,71.8440625],[-95.92750000000001,71.8421875],[-95.92875000000001,71.84175781249999],[-95.93,71.84140625],[-95.93125,71.8411328125],[-95.9325,71.8409375],[-95.9375,71.84031250000001],[-95.93921875,71.84017578125],[-95.941875,71.840078125],[-95.94546875,71.84001953125001],[-95.95,71.84],[-95.97,71.84],[-95.97463867187501,71.83987304687501],[-95.97855468750001,71.8394921875],[-95.981748046875,71.83885742187499],[-95.98421875,71.83796875],[-95.99265625000001,71.83390625000001],[-95.99498046875001,71.83263671875002],[-95.99773437500002,71.83085937500002],[-96.00091796875,71.82857421875],[-96.00453125000001,71.82578125],[-96.01984375,71.81359375000001],[-96.02388671875,71.81029296875],[-96.02835937500001,71.806484375],[-96.03326171875,71.80216796875001],[-96.03859374999999,71.79734375000001],[-96.06078125000002,71.77703125],[-96.06654296875001,71.77169921874999],[-96.07273437500001,71.76585937499999],[-96.07935546875001,71.75951171874999],[-96.08640625000001,71.75265625],[-96.11546874999999,71.72421875],[-96.12588867187499,71.713935546875],[-96.1426171875,71.69730468750001],[-96.16565429687499,71.67432617187501],[-96.195,71.64500000000001],[-96.325,71.51499999999999],[-96.3544921875,71.48567382812499],[-96.37796875000001,71.46269531249999],[-96.39542968750001,71.44606445312499],[-96.40687500000001,71.43578124999999],[-96.44062500000001,71.40734374999998],[-96.44914062500001,71.40048828124998],[-96.45781250000002,71.39414062499998],[-96.46664062500001,71.38830078124997],[-96.47562500000001,71.38296874999997],[-96.511875,71.36265624999999],[-96.52101562500002,71.35783203124998],[-96.5303125,71.35351562499999],[-96.53976562500002,71.34970703124999],[-96.54937500000001,71.34640624999999],[-96.58812499999999,71.33421874999999],[-96.59789062499999,71.33142578124998],[-96.60781250000001,71.32914062499998],[-96.617890625,71.32736328124997],[-96.628125,71.32609374999998],[-96.669375,71.32203125],[-96.6837109375,71.32114257812499],[-96.70609375000001,71.3205078125],[-96.73652343750001,71.320126953125],[-96.775,71.32],[-96.94500000000001,71.32],[-96.98345703125001,71.31989257812498],[-97.013828125,71.31957031249999],[-97.03611328125001,71.31903320312499],[-97.0503125,71.31828124999998],[-97.0909375,71.31484375],[-97.10097656250001,71.31376953124999],[-97.11078124999999,71.31226562499998],[-97.1203515625,71.31033203124998],[-97.1296875,71.30796874999999],[-97.1665625,71.29765624999999],[-97.1756640625,71.29486328124999],[-97.18453124999999,71.29164062499999],[-97.19316406249999,71.28798828125],[-97.2015625,71.28390624999999],[-97.23468749999999,71.26671875],[-97.2428515625,71.26220703125],[-97.25078125,71.25726562499999],[-97.2584765625,71.25189453124999],[-97.26593749999999,71.24609374999999],[-97.2953125,71.22203125],[-97.30517578125,71.213330078125],[-97.32007812500001,71.19925781250001],[-97.34001953125001,71.179814453125],[-97.36500000000001,71.155],[-97.47500000000001,71.04499999999999],[-97.49984375000001,71.02018554687498],[-97.51937500000001,71.0007421875],[-97.53359375000002,70.98666992187499],[-97.54250000000002,70.97796875],[-97.5675,70.95390625],[-97.57359375,70.94810546875],[-97.579375,70.942734375],[-97.58484375,70.93779296875002],[-97.59,70.93328125000001],[-97.61000000000001,70.91609375],[-97.61484375,70.91201171875],[-97.619375,70.908359375],[-97.62359375,70.90513671875],[-97.6275,70.90234375],[-97.64250000000001,70.89203125],[-97.64609375000002,70.88966796874999],[-97.649375,70.88773437500001],[-97.65234375000001,70.88623046875],[-97.65500000000002,70.88515625],[-97.66499999999999,70.88171875],[-97.66812499999999,70.88096679687501],[-97.6725,70.8804296875],[-97.678125,70.880107421875],[-97.685,70.88],[-97.715,70.88],[-97.7219140625,70.87985351562499],[-97.72765625,70.87941406249999],[-97.7322265625,70.87868164062499],[-97.735625,70.87765625],[-97.74687500000002,70.87296874999998],[-97.74992187500001,70.87150390624998],[-97.75343750000002,70.86945312499999],[-97.75742187500002,70.86681640625],[-97.76187500000002,70.86359374999999],[-97.780625,70.84953125],[-97.785546875,70.84572265625],[-97.79093750000001,70.84132812499999],[-97.796796875,70.83634765625],[-97.803125,70.83078125],[-97.82937500000001,70.80734375],[-97.83617187500002,70.80119140625],[-97.84343750000001,70.794453125],[-97.851171875,70.78712890625],[-97.85937500000001,70.77921875],[-97.893125,70.74640624999999],[-97.9051953125,70.73454101562498],[-97.92453125,70.71535156249999],[-97.9511328125,70.688837890625],[-97.985,70.655],[-98.135,70.505],[-98.16899414062499,70.471162109375],[-98.1959765625,70.4446484375],[-98.215947265625,70.42545898437501],[-98.22890625,70.41359375],[-98.26671875,70.38078125000001],[-98.27619140624999,70.37287109375002],[-98.285703125,70.365546875],[-98.29525390625,70.35880859375001],[-98.30484375,70.35265625000001],[-98.34328124999999,70.32921875],[-98.35291015624999,70.32365234374998],[-98.362578125,70.31867187499999],[-98.37228515625,70.31427734375],[-98.38203125,70.31046875],[-98.42109375,70.29640625],[-98.43087890625,70.29318359375],[-98.440703125,70.29054687500002],[-98.45056640624999,70.28849609375001],[-98.46046874999999,70.28703125000001],[-98.50015625,70.28234375],[-98.513837890625,70.28131835937499],[-98.5350390625,70.2805859375],[-98.56375976562501,70.280146484375],[-98.6,70.28],[-98.75999999999999,70.28],[-98.796123046875,70.279970703125],[-98.8244921875,70.2798828125],[-98.845107421875,70.27973632812501],[-98.85796875,70.27953125],[-98.89390624999999,70.27859375],[-98.90263671874999,70.27830078125001],[-98.910859375,70.277890625],[-98.91857421875,70.27736328125002],[-98.92578125,70.27671875000001],[-98.95359375000001,70.27390625000001],[-98.96029296875001,70.27314453125001],[-98.96648437500002,70.27226562500002],[-98.97216796875001,70.27126953125001],[-98.97734375000002,70.27015625000001],[-98.99703124999999,70.26546875],[-99.00169921874999,70.26423828125],[-99.005859375,70.262890625],[-99.00951171874999,70.26142578125],[-99.01265624999999,70.25984375],[-99.02421875000002,70.25328125],[-99.02768554687502,70.250908203125],[-99.0323046875,70.2470703125],[-99.03807617187502,70.241767578125],[-99.04500000000002,70.235],[-99.07499999999999,70.205],[-99.081796875,70.198232421875],[-99.0871875,70.1929296875],[-99.091171875,70.18909179687499],[-99.09375,70.18671875],[-99.10125000000002,70.18015625000001],[-99.10312500000002,70.17857421875],[-99.10500000000002,70.17710937500001],[-99.10687500000002,70.17576171875001],[-99.10875000000001,70.17453125],[-99.11625000000001,70.16984375],[-99.118125,70.16873046875],[-99.12,70.16773437499998],[-99.121875,70.16685546874999],[-99.12375,70.16609374999999],[-99.13125000000001,70.16328124999998],[-99.133125,70.16263671875],[-99.135,70.162109375],[-99.13687500000002,70.16169921874999],[-99.13875000000002,70.16140625],[-99.14625000000001,70.16046874999999],[-99.14882812500001,70.160263671875],[-99.15281250000001,70.16011718749999],[-99.158203125,70.160029296875],[-99.165,70.16],[-99.195,70.16],[-99.20195312499999,70.159814453125],[-99.2078125,70.15925781249999],[-99.212578125,70.158330078125],[-99.21625,70.15703124999999],[-99.22874999999999,70.15109375],[-99.2321875,70.14923828125],[-99.23625000000001,70.146640625],[-99.2409375,70.14330078124999],[-99.24625,70.13921875],[-99.26875000000001,70.12140624999999],[-99.27468750000001,70.11658203124999],[-99.28125,70.111015625],[-99.28843750000001,70.10470703125],[-99.29625000000001,70.09765625],[-99.32874999999999,70.06796874999999],[-99.3371875,70.06017578125],[-99.34624999999998,70.05164062499999],[-99.3559375,70.04236328124999],[-99.36625,70.03234375],[-99.40875,69.99078125],[-99.423984375,69.975751953125],[-99.44843749999998,69.9514453125],[-99.482109375,69.917861328125],[-99.52499999999999,69.875],[-99.715,69.685],[-99.75785156250001,69.64212890625],[-99.79140625000001,69.608515625],[-99.8156640625,69.58416015625],[-99.830625,69.5690625],[-99.871875,69.5271875],[-99.881796875,69.5170703125],[-99.8909375,69.50765625],[-99.899296875,69.4989453125],[-99.906875,69.4909375],[-99.935625,69.46031250000001],[-99.94242187500001,69.45300781250002],[-99.9484375,69.44640625000001],[-99.953671875,69.44050781250002],[-99.958125,69.43531250000001],[-99.974375,69.4159375],[-99.97804687499999,69.4114453125],[-99.9809375,69.40765625],[-99.983046875,69.4045703125],[-99.984375,69.4021875],[-99.988125,69.3940625],[-99.98863281249999,69.39197265625],[-99.98828125,69.389765625],[-99.98707031249998,69.38744140625],[-99.98499999999999,69.385],[-99.975,69.375],[-99.97274414062498,69.372646484375],[-99.97097656249998,69.37058593750001],[-99.969697265625,69.36881835937501],[-99.96890624999999,69.36734375],[-99.96671875000001,69.36203125],[-99.96619140625,69.36052734375],[-99.965703125,69.358671875],[-99.96525390625001,69.35646484374999],[-99.96484375,69.35390625],[-99.96328125,69.34296875000001],[-99.96291015624999,69.34005859375],[-99.962578125,69.336796875],[-99.96228515625,69.33318359375],[-99.96203125,69.32921875],[-99.96109374999999,69.31265625],[-99.96087890625,69.30833984375],[-99.96070312499998,69.30367187499999],[-99.96056640625,69.29865234374999],[-99.96046874999999,69.29328124999999],[-99.96015625,69.27109374999999],[-99.960087890625,69.263115234375],[-99.96003906249999,69.25027343749998],[-99.96000976562499,69.232568359375],[-99.96,69.21],[-99.96,69.11],[-99.96004882812501,69.08739257812499],[-99.96019531249999,69.0695703125],[-99.96043945312499,69.056533203125],[-99.96078125,69.04828125],[-99.96234375,69.02484375],[-99.96283203125,69.01908203125001],[-99.96351562500001,69.013515625],[-99.96439453125001,69.00814453125001],[-99.96546875000001,69.00296875000001],[-99.97015625,68.98265625],[-99.97142578125,68.97767578125001],[-99.97289062499999,68.97289062500002],[-99.97455078125,68.96830078125001],[-99.97640625,68.96390625000001],[-99.98421875,68.94671875000002],[-99.98626953125,68.94251953125001],[-99.988515625,68.93851562500001],[-99.99095703124999,68.93470703125001],[-99.99359375,68.93109375000002],[-100.00453124999999,68.91703125000001],[-100.00848632812499,68.91239257812501],[-100.01488281249999,68.9055078125],[-100.023720703125,68.89637695312501],[-100.035,68.885],[-100.085,68.83500000000001],[-100.096298828125,68.823720703125],[-100.1051953125,68.8148828125],[-100.111689453125,68.808486328125],[-100.11578125,68.80453125],[-100.12734375000001,68.79359375],[-100.13017578125,68.79095703125],[-100.13289062500002,68.788515625],[-100.13548828125,68.78626953125001],[-100.13796875,68.78421875000001],[-100.14765625,68.77640625000001],[-100.15001953124998,68.77455078125001],[-100.15226562500001,68.772890625],[-100.15439453125,68.77142578125],[-100.15640625,68.77015625000001],[-100.16421875,68.76546875],[-100.16611328124999,68.76439453124999],[-100.167890625,68.763515625],[-100.16955078125,68.76283203125],[-100.17109375,68.76234375],[-100.17703125,68.76078125000001],[-100.178955078125,68.76043945312502],[-100.18175781250001,68.7601953125],[-100.18543945312501,68.76004882812501],[-100.19,68.76],[-100.21,68.76],[-100.214541015625,68.759970703125],[-100.2181640625,68.75988281250001],[-100.220869140625,68.759736328125],[-100.22265625,68.75953125000001],[-100.22796875,68.75859375],[-100.22931640624999,68.75830078125],[-100.230703125,68.757890625],[-100.23212890624998,68.75736328125001],[-100.23359375,68.75671875],[-100.23953125,68.75390625000001],[-100.24103515624999,68.75314453125002],[-100.242578125,68.75226562500002],[-100.24416015624999,68.75126953125002],[-100.24578125,68.75015625000002],[-100.25234375,68.74546875],[-100.25400390624999,68.74423828125],[-100.255703125,68.742890625],[-100.25744140625,68.74142578125],[-100.25921874999999,68.73984375],[-100.26640625,68.73328125],[-100.26891601562501,68.730908203125],[-100.2728515625,68.7270703125],[-100.278212890625,68.721767578125],[-100.285,68.715],[-100.315,68.685],[-100.321982421875,68.678232421875],[-100.3279296875,68.6729296875],[-100.33284179687502,68.669091796875],[-100.33671875,68.66671875],[-100.35015625,68.66015625],[-100.35388671875,68.65857421874999],[-100.35835937499999,68.657109375],[-100.36357421874999,68.65576171875],[-100.36953125,68.65453124999999],[-100.39484374999999,68.64984375],[-100.40154296875,68.64873046875],[-100.408984375,68.647734375],[-100.41716796875,68.64685546875],[-100.42609374999999,68.64609375],[-100.46328125,68.64328125],[-100.47294921875,68.64263671875],[-100.483359375,68.642109375],[-100.49451171875,68.64169921875],[-100.50640625,68.64140625],[-100.55546875,68.64046875],[-100.57307617187502,68.640263671875],[-100.6013671875,68.6401171875],[-100.640341796875,68.640029296875],[-100.69,68.64],[-100.91,68.64],[-100.9596484375,68.63998046875],[-100.99859375,68.639921875],[-101.0268359375,68.63982421875001],[-101.044375,68.63968750000001],[-101.09312499999999,68.6390625],[-101.10492187499997,68.63886718749998],[-101.1159375,68.63859374999998],[-101.12617187499998,68.6382421875],[-101.13562499999999,68.6378125],[-101.171875,68.63593750000001],[-101.18054687499999,68.63542968750002],[-101.18843749999999,68.63484375000002],[-101.19554687499999,68.63417968750001],[-101.201875,68.63343750000001],[-101.225625,68.6303125],[-101.231171875,68.6294921875],[-101.23593749999998,68.62859375],[-101.239921875,68.6276171875],[-101.24312499999999,68.6265625],[-101.25437499999998,68.6221875],[-101.25746093749999,68.62060546874999],[-101.26109374999999,68.618046875],[-101.26527343749999,68.61451171875001],[-101.27,68.61],[-101.28999999999999,68.59],[-101.29499023437499,68.58548828125],[-101.2999609375,68.581953125],[-101.304912109375,68.57939453124999],[-101.30984375,68.5778125],[-101.32953124999999,68.5734375],[-101.33537109374997,68.5723828125],[-101.343046875,68.57140625],[-101.35255859374999,68.57050781249998],[-101.36390624999999,68.56968749999999],[-101.41296875,68.5665625],[-101.42615234374999,68.56582031250001],[-101.44117187500001,68.56515625],[-101.45802734375,68.5645703125],[-101.47671875,68.5640625],[-101.55515624999998,68.5621875],[-101.57568359374999,68.56175781249999],[-101.59804687499998,68.56140625],[-101.62224609374998,68.5611328125],[-101.64828124999998,68.5609375],[-101.75609374999999,68.56031250000001],[-101.79499023437499,68.56017578125],[-101.8577734375,68.560078125],[-101.94444335937501,68.56001953124999],[-102.055,68.56],[-102.545,68.56],[-102.65558593749999,68.560048828125],[-102.74234375,68.5601953125],[-102.8052734375,68.560439453125],[-102.844375,68.56078125],[-102.953125,68.56234375],[-102.979453125,68.56283203125],[-103.0040625,68.563515625],[-103.026953125,68.56439453125],[-103.048125,68.56546875],[-103.12937500000001,68.57015625000001],[-103.14882812500002,68.57142578125],[-103.1665625,68.572890625],[-103.182578125,68.57455078125001],[-103.196875,68.57640625],[-103.250625,68.58421875],[-103.263203125,68.58626953125001],[-103.27406250000001,68.58851562500001],[-103.283203125,68.59095703125001],[-103.290625,68.59359375000001],[-103.31687500000001,68.60453125],[-103.3241796875,68.608486328125],[-103.33296875000002,68.6148828125],[-103.34324218750001,68.62372070312499],[-103.355,68.63499999999999],[-103.405,68.685],[-103.41646484374999,68.69627929687499],[-103.425859375,68.70511718750001],[-103.43318359375,68.71151367187501],[-103.4384375,68.71546875000001],[-103.4553125,68.72640625000003],[-103.4598046875,68.72904296875002],[-103.46484375,68.73148437500002],[-103.4704296875,68.73373046875003],[-103.4765625,68.73578125000002],[-103.5021875,68.74359375],[-103.5088671875,68.74544921875001],[-103.51609375000001,68.74710937500001],[-103.5238671875,68.74857421875],[-103.5321875,68.74984375],[-103.56656249999999,68.75453125000001],[-103.5754296875,68.75560546875002],[-103.58484375,68.75648437500001],[-103.59480468749999,68.75716796875001],[-103.6053125,68.75765625000001],[-103.6484375,68.75921875],[-103.66380859375,68.759560546875],[-103.688359375,68.75980468750001],[-103.72208984375,68.759951171875],[-103.765,68.76],[-103.955,68.76],[-103.997880859375,68.76001953125001],[-104.0315234375,68.760078125],[-104.05592773437499,68.76017578125001],[-104.07109374999999,68.76031250000001],[-104.11328125,68.7609375],[-104.12349609375,68.7611328125],[-104.13304687499999,68.76140625],[-104.14193359375,68.76175781250001],[-104.15015625,68.76218750000001],[-104.18171874999999,68.76406250000001],[-104.18927734374998,68.76457031250001],[-104.19617187499998,68.76515625000002],[-104.20240234374998,68.76582031250001],[-104.20796874999999,68.76656250000002],[-104.22890625,68.7696875],[-104.23380859374998,68.7705078125],[-104.23804687500001,68.77140625000001],[-104.24162109375,68.77238281250001],[-104.24453125,68.7734375],[-104.25484374999999,68.77781250000001],[-104.25772460937499,68.77939453125],[-104.26121093749998,68.781953125],[-104.26530273437498,68.78548828125],[-104.27,68.79],[-104.28999999999999,68.81],[-104.2946875,68.81451171875],[-104.29875,68.81804687500001],[-104.30218749999999,68.82060546875002],[-104.30499999999999,68.82218750000001],[-104.315,68.8265625],[-104.3178125,68.8276171875],[-104.32124999999999,68.82859375],[-104.3253125,68.8294921875],[-104.33,68.83031249999999],[-104.35,68.8334375],[-104.3553125,68.8341796875],[-104.36125,68.83484375],[-104.3678125,68.83542968750001],[-104.375,68.8359375],[-104.405,68.83781250000001],[-104.4128125,68.8382421875],[-104.42125,68.83859375],[-104.4303125,68.8388671875],[-104.44,68.83906250000001],[-104.47999999999999,68.8396875],[-104.49437499999999,68.83982421875],[-104.51750000000001,68.839921875],[-104.549375,68.83998046875001],[-104.59,68.84],[-104.77,68.84],[-104.81061523437499,68.84000976562501],[-104.8424609375,68.84003906250001],[-104.865537109375,68.840087890625],[-104.87984374999999,68.84015625],[-104.91953125,68.84046875000001],[-104.92912109375,68.84056640625],[-104.938046875,68.840703125],[-104.94630859375,68.84087890625],[-104.95390625,68.84109375],[-104.98296875,68.84203125],[-104.98990234375,68.84228515625],[-104.996171875,68.842578125],[-105.00177734375,68.84291015625],[-105.00671875,68.84328125],[-105.02515625,68.84484375],[-105.02943359375,68.84525390625001],[-105.033046875,68.845703125],[-105.03599609374999,68.84619140625],[-105.03828125,68.84671875000001],[-105.04609375,68.84890625],[-105.048115234375,68.849697265625],[-105.0502734375,68.8509765625],[-105.05256835937499,68.85274414062499],[-105.05499999999999,68.85499999999999],[-105.065,68.86500000000001],[-105.06730468750001,68.867265625],[-105.06921874999999,68.86906250000001],[-105.07074218749999,68.870390625],[-105.07187499999999,68.87125],[-105.07562499999999,68.87375000000002],[-105.07664062499998,68.87437500000001],[-105.0778125,68.87500000000001],[-105.079140625,68.87562500000001],[-105.080625,68.87625000000001],[-105.08687499999999,68.87875],[-105.08851562499999,68.87937499999998],[-105.09031250000001,68.88],[-105.09226562499998,68.880625],[-105.09437499999999,68.88125],[-105.103125,68.88374999999999],[-105.105390625,68.88437499999999],[-105.1078125,68.88499999999999],[-105.110390625,68.88562499999999],[-105.113125,68.88624999999999],[-105.12437499999999,68.88875],[-105.1283984375,68.88960937499999],[-105.13484374999999,68.8909375],[-105.1437109375,68.892734375],[-105.155,68.89500000000001],[-105.205,68.905],[-105.216279296875,68.907275390625],[-105.2251171875,68.9091015625],[-105.231513671875,68.910478515625],[-105.23546875,68.91140625],[-105.24640625,68.91421875],[-105.24904296875,68.91494140625001],[-105.25148437500002,68.91570312500001],[-105.25373046875,68.91650390625],[-105.25578125000001,68.91734375],[-105.26359375,68.92078125],[-105.26544921875,68.92166015625],[-105.267109375,68.922578125],[-105.26857421875002,68.92353515625],[-105.26984375,68.92453125],[-105.27453125,68.92859374999999],[-105.27560546875,68.92962890625],[-105.27648437500001,68.930703125],[-105.27716796875,68.93181640625],[-105.27765625,68.93296874999999],[-105.27921875000001,68.93765625],[-105.279560546875,68.939306640625],[-105.27980468749999,68.9419140625],[-105.27995117187501,68.94547851562501],[-105.28,68.95],[-105.28,68.97],[-105.279951171875,68.974521484375],[-105.27980468750002,68.9780859375],[-105.27956054687502,68.98069335937501],[-105.27921875000001,68.98234375],[-105.27765625,68.98703125000002],[-105.27716796875,68.98818359375001],[-105.276484375,68.98929687500001],[-105.27560546875,68.99037109375001],[-105.27453125,68.99140625000001],[-105.26984375,68.99546875],[-105.26857421875,68.99646484374999],[-105.26710937500002,68.997421875],[-105.26544921875,68.99833984374999],[-105.26359375000001,68.99921875],[-105.25578125000001,69.00265625],[-105.25373046875002,69.00349609374999],[-105.251484375,69.004296875],[-105.24904296875002,69.00505859375],[-105.24640625,69.00578125],[-105.23546875,69.00859374999999],[-105.23151367187499,69.009521484375],[-105.2251171875,69.01089843749999],[-105.216279296875,69.01272460937498],[-105.205,69.01499999999999],[-105.155,69.025],[-105.1437109375,69.027265625],[-105.13484374999999,69.02906250000001],[-105.1283984375,69.030390625],[-105.124375,69.03125],[-105.113125,69.03375],[-105.11039062500001,69.03437500000001],[-105.1078125,69.035],[-105.10539062499998,69.035625],[-105.10312499999999,69.03625],[-105.094375,69.03875],[-105.092265625,69.03937499999999],[-105.09031249999998,69.03999999999999],[-105.08851562499999,69.04062499999999],[-105.08687499999999,69.04124999999999],[-105.08062499999998,69.04374999999999],[-105.07914062499998,69.044375],[-105.0778125,69.04499999999999],[-105.07664062499998,69.04562499999999],[-105.07562499999999,69.04624999999999],[-105.07187499999999,69.04874999999998],[-105.0705859375,69.04976562499998],[-105.06859374999999,69.05156249999999],[-105.0658984375,69.05414062499999],[-105.0625,69.05749999999999],[-105.03999999999999,69.08]]}},{"type":"Feature","properties":{"id":"western-resupply","name":"Tuktoyaktuk \u2192 western Arctic resupply","category":"used","status":"Used logistics corridor \u00b7 seasonal","summary":"MTS supplies Western Arctic communities with deck cargo and petroleum. The coastal sketch connects Tuktoyaktuk, Paulatuk and Kugluktuk; it omits individual delivery calls.","cargo":"Deck cargo and bulk fuel.","season":"Annual scheduled service; consult the current sailing schedule.","waypoints":["Tuktoyaktuk","Amundsen Gulf","Paulatuk","Dolphin and Union Strait","Kugluktuk"],"constraints":["Weather, ice and unloading access.","Do not infer a current MTS Cambridge Bay service from this line."],"sources":[{"title":"GNWT Marine Transportation Services","url":"https://www.inf.gov.nt.ca/en/MTS"},{"title":"MTS 2026 sailing schedule","url":"https://www.inf.gov.nt.ca/en/MTS/schedule-and-cargo-dates"}],"geometry_method":"Hand-placed schematic waypoints; not AIS tracks, official corridor boundaries or a navigational chart. Sea segments follow an approximate land mask, with rounded display corners where the coast allows; no depth or ice routing is performed."},"geometry":{"type":"LineString","coordinates":[[-133.07999999999998,69.44],[-133.07999999999998,69.485],[-133.07997070312499,69.49173828125001],[-133.0798828125,69.496953125],[-133.079736328125,69.50064453125],[-133.07953125,69.5028125],[-133.07859374999998,69.50843749999999],[-133.07830078125,69.5098828125],[-133.077890625,69.51140625],[-133.07736328125,69.51300781249999],[-133.07671875,69.5146875],[-133.07390625,69.5215625],[-133.07314453125,69.5233203125],[-133.072265625,69.52515625000001],[-133.07126953124998,69.5270703125],[-133.07015625,69.52906250000001],[-133.06546874999998,69.53718749999999],[-133.06423828124997,69.53925781249998],[-133.06289062499997,69.54140625],[-133.06142578124997,69.5436328125],[-133.05984374999997,69.5459375],[-133.05328125,69.5553125],[-133.050908203125,69.55861328124999],[-133.04707031249998,69.563828125],[-133.04176757812502,69.57095703125],[-133.035,69.58],[-133.005,69.62],[-132.9981640625,69.62902343750001],[-132.99265625,69.63609375],[-132.9884765625,69.6412109375],[-132.985625,69.64437500000001],[-132.976875,69.653125],[-132.974609375,69.655234375],[-132.97218750000002,69.65718750000002],[-132.969609375,69.658984375],[-132.96687500000002,69.66062500000001],[-132.955625,69.666875],[-132.95273437499998,69.668359375],[-132.94968749999998,69.66968750000001],[-132.94648437499998,69.67085937499999],[-132.94312499999998,69.671875],[-132.929375,69.67562500000001],[-132.925859375,69.676484375],[-132.92218749999998,69.67718750000002],[-132.91835937499997,69.67773437500001],[-132.91437499999998,69.67812500000001],[-132.898125,69.67937500000001],[-132.8923828125,69.6796484375],[-132.88328124999998,69.67984375],[-132.87082031249997,69.67996093750001],[-132.855,69.68],[-132.785,69.68],[-132.769189453125,69.68001953125003],[-132.75675781249998,69.68007812500001],[-132.747705078125,69.68017578125001],[-132.74203125,69.68031250000001],[-132.72609375,69.68093750000001],[-132.72220703124998,69.68113281250001],[-132.718515625,69.68140625000001],[-132.71501953125,69.68175781250002],[-132.71171875,69.68218750000001],[-132.69890625,69.68406250000001],[-132.69580078125,69.6845703125],[-132.692890625,69.68515625],[-132.69017578125,69.6858203125],[-132.68765625,69.68656250000001],[-132.67796875,69.6896875],[-132.67564453125,69.69050781250002],[-132.673515625,69.69140625000001],[-132.67158203124998,69.6923828125],[-132.66984374999998,69.6934375],[-132.66328125,69.69781250000001],[-132.661220703125,69.69939453125002],[-132.6583203125,69.70195312500002],[-132.654580078125,69.70548828125001],[-132.65,69.71000000000001],[-132.63,69.73],[-132.625458984375,69.73451171875001],[-132.6218359375,69.73804687500001],[-132.619130859375,69.74060546875],[-132.61734375,69.74218750000001],[-132.61203125,69.74656250000001],[-132.61068359375,69.74761718750001],[-132.60929687499998,69.74859375000001],[-132.60787109375,69.74949218750001],[-132.60640625,69.7503125],[-132.60046875,69.75343750000002],[-132.59896484375,69.75417968750003],[-132.597421875,69.75484375000002],[-132.59583984375,69.75542968750003],[-132.59421875,69.75593750000002],[-132.58765624999998,69.7578125],[-132.58599609375,69.7582421875],[-132.58429687499998,69.75859375],[-132.58255859374998,69.7588671875],[-132.58078124999997,69.7590625],[-132.57359375,69.75968750000001],[-132.57108398437498,69.75982421875001],[-132.5671484375,69.759921875],[-132.56178710937502,69.75998046875],[-132.555,69.76],[-132.52499999999998,69.76],[-132.51822265624997,69.760009765625],[-132.51289062499998,69.76003906250001],[-132.50900390624997,69.76008789062502],[-132.50656249999997,69.76015625000001],[-132.4996875,69.76046875],[-132.49800781249996,69.76056640625],[-132.49640624999998,69.760703125],[-132.49488281249998,69.76087890625001],[-132.49343749999997,69.76109375000001],[-132.48781249999996,69.76203125],[-132.48644531249997,69.76228515625002],[-132.48515625,69.762578125],[-132.48394531249997,69.76291015625],[-132.48281249999997,69.76328125],[-132.47843749999998,69.76484375000001],[-132.4773828125,69.76525390625],[-132.47640625,69.765703125],[-132.47550781249998,69.76619140625],[-132.4746875,69.76671875],[-132.47156249999998,69.76890625000001],[-132.47056640625,69.76969726562501],[-132.46914062499997,69.77097656250001],[-132.46728515624997,69.77274414062501],[-132.46499999999997,69.775],[-132.45499999999998,69.785],[-132.45266601562497,69.787255859375],[-132.45066406249998,69.78902343749999],[-132.448994140625,69.79030273437499],[-132.44765625,69.79109374999999],[-132.44296875,69.79328124999998],[-132.44166015625,69.79380859374997],[-132.440078125,69.79429687499999],[-132.43822265625,69.79474609374998],[-132.43609375,69.79515624999999],[-132.42703125000003,69.79671875],[-132.42462890625,69.79708984375],[-132.42195312500002,69.797421875],[-132.41900390625,69.79771484374999],[-132.41578125,69.79796875],[-132.40234375,69.79890625],[-132.39884765624998,69.79912109375],[-132.395078125,69.79929687500001],[-132.39103515624998,69.79943359375],[-132.38671875,69.79953125],[-132.36890625,69.79984375],[-132.36250976562502,69.799912109375],[-132.3522265625,69.7999609375],[-132.33805664062498,69.79999023437499],[-132.32,69.8],[-132.24,69.8],[-132.2216796875,69.80009765625],[-132.20671875,69.80039062499999],[-132.1951171875,69.80087890624999],[-132.186875,69.80156249999999],[-132.16062499999998,69.8046875],[-132.153671875,69.8056640625],[-132.1459375,69.80703125],[-132.137421875,69.8087890625],[-132.128125,69.8109375],[-132.089375,69.8203125],[-132.07929687499998,69.82285156249999],[-132.06843750000002,69.82578124999999],[-132.056796875,69.8291015625],[-132.044375,69.83281249999999],[-131.99312500000002,69.84843749999999],[-131.979921875,69.8525390625],[-131.9659375,69.85703124999999],[-131.951171875,69.86191406249999],[-131.93562500000002,69.86718749999999],[-131.871875,69.8890625],[-131.8491796875,69.89697265625],[-131.81296874999998,69.90976562499999],[-131.7632421875,69.92744140625001],[-131.7,69.95],[-131.42000000000002,70.05],[-131.35674804687503,70.07255859375],[-131.30699218750001,70.090234375],[-131.270732421875,70.10302734375],[-131.24796875,70.1109375],[-131.18390624999998,70.13281250000001],[-131.16826171875,70.13808593750001],[-131.15335937499998,70.14296875000001],[-131.13919921874998,70.1474609375],[-131.12578125,70.15156250000001],[-131.07359375,70.1671875],[-131.06091796874998,70.1708984375],[-131.04898437499997,70.17421875],[-131.03779296874998,70.1771484375],[-131.02734375,70.1796875],[-130.98703125,70.1890625],[-130.97732421875,70.1912109375],[-130.968359375,70.19296875],[-130.96013671875002,70.1943359375],[-130.95265625000002,70.1953125],[-130.92421875000002,70.19843750000001],[-130.91518554687502,70.19912109375001],[-130.90230468750002,70.19960937500001],[-130.88557617187502,70.19990234375001],[-130.865,70.2],[-130.77499999999998,70.2],[-130.7546875,70.200009765625],[-130.73874999999998,70.20003906250001],[-130.72718749999999,70.200087890625],[-130.71999999999997,70.20015625],[-130.7,70.20046875],[-130.69515625,70.20056640625],[-130.690625,70.200703125],[-130.68640625,70.20087890625001],[-130.6825,70.20109375000001],[-130.66750000000002,70.20203125],[-130.66390625000003,70.20228515625],[-130.660625,70.20257812500002],[-130.65765625,70.20291015625001],[-130.655,70.20328125000002],[-130.64499999999998,70.20484375000001],[-130.64265625,70.20525390625001],[-130.640625,70.20570312500001],[-130.63890625,70.20619140625001],[-130.6375,70.20671875000002],[-130.6325,70.20890625000001],[-130.63109375,70.20969726562501],[-130.62937499999998,70.21097656250001],[-130.62734375,70.212744140625],[-130.625,70.215],[-130.61499999999998,70.225],[-130.61254882812497,70.22725585937499],[-130.61019531249997,70.2290234375],[-130.60793945312497,70.230302734375],[-130.60578124999998,70.23109375],[-130.59734375,70.23328125000002],[-130.59486328124999,70.23380859375003],[-130.591640625,70.23429687500001],[-130.58767578124997,70.23474609375002],[-130.58296875,70.23515625000002],[-130.56265624999997,70.23671875000001],[-130.55720703124996,70.23708984375001],[-130.551015625,70.23742187500001],[-130.54408203124996,70.23771484375001],[-130.53640624999997,70.23796875000001],[-130.50421875,70.23890625000001],[-130.49580078125,70.23912109375001],[-130.486640625,70.23929687500001],[-130.47673828125,70.23943359375002],[-130.46609375,70.23953125000001],[-130.42203124999997,70.23984375],[-130.40614257812499,70.239912109375],[-130.38050781249999,70.2399609375],[-130.34512695312497,70.239990234375],[-130.29999999999998,70.24000000000001],[-130.1,70.24000000000001],[-130.054873046875,70.240009765625],[-130.01949218750002,70.24003906250002],[-129.993857421875,70.240087890625],[-129.97796875,70.24015625000001],[-129.93390625,70.24046875],[-129.92326171875,70.24056640625],[-129.91335937500003,70.24070312500001],[-129.90419921875002,70.24087890625],[-129.89578125000003,70.24109375],[-129.86359375,70.24203125000001],[-129.85591796875002,70.24228515625],[-129.84898437500001,70.24257812500001],[-129.84279296875002,70.24291015625],[-129.83734375000003,70.24328125000001],[-129.81703125,70.24484375],[-129.81232421875004,70.24525390625],[-129.808359375,70.245703125],[-129.80513671875002,70.24619140625],[-129.80265625000004,70.24671875],[-129.79421875000003,70.24890625],[-129.792060546875,70.249697265625],[-129.7898046875,70.2509765625],[-129.78745117187503,70.252744140625],[-129.78500000000003,70.255],[-129.77499999999998,70.26500000000001],[-129.772421875,70.26725585937501],[-129.76968749999997,70.26902343750001],[-129.76679687499998,70.27030273437501],[-129.76375,70.27109375],[-129.75124999999997,70.27328125],[-129.74749999999997,70.27380859374999],[-129.74249999999998,70.274296875],[-129.73624999999998,70.27474609375],[-129.72875,70.27515625000001],[-129.69625,70.27671875],[-129.6875,70.27708984374999],[-129.6775,70.277421875],[-129.66625,70.27771484375],[-129.65375,70.27796875],[-129.60125,70.27890625],[-129.5875,70.27912109374999],[-129.5725,70.279296875],[-129.55624999999998,70.27943359374999],[-129.53875,70.27953124999999],[-129.46625,70.27984375],[-129.44007812499999,70.279912109375],[-129.3978125,70.2799609375],[-129.33945312499998,70.27999023437499],[-129.265,70.28],[-128.935,70.28],[-128.86048828124999,70.28006835937501],[-128.80195312499998,70.2802734375],[-128.75939453124997,70.280615234375],[-128.73281249999997,70.28109375],[-128.6584375,70.28328124999999],[-128.64035156249997,70.28396484375],[-128.62328125,70.284921875],[-128.60722656249996,70.28615234374999],[-128.59218749999997,70.28765625],[-128.5340625,70.29421875],[-128.5200390625,70.29599609374999],[-128.50703125,70.298046875],[-128.49503906249998,70.30037109374999],[-128.4840625,70.30296874999999],[-128.4421875,70.31390625],[-128.43222656249998,70.31677734375],[-128.42328125,70.319921875],[-128.4153515625,70.32333984375],[-128.4084375,70.32703125],[-128.3828125,70.34234375],[-128.37501953125,70.347880859375],[-128.364453125,70.3568359375],[-128.35111328125,70.36920898437499],[-128.335,70.38499999999999],[-128.26500000000001,70.45500000000001],[-128.249189453125,70.47079101562503],[-128.2367578125,70.48316406250001],[-128.227705078125,70.49211914062501],[-128.22203125000001,70.49765625],[-128.20609375,70.51296875],[-128.20220703125,70.51666015625],[-128.19851562500003,70.520078125],[-128.19501953125,70.52322265625],[-128.19171875,70.52609375],[-128.17890625,70.53703125],[-128.17580078125002,70.53962890624999],[-128.172890625,70.541953125],[-128.17017578125,70.54400390625],[-128.16765625,70.54578125],[-128.15796875,70.55234374999999],[-128.15564453125,70.55384765625],[-128.153515625,70.555078125],[-128.15158203125,70.55603515624999],[-128.14984375,70.55671874999999],[-128.14328124999997,70.55890625],[-128.141220703125,70.559384765625],[-128.13832031249999,70.5597265625],[-128.134580078125,70.559931640625],[-128.13,70.56],[-128.10999999999999,70.56],[-128.10548828125,70.56000976562501],[-128.10195312499997,70.56003906250001],[-128.09939453124997,70.560087890625],[-128.09781249999997,70.56015625],[-128.0934375,70.56046875],[-128.09238281249998,70.56056640625],[-128.09140624999998,70.560703125],[-128.09050781249996,70.56087890625],[-128.08968749999997,70.56109375],[-128.08656249999999,70.56203125],[-128.08582031249998,70.56228515625001],[-128.08515624999998,70.562578125],[-128.08457031249998,70.56291015625001],[-128.0840625,70.56328125],[-128.08218749999997,70.56484375],[-128.08175781249997,70.56525390624999],[-128.08140625,70.565703125],[-128.0811328125,70.56619140625],[-128.0809375,70.56671874999999],[-128.0803125,70.56890625],[-128.08017578124998,70.56969726562501],[-128.080078125,70.5709765625],[-128.08001953124997,70.57274414062499],[-128.07999999999998,70.57499999999999],[-128.07999999999998,70.58500000000001],[-128.07986328125,70.587255859375],[-128.079453125,70.5890234375],[-128.07876953124997,70.590302734375],[-128.0778125,70.59109375],[-128.0734375,70.59328124999999],[-128.0720703125,70.59380859375],[-128.07015625,70.594296875],[-128.0676953125,70.59474609374999],[-128.0646875,70.59515625],[-128.0515625,70.59671875],[-128.0480078125,70.59708984375],[-128.04390625,70.597421875],[-128.0392578125,70.59771484375],[-128.0340625,70.59796874999999],[-128.01218749999998,70.59890625],[-128.00644531249998,70.59912109375],[-128.00015624999997,70.599296875],[-127.99332031249997,70.59943359374998],[-127.98593749999998,70.59953124999998],[-127.95531249999998,70.59984374999999],[-127.94423828124997,70.59991210937498],[-127.92632812499997,70.59996093749999],[-127.90158203124997,70.599990234375],[-127.86999999999998,70.6],[-127.73,70.6],[-127.698388671875,70.59998046875],[-127.6735546875,70.59992187499999],[-127.65549804687501,70.59982421874999],[-127.64421875000001,70.59968749999999],[-127.61265624999999,70.5990625],[-127.60498046874999,70.59886718749999],[-127.597734375,70.59859374999999],[-127.59091796875,70.5982421875],[-127.58453125,70.5978125],[-127.55984375,70.59593749999999],[-127.55388671875,70.59542968749999],[-127.54835937499999,70.59484375],[-127.54326171874999,70.59417968749999],[-127.53859374999999,70.5934375],[-127.52078125,70.59031250000001],[-127.51654296875,70.5894921875],[-127.512734375,70.58859375],[-127.50935546875,70.5876171875],[-127.50640625,70.5865625],[-127.49546875000001,70.5821875],[-127.49213867187501,70.58060546875],[-127.4876171875,70.578046875],[-127.481904296875,70.57451171874999],[-127.47500000000001,70.57],[-127.44500000000001,70.55],[-127.43818359375,70.54547851562499],[-127.432734375,70.5419140625],[-127.42865234375,70.539306640625],[-127.4259375,70.53765625],[-127.41781250000001,70.53296875000001],[-127.4157421875,70.53181640625],[-127.41359375,70.530703125],[-127.41136718749999,70.52962890625],[-127.4090625,70.52859375],[-127.39968750000001,70.52453125],[-127.39730468750001,70.52353515624999],[-127.39484375000002,70.522578125],[-127.39230468750002,70.52166015625],[-127.38968750000002,70.52078125],[-127.3790625,70.51734375],[-127.3763671875,70.51650390625],[-127.37359375000001,70.515703125],[-127.37074218750001,70.51494140625],[-127.36781250000001,70.51421875],[-127.35593750000001,70.51140625000001],[-127.35177734375002,70.51047851562501],[-127.345234375,70.5091015625],[-127.33630859375,70.50727539062501],[-127.325,70.50500000000001],[-127.275,70.49499999999999],[-127.26371093750001,70.492734375],[-127.25484374999999,70.49093749999999],[-127.24839843749999,70.48960937499999],[-127.24437499999999,70.48875],[-127.233125,70.48625],[-127.230390625,70.485625],[-127.2278125,70.485],[-127.225390625,70.48437499999999],[-127.223125,70.48374999999999],[-127.21437499999999,70.48124999999999],[-127.212265625,70.48062499999999],[-127.21031249999999,70.47999999999999],[-127.208515625,70.47937499999999],[-127.206875,70.47874999999999],[-127.20062499999999,70.47625],[-127.199140625,70.47562499999998],[-127.1978125,70.475],[-127.19664062499999,70.474375],[-127.19562499999999,70.47375],[-127.191875,70.47125],[-127.1907421875,70.470390625],[-127.18921875,70.4690625],[-127.18730468749999,70.46726562500001],[-127.185,70.465],[-127.175,70.45500000000001],[-127.17271484375,70.452744140625],[-127.17085937499999,70.4509765625],[-127.16943359375,70.44969726562502],[-127.1684375,70.44890625000001],[-127.1653125,70.44671875],[-127.1644921875,70.44619140625],[-127.16359375,70.44570312500001],[-127.16261718749999,70.44525390625],[-127.1615625,70.44484375],[-127.1571875,70.44328125],[-127.15605468750002,70.44291015625],[-127.15484375000001,70.442578125],[-127.1535546875,70.44228515625],[-127.15218750000001,70.44203125],[-127.14656250000002,70.44109375],[-127.14511718750002,70.44087890624999],[-127.14359375000001,70.440703125],[-127.14199218750001,70.44056640625],[-127.14031250000001,70.44046875],[-127.1334375,70.44015625],[-127.13099609375,70.440087890625],[-127.127109375,70.4400390625],[-127.12177734374998,70.440009765625],[-127.115,70.44],[-127.085,70.44],[-127.07822265624999,70.43999023437499],[-127.07289062499999,70.43996093749999],[-127.06900390625,70.439912109375],[-127.06656249999999,70.43984375],[-127.0596875,70.43953125],[-127.05800781250001,70.43943359375],[-127.05640624999998,70.439296875],[-127.0548828125,70.43912109375],[-127.0534375,70.43890625],[-127.04781249999999,70.43796875],[-127.0464453125,70.43771484374999],[-127.04515624999999,70.437421875],[-127.0439453125,70.43708984374999],[-127.0428125,70.43671875],[-127.03843749999999,70.43515625],[-127.03738281249998,70.43474609375001],[-127.03640625,70.434296875],[-127.03550781249999,70.43380859375],[-127.03468749999999,70.43328125000001],[-127.0315625,70.43109375],[-127.03056640625002,70.43030273437499],[-127.029140625,70.4290234375],[-127.02728515625002,70.42725585937501],[-127.025,70.42500000000001],[-127.01499999999999,70.41499999999999],[-127.01222656249998,70.412744140625],[-127.00890625,70.4109765625],[-127.00503906249997,70.409697265625],[-127.00062499999999,70.40890625],[-126.981875,70.40671875000001],[-126.976171875,70.40619140625],[-126.9684375,70.405703125],[-126.95867187500001,70.40525390625001],[-126.946875,70.40484375],[-126.895625,70.40328125],[-126.881796875,70.40291015625],[-126.8659375,70.402578125],[-126.848046875,70.40228515625],[-126.828125,70.40203125000001],[-126.744375,70.40109375],[-126.72242187500002,70.40087890625],[-126.69843750000001,70.400703125],[-126.672421875,70.40056640625002],[-126.644375,70.40046875000002],[-126.52812499999999,70.40015625000001],[-126.48613281249999,70.40008789062502],[-126.41828124999999,70.40003906250001],[-126.32457031249999,70.400009765625],[-126.20499999999998,70.4],[-125.67500000000001,70.4],[-125.55540039062501,70.39998046875],[-125.4616015625,70.399921875],[-125.393603515625,70.39982421875001],[-125.35140625,70.3996875],[-125.23421875,70.39906250000001],[-125.20587890625,70.39886718750002],[-125.17945312500001,70.39859375],[-125.15494140625,70.39824218750002],[-125.13234375,70.39781250000001],[-125.04578125,70.3959375],[-125.02509765624998,70.39542968750001],[-125.006328125,70.39484375],[-124.98947265625,70.39417968750001],[-124.97453125,70.3934375],[-124.91859375,70.3903125],[-124.90556640625,70.3894921875],[-124.89445312500001,70.38859375],[-124.88525390625,70.3876171875],[-124.87796875000001,70.3865625],[-124.85265625,70.3821875],[-124.845869140625,70.38060546874999],[-124.8381640625,70.378046875],[-124.82954101562498,70.37451171875],[-124.82,70.37],[-124.78,70.35],[-124.7708984375,70.34546875000001],[-124.76359374999998,70.341875],[-124.75808593749998,70.33921875],[-124.75437499999998,70.3375],[-124.74312499999999,70.33250000000001],[-124.74023437499999,70.33125000000001],[-124.73718749999999,70.33],[-124.73398437499999,70.32875],[-124.73062499999999,70.3275],[-124.71687499999999,70.32249999999999],[-124.713359375,70.32124999999999],[-124.7096875,70.32],[-124.70585937499999,70.31875],[-124.701875,70.3175],[-124.68562499999997,70.3125],[-124.68148437499997,70.31125],[-124.67718749999997,70.31],[-124.67273437499998,70.30875],[-124.66812499999997,70.3075],[-124.64937499999999,70.3025],[-124.64277343749998,70.30078125],[-124.63234374999999,70.298125],[-124.61808593749998,70.29453124999999],[-124.6,70.28999999999999],[-124.52000000000001,70.27000000000001],[-124.50192382812502,70.26546875000001],[-124.48769531250001,70.261875],[-124.47731445312502,70.25921875],[-124.47078125000002,70.25750000000001],[-124.45234375000001,70.25250000000001],[-124.44783203125,70.25125000000001],[-124.443515625,70.25000000000001],[-124.43939453125,70.24875000000002],[-124.43546875000001,70.24750000000002],[-124.42015625,70.2425],[-124.41642578125,70.24125000000001],[-124.41289062500002,70.24000000000001],[-124.40955078125,70.23875000000001],[-124.40640625,70.23750000000001],[-124.39421875000001,70.2325],[-124.39126953125002,70.23124999999999],[-124.388515625,70.22999999999999],[-124.38595703125,70.22874999999999],[-124.38359375,70.22749999999999],[-124.37453125,70.2225],[-124.371611328125,70.22078125],[-124.36738281250001,70.218125],[-124.361845703125,70.21453125000001],[-124.355,70.21000000000001],[-124.325,70.19],[-124.318173828125,70.185478515625],[-124.3126953125,70.1819140625],[-124.308564453125,70.17930664062501],[-124.30578125,70.17765625000001],[-124.29734375,70.17296875000001],[-124.29517578125001,70.17181640625],[-124.292890625,70.17070312500002],[-124.29048828124999,70.16962890625001],[-124.28796875,70.16859375000001],[-124.27765625,70.16453125],[-124.27501953125001,70.16353515624999],[-124.272265625,70.162578125],[-124.26939453125,70.16166015625],[-124.26640625,70.16078125],[-124.25421875,70.15734375],[-124.25111328125001,70.15650390625],[-124.247890625,70.155703125],[-124.24455078125,70.15494140625],[-124.24109375,70.15421875000001],[-124.22703125,70.15140625000001],[-124.222080078125,70.15047851562501],[-124.2142578125,70.14910156250001],[-124.203564453125,70.147275390625],[-124.19,70.14500000000001],[-124.13,70.13499999999999],[-124.116455078125,70.132734375],[-124.10582031249999,70.13093749999999],[-124.09809570312498,70.129609375],[-124.09328124999999,70.12875],[-124.07984374999998,70.12624999999998],[-124.07658203124998,70.12562499999999],[-124.07351562499998,70.12499999999999],[-124.07064453125,70.12437499999999],[-124.06796874999998,70.12374999999999],[-124.05765624999998,70.12125],[-124.05517578124999,70.12062500000002],[-124.05289062499997,70.12],[-124.05080078124999,70.119375],[-124.04890624999999,70.11875],[-124.04171875,70.11625000000001],[-124.04001953125,70.11562500000001],[-124.038515625,70.11500000000001],[-124.03720703124999,70.11437500000001],[-124.03609374999999,70.11375000000001],[-124.03203125000002,70.11125],[-124.03083007812502,70.11039062500001],[-124.02925781249999,70.1090625],[-124.02731445312502,70.107265625],[-124.025,70.10499999999999],[-124.01499999999999,70.095],[-124.01274414062499,70.0926171875],[-124.01097656249999,70.09046875],[-124.009697265625,70.0885546875],[-124.00890625,70.086875],[-124.00671874999999,70.080625],[-124.00619140625,70.07882812500002],[-124.005703125,70.0765625],[-124.00525390624999,70.073828125],[-124.00484374999999,70.070625],[-124.00328125,70.05687499999999],[-124.00291015625001,70.053203125],[-124.002578125,70.04906249999999],[-124.00228515625,70.04445312499999],[-124.00203125,70.03937499999999],[-124.00109375,70.01812500000001],[-124.00087890625,70.012578125],[-124.000703125,70.00656250000002],[-124.00056640625,70.000078125],[-124.00046875,69.993125],[-124.00015625,69.964375],[-124.000087890625,69.9540234375],[-124.00003906250001,69.93734375],[-124.00000976562501,69.9143359375],[-124.0,69.885],[-124.0,69.755],[-124.00001953125,69.725634765625],[-124.000078125,69.7025390625],[-124.00017578125001,69.685712890625],[-124.0003125,69.67515625],[-124.00093749999999,69.64546875],[-124.00113281249999,69.63822265625001],[-124.00140625,69.63132812500001],[-124.00175781249999,69.62478515625],[-124.00218749999999,69.61859375],[-124.0040625,69.59453125000002],[-124.0045703125,69.58869140625002],[-124.00515625,69.58320312500001],[-124.00582031249999,69.57806640625],[-124.0065625,69.57328125000001],[-124.0096875,69.55484375],[-124.0105078125,69.55041015625],[-124.01140625000001,69.546328125],[-124.0123828125,69.54259765625],[-124.0134375,69.53921875],[-124.0178125,69.52640625000001],[-124.01939453125,69.52235351562501],[-124.02195312500001,69.5166015625],[-124.02548828125,69.509150390625],[-124.03,69.5],[-124.05,69.46000000000001],[-124.0544921875,69.45098632812501],[-124.05796875,69.4439453125],[-124.0604296875,69.438876953125],[-124.061875,69.43578125],[-124.065625,69.42734375],[-124.066484375,69.42533203125001],[-124.0671875,69.42351562500001],[-124.06773437499999,69.42189453125],[-124.068125,69.42046875],[-124.06937500000001,69.41515625],[-124.06960937500001,69.41392578125],[-124.06968750000001,69.41289062499999],[-124.06960937500001,69.41205078125],[-124.06937500000001,69.41140625],[-124.068125,69.40921875000001],[-124.06773437499999,69.40876953125],[-124.0671875,69.408515625],[-124.066484375,69.40845703125001],[-124.065625,69.40859375],[-124.061875,69.40953125],[-124.06042968749999,69.410048828125],[-124.05796875,69.4111328125],[-124.0544921875,69.41278320312499],[-124.05,69.41499999999999],[-124.03,69.42500000000001],[-124.0254296875,69.42725585937501],[-124.02171874999999,69.4290234375],[-124.0188671875,69.430302734375],[-124.016875,69.43109375],[-124.010625,69.43328125000002],[-124.008984375,69.43380859375003],[-124.0071875,69.43429687500002],[-124.00523437500001,69.43474609375001],[-124.00312500000001,69.43515625],[-123.99437499999999,69.43671875000001],[-123.99210937499998,69.43708984375],[-123.9896875,69.437421875],[-123.98710937499999,69.43771484375],[-123.984375,69.43796875],[-123.97312500000001,69.43890625],[-123.970234375,69.43912109375],[-123.96718750000001,69.439296875],[-123.96398437500001,69.43943359375],[-123.96062500000001,69.43953125],[-123.946875,69.43984375],[-123.94199218750002,69.439912109375],[-123.93421874999999,69.43996093749999],[-123.9235546875,69.439990234375],[-123.91,69.44],[-123.85,69.44],[-123.83643554687498,69.44001953124999],[-123.8257421875,69.440078125],[-123.817919921875,69.44017578125],[-123.81296875,69.4403125],[-123.79890624999999,69.44093749999999],[-123.79544921875,69.4411328125],[-123.792109375,69.44140625],[-123.78888671874998,69.44175781249999],[-123.78578124999999,69.44218749999999],[-123.77359374999999,69.4440625],[-123.77060546874999,69.4445703125],[-123.76773437499997,69.44515625],[-123.76498046874998,69.44582031249999],[-123.76234374999999,69.4465625],[-123.75203124999999,69.4496875],[-123.74951171875,69.45050781249999],[-123.74710937499998,69.45140625],[-123.74482421874998,69.45238281249999],[-123.74265624999998,69.45343749999999],[-123.73421874999998,69.4578125],[-123.73143554687498,69.45939453125],[-123.72730468749998,69.46195312500001],[-123.721826171875,69.46548828125],[-123.71499999999999,69.47],[-123.685,69.49],[-123.67818359374999,69.49452148437499],[-123.67273437499999,69.49808593750001],[-123.66865234375,69.50069335937499],[-123.6659375,69.50234375],[-123.65781249999999,69.50703125],[-123.65574218749998,69.50818359374999],[-123.65359375,69.50929687499999],[-123.65136718749997,69.51037109375],[-123.64906249999999,69.51140625],[-123.6396875,69.51546875],[-123.63730468749999,69.51646484375],[-123.63484374999999,69.517421875],[-123.6323046875,69.51833984375],[-123.62968749999999,69.51921875],[-123.6190625,69.52265625],[-123.6163671875,69.52349609374998],[-123.61359375,69.524296875],[-123.6107421875,69.52505859375],[-123.6078125,69.52578125],[-123.59593749999999,69.52859375],[-123.59177734375,69.52952148437501],[-123.585234375,69.5308984375],[-123.57630859375,69.532724609375],[-123.565,69.535],[-123.51499999999999,69.54499999999999],[-123.50365234374999,69.54732421874999],[-123.494609375,69.549296875],[-123.48787109374999,69.55091796874999],[-123.48343749999998,69.5521875],[-123.47031249999998,69.5565625],[-123.46699218749998,69.5577734375],[-123.46359374999997,69.55921875],[-123.46011718749997,69.56089843750001],[-123.45656249999998,69.5628125],[-123.44218749999999,69.57093750000001],[-123.43855468749999,69.5730859375],[-123.43484375,69.57546875],[-123.4310546875,69.5780859375],[-123.4271875,69.5809375],[-123.4115625,69.5928125],[-123.40761718750001,69.59589843750001],[-123.40359375,69.59921874999999],[-123.3994921875,69.60277343749999],[-123.3953125,69.6065625],[-123.3784375,69.6221875],[-123.37255859375,69.62779296874999],[-123.36335937500002,69.63679687499999],[-123.35083984375001,69.64919921875],[-123.33500000000001,69.66499999999999],[-123.265,69.73500000000001],[-123.24908203125,69.75079101562501],[-123.236328125,69.76316406250001],[-123.22673828125001,69.77211914062501],[-123.2203125,69.77765625],[-123.20093750000001,69.79296875],[-123.19597656250001,69.79666015625],[-123.19078125,69.800078125],[-123.1853515625,69.80322265625],[-123.1796875,69.80609375],[-123.1565625,69.81703125000001],[-123.15066406250001,69.81962890625002],[-123.14453125000001,69.82195312500001],[-123.13816406250002,69.82400390625],[-123.13156250000002,69.82578125],[-123.10468750000001,69.83234375],[-123.0978515625,69.83384765625001],[-123.09078125,69.83507812500001],[-123.08347656250001,69.83603515625002],[-123.07593750000001,69.83671875000002],[-123.04531250000001,69.83890625000001],[-123.03455078125,69.839384765625],[-123.017578125,69.8397265625],[-122.99439453125001,69.839931640625],[-122.965,69.84],[-122.83500000000001,69.84],[-122.80551757812502,69.84005859375002],[-122.7820703125,69.84023437500001],[-122.76465820312502,69.84052734375001],[-122.75328125000001,69.84093750000001],[-122.71984375,69.84281250000001],[-122.71142578125,69.84339843750003],[-122.702890625,69.84421875000001],[-122.69423828125,69.84527343750003],[-122.68546875,69.84656250000002],[-122.65015625000001,69.8521875],[-122.64126953125,69.8537109375],[-122.632265625,69.85546875],[-122.62314453125002,69.85746093750001],[-122.61390625000001,69.8596875],[-122.57671874999998,69.8690625],[-122.56736328124998,69.8715234375],[-122.557890625,69.87421875],[-122.54830078124999,69.8771484375],[-122.53859374999999,69.8803125],[-122.49953124999999,69.8934375],[-122.485986328125,69.89818359375],[-122.46488281250001,69.905859375],[-122.436220703125,69.91646484375],[-122.4,69.93],[-122.24000000000001,69.99000000000001],[-122.20373046875001,70.00353515625001],[-122.174921875,70.01414062500001],[-122.15357421875001,70.02181640625001],[-122.13968750000001,70.02656250000001],[-122.0990625,70.03968750000001],[-122.08886718749999,70.0428515625],[-122.07859375,70.04578125],[-122.0682421875,70.04847656250001],[-122.0578125,70.0509375],[-122.01593749999999,70.0603125],[-122.00542968749998,70.0625390625],[-121.99484374999999,70.06453125],[-121.98417968749999,70.0662890625],[-121.97343749999999,70.0678125],[-121.9303125,70.0734375],[-121.91949218750001,70.07472656249999],[-121.90859375,70.07578124999999],[-121.8976171875,70.0766015625],[-121.8865625,70.0771875],[-121.8421875,70.0790625],[-121.82685546874998,70.07947265625],[-121.803046875,70.079765625],[-121.77076171875,70.07994140625],[-121.72999999999999,70.08],[-121.55,70.08],[-121.509306640625,70.079912109375],[-121.47722656250001,70.0796484375],[-121.453759765625,70.079208984375],[-121.43890625,70.07859375000001],[-121.39671875000002,70.07578125],[-121.38634765625001,70.07490234375001],[-121.37632812500001,70.073671875],[-121.36666015625,70.07208984375],[-121.35734375000001,70.07015625],[-121.32078125,70.06171875000001],[-121.31181640624999,70.05943359375],[-121.303203125,70.056796875],[-121.29494140624999,70.05380859375],[-121.28703125,70.05046875000001],[-121.25609375,70.03640625],[-121.24853515625,70.03271484375],[-121.24132812500001,70.028671875],[-121.23447265625,70.02427734375],[-121.22796875,70.01953125],[-121.20265625000002,69.99984375000001],[-121.19430664062502,69.992724609375],[-121.1819140625,69.98121093750001],[-121.16547851562501,69.96530273437502],[-121.14500000000001,69.94500000000001],[-121.05499999999999,69.855],[-121.03444335937499,69.83469726562501],[-121.0177734375,69.8187890625],[-121.00499023437499,69.807275390625],[-120.99609375,69.80015625],[-120.96828124999999,69.78046875],[-120.96099609375,69.77572265625],[-120.95304687499998,69.771328125],[-120.94443359374999,69.76728515625],[-120.93515624999999,69.76359375],[-120.89671874999999,69.74953125],[-120.88677734375,69.74619140625],[-120.876171875,69.74320312500001],[-120.86490234375,69.74056640625],[-120.85296875,69.73828125],[-120.80390625,69.72984375000001],[-120.79130859375,69.72791015625002],[-120.778046875,69.72632812500001],[-120.76412109374999,69.72509765625],[-120.74953124999999,69.72421875],[-120.68984375000001,69.72140625],[-120.668662109375,69.720791015625],[-120.63496093750001,69.7203515625],[-120.588740234375,69.720087890625],[-120.53,69.72],[-120.27000000000001,69.72],[-120.21124999999999,69.71996093749999],[-120.165,69.71984375],[-120.13125,69.7196484375],[-120.11,69.719375],[-120.05,69.718125],[-120.0353125,69.717734375],[-120.02125,69.7171875],[-120.0078125,69.71648437500001],[-119.995,69.715625],[-119.945,69.711875],[-119.9328125,69.71085937500001],[-119.92124999999999,69.70968750000002],[-119.9103125,69.70835937500001],[-119.9,69.70687500000001],[-119.85999999999999,69.700625],[-119.85031249999999,69.698984375],[-119.84124999999999,69.69718750000001],[-119.83281249999999,69.69523437500001],[-119.82499999999999,69.69312500000001],[-119.79500000000002,69.684375],[-119.78531250000002,69.68121093750001],[-119.77125000000001,69.67609375],[-119.7528125,69.6690234375],[-119.73,69.66],[-119.63,69.62],[-119.607412109375,69.6109765625],[-119.58964843749999,69.60390625],[-119.57670898437499,69.5987890625],[-119.56859374999999,69.595625],[-119.54578124999999,69.58687499999999],[-119.54021484375,69.584765625],[-119.534921875,69.58281249999999],[-119.52990234375,69.58101562499999],[-119.52515625,69.579375],[-119.50671874999998,69.57312499999999],[-119.50224609374997,69.571640625],[-119.49804687499999,69.5703125],[-119.49412109374998,69.56914062499999],[-119.49046874999999,69.568125],[-119.47640624999998,69.564375],[-119.47302734374998,69.56351562500001],[-119.46992187499998,69.56281249999999],[-119.46708984374999,69.562265625],[-119.46453124999998,69.561875],[-119.45484374999998,69.560625],[-119.45178710937498,69.56035156249999],[-119.4474609375,69.56015625],[-119.441865234375,69.5600390625],[-119.43499999999999,69.56],[-119.40499999999999,69.56],[-119.39821289062499,69.55998046875001],[-119.39285156249998,69.559921875],[-119.38891601562499,69.55982421875],[-119.38640624999998,69.5596875],[-119.37921874999998,69.55906250000001],[-119.37744140624999,69.5588671875],[-119.37570312499997,69.55859375],[-119.37400390624998,69.55824218750001],[-119.37234374999998,69.55781250000001],[-119.36578125,69.5559375],[-119.36416015625001,69.5554296875],[-119.362578125,69.55484375],[-119.36103515625,69.55417968750001],[-119.35953125,69.5534375],[-119.35359375,69.5503125],[-119.35212890625,69.54949218750001],[-119.350703125,69.54859375],[-119.34931640625001,69.54761718750001],[-119.34796875,69.54656250000001],[-119.34265624999999,69.5421875],[-119.34086914062499,69.54060546875],[-119.3381640625,69.53804687499999],[-119.334541015625,69.53451171875],[-119.33,69.53],[-119.31,69.51],[-119.30542968750001,69.50547851562501],[-119.30171875,69.50191406249999],[-119.29886718750002,69.49930664062501],[-119.29687500000001,69.49765625],[-119.290625,69.49296875],[-119.28898437500001,69.49181640625001],[-119.28718750000002,69.49070312500001],[-119.285234375,69.48962890625],[-119.28312500000001,69.48859375],[-119.27437500000002,69.48453125],[-119.27210937500001,69.48353515625],[-119.26968750000002,69.482578125],[-119.26710937500002,69.48166015625],[-119.26437500000002,69.48078125],[-119.25312500000001,69.47734375],[-119.25023437499999,69.47650390625002],[-119.2471875,69.475703125],[-119.243984375,69.47494140625],[-119.240625,69.47421875],[-119.22687499999999,69.47140625],[-119.22199218749999,69.47047851562499],[-119.21421875,69.4691015625],[-119.2035546875,69.467275390625],[-119.19,69.465],[-119.13,69.45500000000001],[-119.116455078125,69.452734375],[-119.10582031249999,69.45093750000001],[-119.09809570312498,69.44960937500001],[-119.09328124999999,69.44875],[-119.07984374999998,69.44625],[-119.07658203124998,69.445625],[-119.07351562499998,69.44500000000001],[-119.07064453125,69.44437500000001],[-119.06796874999998,69.44375000000001],[-119.05765624999998,69.44125],[-119.05517578124999,69.440625],[-119.05289062499997,69.44],[-119.05080078124999,69.439375],[-119.04890624999999,69.43875],[-119.04171875,69.43625],[-119.04001953125,69.435625],[-119.038515625,69.435],[-119.03720703124999,69.434375],[-119.03609374999999,69.43375],[-119.03203125000002,69.43125],[-119.03083007812502,69.430390625],[-119.02925781249999,69.42906250000001],[-119.02731445312502,69.427265625],[-119.025,69.42500000000001],[-119.01499999999999,69.41499999999999],[-119.01222656249998,69.412744140625],[-119.00890625,69.4109765625],[-119.00503906249997,69.409697265625],[-119.00062499999999,69.40890625],[-118.981875,69.40671875000001],[-118.976171875,69.40619140625],[-118.9684375,69.405703125],[-118.95867187500001,69.40525390625001],[-118.946875,69.40484375],[-118.895625,69.40328125],[-118.881796875,69.40291015625],[-118.8659375,69.402578125],[-118.848046875,69.40228515625],[-118.828125,69.40203125000001],[-118.744375,69.40109375],[-118.72242187500002,69.40087890625],[-118.69843750000001,69.400703125],[-118.672421875,69.40056640625002],[-118.644375,69.40046875000002],[-118.52812499999999,69.40015625000001],[-118.48613281249999,69.40008789062502],[-118.41828124999999,69.40003906250001],[-118.32457031249999,69.400009765625],[-118.20499999999998,69.4],[-117.67500000000001,69.4],[-117.555224609375,69.399921875],[-117.4608984375,69.3996875],[-117.39202148437501,69.399296875],[-117.34859375,69.39875],[-117.22578125000001,69.39625000000001],[-117.19568359375002,69.39546875],[-117.166796875,69.394375],[-117.13912109375,69.39296875],[-117.11265625,69.39125],[-117.00921874999999,69.38375],[-116.98396484374999,69.38171875],[-116.95992187499999,69.37937500000001],[-116.93708984374999,69.37671875000001],[-116.91546874999999,69.37375000000002],[-116.83140625,69.36125000000001],[-116.81099609375,69.35796875000003],[-116.791796875,69.35437500000002],[-116.77380859375,69.35046875000002],[-116.75703125000001,69.34625000000001],[-116.69234375,69.32875000000001],[-116.67131835937501,69.32242187500002],[-116.6405859375,69.31218750000001],[-116.600146484375,69.29804687500001],[-116.55000000000001,69.28],[-116.32999999999998,69.2],[-116.28002929687499,69.181953125],[-116.24011718749999,69.1678125],[-116.21026367187498,69.157578125],[-116.19046875,69.15125],[-116.13140625,69.13374999999999],[-116.11638671875,69.12953125],[-116.100859375,69.125625],[-116.08482421875,69.12203124999999],[-116.06828125000001,69.11875],[-116.00109375000001,69.10624999999999],[-115.98404296875,69.10328125],[-115.966484375,69.100625],[-115.94841796875,69.09828125],[-115.92984375,69.09625],[-115.85453125000001,69.08875],[-115.83544921875001,69.08703125000001],[-115.815859375,69.08562500000001],[-115.79576171875001,69.08453125000001],[-115.77515625000001,69.08375000000001],[-115.69171875,69.08125000000001],[-115.66252929687501,69.080703125],[-115.61667968750001,69.0803125],[-115.55416992187502,69.080078125],[-115.47500000000001,69.08],[-115.125,69.08],[-115.046015625,69.07998046875001],[-114.9840625,69.079921875],[-114.939140625,69.07982421875],[-114.91125,69.0796875],[-114.83375,69.07906249999999],[-114.81499999999998,69.0788671875],[-114.7975,69.07859375],[-114.78125,69.0782421875],[-114.76625,69.0778125],[-114.70874999999998,69.07593750000001],[-114.695,69.0754296875],[-114.68249999999999,69.07484375000001],[-114.67125,69.0741796875],[-114.66125,69.07343750000001],[-114.62374999999999,69.0703125],[-114.615,69.06949218749999],[-114.60749999999999,69.06859374999999],[-114.60124999999998,69.0676171875],[-114.59624999999998,69.0665625],[-114.57874999999999,69.0621875],[-114.573984375,69.06060546874998],[-114.5684375,69.058046875],[-114.56210937499999,69.05451171874999],[-114.55499999999999,69.05],[-114.52499999999999,69.03],[-114.51801757812498,69.025419921875],[-114.51207031249999,69.0216796875],[-114.50715820312499,69.018779296875],[-114.50328124999999,69.01671875],[-114.48984374999999,69.01015625],[-114.48611328124998,69.00841796875],[-114.481640625,69.006484375],[-114.47642578124999,69.00435546874999],[-114.47046875,69.00203125],[-114.44515624999998,68.99234374999999],[-114.43845703125,68.98982421874999],[-114.43101562499999,68.987109375],[-114.42283203124998,68.98419921874999],[-114.41390624999998,68.98109375],[-114.37671875,68.96828125],[-114.36705078124999,68.96498046875],[-114.35664062499998,68.961484375],[-114.34548828125,68.95779296875],[-114.33359374999999,68.95390625],[-114.28453124999999,68.93796875000001],[-114.26692382812499,68.93229492187501],[-114.23863281249999,68.92324218750001],[-114.19965820312498,68.91081054687501],[-114.14999999999999,68.89500000000001],[-113.92999999999999,68.82499999999999],[-113.880322265625,68.809169921875],[-113.8412890625,68.79667968749999],[-113.81290039062499,68.787529296875],[-113.79515624999999,68.78171875],[-113.74546874999999,68.76515624999999],[-113.73337890624998,68.76107421875],[-113.72195312499998,68.757109375],[-113.71119140624998,68.75326171875],[-113.70109374999998,68.74953124999999],[-113.66203124999998,68.73484375],[-113.65259765624998,68.73123046874998],[-113.64382812499998,68.72773437499998],[-113.63572265624998,68.72435546874999],[-113.62828124999999,68.72109375],[-113.59984374999998,68.70828125],[-113.59306640624999,68.70513671875],[-113.58695312499998,68.70210937499999],[-113.58150390624996,68.69919921875],[-113.57671874999997,68.69640625],[-113.55890624999999,68.68546875000001],[-113.553447265625,68.68182617187502],[-113.54597656249999,68.6763671875],[-113.536494140625,68.669091796875],[-113.525,68.66],[-113.475,68.62],[-113.46364257812499,68.610966796875],[-113.45457031250001,68.6038671875],[-113.44778320312501,68.59870117187499],[-113.44328125000001,68.59546875],[-113.42984375,68.58640625],[-113.42642578125,68.58419921874999],[-113.42289062500001,68.58210937499999],[-113.41923828125,68.58013671875],[-113.41546875,68.57828125],[-113.40015625000001,68.57109374999999],[-113.39626953125001,68.56935546874999],[-113.392265625,68.56773437499999],[-113.38814453125,68.56623046874999],[-113.38390625000001,68.56484375],[-113.36671875,68.55953124999999],[-113.36236328125,68.55826171874999],[-113.35789062500001,68.557109375],[-113.35330078125,68.55607421874998],[-113.34859375,68.55515625],[-113.32953125000002,68.55171874999999],[-113.32286132812501,68.550654296875],[-113.3123828125,68.54917968749999],[-113.298095703125,68.547294921875],[-113.28,68.54499999999999],[-113.2,68.535],[-113.18201171875002,68.532744140625],[-113.168046875,68.5309765625],[-113.15810546875001,68.529697265625],[-113.15218750000001,68.52890625],[-113.1365625,68.52671874999999],[-113.13292968750001,68.52619140624998],[-113.12984375,68.52570312499999],[-113.12730468750001,68.52525390624999],[-113.1253125,68.52484374999999],[-113.1184375,68.52328125],[-113.1169921875,68.52291015624999],[-113.11609375,68.522578125],[-113.11574218749999,68.52228515625],[-113.1159375,68.52203125],[-113.11781250000001,68.52109374999999],[-113.11855468750002,68.52087890624999],[-113.11984375,68.52070312499998],[-113.1216796875,68.52056640625],[-113.12406250000001,68.52046874999999],[-113.13468750000001,68.52015625],[-113.13888671875002,68.520087890625],[-113.14617187500001,68.52003906249999],[-113.15654296875,68.52000976562499],[-113.17,68.52],[-113.22999999999999,68.52],[-113.24356445312499,68.519970703125],[-113.2542578125,68.5198828125],[-113.262080078125,68.51973632812499],[-113.26703124999999,68.51953125],[-113.28109374999998,68.51859375],[-113.28455078124999,68.51830078124999],[-113.28789062499997,68.51789062499999],[-113.29111328124998,68.51736328125],[-113.29421874999998,68.51671875],[-113.30640625,68.51390625],[-113.30939453124999,68.51314453124999],[-113.31226562500001,68.51226562500001],[-113.31501953125,68.51126953125001],[-113.31765625,68.51015625000001],[-113.32796875,68.50546875],[-113.33048828124998,68.50423828125001],[-113.33289062499999,68.502890625],[-113.33517578125,68.50142578125],[-113.33734375,68.49984375000001],[-113.34578124999999,68.49328125000001],[-113.34856445312498,68.490908203125],[-113.3526953125,68.48707031250001],[-113.35817382812499,68.48176757812502],[-113.36499999999998,68.47500000000001],[-113.39500000000001,68.44500000000001],[-113.40181640625,68.438232421875],[-113.40726562500001,68.4329296875],[-113.41134765625,68.429091796875],[-113.4140625,68.42671875],[-113.4221875,68.42015625000002],[-113.42425781250002,68.41857421875002],[-113.42640625000001,68.41710937500002],[-113.4286328125,68.41576171875002],[-113.4309375,68.41453125000001],[-113.44031249999999,68.40984375000001],[-113.4426953125,68.40873046875001],[-113.44515625,68.40773437499999],[-113.4476953125,68.40685546875],[-113.4503125,68.40609375],[-113.4609375,68.40328124999999],[-113.46363281250001,68.40263671874999],[-113.46640625,68.40210937500001],[-113.4692578125,68.40169921875],[-113.4721875,68.40140625000001],[-113.4840625,68.40046875],[-113.48822265624997,68.40026367187501],[-113.49476562499999,68.4001171875],[-113.50369140625,68.400029296875],[-113.51499999999999,68.4],[-113.565,68.4],[-113.5763671875,68.399951171875],[-113.58546875,68.39980468750001],[-113.59230468749999,68.39956054687501],[-113.596875,68.39921875],[-113.610625,68.39765625],[-113.614140625,68.39716796875],[-113.61781250000001,68.396484375],[-113.62164062500001,68.39560546875],[-113.62562500000001,68.39453125],[-113.64187500000001,68.38984375000001],[-113.646015625,68.38857421875001],[-113.65031250000001,68.38710937500001],[-113.65476562500001,68.38544921875001],[-113.65937500000001,68.38359375000002],[-113.678125,68.37578125000002],[-113.682890625,68.37373046875001],[-113.6878125,68.37148437500002],[-113.692890625,68.36904296875001],[-113.698125,68.36640625000001],[-113.719375,68.35546875],[-113.7268359375,68.351513671875],[-113.73859375,68.34511718750001],[-113.75464843750001,68.336279296875],[-113.775,68.325],[-113.86500000000001,68.275],[-113.8853515625,68.263720703125],[-113.90140625000001,68.2548828125],[-113.9131640625,68.248486328125],[-113.920625,68.24453125],[-113.94187500000001,68.23359375000001],[-113.947109375,68.23095703125001],[-113.95218750000001,68.228515625],[-113.95710937500002,68.22626953125001],[-113.961875,68.22421875],[-113.98062499999999,68.21640625],[-113.985234375,68.21455078125],[-113.9896875,68.212890625],[-113.993984375,68.21142578125],[-113.99812499999999,68.21015625000001],[-114.014375,68.20546875],[-114.018359375,68.20439453125],[-114.02218750000002,68.203515625],[-114.025859375,68.20283203125],[-114.029375,68.20234375],[-114.043125,68.20078125],[-114.0476953125,68.200439453125],[-114.05453125,68.2001953125],[-114.0636328125,68.200048828125],[-114.07499999999999,68.2],[-114.125,68.2],[-114.13631835937501,68.199970703125],[-114.14527343749998,68.19988281250001],[-114.15186523437501,68.19973632812501],[-114.15609375,68.19953125],[-114.16828124999998,68.19859375],[-114.17130859374998,68.19830078125],[-114.17429687499998,68.197890625],[-114.17724609374997,68.19736328125],[-114.18015624999998,68.19671875],[-114.19171874999999,68.19390625000001],[-114.19458984375,68.19314453125001],[-114.197421875,68.19226562500002],[-114.20021484374999,68.19126953125001],[-114.20296875,68.19015625000002],[-114.21390624999998,68.18546875],[-114.21662109374998,68.18423828125],[-114.21929687499998,68.182890625],[-114.22193359374998,68.18142578125],[-114.22453124999998,68.17984375],[-114.23484374999998,68.17328125],[-114.23834960937499,68.170908203125],[-114.2437109375,68.1670703125],[-114.25092773437498,68.161767578125],[-114.25999999999999,68.155],[-114.3,68.125],[-114.30913085937499,68.118203125],[-114.3165234375,68.11281249999999],[-114.322177734375,68.108828125],[-114.32609375,68.10624999999999],[-114.33828125,68.09875],[-114.34146484375,68.096875],[-114.344921875,68.095],[-114.34865234375,68.093125],[-114.35265625,68.09125],[-114.36921875,68.08375000000001],[-114.37349609375,68.08187500000001],[-114.378046875,68.08],[-114.38287109375,68.078125],[-114.38796875,68.07625],[-114.40890625,68.06875],[-114.41427734375,68.066875],[-114.419921875,68.065],[-114.42583984375,68.063125],[-114.43203125,68.06125],[-114.45734374999999,68.05375000000001],[-114.466318359375,68.05117187500001],[-114.4805859375,68.0471875],[-114.500146484375,68.04179687500002],[-114.52499999999999,68.03500000000001],[-114.63499999999999,68.00500000000001],[-114.65984375000001,67.99821289062501],[-114.679375,67.99285156250001],[-114.69359374999999,67.98891601562502],[-114.7025,67.98640625000002],[-114.72749999999999,67.97921875],[-114.73359374999998,67.97744140625],[-114.739375,67.97570312500001],[-114.74484374999997,67.97400390625],[-114.74999999999999,67.97234375000001],[-114.77,67.96578125],[-114.77484375,67.96416015625],[-114.77937499999999,67.96257812500001],[-114.78359375,67.96103515625],[-114.7875,67.95953125],[-114.8025,67.95359375000001],[-114.80609375,67.95212890625001],[-114.809375,67.950703125],[-114.81234375,67.94931640625],[-114.815,67.94796875],[-114.825,67.94265625],[-114.828125,67.940869140625],[-114.83250000000001,67.9381640625],[-114.838125,67.934541015625],[-114.845,67.93],[-114.875,67.91],[-114.881796875,67.90548828125],[-114.8871875,67.901953125],[-114.891171875,67.89939453125001],[-114.89375000000001,67.8978125],[-114.90125,67.8934375],[-114.903125,67.8923828125],[-114.905,67.89140625],[-114.90687500000001,67.8905078125],[-114.90875000000001,67.8896875],[-114.91624999999999,67.8865625],[-114.91812499999999,67.88582031249999],[-114.92,67.88515625],[-114.921875,67.88457031249999],[-114.92375,67.8840625],[-114.93125,67.88218749999999],[-114.933125,67.8817578125],[-114.935,67.88140625],[-114.936875,67.88113281249998],[-114.93875,67.88093749999999],[-114.94624999999999,67.8803125],[-114.94882812499999,67.88017578124999],[-114.95281249999998,67.880078125],[-114.95820312499998,67.88001953125],[-114.96499999999999,67.88],[-114.995,67.88],[-115.00177734374999,67.879990234375],[-115.007109375,67.87996093749999],[-115.01099609375001,67.879912109375],[-115.01343750000001,67.87984374999999],[-115.0203125,67.87953125],[-115.0219921875,67.87943359375001],[-115.02359375,67.879296875],[-115.0251171875,67.87912109375],[-115.02656250000001,67.87890625],[-115.0321875,67.87796875],[-115.03355468750001,67.87771484375],[-115.03484375000001,67.877421875],[-115.0360546875,67.87708984375],[-115.0371875,67.87671875],[-115.0415625,67.87515625],[-115.0426171875,67.87474609375],[-115.04359375000001,67.874296875],[-115.04449218750001,67.87380859375],[-115.04531250000001,67.87328125],[-115.04843749999999,67.87109375],[-115.04958984374998,67.870146484375],[-115.051484375,67.8683984375],[-115.05412109374998,67.865849609375],[-115.05749999999999,67.86250000000001],[-115.08,67.84]]}},{"type":"Feature","properties":{"id":"churchill-atlantic","name":"Churchill \u2192 Atlantic / Europe","category":"used","status":"Used logistics corridor \u00b7 seasonal","summary":"Churchill announced a Europe-bound grain loading in August 2026. The port links Canadian inland freight with international markets; the European endpoint here is only a gateway.","cargo":"Grain and other bulk exports; northern resupply.","season":"Current corridor is shown as seasonal, without assuming year-round operation.","waypoints":["Hudson Bay Railway (off-map)","Churchill","Hudson Bay","Hudson Strait","Labrador Sea","North Atlantic"],"constraints":["Rail and port handling capacity.","Ice and voyage schedules; this is not a Northwest Passage crossing."],"sources":[{"title":"Port of Churchill \u00b7 Europe-bound grain shipment, August 2026","url":"https://www.arcticgateway.com/agg-news/newsroom/first-grain-export-since-2020-loaded-at-port-of-churchill-bound-for-europe"}],"geometry_method":"Hand-placed schematic waypoints; not AIS tracks, official corridor boundaries or a navigational chart. Sea segments follow an approximate land mask, with rounded display corners where the coast allows; no depth or ice routing is performed."},"geometry":{"type":"LineString","coordinates":[[-94.2,58.76],[-94.2,58.78249999999999],[-94.199853515625,58.785996093749986],[-94.19941406250001,58.788984375],[-94.19868164062501,58.79146484374999],[-94.19765625000001,58.793437499999996],[-94.19296874999999,58.8003125],[-94.19150390624999,58.8023046875],[-94.189453125,58.80484374999999],[-94.18681640624999,58.8079296875],[-94.18359375,58.811562499999994],[-94.16953125,58.827187499999994],[-94.16572265625,58.8313671875],[-94.16132812500001,58.836093749999996],[-94.15634765625,58.8413671875],[-94.15078125000001,58.8471875],[-94.12734375000001,58.871562499999996],[-94.12119140625,58.87792968749999],[-94.11445312500001,58.88484374999999],[-94.10712890625001,58.89230468749999],[-94.09921875,58.90031249999999],[-94.06640625000001,58.9334375],[-94.054541015625,58.94537109374999],[-94.03535156250001,58.964609375],[-94.00883789062502,58.99115234375],[-93.97500000000001,59.025],[-93.82499999999999,59.175],[-93.79059570312498,59.208837890625],[-93.76238281249998,59.2353515625],[-93.74036132812498,59.25454101562501],[-93.72453124999998,59.26640625],[-93.67359375,59.299218749999994],[-93.66001953125,59.30712890624999],[-93.64476562499999,59.314453125],[-93.62783203125,59.321191406249994],[-93.60921875,59.32734375],[-93.53140624999999,59.35078125],[-93.51111328124999,59.35634765625],[-93.48914062499999,59.361328125],[-93.46548828124999,59.36572265625],[-93.44015624999999,59.36953125],[-93.33546874999999,59.38359375],[-93.30845703124999,59.386816406250006],[-93.279765625,59.389453124999996],[-93.24939453124998,59.391503906249994],[-93.21734374999998,59.39296875],[-93.08578124999998,59.39765625],[-93.03887695312498,59.39868164062499],[-92.96394531249999,59.3994140625],[-92.860986328125,59.399853515625],[-92.72999999999999,59.4],[-92.15,59.4],[-92.01909179687502,59.400029296875],[-91.9163671875,59.400117187499994],[-91.84182617187501,59.400263671874995],[-91.79546875000001,59.400468749999995],[-91.66640625000001,59.40140625],[-91.63513671875,59.40169921875],[-91.60585937500001,59.402109374999995],[-91.57857421875,59.40263671875],[-91.55328125,59.40328125],[-91.45609375,59.40609375],[-91.43279296875001,59.406855468749995],[-91.41148437499999,59.407734375],[-91.39216796874999,59.408730468749994],[-91.37484375,59.40984374999999],[-91.30953125000002,59.41453124999999],[-91.29419921875001,59.41576171874999],[-91.28085937500002,59.41710937499999],[-91.26951171875001,59.41857421874999],[-91.26015625000002,59.42015624999999],[-91.22671875,59.42671874999999],[-91.21721679687501,59.429091796874985],[-91.2054296875,59.43292968749999],[-91.191357421875,59.438232421874986],[-91.175,59.44499999999999],[-91.10499999999999,59.474999999999994],[-91.08874023437498,59.481767578124995],[-91.0749609375,59.487070312499995],[-91.063662109375,59.490908203124995],[-91.05484374999999,59.493281249999995],[-91.02453125,59.49984375],[-91.01615234375,59.50142578124999],[-91.00617187499998,59.50289062499999],[-90.99458984374999,59.50423828124999],[-90.98140624999999,59.50546874999999],[-90.92546875,59.51015625000001],[-90.91068359375,59.51126953125001],[-90.89429687500001,59.512265625],[-90.87630859375,59.513144531250006],[-90.85671875,59.513906250000005],[-90.77515625,59.516718749999995],[-90.75396484375,59.51736328125],[-90.731171875,59.51789062499999],[-90.70677734374999,59.51830078125],[-90.68078125,59.518593749999994],[-90.57359375,59.51953125],[-90.535146484375,59.519736328125],[-90.47339843750001,59.5198828125],[-90.388349609375,59.519970703125],[-90.28,59.519999999999996],[-89.8,59.519999999999996],[-89.69164062499999,59.520078125],[-89.6065625,59.5203125],[-89.544765625,59.520703125],[-89.50625,59.52125],[-89.39874999999999,59.52374999999999],[-89.37265624999999,59.52453124999999],[-89.348125,59.525625],[-89.32515624999999,59.52703124999999],[-89.30375,59.528749999999995],[-89.22125,59.53625],[-89.20140624999999,59.538281250000004],[-89.183125,59.540625000000006],[-89.16640625,59.54328125],[-89.15125,59.54625],[-89.09375,59.558749999999996],[-89.08015624999999,59.56203125],[-89.068125,59.565625],[-89.05765625000001,59.56953125],[-89.04875,59.57375],[-89.01625,59.59125],[-89.006640625,59.597578125],[-88.99406250000001,59.607812499999994],[-88.978515625,59.621953125000005],[-88.96000000000001,59.64],[-88.88,59.720000000000006],[-88.86133789062501,59.73804687500001],[-88.8453515625,59.752187500000005],[-88.832041015625,59.76242187500001],[-88.82140625,59.76875000000001],[-88.78421875000001,59.78625000000001],[-88.77384765625003,59.79046875],[-88.761328125,59.79437500000001],[-88.74666015625002,59.79796875000001],[-88.72984375000001,59.80125],[-88.65828125,59.813750000000006],[-88.63931640624999,59.81671875000001],[-88.61820312500001,59.81937500000001],[-88.59494140625,59.82171875],[-88.56953125000001,59.823750000000004],[-88.46359375000002,59.831250000000004],[-88.43603515625003,59.832968750000006],[-88.40632812500002,59.83437500000001],[-88.37447265625002,59.83546875000001],[-88.34046875000001,59.83625000000001],[-88.20015625000002,59.838750000000005],[-88.14977539062502,59.83929687500001],[-88.06878906250002,59.839687500000004],[-87.95719726562501,59.839921875],[-87.81500000000001,59.84],[-87.18499999999999,59.84],[-87.04260742187499,59.84027343750001],[-86.93042968749998,59.841093750000006],[-86.84846679687499,59.8424609375],[-86.79671875,59.84437500000001],[-86.65015625000001,59.853125000000006],[-86.61419921875,59.85585937500001],[-86.579609375,59.85968750000001],[-86.54638671875,59.86460937500001],[-86.51453125,59.870625000000004],[-86.38984374999998,59.89687500000001],[-86.35935546874998,59.90398437500001],[-86.33023437499997,59.9121875],[-86.30248046874999,59.921484375000006],[-86.27609374999999,59.931875000000005],[-86.17328124999999,59.975625],[-86.14826171874998,59.987109375],[-86.12460937499999,59.99968750000001],[-86.10232421874998,60.01335937500001],[-86.08140624999999,60.028125],[-86.00046875,60.089375000000004],[-85.974013671875,60.111523437500004],[-85.9351171875,60.147343750000005],[-85.88377929687499,60.196835937500005],[-85.82,60.260000000000005],[-85.54,60.54],[-85.47681640625001,60.60316406250001],[-85.42726562500002,60.65265625],[-85.39134765625002,60.6884765625],[-85.36906250000001,60.710625],[-85.3071875,60.771875],[-85.2922265625,60.786640625],[-85.27828125,60.800312500000004],[-85.2653515625,60.81289062500001],[-85.2534375,60.824375],[-85.2078125,60.868125000000006],[-85.1969140625,60.878515625000006],[-85.18703124999999,60.887812499999995],[-85.1781640625,60.896015625000004],[-85.1703125,60.903125],[-85.1409375,60.92937499999999],[-85.1341015625,60.93539062499999],[-85.12828125,60.9403125],[-85.1234765625,60.944140625],[-85.1196875,60.946875],[-85.1065625,60.955625],[-85.10306640625,60.957539062500004],[-85.09914062499999,60.958906250000005],[-85.09478515625,60.959726562499995],[-85.09,60.96],[-85.07,60.96],[-85.06547851562499,60.960009765624996],[-85.0619140625,60.9600390625],[-85.05930664062501,60.96008789062499],[-85.05765625000001,60.96015625],[-85.05296874999999,60.960468750000004],[-85.05181640625,60.96056640625],[-85.050703125,60.960703125],[-85.04962890625,60.96087890625],[-85.04859375,60.96109375],[-85.04453124999999,60.962031249999995],[-85.04353515624999,60.96228515625],[-85.04257812499999,60.962578125],[-85.04166015625,60.96291015625],[-85.04078125,60.963281249999994],[-85.03734374999999,60.96484375000001],[-85.03650390625,60.96525390625001],[-85.035703125,60.965703125000005],[-85.03494140625,60.966191406250005],[-85.03421875000001,60.966718750000005],[-85.03140625,60.96890625],[-85.030478515625,60.96969726562501],[-85.0291015625,60.9709765625],[-85.027275390625,60.972744140625],[-85.025,60.975],[-85.01499999999999,60.985],[-85.01217773437499,60.987255859375004],[-85.00871093749998,60.9890234375],[-85.00459960937499,60.99030273437499],[-84.99984375,60.99109375],[-84.97953125,60.99328125],[-84.97333984375,60.99380859375],[-84.964921875,60.994296875],[-84.95427734375,60.994746093749995],[-84.94140625,60.99515625],[-84.88546875,60.99671875],[-84.87037109375,60.997089843750004],[-84.853046875,60.997421875],[-84.83349609375,60.99771484375],[-84.81171875,60.99796875],[-84.72015625,60.998906250000005],[-84.69615234374999,60.999121093750006],[-84.669921875,60.999296875],[-84.64146484375,60.999433593750005],[-84.61078125,60.999531250000004],[-84.48359375,60.99984375],[-84.437646484375,60.999912109374996],[-84.3633984375,60.9999609375],[-84.26084960937499,60.999990234375],[-84.13,61.0],[-83.55,61.0],[-83.41912109374998,61.0000390625],[-83.31648437499999,61.00015625],[-83.24208984375,61.0003515625],[-83.19593749999999,61.000625],[-83.0678125,61.001875],[-83.0368359375,61.002265625],[-83.00796875,61.00281249999999],[-82.9812109375,61.00351562499999],[-82.95656249999999,61.004374999999996],[-82.8621875,61.008125],[-82.8396484375,61.009140625],[-82.81921875,61.0103125],[-82.8008984375,61.011640625],[-82.78468749999999,61.013125],[-82.7240625,61.019375],[-82.70996093749999,61.021015625],[-82.69796875,61.02281249999999],[-82.68808593749999,61.02476562499999],[-82.68031249999999,61.026875],[-82.6534375,61.035625],[-82.64630859374998,61.0387890625],[-82.638359375,61.04390625],[-82.62958984374998,61.0509765625],[-82.61999999999999,61.06],[-82.58,61.099999999999994],[-82.570322265625,61.10902343749999],[-82.5612890625,61.11609374999999],[-82.552900390625,61.121210937499995],[-82.54515624999999,61.12437499999999],[-82.51546875,61.133125],[-82.50681640625,61.135234374999996],[-82.49570312499999,61.137187499999996],[-82.48212890624998,61.138984375],[-82.46609374999998,61.140625],[-82.39703125,61.146874999999994],[-82.37853515625,61.148359375],[-82.357578125,61.14968749999999],[-82.33416015625,61.150859374999996],[-82.30828125,61.151875],[-82.19984375,61.155625],[-82.17150390625,61.156484375],[-82.140703125,61.15718749999999],[-82.10744140624999,61.157734375000004],[-82.07171875,61.158125],[-81.92390624999999,61.159375],[-81.870634765625,61.15964843749999],[-81.7847265625,61.15984375],[-81.666181640625,61.159960937499996],[-81.515,61.16],[-80.845,61.16],[-80.69356445312499,61.16028320312499],[-80.57425781250001,61.1611328125],[-80.48708007812502,61.162548828125],[-80.43203125000001,61.164531249999996],[-80.27609375,61.173593749999995],[-80.23783203125001,61.176425781249996],[-80.201015625,61.180390625],[-80.16564453125,61.18548828124999],[-80.13171875,61.19171874999999],[-79.99890625,61.218906249999996],[-79.96642578125001,61.22626953125],[-79.935390625,61.234765624999994],[-79.90580078125001,61.244394531249995],[-79.87765625,61.25515625],[-79.76796875000001,61.30046874999999],[-79.74126953125,61.31236328124999],[-79.71601562500001,61.325390625],[-79.69220703125,61.33955078125],[-79.66984375000001,61.35484374999999],[-79.58328125,61.41828125],[-79.55497070312501,61.441220703125],[-79.5133203125,61.478320312499996],[-79.458330078125,61.529580078125],[-79.39,61.595],[-79.09,61.885],[-79.02224609375,61.950458984375],[-78.96898437499999,62.0018359375],[-78.93021484375,62.03913085937501],[-78.9059375,62.062343750000004],[-78.83781250000001,62.12703125],[-78.82121093750001,62.14271484375],[-78.80546875000002,62.157421875000004],[-78.7905859375,62.17115234375001],[-78.77656250000001,62.18390625000001],[-78.72218749999999,62.23296875000001],[-78.70902343749998,62.24474609375002],[-78.69671874999999,62.255546875000014],[-78.6852734375,62.265371093750005],[-78.67468749999999,62.27421875000001],[-78.6340625,62.30765625000001],[-78.62433593749999,62.315527343750006],[-78.61546874999999,62.322421875],[-78.60746093750001,62.32833984375],[-78.6003125,62.33328125],[-78.5734375,62.35109375],[-78.56505859375,62.356240234374994],[-78.553359375,62.362773437499996],[-78.53833984375,62.370693359375],[-78.52,62.379999999999995],[-78.44,62.42],[-78.42190429687501,62.4290234375],[-78.4076171875,62.436093750000005],[-78.39713867187498,62.4412109375],[-78.39046875,62.444375],[-78.37140624999999,62.453125],[-78.36669921874999,62.455234375],[-78.362109375,62.4571875],[-78.35763671875,62.458984375],[-78.35328125,62.460625],[-78.33609374999999,62.466875],[-78.33185546874999,62.46835937499999],[-78.32773437499998,62.469687500000006],[-78.32373046875,62.470859374999996],[-78.31984374999999,62.471875],[-78.30453125,62.475625],[-78.30076171875001,62.476484375],[-78.29710937499999,62.47718750000001],[-78.29357421875,62.477734375],[-78.29015625,62.478125000000006],[-78.27671875,62.479375000000005],[-78.272216796875,62.4796484375],[-78.2654296875,62.47984375],[-78.25635742187501,62.4799609375],[-78.245,62.480000000000004],[-78.195,62.480000000000004],[-78.18369140624999,62.480029296875],[-78.17476562499999,62.4801171875],[-78.16822265625,62.480263671875],[-78.1640625,62.48046875],[-78.1521875,62.481406250000006],[-78.1492578125,62.48169921875],[-78.14640625,62.48210937500001],[-78.14363281249999,62.48263671875],[-78.14093749999999,62.483281250000005],[-78.1303125,62.486093749999995],[-78.1276953125,62.486855468749994],[-78.12515625,62.48773437499999],[-78.12269531249999,62.48873046874999],[-78.1203125,62.48984374999999],[-78.1109375,62.49453125000001],[-78.10863281250002,62.49576171875001],[-78.10640625,62.497109375],[-78.10425781250001,62.49857421875001],[-78.10218750000001,62.50015625],[-78.0940625,62.506718750000005],[-78.09087890625,62.50956054687501],[-78.085390625,62.514804687499996],[-78.07759765624999,62.522451171875005],[-78.0675,62.5325],[-78.0,62.6],[-77.9325,62.6],[-77.92244140625,62.600009765625],[-77.914765625,62.6000390625],[-77.90947265624999,62.600087890625005],[-77.90656249999999,62.600156250000005],[-77.89968749999998,62.60046875],[-77.89800781249998,62.600566406249996],[-77.89640624999998,62.600703124999995],[-77.89488281249999,62.60087890625],[-77.89343749999998,62.601093750000004],[-77.8878125,62.60203125],[-77.8864453125,62.602285156250005],[-77.88515625,62.60257812500001],[-77.8839453125,62.60291015625],[-77.8828125,62.60328125],[-77.87843749999999,62.60484375],[-77.87738281249999,62.60525390625],[-77.87640625,62.605703125],[-77.87550781249999,62.606191406250005],[-77.8746875,62.60671875],[-77.87156250000001,62.60890625],[-77.87056640625,62.609697265624995],[-77.869140625,62.6109765625],[-77.86728515625,62.612744140625],[-77.86500000000001,62.614999999999995],[-77.85499999999999,62.625],[-77.85239257812499,62.627255859375],[-77.84957031249999,62.629023437499995],[-77.84653320312499,62.63030273437501],[-77.84328124999999,62.631093750000005],[-77.82984375000001,62.63328125],[-77.82580078125001,62.63380859375001],[-77.820390625,62.634296875000004],[-77.81361328125001,62.63474609375001],[-77.80546875,62.63515625000001],[-77.77015625,62.63671875000001],[-77.76064453125001,62.63708984375001],[-77.74976562500001,62.637421875],[-77.73751953125,62.637714843750004],[-77.72390625,62.637968750000006],[-77.66671875,62.638906250000005],[-77.65173828125,62.63912109375],[-77.635390625,62.639296875],[-77.61767578125,62.63943359375],[-77.59859375,62.639531250000005],[-77.51953125,62.639843750000004],[-77.490986328125,62.639912109375004],[-77.4448828125,62.63996093750001],[-77.381220703125,62.639990234375006],[-77.3,62.64],[-76.94,62.64],[-76.85869140625,62.6400390625],[-76.794765625,62.640156250000004],[-76.74822265625,62.6403515625],[-76.71906249999999,62.640625],[-76.63718749999998,62.641875],[-76.61722656249998,62.642265625],[-76.59828124999999,62.6428125],[-76.58035156249997,62.643515625000006],[-76.56343749999998,62.644375000000004],[-76.4978125,62.64812500000001],[-76.48191406249998,62.649140625000015],[-76.46703124999999,62.6503125],[-76.4531640625,62.651640625000006],[-76.44031249999999,62.653125],[-76.39093749999999,62.659375000000004],[-76.3791015625,62.661015625000005],[-76.36828125,62.66281250000001],[-76.35847656249999,62.664765625],[-76.3496875,62.666875000000005],[-76.31656249999999,62.67562500000001],[-76.30619140625,62.67878906250001],[-76.291640625,62.68390625000001],[-76.27291015624999,62.69097656250001],[-76.25,62.7],[-76.14999999999999,62.739999999999995],[-76.12693359374998,62.74902343749999],[-76.10773437499999,62.75609374999999],[-76.09240234375,62.76121093749999],[-76.0809375,62.76437499999999],[-76.0428125,62.77312499999999],[-76.0324609375,62.77523437499999],[-76.02046875,62.77718749999999],[-76.0068359375,62.77898437499999],[-75.9915625,62.78062499999999],[-75.9271875,62.786874999999995],[-75.9102734375,62.78835937499999],[-75.89171875,62.7896875],[-75.8715234375,62.790859375],[-75.8496875,62.79187499999999],[-75.7590625,62.795624999999994],[-75.7355859375,62.796484375],[-75.71046875,62.79718749999999],[-75.68371093750001,62.797734375],[-75.65531250000001,62.798125],[-75.5384375,62.79937499999999],[-75.49662109375,62.79964843749999],[-75.42960937500001,62.799843749999994],[-75.33740234375,62.79996093749999],[-75.22,62.8],[-74.7,62.8],[-74.582626953125,62.79993164062499],[-74.4905078125,62.79972656249999],[-74.423642578125,62.79938476562499],[-74.38203125,62.798906249999995],[-74.26609375,62.79671875],[-74.23798828125,62.79603515624999],[-74.211640625,62.79507812499999],[-74.18705078125001,62.793847656249994],[-74.16421875,62.79234374999999],[-74.07640624999999,62.78578124999999],[-74.05533203124999,62.78400390624999],[-74.036015625,62.781953124999994],[-74.01845703125,62.77962890624999],[-74.00265625,62.77703124999999],[-73.94296875,62.76609374999999],[-73.92892578125,62.763222656249994],[-73.91664062500001,62.760078124999986],[-73.90611328125001,62.756660156249986],[-73.89734375,62.75296874999999],[-73.86578125,62.737656249999986],[-73.856689453125,62.73211914062499],[-73.8451953125,62.72316406249999],[-73.831298828125,62.71079101562499],[-73.815,62.69499999999999],[-73.745,62.625],[-73.72900390625001,62.609208984375],[-73.71601562500001,62.5968359375],[-73.70603515625001,62.587880859375005],[-73.69906250000001,62.58234375000001],[-73.6771875,62.56703125000001],[-73.6714453125,62.56333984375],[-73.66515625000001,62.55992187500001],[-73.65832031250002,62.55677734375001],[-73.65093750000001,62.553906250000004],[-73.6203125,62.54296875],[-73.6123828125,62.54037109375],[-73.60390625,62.53804687499999],[-73.5948828125,62.53599609375],[-73.5853125,62.534218749999994],[-73.54593750000001,62.52765625],[-73.53582031250001,62.52615234375],[-73.52515625000001,62.524921875],[-73.5139453125,62.523964843749994],[-73.5021875,62.52328125],[-73.4540625,62.52109375],[-73.43697265625,62.520615234375],[-73.409765625,62.520273437499995],[-73.37244140625,62.520068359374996],[-73.325,62.519999999999996],[-73.115,62.519999999999996],[-73.06743164062499,62.519921874999994],[-73.0297265625,62.5196875],[-73.001884765625,62.519296874999995],[-72.98390624999999,62.51875],[-72.93171874999999,62.51625],[-72.91869140624999,62.515468750000004],[-72.90570312499999,62.514375],[-72.89275390625,62.512968750000006],[-72.87984374999999,62.511250000000004],[-72.82828124999999,62.50375],[-72.81541015625,62.501718749999995],[-72.802578125,62.499375],[-72.78978515624999,62.49671875],[-72.77703125,62.49375],[-72.72609375,62.48125],[-72.71337890625,62.47796875],[-72.700703125,62.474375],[-72.68806640624999,62.470468749999995],[-72.67546875,62.46625],[-72.62515625,62.44875],[-72.607900390625,62.442421874999994],[-72.58128906249999,62.4321875],[-72.545322265625,62.418046875],[-72.5,62.4],[-72.30000000000001,62.32],[-72.254638671875,62.301953125],[-72.2185546875,62.2878125],[-72.191748046875,62.277578125],[-72.17421875000001,62.27125],[-72.12265625,62.253750000000004],[-72.10966796875,62.249531250000004],[-72.09648437500002,62.245625000000004],[-72.08310546875,62.24203125000001],[-72.06953125000001,62.23875],[-72.01484375,62.22625],[-72.00107421875,62.22328125],[-71.98710937499999,62.220625],[-71.97294921874999,62.21828125],[-71.95859374999999,62.21625],[-71.90078125000001,62.20875],[-71.88623046875001,62.20703125],[-71.871484375,62.205625],[-71.85654296875,62.20453125],[-71.84140625,62.20375],[-71.78046875,62.20125000000001],[-71.75932617187499,62.20070312500001],[-71.7263671875,62.20031250000001],[-71.681591796875,62.200078125000005],[-71.625,62.2],[-71.375,62.2],[-71.318564453125,62.19996093750001],[-71.2742578125,62.19984375000001],[-71.242080078125,62.1996484375],[-71.22203125,62.199375],[-71.16609375,62.198125000000005],[-71.15251953125,62.19773437500001],[-71.13976562500001,62.197187500000005],[-71.12783203125001,62.19648437500001],[-71.11671875,62.19562500000001],[-71.07390625000001,62.19187500000001],[-71.06361328125001,62.19085937500001],[-71.054140625,62.18968750000001],[-71.04548828125002,62.18835937500001],[-71.03765625000001,62.18687500000001],[-71.00796875,62.180625000000006],[-71.00095703125001,62.178984375000006],[-70.99476562500001,62.17718750000001],[-70.98939453125001,62.175234375],[-70.98484375000001,62.173125000000006],[-70.96828125,62.16437500000001],[-70.96340820312501,62.16121093750001],[-70.95707031250001,62.15609375],[-70.949267578125,62.149023437500006],[-70.94,62.14],[-70.9,62.1],[-70.89011718750001,62.0909765625],[-70.88046875,62.08390625],[-70.87105468749999,62.0787890625],[-70.861875,62.075625],[-70.825625,62.066874999999996],[-70.814921875,62.064765625],[-70.8009375,62.06281249999999],[-70.783671875,62.061015625],[-70.763125,62.059375],[-70.674375,62.053124999999994],[-70.650546875,62.051640625],[-70.6234375,62.0503125],[-70.593046875,62.049140625],[-70.559375,62.048125],[-70.418125,62.044375],[-70.381171875,62.043515625],[-70.34093750000001,62.042812500000004],[-70.29742187500001,62.042265625],[-70.25062500000001,62.041875],[-70.056875,62.040625000000006],[-69.98699218750001,62.0403515625],[-69.87421875000001,62.04015625],[-69.7185546875,62.0400390625],[-69.52000000000001,62.04],[-68.63999999999999,62.04],[-68.44147460937499,62.039990234375004],[-68.28589843749998,62.0399609375],[-68.173271484375,62.03991210937501],[-68.10359374999999,62.03984375],[-67.91078125,62.039531249999996],[-67.86427734375,62.03943359375],[-67.821171875,62.039296875],[-67.78146484375,62.03912109375],[-67.74515625000001,62.03890625],[-67.60671875,62.037968750000005],[-67.57380859374999,62.03771484375],[-67.54429687499999,62.037421875],[-67.51818359375,62.03708984375],[-67.49546874999999,62.036718750000006],[-67.41140625,62.03515624999999],[-67.39208984375,62.03474609374999],[-67.376171875,62.034296874999995],[-67.36365234375,62.033808593749995],[-67.35453125,62.033281249999995],[-67.32484375,62.03109375],[-67.318037109375,62.03030273437499],[-67.3124609375,62.0290234375],[-67.30811523437501,62.027255859375],[-67.305,62.025],[-67.29499999999999,62.015],[-67.29264648437498,62.012744140624996],[-67.2905859375,62.0109765625],[-67.288818359375,62.00969726562501],[-67.28734374999999,62.00890625],[-67.28203124999999,62.00671875],[-67.28052734375,62.00619140625],[-67.278671875,62.005703125],[-67.27646484374999,62.005253906250005],[-67.27390625,62.00484375],[-67.26296875,62.00328125],[-67.26005859375,62.002910156249996],[-67.25679687499999,62.002578125],[-67.25318359375,62.00228515625],[-67.24921875,62.00203125],[-67.23265625,62.001093749999995],[-67.22833984375,62.000878906249994],[-67.22367187500001,62.000703125],[-67.21865234375001,62.000566406249995],[-67.21328125000001,62.000468749999996],[-67.19109375000001,62.00015625],[-67.18311523437501,62.000087890625004],[-67.1702734375,62.0000390625],[-67.152568359375,62.000009765625],[-67.13,62.0],[-67.03,62.0],[-67.0073828125,61.99994140625],[-66.98953125,61.999765625],[-66.97644531249999,61.99947265625],[-66.96812499999999,61.9990625],[-66.94437499999998,61.9971875],[-66.93851562499998,61.996601562500004],[-66.93281249999998,61.99578125],[-66.92726562499999,61.994726562500006],[-66.92187499999999,61.9934375],[-66.90062499999999,61.9878125],[-66.89539062499999,61.98628906249999],[-66.8903125,61.984531249999996],[-66.88539062499999,61.982539062499995],[-66.88062499999998,61.9803125],[-66.861875,61.970937500000005],[-66.857265625,61.9684765625],[-66.8528125,61.96578125],[-66.84851562499999,61.9628515625],[-66.84437499999999,61.9596875],[-66.828125,61.9465625],[-66.8226953125,61.94181640625],[-66.81453124999999,61.934140625],[-66.80363281249998,61.92353515625],[-66.78999999999999,61.91],[-66.73,61.85],[-66.71642578125001,61.836455078125],[-66.705703125,61.8258203125],[-66.69783203125,61.81809570312501],[-66.6928125,61.81328125],[-66.6784375,61.79984375],[-66.6748828125,61.796582031250004],[-66.67140625,61.793515625000005],[-66.66800781250001,61.79064453125],[-66.66468750000001,61.787968750000005],[-66.65156250000001,61.77765625],[-66.6483203125,61.77517578125],[-66.64515625000001,61.772890625],[-66.64207031250001,61.77080078125],[-66.63906250000001,61.76890625],[-66.6271875,61.76171875],[-66.6242578125,61.760019531249995],[-66.62140625,61.758515625],[-66.6186328125,61.757207031250005],[-66.6159375,61.75609375],[-66.6053125,61.75203125],[-66.60173828125,61.750830078125],[-66.596328125,61.749257812500005],[-66.58908203125,61.747314453125],[-66.58,61.745],[-66.54,61.735],[-66.530947265625,61.732724609375],[-66.5237890625,61.7308984375],[-66.518525390625,61.729521484375],[-66.51515625,61.72859375],[-66.50546874999999,61.72578124999999],[-66.50306640624999,61.72505859374999],[-66.500703125,61.72429687499999],[-66.49837890625,61.723496093749986],[-66.49609375,61.72265624999999],[-66.48703125,61.719218749999996],[-66.48478515625,61.718339843749995],[-66.482578125,61.717421875],[-66.48041015625,61.71646484375],[-66.47828125,61.71546875],[-66.46984375000001,61.71140625],[-66.46775390625001,61.710371093750005],[-66.465703125,61.70929687500001],[-66.46369140625,61.70818359375],[-66.46171875,61.70703125],[-66.45390625,61.70234375000001],[-66.45125976562501,61.70069335937501],[-66.4472265625,61.698085937500004],[-66.441806640625,61.694521484375],[-66.435,61.690000000000005],[-66.405,61.67],[-66.398154296875,61.66546875],[-66.39261718750001,61.661875],[-66.38838867187499,61.65921875000001],[-66.38546875,61.657500000000006],[-66.37640625,61.6525],[-66.37404296875,61.651250000000005],[-66.371484375,61.650000000000006],[-66.36873046875,61.64875000000001],[-66.36578125,61.64750000000001],[-66.35359375,61.642500000000005],[-66.35044921875,61.64125000000001],[-66.347109375,61.64],[-66.34357421875,61.63875],[-66.33984375,61.6375],[-66.32453125,61.63250000000001],[-66.32060546875,61.631250000000016],[-66.316484375,61.63000000000001],[-66.31216796875,61.62875000000001],[-66.30765625000001,61.62750000000001],[-66.28921875,61.6225],[-66.282685546875,61.62078125],[-66.2723046875,61.618125000000006],[-66.25807617187499,61.61453125],[-66.24,61.61],[-66.16,61.59],[-66.14194335937499,61.585478515625006],[-66.1277734375,61.581914062500005],[-66.11749023437498,61.579306640625006],[-66.11109374999998,61.577656250000004],[-66.09328124999999,61.57296875],[-66.08896484374999,61.571816406249994],[-66.08492187499999,61.570703124999994],[-66.08115234374999,61.56962890625],[-66.07765624999999,61.56859375],[-66.06421875000001,61.56453125],[-66.06099609375,61.56353515625],[-66.058046875,61.562578125],[-66.05537109375001,61.56166015625],[-66.05296875,61.56078125],[-66.04390624999999,61.557343749999994],[-66.04177734374998,61.55650390625],[-66.03992187499999,61.555703124999994],[-66.03833984374998,61.554941406249995],[-66.03703124999998,61.55421874999999],[-66.03234375,61.55140624999999],[-66.031005859375,61.55047851562499],[-66.02933593750001,61.54910156249999],[-66.027333984375,61.547275390624996],[-66.025,61.544999999999995],[-66.01499999999999,61.535],[-66.01257812499999,61.53274414062499],[-66.0103125,61.5309765625],[-66.008203125,61.529697265625],[-66.00625,61.52890625],[-65.99874999999999,61.52671875],[-65.99656249999998,61.52619140624999],[-65.99374999999999,61.525703125],[-65.99031249999999,61.52525390625],[-65.98624999999998,61.52484375],[-65.96875,61.52328125],[-65.9640625,61.52291015624999],[-65.95875,61.522578124999995],[-65.9528125,61.52228515625],[-65.94624999999999,61.52203125],[-65.91875,61.52109374999999],[-65.9115625,61.52087890624999],[-65.90375,61.52070312499999],[-65.8953125,61.52056640624999],[-65.88625,61.52046874999999],[-65.84875,61.52015625],[-65.835234375,61.520087890625],[-65.81343749999999,61.52003906249999],[-65.783359375,61.520009765625],[-65.745,61.519999999999996],[-65.57499999999999,61.519999999999996],[-65.53659179687499,61.519970703125],[-65.50636718749999,61.5198828125],[-65.484326171875,61.519736328125],[-65.47046875,61.51953125],[-65.43140625,61.518593749999994],[-65.42185546875,61.51830078125],[-65.41273437499999,61.51789062499999],[-65.40404296874999,61.51736328125],[-65.39578125,61.516718749999995],[-65.36359374999999,61.513906250000005],[-65.35576171874999,61.513144531250006],[-65.348359375,61.51226562500001],[-65.34138671875,61.51126953125001],[-65.33484375,61.51015625000001],[-65.30953124999999,61.50546874999999],[-65.30341796875,61.50423828124999],[-65.297734375,61.502890625],[-65.29248046875,61.50142578124999],[-65.28765625,61.49984375],[-65.26921875,61.493281249999995],[-65.26331054687499,61.490908203124995],[-65.25480468749998,61.4870703125],[-65.24370117187499,61.481767578125],[-65.22999999999999,61.474999999999994],[-65.17,61.44499999999999],[-65.1564453125,61.43821289062499],[-65.14578125,61.43285156249999],[-65.1380078125,61.42891601562499],[-65.133125,61.426406249999985],[-65.11937499999999,61.41921875],[-65.11601562499999,61.41744140625],[-65.11281249999999,61.41570312499999],[-65.109765625,61.41400390625],[-65.106875,61.41234375],[-65.095625,61.40578124999999],[-65.092890625,61.40416015624999],[-65.0903125,61.40257812499999],[-65.087890625,61.401035156249996],[-65.085625,61.399531249999995],[-65.076875,61.39359375],[-65.074765625,61.39212890625],[-65.0728125,61.390703125],[-65.071015625,61.38931640625],[-65.069375,61.38796875],[-65.063125,61.38265625],[-65.0611328125,61.380869140624995],[-65.05828125000001,61.3781640625],[-65.0545703125,61.37454101562499],[-65.05,61.37],[-65.03,61.35],[-65.024833984375,61.345488281250006],[-65.0193359375,61.341953125],[-65.013505859375,61.33939453125001],[-65.00734375,61.337812500000005],[-64.98203124999999,61.3334375],[-64.97443359374999,61.33238281249999],[-64.964296875,61.33140625000001],[-64.95162109374999,61.3305078125],[-64.93640624999999,61.329687500000006],[-64.87046875,61.32656250000001],[-64.85271484375,61.32582031250001],[-64.832421875,61.32515625],[-64.80958984374999,61.32457031250001],[-64.78421875,61.324062500000004],[-64.67765625,61.3221875],[-64.64974609375,61.3217578125],[-64.619296875,61.321406249999995],[-64.58630859375,61.3211328125],[-64.55078125,61.3209375],[-64.40359375,61.3203125],[-64.350458984375,61.32017578125001],[-64.2646484375,61.320078124999995],[-64.14616210937501,61.32001953125],[-63.995000000000005,61.32],[-63.32499999999999,61.32],[-63.17353515624999,61.319873046874996],[-63.05414062499999,61.3194921875],[-62.96681640624999,61.318857421875],[-62.91156249999999,61.317968750000006],[-62.7546875,61.31390625],[-62.71613281250001,61.31263671875],[-62.678906250000004,61.310859375],[-62.6430078125,61.30857421875001],[-62.6084375,61.30578125],[-62.4728125,61.29359375],[-62.4395703125,61.29029296875],[-62.40765625,61.286484375],[-62.3770703125,61.28216796875],[-62.3478125,61.27734375],[-62.2334375,61.257031250000004],[-62.2055078125,61.251699218750005],[-62.17890625,61.24585937500001],[-62.15363281250001,61.23951171875001],[-62.1296875,61.232656250000005],[-62.03656249999999,61.204218749999995],[-62.00587890624999,61.193935546875],[-61.96039062499999,61.1773046875],[-61.90009765625,61.154326171875],[-61.82499999999999,61.125],[-61.495000000000005,60.99499999999999],[-61.419941406250004,60.96567382812499],[-61.359765625,60.942695312499986],[-61.314472656250004,60.92606445312499],[-61.284062500000005,60.91578124999999],[-61.1921875,60.887343749999985],[-61.1686328125,60.88048828124998],[-61.14390625,60.87414062499999],[-61.1180078125,60.868300781249985],[-61.090937499999995,60.86296874999999],[-60.9803125,60.84265625],[-60.95207031249999,60.837832031249995],[-60.922656249999996,60.833515625],[-60.89207031249999,60.82970703125],[-60.86031249999999,60.82640625],[-60.73093750000001,60.814218749999995],[-60.69800781250001,60.811425781249994],[-60.66390625000001,60.809140625],[-60.62863281250001,60.80736328124999],[-60.59218750000001,60.80609374999999],[-60.4440625,60.80203124999999],[-60.391972656250005,60.80114257812499],[-60.309765625000004,60.8005078125],[-60.19744140625001,60.80012695312499],[-60.05500000000001,60.8],[-59.425,60.8],[-59.28278320312499,60.79990234374999],[-59.17113281249999,60.79960937499999],[-59.09004882812499,60.79912109374999],[-59.039531249999996,60.79843749999999],[-58.89859375,60.795312499999994],[-58.86439453125001,60.794335937499994],[-58.832265625000005,60.79296875],[-58.802207031250006,60.7912109375],[-58.77421875,60.7890625],[-58.666406249999994,60.779687499999994],[-58.64048828124999,60.777148437499996],[-58.616640624999995,60.77421874999999],[-58.59486328124999,60.770898437499994],[-58.57515624999999,60.76718749999999],[-58.500468749999996,60.75156249999999],[-58.48283203125,60.747460937499994],[-58.467265624999996,60.742968749999996],[-58.45376953125,60.738085937499996],[-58.44234375,60.732812499999994],[-58.400781249999994,60.7109375],[-58.388564453125,60.70302734375],[-58.3726953125,60.690234374999996],[-58.353173828125,60.67255859375],[-58.33,60.65],[-58.230000000000004,60.55],[-58.20739257812501,60.527421874999995],[-58.18957031250001,60.5096875],[-58.17653320312501,60.496796875],[-58.16828125000001,60.488749999999996],[-58.14484375000001,60.46625],[-58.13908203125001,60.46078125],[-58.13351562500001,60.455625],[-58.12814453125,60.450781250000006],[-58.122968750000005,60.446250000000006],[-58.10265625,60.428749999999994],[-58.09767578125001,60.42453125],[-58.092890624999995,60.420625],[-58.08830078125,60.417031249999994],[-58.08390625,60.41374999999999],[-58.06671875,60.401250000000005],[-58.06251953125,60.398281250000004],[-58.058515625000005,60.395624999999995],[-58.054707031250004,60.39328125],[-58.05109375,60.39125],[-58.03703125,60.38374999999999],[-58.032392578125005,60.38148437499999],[-58.025507812499995,60.3784375],[-58.016376953125,60.37460937499999],[-58.004999999999995,60.37],[-57.95499999999999,60.35],[-57.94357421874999,60.345341796875005],[-57.93429687499999,60.3413671875],[-57.927167968749984,60.338076171875],[-57.92218749999999,60.335468750000004],[-57.90656249999999,60.32640625],[-57.90246093749999,60.32388671875],[-57.89796874999999,60.320859375],[-57.89308593749999,60.31732421875],[-57.88781249999999,60.31328125],[-57.8659375,60.296093750000004],[-57.8602734375,60.29154296875001],[-57.85421875,60.28648437500001],[-57.847773437499995,60.28091796875],[-57.840937499999995,60.27484375],[-57.8128125,60.249531250000004],[-57.8055859375,60.24294921875],[-57.79796875,60.235859375000004],[-57.7899609375,60.22826171875],[-57.7815625,60.22015625],[-57.747187499999995,60.18671875],[-57.734980468749995,60.174716796874996],[-57.715546874999994,60.155429687499996],[-57.68888671875,60.128857421875],[-57.655,60.095],[-57.504999999999995,59.94499999999999],[-57.470927734374996,59.91116210937499],[-57.4437109375,59.8846484375],[-57.423349609374995,59.865458984374996],[-57.40984374999999,59.853593749999995],[-57.369531249999994,59.820781249999996],[-57.359277343749994,59.81287109374999],[-57.348671874999994,59.80554687499999],[-57.33771484374999,59.79880859374999],[-57.32640624999999,59.79265624999999],[-57.28046875,59.76921875],[-57.268808593749995,59.763652343749996],[-57.256796875,59.758671875000005],[-57.24443359375,59.754277343750005],[-57.23171875,59.75046875],[-57.180156249999996,59.73640625],[-57.16708984375,59.73318359375],[-57.153671875,59.73054687500001],[-57.139902343749995,59.72849609375001],[-57.125781249999996,59.72703125],[-57.068593750000005,59.72234375],[-57.048583984375,59.721318359375005],[-57.0171484375,59.7205859375],[-56.974287109375,59.720146484375],[-56.92,59.72],[-56.67999999999999,59.72],[-56.62583007812499,59.719980468749995],[-56.58332031249999,59.719921875],[-56.552470703124996,59.71982421875],[-56.533281249999995,59.7196875],[-56.47984374999999,59.7190625],[-56.46689453124999,59.7188671875],[-56.45476562499999,59.718593750000004],[-56.44345703124999,59.718242187499996],[-56.43296874999999,59.7178125],[-56.392656249999995,59.7159375],[-56.38298828124999,59.715429687500006],[-56.374140624999995,59.71484375],[-56.366113281249994,59.71417968750001],[-56.35890624999999,59.713437500000005],[-56.33171874999999,59.7103125],[-56.32533203124999,59.709492187500004],[-56.319765624999995,59.708593750000006],[-56.31501953124999,59.707617187500006],[-56.31109374999999,59.706562500000004],[-56.29703124999999,59.70218750000001],[-56.29301757812499,59.70060546875001],[-56.288007812499984,59.698046875],[-56.28200195312499,59.69451171875001],[-56.27499999999999,59.690000000000005],[-56.245,59.67],[-56.23818359375,59.665478515625],[-56.23273437500001,59.6619140625],[-56.22865234375,59.659306640625005],[-56.2259375,59.65765625],[-56.21781250000001,59.65296875000001],[-56.215742187500005,59.651816406250006],[-56.21359375,59.65070312500001],[-56.2113671875,59.64962890625001],[-56.2090625,59.64859375],[-56.1996875,59.64453125],[-56.1973046875,59.64353515625],[-56.194843750000004,59.642578125],[-56.1923046875,59.641660156250005],[-56.189687500000005,59.64078125],[-56.1790625,59.63734375],[-56.1763671875,59.63650390625],[-56.17359375,59.635703125000006],[-56.170742187500004,59.63494140625],[-56.167812500000004,59.63421875],[-56.15593750000001,59.631406250000005],[-56.151777343750005,59.630478515625],[-56.145234375,59.629101562500004],[-56.13630859375,59.627275390625],[-56.125,59.625],[-56.074999999999996,59.614999999999995],[-56.063691406249994,59.61272460937499],[-56.054765624999995,59.6108984375],[-56.04822265624999,59.609521484374994],[-56.044062499999995,59.60859375],[-56.032187500000006,59.60578125000001],[-56.029257812500006,59.60505859375001],[-56.02640625000001,59.604296875],[-56.023632812500004,59.60349609375001],[-56.0209375,59.60265625],[-56.010312500000005,59.59921875],[-56.007695312500005,59.59833984375],[-56.005156250000006,59.597421874999995],[-56.00269531250001,59.59646484375],[-56.00031250000001,59.595468749999995],[-55.9909375,59.59140625],[-55.9886328125,59.59037109375],[-55.98640625,59.589296875],[-55.984257812500005,59.588183593749996],[-55.9821875,59.587031249999995],[-55.9740625,59.58234375000001],[-55.97134765625,59.58069335937501],[-55.967265624999996,59.5780859375],[-55.961816406249994,59.574521484375],[-55.955,59.57],[-55.925,59.55],[-55.918212890625,59.545488281249995],[-55.9128515625,59.541953125],[-55.908916015624996,59.53939453125],[-55.906406249999996,59.5378125],[-55.899218749999996,59.5334375],[-55.897441406249996,59.5323828125],[-55.895703125,59.531406249999996],[-55.89400390624999,59.5305078125],[-55.892343749999995,59.529687499999994],[-55.885781249999994,59.5265625],[-55.88416015625,59.525820312499995],[-55.88257812499999,59.525156249999995],[-55.88103515624999,59.5245703125],[-55.87953124999999,59.5240625],[-55.87359375,59.52218749999999],[-55.87212890625,59.521757812499985],[-55.87070312499999,59.52140625],[-55.86931640625,59.521132812499985],[-55.86796875,59.52093749999999],[-55.86265624999999,59.5203125],[-55.86086914062499,59.52017578125],[-55.858164062499995,59.520078125],[-55.854541015624996,59.52001953125],[-55.849999999999994,59.519999999999996],[-55.83,59.519999999999996],[-55.825410156249994,59.519960937499995],[-55.821640624999986,59.51984375],[-55.81869140624999,59.519648437499995],[-55.81656249999999,59.519375],[-55.809687499999995,59.518125],[-55.8078515625,59.517734375],[-55.805781249999995,59.5171875],[-55.803476562499995,59.516484375000005],[-55.800937499999996,59.515625],[-55.7903125,59.511875],[-55.7875390625,59.51085937500001],[-55.78453125,59.509687500000005],[-55.781289062499994,59.50835937500001],[-55.777812499999996,59.50687500000001],[-55.763437499999995,59.500625],[-55.7597265625,59.498984375],[-55.75578125,59.49718750000001],[-55.7516015625,59.495234375],[-55.747187499999995,59.493125000000006],[-55.7290625,59.484375],[-55.722597656249995,59.4812109375],[-55.712265625,59.476093750000004],[-55.69806640625,59.4690234375],[-55.68,59.459999999999994],[-55.6,59.42],[-55.58193359375,59.4109765625],[-55.567734375,59.40390624999999],[-55.557402343750006,59.3987890625],[-55.5509375,59.395624999999995],[-55.532812500000006,59.38687499999999],[-55.5283984375,59.38476562499999],[-55.52421875,59.382812499999986],[-55.52027343750001,59.38101562499999],[-55.516562500000006,59.379374999999996],[-55.502187500000005,59.373125],[-55.49871093750001,59.371640625],[-55.49546875,59.37031250000001],[-55.4924609375,59.369140625],[-55.4896875,59.368125000000006],[-55.4790625,59.364374999999995],[-55.4765234375,59.36351562499999],[-55.47421874999999,59.3628125],[-55.472148437499996,59.362265625],[-55.47031249999999,59.361875],[-55.4634375,59.360625],[-55.461308593750005,59.3603515625],[-55.458359375,59.36015625],[-55.45458984375,59.3600390625],[-55.45,59.36],[-55.42999999999999,59.36],[-55.42545898437499,59.359980468749995],[-55.42183593749999,59.359921875],[-55.419130859375,59.35982421874999],[-55.41734375,59.35968749999999],[-55.41203125,59.35906250000001],[-55.41068359375,59.35886718750001],[-55.409296875,59.358593750000004],[-55.40787109375,59.3582421875],[-55.40640625,59.3578125],[-55.40046875,59.355937499999996],[-55.39896484375,59.3554296875],[-55.39742187499999,59.35484375],[-55.39583984375,59.3541796875],[-55.39421875,59.3534375],[-55.38765624999999,59.350312499999994],[-55.385996093749995,59.3494921875],[-55.38429687499999,59.34859375],[-55.38255859374999,59.34761718749999],[-55.38078125,59.3465625],[-55.37359375,59.342187499999994],[-55.371083984375,59.34060546875],[-55.3671484375,59.33804687499999],[-55.361787109375,59.33451171875],[-55.355,59.33],[-55.325,59.309999999999995],[-55.318212890625006,59.30548828124999],[-55.3128515625,59.301953125],[-55.308916015625,59.29939453124999],[-55.30640625,59.29781249999999],[-55.29921875,59.293437499999996],[-55.29744140625,59.292382812499994],[-55.295703125,59.29140624999999],[-55.29400390625,59.29050781249999],[-55.29234375,59.28968749999999],[-55.28578125,59.2865625],[-55.284160156249996,59.2858203125],[-55.282578125,59.28515625],[-55.28103515625,59.28457031250001],[-55.27953125,59.284062500000005],[-55.27359375,59.2821875],[-55.27212890625001,59.281757812500004],[-55.27070312500001,59.281406249999996],[-55.269316406250006,59.281132812500005],[-55.26796875000001,59.2809375],[-55.262656250000006,59.2803125],[-55.260869140625005,59.280175781249994],[-55.2581640625,59.280078125],[-55.25454101562501,59.28001953125],[-55.25000000000001,59.28],[-55.230000000000004,59.28],[-55.225361328125004,59.27994140625],[-55.22144531250001,59.279765625],[-55.218251953125005,59.27947265625],[-55.215781250000006,59.2790625],[-55.20734375000001,59.277187500000004],[-55.20501953125001,59.276601562500005],[-55.202265625,59.27578125],[-55.19908203125001,59.27472656250001],[-55.19546875,59.2734375],[-55.180156249999996,59.267812500000005],[-55.17611328125,59.26628906250001],[-55.171640625,59.264531250000005],[-55.16673828125,59.262539062500004],[-55.16140625,59.260312500000005],[-55.13921875000001,59.250937500000006],[-55.13345703125002,59.2484765625],[-55.12726562500001,59.24578125000001],[-55.12064453125001,59.2428515625],[-55.11359375000001,59.2396875],[-55.08453125000001,59.2265625],[-55.07411132812501,59.22181640625],[-55.05738281250001,59.214140625],[-55.03434570312501,59.20353515625],[-55.00500000000001,59.19],[-54.874999999999986,59.13],[-54.84565429687498,59.11646484375001],[-54.822617187499986,59.105859375],[-54.80588867187498,59.09818359375],[-54.79546874999998,59.0934375],[-54.76640624999999,59.0803125],[-54.75935546874999,59.0771484375],[-54.75273437499999,59.07421875],[-54.74654296874999,59.0715234375],[-54.74078124999999,59.0690625],[-54.71859374999999,59.059687499999995],[-54.71326171874999,59.0574609375],[-54.708359374999986,59.05546875],[-54.70388671874999,59.0537109375],[-54.69984374999999,59.0521875],[-54.684531249999985,59.04656250000001],[-54.68091796874998,59.04527343750001],[-54.677734374999986,59.044218750000006],[-54.674980468749986,59.0433984375],[-54.67265624999999,59.042812500000004],[-54.66421874999999,59.0409375],[-54.66174804687498,59.04052734375],[-54.658554687499986,59.040234375],[-54.65463867187499,59.040058593750004],[-54.64999999999999,59.04],[-54.62999999999999,59.04],[-54.625458984374994,59.03998046875],[-54.621835937499995,59.039921875000005],[-54.61913085937499,59.03982421875],[-54.61734374999999,59.0396875],[-54.61203124999999,59.0390625],[-54.61068359374998,59.0388671875],[-54.60929687499999,59.03859375],[-54.60787109374998,59.0382421875],[-54.606406249999985,59.0378125],[-54.60046874999999,59.0359375],[-54.59896484375,59.035429687500006],[-54.597421874999995,59.03484375000001],[-54.59583984375,59.0341796875],[-54.594218749999996,59.033437500000005],[-54.587656249999995,59.0303125],[-54.58599609375,59.0294921875],[-54.584296875,59.028593750000006],[-54.582558593749994,59.0276171875],[-54.580781249999994,59.026562500000004],[-54.57359374999999,59.0221875],[-54.57108398437499,59.02060546875],[-54.567148437499995,59.018046874999996],[-54.56178710937499,59.01451171875],[-54.55499999999999,59.01],[-54.525,58.99],[-54.517900390625,58.98548828125],[-54.5116015625,58.981953125],[-54.506103515625,58.97939453125],[-54.50140625,58.9778125],[-54.48421875,58.973437499999996],[-54.47931640624999,58.972382812499994],[-54.473203125,58.971406249999994],[-54.46587890625,58.9705078125],[-54.45734375,58.9696875],[-54.420781250000005,58.9665625],[-54.41103515625001,58.9658203125],[-54.40007812500001,58.96515625000001],[-54.38791015625,58.9645703125],[-54.374531250000004,58.964062500000004],[-54.31859375,58.9621875],[-54.30400390625,58.9617578125],[-54.288203124999995,58.961406249999996],[-54.27119140625,58.9611328125],[-54.252968749999994,58.9609375],[-54.177656250000005,58.9603125],[-54.150556640625005,58.96017578125],[-54.1069140625,58.960078125],[-54.046728515625006,58.96001953125],[-53.970000000000006,58.96],[-53.63000000000001,58.96],[-53.55308593750001,58.95978515625],[-53.49234375,58.959140624999996],[-53.447773437500004,58.95806640625],[-53.41937500000001,58.9565625],[-53.338125000000005,58.9496875],[-53.318046875,58.947539062500006],[-53.298437500000006,58.94453125],[-53.279296875,58.9406640625],[-53.260625000000005,58.9359375],[-53.18687500000001,58.9153125],[-53.16867187500001,58.909726562500005],[-53.15093750000001,58.90328125],[-53.133671875000005,58.895976562499996],[-53.11687500000001,58.887812499999995],[-53.050625000000004,58.85343749999999],[-53.034296875,58.84441406249999],[-53.018437500000005,58.83453124999999],[-53.00304687500001,58.82378906249998],[-52.988125000000004,58.81218749999999],[-52.92937500000001,58.764062499999994],[-52.9096484375,58.746660156249995],[-52.879843750000006,58.718515624999995],[-52.83996093750001,58.679628906249995],[-52.790000000000006,58.629999999999995],[-52.57,58.41],[-52.520322265625,58.360361328125],[-52.4812890625,58.321445312499996],[-52.452900390625,58.293251953125],[-52.43515625,58.27578125],[-52.38546874999999,58.22734375000001],[-52.37337890624999,58.215644531250014],[-52.36195312499999,58.20476562500001],[-52.35119140624999,58.194707031250005],[-52.34109374999999,58.185468750000005],[-52.30203125,58.15015625],[-52.292597656249995,58.14173828125],[-52.283828125,58.134140625],[-52.27572265625,58.12736328125001],[-52.26828125,58.12140625000001],[-52.23984375,58.099218750000006],[-52.233066406249996,58.094082031250004],[-52.226953124999994,58.089765625000005],[-52.22150390624999,58.086269531250004],[-52.21671875,58.083593750000006],[-52.19890624999999,58.07453125000001],[-52.19344726562499,58.072236328125015],[-52.185976562499995,58.0698828125],[-52.17649414062499,58.067470703125004],[-52.16499999999999,58.065],[-52.114999999999995,58.05499999999999],[-52.1037109375,58.05273437499999],[-52.09484374999999,58.05093749999999],[-52.0883984375,58.04960937499999],[-52.084374999999994,58.04874999999999],[-52.07312499999999,58.04625],[-52.070390624999995,58.045625],[-52.06781249999999,58.044999999999995],[-52.06539062499999,58.044374999999995],[-52.063124999999985,58.043749999999996],[-52.05437499999999,58.04125],[-52.05226562499999,58.040625000000006],[-52.05031249999999,58.04],[-52.04851562499999,58.039375],[-52.04687499999999,58.03875],[-52.04062499999999,58.036249999999995],[-52.03914062499999,58.035624999999996],[-52.03781249999999,58.035],[-52.03664062499999,58.034375],[-52.035624999999996,58.03375],[-52.03187499999999,58.03125],[-52.03074218749999,58.030390625],[-52.02921875,58.0290625],[-52.02730468749999,58.027265625],[-52.02499999999999,58.025],[-52.015,58.015],[-52.011699218749996,58.012744140624996],[-52.006796875,58.0109765625],[-52.00029296875,58.00969726562501],[-51.9921875,58.00890625],[-51.95656249999999,58.00671875],[-51.94558593749999,58.00619140625],[-51.93046874999999,58.005703125],[-51.911210937499995,58.005253906250005],[-51.887812499999995,58.00484375],[-51.785937499999996,58.00328125],[-51.75839843749999,58.002910156249996],[-51.726718749999996,58.002578125],[-51.690898437499996,58.00228515625],[-51.6509375,58.00203125],[-51.482812499999994,58.001093749999995],[-51.4387109375,58.000878906249994],[-51.39046875,58.000703125],[-51.3380859375,58.000566406249995],[-51.2815625,58.000468749999996],[-51.0471875,58.00015625],[-50.96248046875,58.000087890625004],[-50.825546875,58.0000390625],[-50.636386718749996,58.000009765625],[-50.394999999999996,58.0],[-49.325,58.0],[-49.083583984375,57.9999609375],[-48.8943359375,57.99984375],[-48.757255859375,57.9996484375],[-48.67234375,57.999375],[-48.43703125,57.998125],[-48.38021484375,57.997734375],[-48.327421875,57.99718750000001],[-48.27865234375,57.99648437500001],[-48.23390625,57.995625000000004],[-48.06296875,57.991875],[-48.022246093750006,57.990859375],[-47.985546875,57.9896875],[-47.952871093750005,57.988359375],[-47.92421875,57.986875],[-47.81765625,57.980625],[-47.793027343750005,57.978984375],[-47.772421875,57.97718750000001],[-47.755839843749996,57.97523437500001],[-47.74328125,57.973125],[-47.70109375,57.964375],[-47.690615234374995,57.9612109375],[-47.6802734375,57.95609375],[-47.670068359374994,57.9490234375],[-47.66,57.94],[-47.620000000000005,57.900000000000006],[-47.609833984375,57.89097656250001],[-47.5993359375,57.88390625000001],[-47.588505859375005,57.878789062500005],[-47.577343750000004,57.87562500000001],[-47.532031249999996,57.866875],[-47.518496093749995,57.864765625000004],[-47.500546875,57.862812500000004],[-47.478183593749996,57.861015625],[-47.45140625,57.859375],[-47.335468750000004,57.853125000000006],[-47.30427734375001,57.851640625],[-47.26867187500001,57.85031250000001],[-47.22865234375,57.849140625000004],[-47.18421875,57.848125],[-46.99765625,57.844375],[-46.948808593749995,57.843515625],[-46.895546875,57.84281250000001],[-46.837871093749996,57.842265624999996],[-46.775781249999994,57.841875],[-46.51859375000001,57.840625],[-46.425771484375005,57.84035156250001],[-46.275898437500004,57.84015625],[-46.068974609375005,57.840039062500004],[-45.80500000000001,57.84],[-44.63499999999999,57.84],[-44.37038085937499,57.839316406250006],[-44.161523437499994,57.837265625],[-44.00842773437499,57.83384765625],[-43.91109374999999,57.829062500000006],[-43.633281249999996,57.807187500000005],[-43.56474609375,57.800351562500005],[-43.498046875,57.79078125000001],[-43.43318359375,57.7784765625],[-43.37015625,57.76343750000001],[-43.12171875,57.697812500000005],[-43.06052734375,57.6800390625],[-43.001171875000004,57.65953125],[-42.94365234375,57.6362890625],[-42.88796875,57.6103125],[-42.66890625,57.500937500000006],[-42.61505859374999,57.4722265625],[-42.563046875,57.44078125],[-42.51287109374999,57.4066015625],[-42.46453124999999,57.3696875],[-42.274843749999995,57.2165625],[-42.211474609374996,57.16119140625],[-42.11621093749999,57.071640625],[-41.989052734374994,56.94791015625],[-41.82999999999999,56.790000000000006],[-41.12999999999999,56.09],[-40.97207031249999,55.932080078125],[-40.848281249999985,55.8083203125],[-40.75863281249998,55.718720703125],[-40.703124999999986,55.66328125],[-40.54937499999998,55.50984375],[-40.51226562499998,55.47283203125001],[-40.477812499999985,55.438515625],[-40.44601562499999,55.40689453125],[-40.41687499999998,55.37796875],[-40.305624999999985,55.26765625],[-40.27914062499998,55.24142578125],[-40.25531249999999,55.217890624999995],[-40.23414062499999,55.19705078125],[-40.21562499999999,55.17890625],[-40.14687499999998,55.11171875],[-40.13101562499998,55.09626953125001],[-40.117812499999985,55.083515625],[-40.10726562499998,55.07345703125],[-40.09937499999998,55.06609375],[-40.07312499999999,55.04203125],[-40.066757812499986,55.036455078124995],[-40.06078124999999,55.031757812500004],[-40.05519531249999,55.027939453125],[-40.04999999999999,55.025],[-40.029999999999994,55.015],[-40.02430664062499,55.012744140624996],[-40.0172265625,55.0109765625],[-40.008759765625,55.00969726562499],[-39.99890625,55.008906249999995],[-39.95671874999999,55.00671874999999],[-39.94384765624999,55.00619140624999],[-39.926328125,55.00570312499999],[-39.90416015625,55.00525390624999],[-39.877343749999994,55.00484374999999],[-39.76078125,55.00328125],[-39.72931640625,55.002910156249996],[-39.693203125000004,55.002578125],[-39.65244140625,55.00228515625],[-39.60703125,55.00203125],[-39.41609375,55.001093749999995],[-39.36603515625,55.000878906249994],[-39.311328125,55.000703125],[-39.25197265625,55.000566406249995],[-39.187968749999996,55.000468749999996],[-38.92265625,55.00015625],[-38.826806640624994,55.000087890625004],[-38.6719140625,55.0000390625],[-38.457978515625,55.000009765625],[-38.185,55.0],[-36.974999999999994,55.0],[-36.701562499999994,54.999521484375],[-36.48625,54.9980859375],[-36.3290625,54.995693359375004],[-36.23,54.99234375],[-35.949999999999996,54.977031249999996],[-35.88140624999999,54.972246093749995],[-35.815625,54.965546875],[-35.752656249999994,54.956933593749994],[-35.692499999999995,54.946406249999995],[-35.457499999999996,54.90046875],[-35.400156249999995,54.888027343750004],[-35.345625,54.873671875],[-35.29390624999999,54.857402343749996],[-35.24499999999999,54.83921875],[-35.05499999999999,54.76265624999999],[-35.008906249999995,54.74255859374999],[-34.965624999999996,54.720546875],[-34.92515624999999,54.69662109374999],[-34.887499999999996,54.67078124999999],[-34.74249999999999,54.563593749999995],[-34.69546874999999,54.524833984375],[-34.626875,54.46214843749999],[-34.53671875,54.375537109375],[-34.425,54.265],[-33.93499999999999,53.775],[-33.82247070312499,53.664462890624996],[-33.72988281249999,53.5778515625],[-33.65723632812499,53.515166015625],[-33.60453124999999,53.47640625],[-33.43359374999999,53.369218749999995],[-33.38783203124999,53.343378906249995],[-33.33601562499999,53.319453124999995],[-33.27814453124999,53.297441406249995],[-33.21421874999999,53.27734374999999],[-32.94640624999999,53.200781250000006],[-32.87642578124999,53.18259765625],[-32.80039062499999,53.16632812500001],[-32.718300781249994,53.15197265625],[-32.63015624999999,53.139531250000005],[-32.26546874999999,53.09359375],[-32.17126953124999,53.08306640625],[-32.07101562499999,53.07445312499999],[-31.964707031249986,53.06775390625],[-31.85234374999999,53.062968749999996],[-31.39078124999999,53.04765625],[-31.226064453124987,53.044306640624995],[-30.96269531249999,53.0419140625],[-30.600673828124986,53.040478515625],[-30.139999999999986,53.04],[-28.099999999999994,53.04],[-27.63979492187499,53.039990234375004],[-27.27917968749999,53.0399609375],[-27.018154296874993,53.039912109375],[-26.85671874999999,53.03984375],[-26.410156249999993,53.039531249999996],[-26.302480468749994,53.03943359375],[-26.20273437499999,53.039296875],[-26.110917968749995,53.03912109375],[-26.027031249999993,53.03890625],[-25.707343749999993,53.037968750000005],[-25.631386718749994,53.03771484375],[-25.563359374999994,53.037421875],[-25.503261718749997,53.03708984375],[-25.451093749999995,53.036718750000006],[-25.258281249999996,53.03515624999999],[-25.214042968749993,53.034746093749995],[-25.177734374999993,53.034296874999995],[-25.149355468749995,53.033808593749995],[-25.128906249999993,53.033281249999995],[-25.062968749999992,53.03109375],[-25.048076171874992,53.030146484374995],[-25.036367187499994,53.0283984375],[-25.02784179687499,53.025849609375],[-25.022499999999994,53.0225],[-25.0,53.0]]}},{"type":"Feature","properties":{"id":"grays-west","name":"Grays Bay \u2192 Pacific connection","category":"proposed","status":"Proposed / conceptual connection","summary":"Potential feeder from the proposed port to the western NWP and Bering Strait. This is our logistics concept, not an announced Asia shipping service.","cargo":"Potential mineral exports and inbound project / community supplies.","season":"No opening year assigned; depends on the port project and voyage conditions.","waypoints":["Grays Bay","Coronation Gulf","Dolphin and Union Strait","Amundsen Gulf","Beaufort Sea","Bering Strait","Pacific / East Asia (off-map)"],"constraints":["Port approval, construction and cargo commitments.","Shallow coastal passages may constrain bulk-vessel draft.","Distance alone does not establish commercial viability."],"sources":[{"title":"NIRB \u00b7 Grays Bay Road and Port active review","url":"https://www.nirb.ca/portal/pdash.php?appid=125987"},{"title":"Grays Bay proposal \u00b7 port and road endpoints, Table 1.1 (2024)","url":"https://new.reviewboard.ca/sites/default/files/project_document/240812-24xn038-project-proposal-ir1e.pdf"}],"geometry_method":"Hand-placed schematic waypoints; not AIS tracks, official corridor boundaries or a navigational chart. Sea segments follow an approximate land mask, with rounded display corners where the coast allows; no depth or ice routing is performed."},"geometry":{"type":"LineString","coordinates":[[-110.88,67.84],[-110.85,67.87],[-110.845625,67.8771875],[-110.8425,67.88875],[-110.840625,67.9046875],[-110.84,67.925],[-110.84,68.015],[-110.83992187499999,68.035166015625],[-110.8396875,68.0506640625],[-110.839296875,68.061494140625],[-110.83874999999999,68.06765625],[-110.83625,68.08296875],[-110.83546875,68.08681640625001],[-110.83437500000001,68.090703125],[-110.83296874999999,68.09462890625001],[-110.83125,68.09859375],[-110.82374999999999,68.11453125],[-110.82171874999999,68.11853515625],[-110.81937500000001,68.122578125],[-110.81671875,68.12666015625001],[-110.81375,68.13078125],[-110.80125,68.14734375],[-110.79796875,68.15150390625],[-110.79437499999999,68.155703125],[-110.79046875,68.15994140625],[-110.78625,68.16421875],[-110.76874999999998,68.18140625],[-110.76242187499999,68.18735351562499],[-110.75218749999999,68.1966015625],[-110.738046875,68.209150390625],[-110.72,68.225],[-110.63999999999999,68.29500000000002],[-110.62196289062499,68.31080078125001],[-110.60785156249999,68.32320312500002],[-110.59766601562498,68.33220703125002],[-110.59140624999999,68.33781250000001],[-110.57421875,68.35343750000001],[-110.57009765625,68.35722656250002],[-110.56632812500001,68.36078125000002],[-110.56291015625,68.36410156250001],[-110.55984375,68.36718750000001],[-110.54828124999999,68.3790625],[-110.54556640624997,68.3819140625],[-110.54320312499999,68.38453125000001],[-110.54119140624998,68.38691406250001],[-110.53953124999998,68.38906250000001],[-110.53359375,68.3971875],[-110.53228515625,68.3991015625],[-110.531328125,68.40078125],[-110.53072265625,68.4022265625],[-110.53046875000001,68.4034375],[-110.53015625,68.4078125],[-110.53040039062502,68.40908203125],[-110.53128906250001,68.410703125],[-110.53282226562501,68.41267578124999],[-110.53500000000001,68.41499999999999],[-110.54499999999999,68.42500000000001],[-110.54792968749999,68.42725585937501],[-110.55171874999999,68.4290234375],[-110.55636718749999,68.430302734375],[-110.56187499999999,68.43109375],[-110.58562500000001,68.43328125000002],[-110.59289062500001,68.43380859375003],[-110.6028125,68.43429687500002],[-110.615390625,68.43474609375001],[-110.63062500000001,68.43515625],[-110.696875,68.43671875000001],[-110.714765625,68.43708984375],[-110.7353125,68.437421875],[-110.758515625,68.43771484375],[-110.784375,68.43796875],[-110.893125,68.43890625],[-110.921640625,68.43912109375],[-110.9528125,68.439296875],[-110.98664062499999,68.43943359375],[-111.023125,68.43953125],[-111.174375,68.43984375],[-111.2290234375,68.439912109375],[-111.31734374999999,68.43996093749999],[-111.4393359375,68.439990234375],[-111.595,68.44],[-112.285,68.44],[-112.44065429687498,68.44001953124999],[-112.5626171875,68.440078125],[-112.650888671875,68.44017578125],[-112.70546875,68.4403125],[-112.85640624999999,68.44093749999999],[-112.89279296874999,68.4411328125],[-112.92648437499999,68.44140625],[-112.95748046874999,68.44175781249999],[-112.98578124999999,68.44218749999999],[-113.09359375,68.4440625],[-113.11919921874998,68.4445703125],[-113.14210937499999,68.44515625],[-113.16232421875,68.44582031249999],[-113.17984375,68.4465625],[-113.24453124999998,68.4496875],[-113.25935546874999,68.45050781249999],[-113.27148437499999,68.45140625],[-113.28091796874997,68.45238281249999],[-113.28765624999998,68.45343749999999],[-113.30921874999999,68.4578125],[-113.31393554687499,68.45939453125],[-113.3173046875,68.46195312500001],[-113.31932617187499,68.46548828125],[-113.32,68.47],[-113.32,68.49],[-113.31999023437498,68.49451171874999],[-113.31996093749999,68.498046875],[-113.319912109375,68.50060546875],[-113.31984374999999,68.50218749999999],[-113.31953124999998,68.5065625],[-113.31943359374998,68.5076171875],[-113.31929687499998,68.50859374999999],[-113.31912109374997,68.5094921875],[-113.31890624999998,68.5103125],[-113.31796874999999,68.51343750000001],[-113.31771484375,68.5141796875],[-113.317421875,68.51484375000001],[-113.31708984374998,68.51542968750002],[-113.31671874999999,68.5159375],[-113.31515625,68.51781249999999],[-113.31474609375,68.5182421875],[-113.314296875,68.51859375],[-113.31380859375,68.51886718749999],[-113.31328125,68.51906249999999],[-113.31109375,68.5196875],[-113.31030273437501,68.51982421875],[-113.3090234375,68.519921875],[-113.307255859375,68.51998046874999],[-113.305,68.52],[-113.295,68.52],[-113.292734375,68.52],[-113.2909375,68.52],[-113.289609375,68.52],[-113.28875,68.52],[-113.28625000000001,68.52],[-113.28562500000001,68.52],[-113.285,68.52],[-113.28437500000001,68.52],[-113.28375,68.52],[-113.28125,68.52],[-113.280625,68.52],[-113.28,68.52],[-113.279375,68.52],[-113.27875,68.52],[-113.27625,68.52],[-113.275625,68.52],[-113.275,68.52],[-113.27437500000002,68.52],[-113.27375,68.52],[-113.27125000000001,68.52],[-113.27039062500002,68.52],[-113.26906250000002,68.52],[-113.26726562500002,68.52],[-113.26500000000001,68.52],[-113.255,68.52],[-113.252734375,68.52],[-113.25093749999999,68.52],[-113.249609375,68.52],[-113.24875,68.52],[-113.24625,68.52],[-113.24562500000002,68.52],[-113.245,68.52],[-113.244375,68.52],[-113.24375,68.52],[-113.24125000000001,68.52],[-113.24062500000001,68.52],[-113.24000000000001,68.52],[-113.23937500000001,68.52],[-113.23875000000001,68.52],[-113.23625000000001,68.52],[-113.23562500000001,68.52],[-113.23500000000001,68.52],[-113.23437500000001,68.52],[-113.23375000000001,68.52],[-113.23125,68.52],[-113.230390625,68.52],[-113.2290625,68.52],[-113.227265625,68.52],[-113.225,68.52],[-113.215,68.52],[-113.21273437500001,68.52],[-113.2109375,68.52],[-113.209609375,68.52],[-113.20875,68.52],[-113.20625,68.52],[-113.20562499999998,68.52],[-113.205,68.52],[-113.204375,68.52],[-113.20375,68.52],[-113.20124999999999,68.52],[-113.20062499999999,68.52],[-113.19999999999999,68.52],[-113.19937499999999,68.52],[-113.19874999999999,68.52],[-113.19624999999999,68.52],[-113.19562499999998,68.52],[-113.195,68.52],[-113.194375,68.52],[-113.19375,68.52],[-113.19125,68.52],[-113.19039062499999,68.52],[-113.18906249999999,68.52],[-113.187265625,68.52],[-113.185,68.52],[-113.175,68.52],[-113.17273437499999,68.52],[-113.1709375,68.52],[-113.169609375,68.52],[-113.16875,68.52],[-113.16625,68.52],[-113.16562499999999,68.52],[-113.165,68.52],[-113.16437499999999,68.52],[-113.16375,68.52],[-113.16125000000001,68.52],[-113.16062500000001,68.52],[-113.16,68.52],[-113.15937500000001,68.52],[-113.15875,68.52],[-113.15625,68.52],[-113.155625,68.52],[-113.155,68.52],[-113.154375,68.52],[-113.15375,68.52],[-113.15125,68.52],[-113.150390625,68.52],[-113.14906250000001,68.52],[-113.14726562500002,68.52],[-113.14500000000001,68.52],[-113.13499999999999,68.52],[-113.132734375,68.52],[-113.13093749999999,68.52],[-113.129609375,68.52],[-113.12875,68.52],[-113.12624999999998,68.52],[-113.12562499999999,68.52],[-113.12499999999999,68.52],[-113.12437499999999,68.52],[-113.12374999999999,68.52],[-113.12125,68.52],[-113.12062500000002,68.52],[-113.12,68.52],[-113.119375,68.52],[-113.11875,68.52],[-113.11625000000001,68.52],[-113.11562500000001,68.52],[-113.11500000000001,68.52],[-113.11437500000001,68.52],[-113.11375000000001,68.52],[-113.11125,68.52],[-113.11039062500001,68.52],[-113.1090625,68.52],[-113.107265625,68.52],[-113.10499999999999,68.52],[-113.095,68.52],[-113.092822265625,68.52000976562499],[-113.0912890625,68.5200390625],[-113.09040039062499,68.520087890625],[-113.09015624999999,68.52015625],[-113.09046875000001,68.52046874999999],[-113.09072265625001,68.52056640625],[-113.09132812499999,68.520703125],[-113.09228515625,68.52087890625],[-113.09359375,68.52109375],[-113.09953125,68.52203125],[-113.10119140625,68.52228515625],[-113.103203125,68.522578125],[-113.10556640625,68.52291015624999],[-113.10828125,68.52328125],[-113.11984375,68.52484375],[-113.12291015624999,68.52525390624999],[-113.126328125,68.52570312499999],[-113.13009765625,68.52619140624999],[-113.13421875,68.52671874999999],[-113.15140625000001,68.52890625],[-113.15766601562501,68.529697265625],[-113.16785156249999,68.5309765625],[-113.18196289062502,68.532744140625],[-113.2,68.535],[-113.28,68.54499999999999],[-113.298095703125,68.547294921875],[-113.3123828125,68.54917968749999],[-113.32286132812501,68.550654296875],[-113.32953125000002,68.55171874999999],[-113.34859375,68.55515625],[-113.35330078125,68.55607421874998],[-113.35789062500001,68.55710937499998],[-113.36236328125001,68.55826171874999],[-113.36671875000002,68.55953124999999],[-113.38390625000001,68.56484375],[-113.38814453125,68.56623046874999],[-113.39226562500001,68.56773437499999],[-113.39626953125,68.56935546874999],[-113.40015625000001,68.57109374999999],[-113.41546875000003,68.57828125],[-113.41923828125005,68.58013671875],[-113.42289062500004,68.582109375],[-113.42642578125003,68.58419921875],[-113.42984375000003,68.58640625],[-113.44328125000001,68.59546875],[-113.447783203125,68.598701171875],[-113.45457031250001,68.6038671875],[-113.463642578125,68.610966796875],[-113.475,68.62],[-113.525,68.66],[-113.53649414062501,68.669091796875],[-113.5459765625,68.6763671875],[-113.55344726562498,68.681826171875],[-113.55890624999999,68.68546875000001],[-113.57671874999997,68.69640625],[-113.58150390624998,68.69919921875],[-113.58695312499998,68.70210937499999],[-113.59306640624997,68.70513671875],[-113.59984374999998,68.70828125],[-113.62828125,68.72109375],[-113.63572265625,68.72435546874999],[-113.643828125,68.727734375],[-113.65259765625001,68.73123046875],[-113.66203125,68.73484375],[-113.70109374999998,68.74953124999999],[-113.71119140624998,68.75326171875],[-113.72195312499998,68.757109375],[-113.73337890624998,68.76107421875],[-113.74546874999999,68.76515624999999],[-113.79515624999999,68.78171875],[-113.81290039062499,68.787529296875],[-113.8412890625,68.79667968749999],[-113.88032226562498,68.809169921875],[-113.92999999999999,68.82499999999999],[-114.14999999999999,68.89500000000001],[-114.19965820312498,68.91081054687501],[-114.23863281249999,68.92324218750001],[-114.26692382812499,68.93229492187501],[-114.28453124999999,68.93796875000001],[-114.33359374999999,68.95390625],[-114.34548828124998,68.95779296875],[-114.356640625,68.96148437500001],[-114.36705078124999,68.96498046875],[-114.37671875,68.96828125],[-114.41390624999998,68.98109375],[-114.42283203125,68.98419921874999],[-114.43101562499999,68.98710937499999],[-114.43845703124998,68.98982421874999],[-114.44515624999998,68.99234374999999],[-114.47046875,69.00203125],[-114.47642578124999,69.00435546874999],[-114.48164062499998,69.00648437499999],[-114.48611328125,69.00841796875],[-114.48984374999999,69.01015625],[-114.50328124999999,69.01671875],[-114.50715820312499,69.018779296875],[-114.51207031249999,69.0216796875],[-114.51801757812498,69.025419921875],[-114.52499999999999,69.03],[-114.55499999999999,69.05],[-114.56210937499999,69.05451171874999],[-114.56843749999999,69.058046875],[-114.57398437499998,69.06060546875],[-114.57874999999999,69.0621875],[-114.59624999999998,69.0665625],[-114.60124999999998,69.0676171875],[-114.60749999999999,69.06859374999999],[-114.61499999999998,69.0694921875],[-114.62374999999999,69.0703125],[-114.66125,69.07343750000001],[-114.67125,69.0741796875],[-114.6825,69.07484375000001],[-114.695,69.0754296875],[-114.70874999999998,69.07593750000001],[-114.76625,69.0778125],[-114.78125,69.0782421875],[-114.7975,69.07859375],[-114.815,69.0788671875],[-114.83375,69.07906249999999],[-114.91125,69.0796875],[-114.939140625,69.07982421874999],[-114.9840625,69.079921875],[-115.046015625,69.07998046875],[-115.125,69.08],[-115.47500000000001,69.08],[-115.55416992187502,69.080078125],[-115.61667968750001,69.0803125],[-115.66252929687502,69.080703125],[-115.69171875,69.08125000000001],[-115.77515625000001,69.08375000000001],[-115.79576171875001,69.08453125],[-115.815859375,69.08562500000001],[-115.83544921875001,69.08703125000001],[-115.85453125000001,69.08875],[-115.92984375,69.09625],[-115.94841796875001,69.09828125],[-115.966484375,69.100625],[-115.98404296875,69.10328125],[-116.00109375000001,69.10624999999999],[-116.06828125000001,69.11875],[-116.08482421875001,69.12203124999999],[-116.10085937500001,69.125625],[-116.11638671875001,69.12953124999999],[-116.13140625,69.13374999999999],[-116.19046875,69.15125],[-116.21026367187498,69.157578125],[-116.24011718749999,69.1678125],[-116.28002929687499,69.181953125],[-116.32999999999998,69.2],[-116.55000000000001,69.28],[-116.600146484375,69.29804687500001],[-116.6405859375,69.31218750000001],[-116.67131835937501,69.322421875],[-116.69234375,69.32875000000001],[-116.75703125000001,69.34625000000001],[-116.77380859375002,69.35046875],[-116.791796875,69.354375],[-116.81099609375,69.35796875000001],[-116.83140625,69.36125000000001],[-116.91546874999999,69.37375],[-116.93708984374999,69.37671875],[-116.95992187499999,69.379375],[-116.98396484374999,69.38171874999999],[-117.00921874999999,69.38374999999999],[-117.11265625,69.39125000000001],[-117.13912109375,69.39296875000001],[-117.166796875,69.39437500000001],[-117.19568359375,69.39546875],[-117.22578125000001,69.39625000000001],[-117.34859375,69.39875],[-117.39202148437501,69.39929687500002],[-117.4608984375,69.3996875],[-117.555224609375,69.399921875],[-117.67500000000001,69.4],[-118.20499999999998,69.4],[-118.32457031249999,69.400009765625],[-118.41828124999999,69.40003906250001],[-118.48613281249999,69.400087890625],[-118.52812499999999,69.40015625000001],[-118.644375,69.40046875000002],[-118.67242187500001,69.40056640625001],[-118.6984375,69.400703125],[-118.72242187500001,69.40087890625],[-118.744375,69.40109375],[-118.828125,69.40203125000001],[-118.848046875,69.40228515625],[-118.8659375,69.402578125],[-118.881796875,69.40291015625],[-118.895625,69.40328125],[-118.946875,69.40484375],[-118.95867187500001,69.40525390625001],[-118.96843750000001,69.405703125],[-118.976171875,69.40619140625],[-118.981875,69.40671875000001],[-119.00062499999999,69.40890625],[-119.00503906249997,69.409697265625],[-119.00890625,69.4109765625],[-119.01222656249999,69.412744140625],[-119.01499999999999,69.41499999999999],[-119.025,69.42500000000001],[-119.02731445312502,69.42726562500002],[-119.0292578125,69.42906250000001],[-119.030830078125,69.430390625],[-119.03203125,69.43125],[-119.03609374999999,69.43375000000002],[-119.03720703124999,69.43437500000002],[-119.038515625,69.43500000000002],[-119.04001953125,69.43562500000002],[-119.04171875,69.43625000000002],[-119.04890625,69.43875],[-119.05080078125,69.439375],[-119.052890625,69.44],[-119.05517578125,69.440625],[-119.05765625000001,69.44125],[-119.06796874999999,69.44375000000001],[-119.07064453124998,69.44437500000001],[-119.073515625,69.44500000000001],[-119.07658203124998,69.445625],[-119.07984374999998,69.44625],[-119.09328124999999,69.44875],[-119.09809570312498,69.449609375],[-119.10582031249999,69.45093750000001],[-119.116455078125,69.452734375],[-119.13,69.45500000000001],[-119.19,69.465],[-119.203564453125,69.467275390625],[-119.2142578125,69.4691015625],[-119.222080078125,69.47047851562499],[-119.22703125,69.47140625],[-119.24109375,69.47421875],[-119.24455078125,69.47494140625001],[-119.24789062500001,69.47570312500001],[-119.25111328124999,69.47650390625],[-119.25421874999999,69.47734375],[-119.26640625,69.48078125],[-119.26939453125,69.48166015625],[-119.272265625,69.482578125],[-119.27501953125001,69.48353515625],[-119.27765625,69.48453125],[-119.28796874999999,69.48859374999999],[-119.29048828124999,69.48962890624999],[-119.292890625,69.490703125],[-119.29517578125001,69.49181640625],[-119.29734375,69.49296874999999],[-119.30578125,69.49765625],[-119.30856445312502,69.499306640625],[-119.3126953125,69.5019140625],[-119.318173828125,69.505478515625],[-119.325,69.51],[-119.355,69.53],[-119.361787109375,69.53451171875],[-119.3671484375,69.538046875],[-119.371083984375,69.54060546874999],[-119.37359375,69.5421875],[-119.38078125000001,69.54656250000001],[-119.38255859375,69.54761718750001],[-119.384296875,69.54859375000001],[-119.38599609375001,69.54949218750001],[-119.38765625000002,69.5503125],[-119.39421875,69.5534375],[-119.39583984375,69.5541796875],[-119.397421875,69.55484375],[-119.39896484375,69.55542968750001],[-119.40046875,69.5559375],[-119.40640625,69.55781250000001],[-119.40787109375,69.5582421875],[-119.40929687500002,69.55859375],[-119.41068359375001,69.5588671875],[-119.41203125000001,69.55906250000001],[-119.41734375000001,69.5596875],[-119.41913085937502,69.55982421875],[-119.4218359375,69.559921875],[-119.42545898437501,69.55998046875],[-119.43,69.56],[-119.44999999999999,69.56],[-119.45458007812499,69.56006835937501],[-119.45832031249998,69.5602734375],[-119.46122070312498,69.560615234375],[-119.46328124999998,69.56109375],[-119.46984374999998,69.56328125000002],[-119.47158203124998,69.56396484375001],[-119.47351562499998,69.56492187500001],[-119.47564453124997,69.56615234375002],[-119.47796874999997,69.56765625000001],[-119.48765624999999,69.57421875],[-119.49017578124997,69.57599609375],[-119.49289062499999,69.578046875],[-119.49580078124998,69.58037109375],[-119.49890624999999,69.58296875],[-119.51171874999997,69.59390624999999],[-119.51501953124998,69.59677734375],[-119.51851562499998,69.59992187499999],[-119.52220703124998,69.60333984374999],[-119.52609374999997,69.60703124999999],[-119.54203125,69.62234375],[-119.54770507812499,69.627880859375],[-119.55675781249998,69.6368359375],[-119.56918945312499,69.649208984375],[-119.585,69.66499999999999],[-119.655,69.73500000000001],[-119.671259765625,69.75079101562501],[-119.6850390625,69.76316406250001],[-119.69633789062499,69.77211914062501],[-119.70515625,69.77765625],[-119.73546875,69.79296875],[-119.74384765625,69.79666015625],[-119.75382812500001,69.800078125],[-119.76541015625,69.80322265625],[-119.77859375,69.80609375],[-119.83453125,69.81703125000001],[-119.84931640625,69.81962890625002],[-119.86570312499998,69.82195312500001],[-119.88369140625,69.82400390625],[-119.90328124999999,69.82578125],[-119.98484375,69.83234375],[-120.00603515625,69.83384765625001],[-120.02882812499999,69.83507812500001],[-120.05322265625,69.83603515625002],[-120.07921875,69.83671875000002],[-120.18640624999999,69.83890625000001],[-120.224853515625,69.839384765625],[-120.28660156249998,69.8397265625],[-120.37165039062499,69.839931640625],[-120.47999999999999,69.84],[-120.96000000000001,69.84],[-121.06833984375001,69.84005859375002],[-121.15335937500001,69.84023437500001],[-121.21505859375,69.84052734375001],[-121.2534375,69.84093750000001],[-121.3603125,69.84281250000001],[-121.38621093750001,69.84339843750003],[-121.41046875,69.84421875000001],[-121.43308593750001,69.84527343750003],[-121.4540625,69.84656250000002],[-121.5346875,69.8521875],[-121.5540234375,69.8537109375],[-121.57171875,69.85546875],[-121.58777343750002,69.85746093750001],[-121.60218750000001,69.8596875],[-121.65656249999999,69.8690625],[-121.6693359375,69.8715234375],[-121.68046875,69.87421875],[-121.68996093749999,69.8771484375],[-121.6978125,69.8803125],[-121.72593750000001,69.8934375],[-121.73396484375002,69.89818359375],[-121.743984375,69.905859375],[-121.75599609375001,69.91646484375],[-121.77000000000001,69.93],[-121.83,69.99000000000001],[-121.843798828125,70.00353515625001],[-121.8551953125,70.01414062500001],[-121.864189453125,70.02181640625001],[-121.87078125,70.02656250000001],[-121.89234375000001,70.03968750000001],[-121.89814453125001,70.0428515625],[-121.904765625,70.04578125],[-121.91220703125,70.04847656250001],[-121.92046875,70.0509375],[-121.95515625,70.0603125],[-121.96423828125,70.0625390625],[-121.974140625,70.06453125],[-121.98486328125,70.0662890625],[-121.99640625,70.0678125],[-122.04421875,70.0734375],[-122.05658203125,70.07472656249999],[-122.06976562500002,70.07578124999999],[-122.08376953125001,70.0766015625],[-122.09859375,70.0771875],[-122.15953125,70.0790625],[-122.18129882812501,70.07947265625],[-122.21613281249999,70.079765625],[-122.264033203125,70.07994140625],[-122.325,70.08],[-122.595,70.08],[-122.65591796875,70.08000976562501],[-122.703671875,70.0800390625],[-122.73826171875001,70.080087890625],[-122.7596875,70.08015625],[-122.8190625,70.08046875],[-122.8333984375,70.08056640625],[-122.84671875,70.080703125],[-122.8590234375,70.08087890625],[-122.8703125,70.08109375000001],[-122.9134375,70.08203125],[-122.92371093749999,70.08228515625001],[-122.93296875,70.08257812500001],[-122.9412109375,70.08291015625001],[-122.9484375,70.08328125000001],[-122.9753125,70.08484375],[-122.98152343749999,70.08525390625],[-122.98671875,70.08570312500001],[-122.9908984375,70.08619140625001],[-122.9940625,70.08671875000002],[-123.00468749999999,70.08890625000001],[-123.00732421875,70.089697265625],[-123.00992187499999,70.0909765625],[-123.01248046874998,70.092744140625],[-123.01499999999999,70.095],[-123.025,70.10499999999999],[-123.02728515625002,70.107255859375],[-123.02914062500001,70.1090234375],[-123.03056640625002,70.110302734375],[-123.0315625,70.11109375],[-123.03468749999999,70.11328125],[-123.0355078125,70.11380859375],[-123.03640625,70.114296875],[-123.0373828125,70.11474609375],[-123.0384375,70.11515625],[-123.0428125,70.11671875],[-123.0439453125,70.11708984375001],[-123.04515624999999,70.117421875],[-123.0464453125,70.11771484375001],[-123.04781249999999,70.11796875],[-123.0534375,70.11890625000001],[-123.05488281250001,70.11912109375001],[-123.05640625,70.119296875],[-123.0580078125,70.11943359375002],[-123.0596875,70.11953125000001],[-123.06656249999999,70.11984375],[-123.06900390625,70.11991210937501],[-123.07289062499999,70.1199609375],[-123.07822265624999,70.119990234375],[-123.085,70.12],[-123.115,70.12],[-123.12185546874998,70.12003906250001],[-123.127421875,70.12015625000001],[-123.13169921875,70.1203515625],[-123.1346875,70.120625],[-123.1440625,70.12187500000002],[-123.14652343750001,70.12226562500003],[-123.14921875000002,70.12281250000001],[-123.15214843750002,70.12351562500001],[-123.15531250000001,70.12437500000001],[-123.1684375,70.128125],[-123.1718359375,70.129140625],[-123.17546875,70.1303125],[-123.1793359375,70.13164062499999],[-123.1834375,70.13312499999999],[-123.20031250000001,70.139375],[-123.20464843750001,70.141015625],[-123.20921875,70.14281249999999],[-123.2140234375,70.14476562499999],[-123.2190625,70.146875],[-123.2396875,70.155625],[-123.24701171875,70.1587890625],[-123.258671875,70.16390625],[-123.27466796875,70.1709765625],[-123.295,70.18],[-123.385,70.22],[-123.40549804687501,70.22908203125],[-123.4219921875,70.236328125],[-123.434482421875,70.24173828125001],[-123.44296875,70.24531250000001],[-123.46890625000002,70.2559375],[-123.47560546875002,70.2586328125],[-123.482734375,70.26140625],[-123.49029296875003,70.2642578125],[-123.49828125000002,70.2671875],[-123.53109375000001,70.2790625],[-123.53951171875,70.2820703125],[-123.54835937500002,70.28515625],[-123.55763671875002,70.2883203125],[-123.56734375,70.2915625],[-123.60703125,70.3046875],[-123.61716796875001,70.30800781250001],[-123.627734375,70.31140625],[-123.63873046875,70.3148828125],[-123.65015625000001,70.3184375],[-123.69671874999999,70.3328125],[-123.71315429687499,70.33783203125],[-123.7391796875,70.345703125],[-123.77479492187499,70.35642578125001],[-123.82,70.37],[-124.01999999999998,70.43],[-124.06513671874998,70.44355468750001],[-124.10054687499999,70.45421875000001],[-124.12623046874998,70.46199218750002],[-124.14218749999999,70.46687500000002],[-124.1865625,70.480625],[-124.1973046875,70.483984375],[-124.20734375,70.4871875],[-124.2166796875,70.490234375],[-124.2253125,70.493125],[-124.25843750000001,70.504375],[-124.26636718750002,70.50710937499998],[-124.27359375,70.50968749999998],[-124.28011718750003,70.512109375],[-124.28593750000002,70.514375],[-124.30781249999998,70.523125],[-124.31292968749999,70.525234375],[-124.31734374999999,70.5271875],[-124.3210546875,70.528984375],[-124.3240625,70.530625],[-124.3346875,70.536875],[-124.33763671874999,70.53886718749999],[-124.34117187500001,70.54171875],[-124.34529296874999,70.54542968749999],[-124.35,70.55],[-124.37,70.57],[-124.37541015625001,70.57451171874999],[-124.381640625,70.578046875],[-124.38869140625002,70.58060546875001],[-124.39656250000002,70.5821875],[-124.4296875,70.58656249999999],[-124.4397265625,70.58761718749999],[-124.45328125,70.58859374999999],[-124.4703515625,70.58949218749999],[-124.4909375,70.59031249999998],[-124.5803125,70.5934375],[-124.60441406250001,70.59417968749999],[-124.63203125,70.59484375],[-124.6631640625,70.5954296875],[-124.6978125,70.59593749999999],[-124.84343750000002,70.5978125],[-124.88160156250002,70.5982421875],[-124.92328125000002,70.59859374999999],[-124.96847656250003,70.59886718749999],[-125.01718750000002,70.5990625],[-125.2190625,70.59968749999999],[-125.29197265625001,70.59982421874999],[-125.409765625,70.59992187499999],[-125.57244140625001,70.59998046875],[-125.78,70.6],[-126.7,70.6],[-126.9075390625,70.599990234375],[-127.07015625,70.59996093749999],[-127.1878515625,70.599912109375],[-127.260625,70.59984374999999],[-127.46187499999999,70.59953124999998],[-127.510390625,70.59943359374999],[-127.55531249999999,70.599296875],[-127.59664062499999,70.59912109375],[-127.63437499999999,70.59890625],[-127.77812499999999,70.59796874999999],[-127.812265625,70.59771484375],[-127.8428125,70.597421875],[-127.86976562499999,70.59708984375],[-127.89312499999998,70.59671875],[-127.97937499999998,70.59515625],[-127.99914062499998,70.59474609374999],[-128.0153125,70.594296875],[-128.027890625,70.59380859375],[-128.03687499999998,70.59328124999999],[-128.06562499999998,70.59109375],[-128.07191406249999,70.590302734375],[-128.07640625,70.5890234375],[-128.07910156249997,70.587255859375],[-128.07999999999998,70.58500000000001],[-128.07999999999998,70.57499999999999],[-128.07999999999998,70.57275390624999],[-128.07999999999998,70.57101562499999],[-128.07999999999998,70.56978515624999],[-128.07999999999998,70.56906249999999],[-128.07999999999998,70.56718749999999],[-128.07999999999998,70.56675781249999],[-128.07999999999998,70.56640624999999],[-128.07999999999998,70.56613281249999],[-128.07999999999998,70.56593749999999],[-128.07999999999998,70.56531249999999],[-128.07999999999998,70.56519531249998],[-128.07999999999998,70.56515625],[-128.07999999999998,70.56519531250001],[-128.07999999999998,70.5653125],[-128.07999999999998,70.56593749999999],[-128.07999999999998,70.5661328125],[-128.07999999999998,70.56640625],[-128.07999999999998,70.56675781249999],[-128.07999999999998,70.56718749999999],[-128.07999999999998,70.5690625],[-128.07999999999998,70.56978515625],[-128.07999999999998,70.571015625],[-128.07999999999998,70.57275390625],[-128.07999999999998,70.57499999999999],[-128.07999999999998,70.58500000000001],[-128.07999999999998,70.587265625],[-128.07999999999998,70.58906250000001],[-128.07999999999998,70.590390625],[-128.07999999999998,70.59125],[-128.07999999999998,70.59375],[-128.07999999999998,70.594375],[-128.07999999999998,70.595],[-128.07999999999998,70.595625],[-128.07999999999998,70.59625],[-128.07999999999998,70.59875],[-128.07999999999998,70.599375],[-128.07999999999998,70.6],[-128.07999999999998,70.600625],[-128.07999999999998,70.60125],[-128.07999999999998,70.60374999999999],[-128.07999999999998,70.60437499999999],[-128.07999999999998,70.60499999999999],[-128.07999999999998,70.60562499999999],[-128.07999999999998,70.60624999999999],[-128.07999999999998,70.60874999999999],[-128.07999999999998,70.60960937499999],[-128.07999999999998,70.61093749999999],[-128.07999999999998,70.612734375],[-128.07999999999998,70.615],[-128.07999999999998,70.625],[-128.08001953125,70.62726562499999],[-128.080078125,70.6290625],[-128.08017578124998,70.63039062499999],[-128.0803125,70.63125],[-128.0809375,70.63375],[-128.0811328125,70.634375],[-128.08140625,70.635],[-128.08175781249997,70.635625],[-128.08218749999997,70.63625],[-128.0840625,70.63875],[-128.0845703125,70.639375],[-128.08515624999998,70.64],[-128.08582031249998,70.64062500000001],[-128.08656249999999,70.64125000000001],[-128.0896875,70.64375000000001],[-128.09050781250002,70.64437500000001],[-128.09140624999998,70.64500000000001],[-128.09238281249998,70.64562500000001],[-128.0934375,70.64625000000001],[-128.09781249999997,70.64875],[-128.09939453124997,70.64960937500001],[-128.101953125,70.6509375],[-128.10548828124996,70.652734375],[-128.10999999999999,70.655],[-128.13,70.66499999999999],[-128.13458984375,70.66725585937499],[-128.138359375,70.6690234375],[-128.14130859374998,70.67030273437499],[-128.1434375,70.67109375],[-128.15031249999998,70.67328125000002],[-128.1521484375,70.67380859375002],[-128.15421874999998,70.67429687500001],[-128.1565234375,70.67474609375002],[-128.1590625,70.67515625000001],[-128.1696875,70.67671875],[-128.1724609375,70.67708984375001],[-128.17546875,70.67742187500001],[-128.1787109375,70.67771484375001],[-128.1821875,70.67796875],[-128.19656250000003,70.67890625000001],[-128.20027343750002,70.67912109375001],[-128.20421875000002,70.679296875],[-128.20839843750002,70.67943359375],[-128.2128125,70.67953125000001],[-128.2309375,70.67984375],[-128.23740234375,70.67991210937501],[-128.247734375,70.6799609375],[-128.26193359375,70.67999023437501],[-128.28,70.68],[-128.35999999999999,70.68],[-128.37819335937496,70.68005859375002],[-128.39277343749998,70.68023437500001],[-128.40374023437496,70.68052734375001],[-128.41109374999996,70.68093750000001],[-128.43328125,70.68281250000001],[-128.43896484375,70.68339843750002],[-128.44492187499998,70.68421875000001],[-128.45115234374998,70.68527343750002],[-128.45765624999999,70.68656250000001],[-128.48421875,70.69218750000002],[-128.49099609375,70.69371093750001],[-128.498046875,70.69546875],[-128.50537109375,70.69746093750001],[-128.51296875,70.69968750000001],[-128.54390625,70.7090625],[-128.55177734375,70.7115234375],[-128.559921875,70.71421875000001],[-128.56833984374998,70.7171484375],[-128.57703125,70.7203125],[-128.61234374999998,70.73343750000001],[-128.624755859375,70.73818359375001],[-128.6443359375,70.74585937500001],[-128.671083984375,70.75646484375001],[-128.70499999999998,70.77000000000001],[-128.855,70.83],[-128.88984374999998,70.84354492187501],[-128.91937499999997,70.8541796875],[-128.94359375,70.861904296875],[-128.96249999999998,70.86671874999999],[-129.0275,70.88015625],[-129.04546875,70.88341796875],[-129.066875,70.88648437500001],[-129.09171874999998,70.88935546875],[-129.12,70.89203125],[-129.24,70.90234375],[-129.27171875,70.90482421875],[-129.306875,70.907109375],[-129.34546875,70.90919921874999],[-129.3875,70.91109374999999],[-129.56249999999997,70.91828125],[-129.60796874999997,70.91998046875001],[-129.65687499999999,70.921484375],[-129.70921875,70.92279296875],[-129.765,70.92390625],[-129.99499999999998,70.92796875],[-130.07749999999996,70.929169921875],[-130.20999999999998,70.9307421875],[-130.39249999999998,70.932685546875],[-130.62499999999997,70.935],[-131.655,70.94500000000001],[-131.88736328125,70.94726562500001],[-132.069453125,70.94906250000001],[-132.20126953125,70.95039062500001],[-132.2828125,70.95125000000002],[-132.50843749999999,70.95375000000001],[-132.5628515625,70.95437500000001],[-132.61328125,70.95500000000001],[-132.6597265625,70.95562500000001],[-132.70218749999998,70.95625000000001],[-132.8640625,70.95875000000001],[-132.90253906249998,70.95937500000001],[-132.93703125,70.96000000000001],[-132.96753906249998,70.96062500000001],[-132.99406249999998,70.96125],[-133.09218749999997,70.96375],[-133.11472656249998,70.964375],[-133.13328124999998,70.965],[-133.14785156249997,70.965625],[-133.1584375,70.96625],[-133.19281249999997,70.96875],[-133.20064453125,70.96960937499999],[-133.20695312499998,70.97093749999999],[-133.21173828124998,70.972734375],[-133.21499999999997,70.975],[-133.22500000000002,70.98500000000001],[-133.227666015625,70.98726562500002],[-133.2306640625,70.98906250000002],[-133.23399414062501,70.990390625],[-133.23765625000001,70.99125000000001],[-133.25296875,70.99375],[-133.25759765625,70.994375],[-133.26382812500003,70.995],[-133.27166015625002,70.995625],[-133.28109375000003,70.99625],[-133.32203125,70.99875],[-133.33306640625,70.999375],[-133.34570312500003,71.0],[-133.35994140625004,71.000625],[-133.37578125000005,71.00125],[-133.44234375000002,71.00375],[-133.45978515625004,71.00437499999998],[-133.47882812500004,71.005],[-133.49947265625002,71.005625],[-133.52171875000005,71.00625],[-133.61390625,71.00874999999999],[-133.647197265625,71.009609375],[-133.70097656250002,71.01093749999998],[-133.775244140625,71.01273437499998],[-133.87,71.01499999999999],[-134.29000000000002,71.025],[-134.384775390625,71.027275390625],[-134.4591015625,71.0291015625],[-134.51297851562498,71.030478515625],[-134.54640625,71.03140625],[-134.63921875,71.03421875000001],[-134.66166015625,71.03494140625001],[-134.682578125,71.035703125],[-134.70197265625,71.03650390625],[-134.71984375,71.03734374999999],[-134.78828125,71.04078125],[-134.80462890625,71.04166015625],[-134.81945312500002,71.04257812499999],[-134.83275390625002,71.04353515624999],[-134.84453125000002,71.04453124999999],[-134.88859375,71.04859375],[-134.89884765625,71.04962890624999],[-134.90757812500001,71.050703125],[-134.91478515625002,71.05181640625],[-134.92046875000003,71.05296874999999],[-134.94015625,71.05765625000001],[-134.945400390625,71.059306640625],[-134.95128906250002,71.0619140625],[-134.957822265625,71.06547851562499],[-134.965,71.07],[-134.995,71.09],[-135.002470703125,71.09451171875],[-135.0098828125,71.098046875],[-135.017236328125,71.10060546874999],[-135.02453125,71.10218749999999],[-135.05359375,71.1065625],[-135.06220703125,71.10761718749998],[-135.073515625,71.10859374999998],[-135.08751953125,71.1094921875],[-135.10421875,71.11031249999999],[-135.17640624999999,71.1134375],[-135.19580078124997,71.1141796875],[-135.217890625,71.11484375],[-135.24267578124997,71.11542968750001],[-135.27015624999999,71.1159375],[-135.38546875,71.11781250000001],[-135.41564453125,71.1182421875],[-135.448515625,71.11859375],[-135.48408203125,71.11886718750002],[-135.52234375,71.11906250000001],[-135.68078125,71.1196875],[-135.737939453125,71.11982421875001],[-135.8301953125,71.119921875],[-135.957548828125,71.11998046875],[-136.12,71.12],[-136.84,71.12],[-137.00251953125002,71.12009765625001],[-137.130078125,71.120390625],[-137.22267578125002,71.12087890625],[-137.2803125,71.12156250000001],[-137.44093750000002,71.12468750000001],[-137.47988281250002,71.12566406250002],[-137.51640625000002,71.12703125000002],[-137.5505078125,71.12878906250002],[-137.5821875,71.13093750000002],[-137.70406250000002,71.14031250000001],[-137.7333203125,71.14285156250001],[-137.76015625000002,71.14578125],[-137.78457031250002,71.14910156250001],[-137.8065625,71.15281250000001],[-137.8896875,71.16843750000001],[-137.9092578125,71.17253906250001],[-137.92640625,71.17703125000001],[-137.94113281250003,71.18191406250001],[-137.9534375,71.18718750000001],[-137.9978125,71.2090625],[-138.01064453125002,71.21697265625],[-138.026953125,71.229765625],[-138.04673828125001,71.24744140625],[-138.07000000000002,71.27],[-138.17,71.37],[-138.194189453125,71.39255859375],[-138.21675781250002,71.410234375],[-138.237705078125,71.42302734375],[-138.25703125,71.4309375],[-138.33109375,71.45281250000001],[-138.35267578125,71.45808593750002],[-138.38039062500002,71.46296875],[-138.41423828125002,71.46746093750001],[-138.45421875000002,71.4715625],[-138.62640625,71.48718749999999],[-138.67251953125,71.49089843749998],[-138.724765625,71.49421874999999],[-138.78314453125,71.49714843749999],[-138.84765625,71.4996875],[-139.11796875000002,71.5090625],[-139.18861328125,71.5112109375],[-139.265390625,71.51296875],[-139.34830078125003,71.5143359375],[-139.43734375000003,71.5153125],[-139.80578125,71.5184375],[-139.938564453125,71.51912109375],[-140.1526953125,71.519609375],[-140.448173828125,71.51990234375],[-140.825,71.52],[-142.495,71.52],[-142.87177734374998,71.52001953125],[-143.167109375,71.520078125],[-143.38099609374999,71.52017578125],[-143.51343749999998,71.5203125],[-143.8803125,71.52093749999999],[-143.96886718749997,71.52113281249999],[-144.05109375,71.52140624999998],[-144.12699218749998,71.5217578125],[-144.1965625,71.5221875],[-144.4621875,71.5240625],[-144.5254296875,71.5245703125],[-144.58234375,71.52515625000001],[-144.6329296875,71.5258203125],[-144.6771875,71.52656250000001],[-144.84156249999998,71.5296875],[-144.87949218749998,71.5305078125],[-144.91109375,71.53140625],[-144.9363671875,71.5323828125],[-144.9553125,71.53343749999999],[-145.0184375,71.5378125],[-145.03380859375,71.53939453125],[-145.04835937500002,71.54195312499999],[-145.06208984375002,71.54548828124999],[-145.075,71.55],[-145.125,71.57],[-145.138779296875,71.57451171874999],[-145.15511718749997,71.578046875],[-145.17401367187497,71.58060546875001],[-145.19546874999997,71.5821875],[-145.28640624999997,71.58656249999999],[-145.31404296874996,71.58761718749999],[-145.35148437499998,71.58859374999999],[-145.39873046875,71.58949218749999],[-145.45578124999997,71.59031249999998],[-145.70359374999998,71.5934375],[-145.77044921874997,71.59417968749999],[-145.847109375,71.59484375],[-145.93357421874998,71.5954296875],[-146.02984375,71.59593749999999],[-146.43453124999996,71.5978125],[-146.54060546875,71.5982421875],[-146.656484375,71.59859374999999],[-146.78216796875,71.59886718749999],[-146.91765625,71.5990625],[-147.47921874999997,71.59968749999999],[-147.682060546875,71.59982421874999],[-148.00980468749998,71.59992187499999],[-148.462451171875,71.59998046875],[-149.04,71.6],[-151.6,71.6],[-152.177548828125,71.600048828125],[-152.6301953125,71.60019531249999],[-152.957939453125,71.60043945312499],[-153.16078125,71.60078125],[-153.72234375,71.60234375],[-153.85783203124998,71.60283203125],[-153.983515625,71.603515625],[-154.09939453125003,71.60439453125],[-154.20546875000002,71.60546875],[-154.61015625,71.61015624999999],[-154.70642578125,71.61142578124999],[-154.79289062499998,71.61289062499999],[-154.86955078124998,71.61455078124999],[-154.93640625,71.61640624999998],[-155.18421875,71.62421874999998],[-155.24126953125003,71.62626953124999],[-155.288515625,71.62851562499998],[-155.32595703125003,71.63095703124999],[-155.35359375000002,71.63359374999999],[-155.44453125,71.64453125],[-155.465986328125,71.648486328125],[-155.48488281250002,71.65488281249999],[-155.501220703125,71.663720703125],[-155.515,71.675],[-155.565,71.725],[-155.576611328125,71.73627929687501],[-155.5864453125,71.7451171875],[-155.59450195312496,71.751513671875],[-155.60078124999998,71.75546875],[-155.62234374999997,71.76640624999999],[-155.62830078124998,71.76904296874999],[-155.63539062499999,71.771484375],[-155.64361328125,71.77373046874999],[-155.65296874999999,71.77578125],[-155.69265624999997,71.78359375],[-155.70314453125,71.78544921875],[-155.71476562499998,71.787109375],[-155.72751953124998,71.78857421875],[-155.74140624999998,71.78984374999999],[-155.79921875,71.79453125],[-155.81423828124997,71.79560546875],[-155.830390625,71.796484375],[-155.84767578125,71.79716796875],[-155.86609375,71.79765625],[-155.94203124999999,71.79921875],[-155.969267578125,71.79956054687499],[-156.01300781249998,71.7998046875],[-156.07325195312498,71.799951171875],[-156.14999999999998,71.8],[-156.49,71.8],[-156.566708984375,71.799990234375],[-156.6268359375,71.79996093749999],[-156.67038085937503,71.799912109375],[-156.69734375000002,71.79984375],[-156.77203125,71.79953125],[-156.79005859375,71.79943359375],[-156.80679687499997,71.799296875],[-156.82224609374998,71.79912109374999],[-156.83640624999998,71.79890624999999],[-156.89046874999997,71.79796875],[-156.90333984375,71.79771484375],[-156.91492187499998,71.79742187499998],[-156.92521484374998,71.79708984374999],[-156.93421874999999,71.79671874999998],[-156.96765625,71.79515624999999],[-156.97537109375,71.79474609374999],[-156.981796875,71.79429687499999],[-156.98693359375,71.79380859374999],[-156.99078125,71.79328124999998],[-157.00359375,71.79109374999999],[-157.00670898437497,71.79030273437499],[-157.0096484375,71.78902343749999],[-157.01241210937496,71.787255859375],[-157.015,71.785],[-157.025,71.775],[-157.02728515625,71.77274414062501],[-157.02914062500003,71.77097656250001],[-157.03056640625002,71.76969726562501],[-157.0315625,71.76890625000001],[-157.03468750000002,71.76671875000002],[-157.03550781250001,71.76619140625002],[-157.03640625000003,71.76570312500002],[-157.03738281250003,71.76525390625001],[-157.03843750000004,71.76484375000001],[-157.04281250000003,71.76328125],[-157.04394531250003,71.76291015625002],[-157.04515625000002,71.762578125],[-157.0464453125,71.76228515625002],[-157.04781250000002,71.76203125],[-157.05343749999997,71.76109375],[-157.05488281249998,71.76087890625],[-157.05640624999998,71.76070312499999],[-157.0580078125,71.76056640625],[-157.0596875,71.76046875],[-157.06656249999997,71.76015625000001],[-157.06900390624997,71.760087890625],[-157.07289062499999,71.7600390625],[-157.07822265624998,71.760009765625],[-157.08499999999998,71.76],[-157.115,71.76],[-157.12177734375,71.75999023437501],[-157.127109375,71.75996093750001],[-157.13099609375,71.75991210937502],[-157.1334375,71.75984375000002],[-157.1403125,71.75953125000001],[-157.1419921875,71.75943359375002],[-157.14359375,71.759296875],[-157.14511718750003,71.75912109375001],[-157.14656250000002,71.75890625000001],[-157.15218750000003,71.75796875],[-157.15355468750002,71.75771484375],[-157.15484375,71.757421875],[-157.15605468750002,71.75708984375001],[-157.15718750000002,71.75671875],[-157.1615625,71.75515625000001],[-157.16261718750002,71.75474609375001],[-157.16359375000002,71.75429687500002],[-157.1644921875,71.75380859375001],[-157.16531250000003,71.75328125000001],[-157.1684375,71.75109375],[-157.16943359375003,71.750302734375],[-157.17085937500002,71.7490234375],[-157.17271484375001,71.747255859375],[-157.175,71.745],[-157.185,71.735],[-157.1873046875,71.73273437499999],[-157.18921875,71.7309375],[-157.1907421875,71.729609375],[-157.19187499999998,71.72875],[-157.195625,71.72625000000001],[-157.19664062500001,71.72562500000001],[-157.1978125,71.72500000000001],[-157.19914062499998,71.724375],[-157.200625,71.72375],[-157.20687499999997,71.72125],[-157.20851562499996,71.720625],[-157.2103125,71.72],[-157.212265625,71.719375],[-157.214375,71.71875],[-157.22312499999998,71.71625],[-157.22539062500002,71.71562499999999],[-157.2278125,71.715],[-157.23039062499998,71.714375],[-157.233125,71.71375],[-157.244375,71.71125],[-157.24839843750001,71.710390625],[-157.25484375,71.70906250000002],[-157.2637109375,71.70726562500002],[-157.275,71.70500000000001],[-157.32500000000002,71.695],[-157.33636718750003,71.692705078125],[-157.34546875,71.6908203125],[-157.3523046875,71.689345703125],[-157.356875,71.68828125],[-157.37062500000002,71.68484375],[-157.374140625,71.68392578125001],[-157.3778125,71.682890625],[-157.381640625,71.68173828125],[-157.385625,71.68046875],[-157.40187500000002,71.67515625],[-157.406015625,71.67376953125],[-157.41031250000003,71.672265625],[-157.414765625,71.67064453124999],[-157.419375,71.66890624999999],[-157.438125,71.66171875],[-157.44289062500002,71.65986328125],[-157.4478125,71.657890625],[-157.452890625,71.65580078125001],[-157.458125,71.65359375],[-157.479375,71.64453125],[-157.4868359375,71.641298828125],[-157.49859375,71.6361328125],[-157.5146484375,71.629033203125],[-157.535,71.62],[-157.625,71.58],[-157.645498046875,71.57091796875],[-157.6619921875,71.563671875],[-157.67448242187498,71.55826171875],[-157.68296875,71.5546875],[-157.70890625,71.5440625],[-157.71560546875,71.5413671875],[-157.72273437500002,71.53859374999999],[-157.73029296875,71.53574218749999],[-157.73828125,71.53281249999999],[-157.77109374999998,71.5209375],[-157.77951171874997,71.51792968750001],[-157.78835937499997,71.51484375000001],[-157.79763671874997,71.5116796875],[-157.80734374999997,71.50843750000001],[-157.84703125,71.49531250000001],[-157.85716796875,71.49199218750002],[-157.867734375,71.48859375],[-157.87873046875,71.48511718750001],[-157.89015625,71.48156250000001],[-157.93671874999998,71.46718750000001],[-157.95315429687497,71.46216796875001],[-157.9791796875,71.45429687500001],[-158.014794921875,71.44357421875002],[-158.06,71.43],[-158.26,71.37],[-158.305146484375,71.3564453125],[-158.3405859375,71.34578125],[-158.36631835937501,71.3380078125],[-158.38234375000002,71.333125],[-158.42703125000003,71.31937500000001],[-158.43787109375003,71.316015625],[-158.44804687500005,71.3128125],[-158.45755859375004,71.30976562500001],[-158.46640625000003,71.306875],[-158.50046875,71.295625],[-158.50865234375,71.292890625],[-158.516171875,71.2903125],[-158.52302734375,71.287890625],[-158.52921874999998,71.28562500000001],[-158.55265624999998,71.276875],[-158.55818359375,71.27476562500001],[-158.563046875,71.27281250000001],[-158.56724609375,71.271015625],[-158.57078124999998,71.26937500000001],[-158.58359374999998,71.263125],[-158.587333984375,71.2611328125],[-158.5921484375,71.25828125000001],[-158.598037109375,71.25457031250001],[-158.605,71.25],[-158.63500000000002,71.23],[-158.64199218750002,71.225419921875],[-158.64796875000002,71.2216796875],[-158.65292968750003,71.218779296875],[-158.656875,71.21671875],[-158.670625,71.21015625000001],[-158.674453125,71.20841796875001],[-158.6790625,71.206484375],[-158.684453125,71.20435546875001],[-158.690625,71.20203125],[-158.716875,71.19234375],[-158.72382812499998,71.18982421875],[-158.7315625,71.187109375],[-158.74007812499997,71.18419921875],[-158.749375,71.18109375],[-158.788125,71.16828125],[-158.79820312500001,71.16498046875002],[-158.8090625,71.16148437500001],[-158.82070312500002,71.15779296875],[-158.833125,71.15390625],[-158.884375,71.13796875000001],[-158.90277343750003,71.13229492187502],[-158.93234375,71.12324218750001],[-158.9730859375,71.11081054687502],[-159.025,71.09500000000001],[-159.255,71.02499999999999],[-159.30697265625003,71.009169921875],[-159.347890625,70.9966796875],[-159.37775390625,70.987529296875],[-159.39656250000002,70.98171875],[-159.44968749999998,70.96515624999999],[-159.4626953125,70.96107421875],[-159.47515625,70.957109375],[-159.4870703125,70.95326171874999],[-159.4984375,70.94953124999999],[-159.5428125,70.93484375],[-159.55363281249998,70.93123046875],[-159.56390625,70.927734375],[-159.5736328125,70.92435546874998],[-159.5828125,70.92109374999998],[-159.61843749999997,70.90828124999999],[-159.62707031249997,70.90513671874999],[-159.63515624999997,70.90210937499998],[-159.6426953125,70.89919921874998],[-159.64968749999997,70.89640624999998],[-159.6765625,70.88546875],[-159.68525390625,70.88182617187499],[-159.697890625,70.8763671875],[-159.71447265625,70.869091796875],[-159.735,70.86],[-159.825,70.82000000000001],[-159.846220703125,70.81097656250002],[-159.8648828125,70.80390625000001],[-159.880986328125,70.7987890625],[-159.89453125,70.79562500000002],[-159.94359375000002,70.78687500000001],[-159.95751953125003,70.784765625],[-159.97476562500003,70.7828125],[-159.99533203125003,70.78101562500001],[-160.01921875000002,70.77937500000002],[-160.12140625,70.77312500000001],[-160.14861328125002,70.77164062500002],[-160.179140625,70.7703125],[-160.21298828125003,70.769140625],[-160.25015625000003,70.76812500000001],[-160.40546875,70.764375],[-160.44595703125,70.763515625],[-160.48976562500002,70.7628125],[-160.53689453125003,70.762265625],[-160.58734375000003,70.761875],[-160.79578125,70.760625],[-160.870751953125,70.7603515625],[-160.9914453125,70.76015625000001],[-161.157861328125,70.7600390625],[-161.37,70.76],[-162.31,70.76],[-162.522353515625,70.75969726562501],[-162.68941406250002,70.75878906250001],[-162.81118164062502,70.75727539062501],[-162.88765625000002,70.75515625000001],[-163.10296875,70.74546875],[-163.15556640625,70.74244140625001],[-163.205703125,70.73820312500001],[-163.25337890625002,70.73275390625],[-163.29859375,70.72609375],[-163.47453125,70.69703125000001],[-163.51728515625,70.68916015625001],[-163.55757812500002,70.68007812500001],[-163.59541015624998,70.66978515625],[-163.63078124999998,70.65828125],[-163.76734375,70.60984375000001],[-163.80025390625,70.59712890625],[-163.830703125,70.58320312500001],[-163.85869140625,70.56806640625001],[-163.88421875,70.55171875],[-163.98140625000002,70.48390625],[-164.012353515625,70.459384765625],[-164.05660156250002,70.4197265625],[-164.114150390625,70.364931640625],[-164.185,70.295],[-164.495,69.985],[-164.56498046875,69.91505859375],[-164.619921875,69.860234375],[-164.65982421875,69.82052734375],[-164.6846875,69.79593750000001],[-164.7540625,69.7278125],[-164.7708984375,69.7113671875],[-164.78671875,69.69609375],[-164.8015234375,69.6819921875],[-164.8153125,69.6690625],[-164.86843750000003,69.6196875],[-164.88121093750001,69.6079296875],[-164.89296875000002,69.59734375],[-164.90371093750002,69.58792968750001],[-164.91343750000001,69.5796875],[-164.9503125,69.54906249999999],[-164.9590234375,69.5419921875],[-164.96671874999998,69.53609374999999],[-164.9733984375,69.5313671875],[-164.9790625,69.5278125],[-164.9996875,69.5159375],[-165.00576171874997,69.51302734375003],[-165.013671875,69.51023437500001],[-165.02341796874998,69.50755859375],[-165.035,69.50500000000001],[-165.085,69.49499999999999],[-165.09630859375002,69.492724609375],[-165.105234375,69.4908984375],[-165.11177734375002,69.48952148437499],[-165.11593750000003,69.48859374999999],[-165.1278125,69.48578125],[-165.1307421875,69.48505859375],[-165.13359375000002,69.484296875],[-165.1363671875,69.48349609374999],[-165.13906250000002,69.48265624999999],[-165.14968750000003,69.47921875],[-165.15230468750002,69.47833984375],[-165.15484375,69.477421875],[-165.15730468750002,69.47646484375],[-165.15968750000002,69.47546875],[-165.1690625,69.47140625],[-165.1713671875,69.47037109375],[-165.17359375,69.46929687500001],[-165.17574218750002,69.46818359375001],[-165.17781250000002,69.46703125000002],[-165.1859375,69.46234375],[-165.18865234375,69.460693359375],[-165.192734375,69.4580859375],[-165.19818359375,69.45452148437501],[-165.20499999999998,69.45],[-165.235,69.43],[-165.241953125,69.42542968750001],[-165.2478125,69.42171875],[-165.252578125,69.4188671875],[-165.25625,69.416875],[-165.26875,69.410625],[-165.27218750000003,69.408984375],[-165.27625,69.40718749999999],[-165.2809375,69.405234375],[-165.28625,69.403125],[-165.30875,69.39437500000001],[-165.3146875,69.39210937500002],[-165.32125000000002,69.38968750000001],[-165.3284375,69.38710937500001],[-165.33625,69.384375],[-165.36874999999998,69.37312500000002],[-165.3771875,69.37023437500001],[-165.38625,69.3671875],[-165.3959375,69.363984375],[-165.40625,69.360625],[-165.44875,69.34687500000001],[-165.463984375,69.3419921875],[-165.48843749999997,69.33421875],[-165.522109375,69.3235546875],[-165.565,69.31],[-165.755,69.25],[-165.798046875,69.236279296875],[-165.83218749999997,69.2251171875],[-165.857421875,69.216513671875],[-165.87374999999997,69.21046875],[-165.92125,69.19140625],[-165.933125,69.18638671875],[-165.945,69.18085937500001],[-165.956875,69.17482421875002],[-165.96875,69.16828125],[-166.01625,69.14109375],[-166.02812500000002,69.13404296875],[-166.04,69.12648437499999],[-166.051875,69.11841796875],[-166.06375,69.10984375],[-166.11124999999998,69.07453124999999],[-166.123125,69.06544921874999],[-166.135,69.055859375],[-166.146875,69.04576171875],[-166.15875,69.03515625],[-166.20625,68.99171874999999],[-166.225546875,68.973310546875],[-166.2596875,68.9398046875],[-166.30867187500002,68.891201171875],[-166.3725,68.8275],[-166.8,68.4],[-166.8,68.01750000000001],[-166.800419921875,67.96013671875001],[-166.8016796875,67.915546875],[-166.803779296875,67.88373046875],[-166.80671875000002,67.8646875],[-166.82015625000003,67.81406249999999],[-166.82435546875,67.8008984375],[-166.830234375,67.78671874999999],[-166.83779296875002,67.7715234375],[-166.84703125000001,67.7553125],[-166.88734375,67.68843749999999],[-166.89826171875004,67.67121093749999],[-166.91085937500003,67.65296875],[-166.92513671875003,67.63371093750001],[-166.94109375000002,67.6134375],[-167.00828125,67.53031250000001],[-167.02591796875,67.5090234375],[-167.045234375,67.48671875],[-167.06623046875,67.4633984375],[-167.08890625,67.4390625],[-167.18296875000001,67.3396875],[-167.223701171875,67.29779296874999],[-167.2988671875,67.221796875],[-167.40846679687502,67.11169921875],[-167.5525,66.9675],[-168.52,66.0]]}},{"type":"Feature","properties":{"id":"grays-east","name":"Grays Bay \u2192 Atlantic connection","category":"proposed","status":"Proposed / conceptual connection","summary":"Potential feeder east through the southern NWP. This is an inferred connection to markets, not a committed carrier route.","cargo":"Potential mineral exports and inbound supplies.","season":"No fixed season or start date demonstrated.","waypoints":["Grays Bay","Coronation Gulf","Dease Strait","Queen Maud Gulf","Victoria Strait","Peel Sound","Lancaster Sound","Atlantic"],"constraints":["Project delivery and suitable ships.","The southern NWP contains draft restrictions and ice choke points."],"sources":[{"title":"NIRB \u00b7 Grays Bay Road and Port active review","url":"https://www.nirb.ca/portal/pdash.php?appid=125987"},{"title":"Grays Bay proposal \u00b7 port and road endpoints, Table 1.1 (2024)","url":"https://new.reviewboard.ca/sites/default/files/project_document/240812-24xn038-project-proposal-ir1e.pdf"}],"geometry_method":"Hand-placed schematic waypoints; not AIS tracks, official corridor boundaries or a navigational chart. Sea segments follow an approximate land mask, with rounded display corners where the coast allows; no depth or ice routing is performed."},"geometry":{"type":"LineString","coordinates":[[-110.88,67.84],[-110.85,67.87],[-110.845625,67.8771875],[-110.8425,67.88875],[-110.840625,67.9046875],[-110.84,67.925],[-110.84,68.015],[-110.83994140624999,68.03515625],[-110.839765625,68.050625],[-110.83947265625,68.06140625],[-110.8390625,68.0675],[-110.8371875,68.08250000000001],[-110.8366015625,68.08625],[-110.83578125,68.09],[-110.83472656249998,68.09375],[-110.83343749999999,68.0975],[-110.8278125,68.11250000000001],[-110.8262890625,68.11625000000001],[-110.82453124999999,68.12],[-110.8225390625,68.12375],[-110.8203125,68.1275],[-110.81093750000001,68.14250000000001],[-110.8084765625,68.14625000000001],[-110.80578125000001,68.15],[-110.80285156250001,68.15375],[-110.7996875,68.1575],[-110.7865625,68.17250000000001],[-110.78181640625,68.17765625000001],[-110.774140625,68.18562500000002],[-110.76353515625,68.19640625000001],[-110.75,68.21000000000001],[-110.69,68.27],[-110.676455078125,68.28353515625],[-110.6658203125,68.294140625],[-110.65809570312501,68.30181640624998],[-110.65328125,68.30656249999998],[-110.63984374999998,68.31968749999999],[-110.63658203124999,68.32285156249998],[-110.63351562499999,68.32578124999999],[-110.63064453125,68.32847656249999],[-110.62796875,68.33093749999999],[-110.61765625,68.3403125],[-110.61517578125,68.3425390625],[-110.612890625,68.34453124999999],[-110.61080078124999,68.3462890625],[-110.60890624999999,68.3478125],[-110.60171874999999,68.35343750000001],[-110.60001953124998,68.3547265625],[-110.59851562499998,68.35578125],[-110.59720703124998,68.3566015625],[-110.59609374999998,68.35718750000001],[-110.59203124999999,68.3590625],[-110.590830078125,68.35947265624999],[-110.58925781249998,68.359765625],[-110.587314453125,68.35994140625],[-110.585,68.36],[-110.57499999999999,68.36],[-110.57273437499998,68.36000976562501],[-110.57093749999999,68.3600390625],[-110.569609375,68.360087890625],[-110.56875,68.36015624999999],[-110.56624999999998,68.36046875],[-110.56562499999998,68.36056640625],[-110.56499999999998,68.360703125],[-110.56437499999998,68.36087890625],[-110.56374999999998,68.36109375],[-110.56125,68.36203125],[-110.560625,68.36228515625],[-110.56,68.362578125],[-110.559375,68.36291015625],[-110.55875,68.36328125],[-110.55625,68.36484374999999],[-110.555625,68.36525390624999],[-110.555,68.36570312499998],[-110.55437500000001,68.36619140625],[-110.55375000000001,68.36671874999999],[-110.55125,68.36890625000001],[-110.550390625,68.369697265625],[-110.54906249999999,68.3709765625],[-110.547265625,68.372744140625],[-110.54499999999999,68.375],[-110.53500000000001,68.385],[-110.53228515625001,68.387255859375],[-110.52914062500001,68.38902343750001],[-110.52556640625,68.39030273437501],[-110.5215625,68.39109375000001],[-110.50468749999999,68.39328125],[-110.4995703125,68.39380859375001],[-110.49265625,68.39429687500001],[-110.4839453125,68.39474609375],[-110.47343749999999,68.39515625000001],[-110.4278125,68.39671875],[-110.41550781250001,68.39708984375001],[-110.40140625000001,68.397421875],[-110.38550781250001,68.39771484375001],[-110.36781250000001,68.39796875],[-110.29343749999998,68.39890625000001],[-110.27394531249999,68.39912109375001],[-110.25265624999999,68.399296875],[-110.22957031249999,68.39943359374999],[-110.20468749999999,68.39953125],[-110.1015625,68.39984375],[-110.06431640625,68.39991210937501],[-110.004140625,68.3999609375],[-109.92103515625,68.399990234375],[-109.815,68.4],[-109.345,68.4],[-109.23893554687498,68.4000390625],[-109.1557421875,68.40015625000001],[-109.09541992187499,68.4003515625],[-109.05796874999999,68.400625],[-108.95390624999999,68.401875],[-108.92873046874999,68.40226562500001],[-108.90523437499999,68.40281250000001],[-108.88341796875,68.403515625],[-108.86328124999999,68.404375],[-108.78609374999999,68.408125],[-108.76763671874998,68.409140625],[-108.75085937499999,68.4103125],[-108.73576171874998,68.411640625],[-108.72234375,68.41312500000001],[-108.67203124999999,68.419375],[-108.66029296874999,68.42101562500001],[-108.650234375,68.4228125],[-108.64185546875,68.424765625],[-108.63515625,68.42687500000001],[-108.61171875,68.435625],[-108.605341796875,68.4387890625],[-108.59792968749998,68.44390625],[-108.58948242187498,68.4509765625],[-108.57999999999998,68.46000000000001],[-108.53999999999999,68.5],[-108.53096679687499,68.5090234375],[-108.52386718749997,68.51609375000001],[-108.51870117187498,68.5212109375],[-108.51546874999998,68.524375],[-108.50640624999998,68.533125],[-108.50419921874997,68.535234375],[-108.50210937499999,68.53718749999999],[-108.50013671874999,68.538984375],[-108.49828124999999,68.540625],[-108.49109374999999,68.546875],[-108.48935546874999,68.54835937500002],[-108.48773437499999,68.5496875],[-108.48623046875,68.55085937500002],[-108.48484374999998,68.55187500000001],[-108.47953124999998,68.555625],[-108.47826171874999,68.556484375],[-108.47710937499998,68.55718750000001],[-108.47607421874999,68.55773437500001],[-108.47515624999998,68.558125],[-108.47171874999998,68.559375],[-108.47065429687498,68.5596484375],[-108.46917968749999,68.55984375],[-108.467294921875,68.5599609375],[-108.46499999999999,68.56],[-108.45499999999998,68.56],[-108.45272460937497,68.56001953125],[-108.45089843749999,68.560078125],[-108.449521484375,68.56017578125001],[-108.44859374999999,68.56031250000001],[-108.44578125,68.5609375],[-108.44505859375,68.56113281249999],[-108.44429687499999,68.56140625],[-108.44349609375,68.56175781249999],[-108.44265625,68.5621875],[-108.43921875000001,68.5640625],[-108.43833984375,68.5645703125],[-108.437421875,68.56515625],[-108.43646484375,68.5658203125],[-108.43546875,68.5665625],[-108.43140625,68.5696875],[-108.43037109375,68.5705078125],[-108.429296875,68.57140625000001],[-108.42818359374999,68.5723828125],[-108.42703125,68.5734375],[-108.42234375,68.57781250000001],[-108.420693359375,68.57939453125],[-108.4180859375,68.58195312500001],[-108.414521484375,68.58548828125001],[-108.41,68.59],[-108.39,68.61],[-108.385400390625,68.61451171875001],[-108.3816015625,68.618046875],[-108.378603515625,68.62060546875],[-108.37640625,68.62218750000001],[-108.36921874999999,68.6265625],[-108.36728515624998,68.6276171875],[-108.365078125,68.62859375000001],[-108.36259765624999,68.6294921875],[-108.35984374999998,68.6303125],[-108.34828125000001,68.63343750000001],[-108.34525390625001,68.63417968750001],[-108.341953125,68.63484375000002],[-108.33837890625,68.63542968750001],[-108.33453125,68.63593750000001],[-108.31859374999999,68.6378125],[-108.31447265624999,68.6382421875],[-108.31007812499999,68.63859375],[-108.30541015624999,68.6388671875],[-108.30046875,68.6390625],[-108.28015625,68.63968750000001],[-108.272900390625,68.63982421875001],[-108.2612890625,68.639921875],[-108.24532226562499,68.63998046875],[-108.225,68.64],[-108.13499999999999,68.64],[-108.11468749999999,68.640009765625],[-108.09875,68.64003906250001],[-108.0871875,68.64008789062501],[-108.08,68.64015625],[-108.06,68.64046875],[-108.05515625,68.64056640625],[-108.050625,68.640703125],[-108.04640624999999,68.64087890625001],[-108.04249999999999,68.64109375000001],[-108.02750000000002,68.64203125],[-108.02390625000002,68.64228515625],[-108.02062500000002,68.642578125],[-108.01765625000002,68.64291015625],[-108.01500000000001,68.64328125],[-108.005,68.64484375],[-108.00265625,68.64525390625],[-108.000625,68.645703125],[-107.99890625,68.64619140625],[-107.9975,68.64671874999999],[-107.9925,68.64890625000001],[-107.99109375,68.64969726562501],[-107.98937500000001,68.6509765625],[-107.98734375000001,68.652744140625],[-107.98500000000001,68.655],[-107.975,68.66499999999999],[-107.97269531249998,68.66725585937499],[-107.97078124999999,68.6690234375],[-107.96925781249999,68.67030273437499],[-107.96812499999999,68.67109375],[-107.96437500000002,68.67328125000002],[-107.96335937500001,68.67380859375002],[-107.96218750000001,68.67429687500001],[-107.96085937500001,68.67474609375002],[-107.95937500000001,68.67515625000001],[-107.953125,68.67671875],[-107.95148437499999,68.67708984375001],[-107.9496875,68.67742187500001],[-107.94773437499998,68.67771484375001],[-107.94562499999999,68.67796875],[-107.936875,68.67890625000001],[-107.93460937500001,68.67912109375001],[-107.9321875,68.679296875],[-107.929609375,68.67943359375],[-107.926875,68.67953125000001],[-107.915625,68.67984375],[-107.9116015625,68.67991210937501],[-107.90515625,68.6799609375],[-107.8962890625,68.67999023437501],[-107.885,68.68],[-107.83500000000001,68.68],[-107.823701171875,68.68001953125003],[-107.81480468750001,68.68007812500001],[-107.808310546875,68.68017578125001],[-107.80421875,68.68031250000001],[-107.79265625,68.68093750000001],[-107.78982421874998,68.68113281250001],[-107.78710937499999,68.68140625000001],[-107.78451171875,68.68175781250002],[-107.78203124999999,68.68218750000001],[-107.77234375,68.68406250000001],[-107.76998046874999,68.6845703125],[-107.76773437499999,68.68515625],[-107.76560546875001,68.6858203125],[-107.76359375,68.68656250000001],[-107.75578124999998,68.6896875],[-107.75388671874998,68.69050781250002],[-107.75210937499999,68.69140625000001],[-107.75044921874999,68.6923828125],[-107.74890624999999,68.6934375],[-107.74296874999999,68.69781250000001],[-107.74104492187499,68.69939453125002],[-107.73824218749999,68.70195312500002],[-107.73456054687499,68.70548828125001],[-107.72999999999999,68.71000000000001],[-107.71000000000001,68.73],[-107.70535156250001,68.73451171875001],[-107.70140625,68.73804687500001],[-107.69816406250001,68.74060546875],[-107.695625,68.74218750000001],[-107.686875,68.74656250000001],[-107.684453125,68.74761718750001],[-107.6815625,68.74859375000001],[-107.67820312500001,68.74949218750001],[-107.674375,68.7503125],[-107.65812500000001,68.75343750000002],[-107.65382812500002,68.75417968750003],[-107.6490625,68.75484375000002],[-107.64382812500003,68.75542968750003],[-107.63812500000002,68.75593750000002],[-107.614375,68.7578125],[-107.60820312499999,68.7582421875],[-107.60156250000001,68.75859375],[-107.594453125,68.7588671875],[-107.586875,68.7590625],[-107.555625,68.75968750000001],[-107.5444140625,68.75982421875001],[-107.52640625000001,68.759921875],[-107.5016015625,68.75998046875],[-107.47,68.76],[-107.33000000000001,68.76],[-107.298408203125,68.760009765625],[-107.27363281250001,68.76003906250001],[-107.25567382812501,68.76008789062502],[-107.24453125000001,68.76015625000001],[-107.21359374999999,68.76046875],[-107.20611328124998,68.76056640625],[-107.19914062499998,68.760703125],[-107.19267578124999,68.76087890625001],[-107.18671874999998,68.76109375000001],[-107.16390625,68.76203125],[-107.15845703125,68.76228515625002],[-107.15351562500001,68.762578125],[-107.14908203125,68.76291015625],[-107.14515625,68.76328125],[-107.13046875,68.76484375000001],[-107.12705078124999,68.76525390625],[-107.124140625,68.765703125],[-107.12173828125,68.76619140625],[-107.11984375,68.76671875],[-107.11328125,68.76890625000001],[-107.11153320312499,68.76969726562501],[-107.10957031250001,68.77097656250001],[-107.107392578125,68.77274414062501],[-107.10499999999999,68.775],[-107.095,68.785],[-107.09271484375,68.787255859375],[-107.090859375,68.78902343749999],[-107.08943359375,68.79030273437499],[-107.0884375,68.79109374999999],[-107.08531249999999,68.79328124999998],[-107.08449218749999,68.79380859374997],[-107.08359375,68.79429687499999],[-107.08261718749999,68.79474609374998],[-107.08156249999999,68.79515624999999],[-107.07718750000001,68.79671875],[-107.0760546875,68.79708984375],[-107.07484375000001,68.797421875],[-107.0735546875,68.79771484374999],[-107.07218750000001,68.79796875],[-107.06656249999999,68.79890625],[-107.0651171875,68.79912109375],[-107.06359375,68.79929687500001],[-107.0619921875,68.79943359375],[-107.0603125,68.79953125],[-107.0534375,68.79984375],[-107.05099609375,68.799912109375],[-107.04710937499999,68.7999609375],[-107.04177734375,68.79999023437499],[-107.035,68.8],[-107.005,68.8],[-106.99822265625,68.80000976562499],[-106.992890625,68.80003906249999],[-106.98900390624999,68.800087890625],[-106.98656249999999,68.80015624999999],[-106.97968750000001,68.80046875],[-106.97800781250001,68.80056640625],[-106.97640625000001,68.800703125],[-106.9748828125,68.80087890624999],[-106.9734375,68.80109374999999],[-106.9678125,68.80203125],[-106.96644531249999,68.80228515625001],[-106.96515624999999,68.802578125],[-106.9639453125,68.80291015625],[-106.9628125,68.80328125],[-106.9584375,68.80484374999999],[-106.95738281250001,68.80525390625],[-106.95640625000001,68.80570312499998],[-106.9555078125,68.80619140624998],[-106.9546875,68.80671874999999],[-106.95156250000001,68.80890625],[-106.95056640625,68.809697265625],[-106.949140625,68.8109765625],[-106.94728515625002,68.812744140625],[-106.94500000000001,68.815],[-106.93499999999999,68.825],[-106.93267578125,68.82725585937501],[-106.93070312499998,68.82902343750001],[-106.92908203124998,68.83030273437501],[-106.92781249999999,68.83109375000001],[-106.92343749999999,68.83328125],[-106.92222656249999,68.83380859374999],[-106.92078124999998,68.83429687499999],[-106.91910156249997,68.83474609375],[-106.91718749999998,68.83515625],[-106.9090625,68.83671875],[-106.90691406250002,68.83708984375001],[-106.90453125,68.837421875],[-106.90191406250001,68.83771484375],[-106.89906250000001,68.83796875],[-106.88718749999998,68.83890625000001],[-106.88410156249998,68.83912109375],[-106.88078124999998,68.839296875],[-106.8772265625,68.83943359374999],[-106.8734375,68.83953125],[-106.8578125,68.83984375],[-106.85220703125,68.83991210937499],[-106.84320312499999,68.8399609375],[-106.83080078124999,68.83999023437501],[-106.815,68.84],[-106.745,68.84],[-106.72919921875001,68.84000976562501],[-106.716796875,68.84003906250001],[-106.70779296875,68.840087890625],[-106.70218750000001,68.84015625],[-106.68656250000001,68.84046875000001],[-106.6827734375,68.84056640625],[-106.67921874999999,68.840703125],[-106.6758984375,68.84087890625],[-106.67281249999999,68.84109375],[-106.66093750000002,68.84203125],[-106.65808593750002,68.84228515625],[-106.65546875,68.842578125],[-106.65308593750001,68.84291015625],[-106.65093750000001,68.84328125],[-106.64281249999999,68.84484375],[-106.6408984375,68.84525390625001],[-106.63921875,68.845703125],[-106.63777343749999,68.84619140625],[-106.6365625,68.84671875000001],[-106.6321875,68.84890625],[-106.63091796875,68.849697265625],[-106.629296875,68.8509765625],[-106.62732421875,68.85274414062499],[-106.625,68.85499999999999],[-106.61499999999998,68.86500000000001],[-106.61271484374998,68.867255859375],[-106.61085937499998,68.8690234375],[-106.60943359374998,68.870302734375],[-106.60843749999998,68.87109375],[-106.60531249999997,68.87328125000002],[-106.60449218749997,68.87380859375001],[-106.60359374999999,68.87429687500001],[-106.60261718749997,68.87474609375002],[-106.60156249999997,68.87515625],[-106.59718749999999,68.87671875000001],[-106.59605468749999,68.87708984375001],[-106.59484375,68.877421875],[-106.59355468749999,68.87771484375],[-106.5921875,68.87796875],[-106.58656249999997,68.87890625],[-106.58511718749997,68.87912109374999],[-106.58359374999998,68.879296875],[-106.58199218749998,68.87943359375001],[-106.58031249999998,68.87953125],[-106.57343749999998,68.87984374999999],[-106.57099609375,68.879912109375],[-106.56710937499999,68.87996093749999],[-106.56177734374998,68.87999023437499],[-106.55499999999999,68.88],[-106.52499999999999,68.88],[-106.51822265624999,68.88000976562499],[-106.51289062499998,68.8800390625],[-106.50900390624999,68.88008789062499],[-106.50656249999999,68.88015625],[-106.4996875,68.88046874999999],[-106.49800781249999,68.88056640625],[-106.49640625,68.880703125],[-106.4948828125,68.88087890624999],[-106.4934375,68.88109374999999],[-106.4878125,68.88203125],[-106.4864453125,68.88228515624999],[-106.48515625000002,68.882578125],[-106.48394531250001,68.88291015624999],[-106.48281250000001,68.88328125],[-106.4784375,68.88484375],[-106.4773828125,68.88525390625],[-106.47640625,68.885703125],[-106.47550781249998,68.88619140625],[-106.47468749999999,68.88671875],[-106.47156249999999,68.88890625],[-106.47056640624999,68.889697265625],[-106.469140625,68.89097656250001],[-106.46728515625,68.89274414062501],[-106.46499999999999,68.89500000000001],[-106.45500000000001,68.905],[-106.45272460937501,68.907255859375],[-106.4508984375,68.9090234375],[-106.44952148437501,68.910302734375],[-106.44859375000001,68.91109374999999],[-106.44578125,68.91328125000001],[-106.44505859375,68.91380859375002],[-106.44429687499999,68.914296875],[-106.44349609375,68.91474609375001],[-106.44265625,68.91515625000001],[-106.43921875000001,68.91671875],[-106.43833984375,68.91708984375],[-106.437421875,68.917421875],[-106.43646484375,68.91771484374999],[-106.43546875,68.91796875],[-106.43140625,68.91890625],[-106.43037109375,68.91912109375001],[-106.429296875,68.91929687500001],[-106.42818359374999,68.91943359375],[-106.42703125,68.91953125],[-106.42234375,68.91984375],[-106.420693359375,68.919912109375],[-106.4180859375,68.91996093750001],[-106.414521484375,68.91999023437499],[-106.41,68.92],[-106.39,68.92],[-106.385478515625,68.920009765625],[-106.38191406249999,68.9200390625],[-106.379306640625,68.920087890625],[-106.37765625,68.92015624999999],[-106.37296874999998,68.92046875],[-106.37181640624998,68.92056640625],[-106.37070312499999,68.920703125],[-106.36962890624997,68.92087890625],[-106.36859374999999,68.92109375],[-106.36453125,68.92203125],[-106.36353515625001,68.92228515625],[-106.36257812500001,68.922578125],[-106.36166015625,68.92291015625],[-106.36078125,68.92328125],[-106.35734375,68.92484375000001],[-106.35650390625,68.92525390625],[-106.35570312499999,68.92570312500001],[-106.35494140624999,68.92619140625001],[-106.35421875,68.92671875],[-106.35140625,68.92890625000001],[-106.350478515625,68.92969726562501],[-106.3491015625,68.9309765625],[-106.34727539062499,68.932744140625],[-106.34499999999998,68.935],[-106.33500000000001,68.94500000000001],[-106.33259765625,68.947255859375],[-106.330390625,68.94902343750002],[-106.32837890625001,68.95030273437501],[-106.3265625,68.95109375000001],[-106.3196875,68.95328125],[-106.3176953125,68.95380859375001],[-106.31515625,68.95429687500001],[-106.3120703125,68.95474609375002],[-106.3084375,68.95515625000002],[-106.2928125,68.95671875000001],[-106.28863281250001,68.95708984375001],[-106.28390625,68.95742187500001],[-106.2786328125,68.95771484375001],[-106.2728125,68.95796875],[-106.2484375,68.95890625000001],[-106.24207031249999,68.95912109375001],[-106.23515624999999,68.959296875],[-106.22769531249999,68.95943359375],[-106.21968749999999,68.95953125],[-106.1865625,68.95984375],[-106.17462890624999,68.95991210937501],[-106.155390625,68.9599609375],[-106.12884765625,68.95999023437501],[-106.095,68.96000000000001],[-105.945,68.96000000000001],[-105.911142578125,68.95998046875],[-105.88457031249999,68.959921875],[-105.86528320312499,68.95982421875],[-105.85328124999998,68.9596875],[-105.81984374999999,68.95906250000002],[-105.81173828124999,68.95886718750002],[-105.80414062499999,68.95859375],[-105.79705078125,68.95824218750002],[-105.79046874999999,68.95781250000002],[-105.76515624999999,68.9559375],[-105.75908203125,68.95542968750001],[-105.753515625,68.95484375000001],[-105.74845703125,68.95417968750002],[-105.74390625,68.9534375],[-105.72671874999999,68.9503125],[-105.72267578124999,68.9494921875],[-105.71914062499998,68.94859375],[-105.71611328124999,68.9476171875],[-105.71359374999999,68.9465625],[-105.70453124999999,68.9421875],[-105.70192382812499,68.94060546875001],[-105.6986328125,68.938046875],[-105.69465820312499,68.93451171875],[-105.69,68.93],[-105.67,68.91],[-105.6653125,68.90548828125],[-105.66125,68.901953125],[-105.6578125,68.89939453125001],[-105.655,68.89781250000001],[-105.64500000000001,68.8934375],[-105.6421875,68.89238281250002],[-105.63875,68.89140625000002],[-105.6346875,68.8905078125],[-105.63,68.88968750000001],[-105.60999999999999,68.8865625],[-105.60468749999998,68.8858203125],[-105.59874999999998,68.88515625],[-105.5921875,68.88457031249999],[-105.585,68.8840625],[-105.555,68.88218749999999],[-105.5471875,68.8817578125],[-105.53875,68.88140625],[-105.52968750000001,68.88113281249998],[-105.52000000000001,68.88093749999999],[-105.48,68.8803125],[-105.46562499999999,68.88017578124999],[-105.44250000000001,68.880078125],[-105.41062500000001,68.88001953125],[-105.37,68.88],[-105.19,68.88],[-105.149384765625,68.87999023437499],[-105.11753906249999,68.87996093749999],[-105.09446289062498,68.879912109375],[-105.08015624999999,68.87984374999999],[-105.04046875,68.87953124999999],[-105.03087890625001,68.87943359374998],[-105.02195312500001,68.87929687499998],[-105.01369140625002,68.87912109374999],[-105.00609375000002,68.87890624999999],[-104.97703125000001,68.87796875],[-104.97009765625,68.87771484375],[-104.96382812500002,68.877421875],[-104.95822265625,68.87708984375],[-104.95328125,68.87671875],[-104.93484375,68.87515625],[-104.93056640625001,68.87474609375],[-104.92695312499998,68.874296875],[-104.92400390625,68.87380859375],[-104.92171875,68.87328125],[-104.91390625,68.87109375],[-104.911884765625,68.870302734375],[-104.9097265625,68.8690234375],[-104.90743164062499,68.867255859375],[-104.905,68.86500000000001],[-104.89500000000001,68.85499999999999],[-104.892587890625,68.85274414062499],[-104.8903515625,68.8509765625],[-104.88829101562501,68.849697265625],[-104.88640625000001,68.84890625],[-104.87921874999999,68.84671875000001],[-104.87712890624998,68.84619140625],[-104.874453125,68.845703125],[-104.87119140625,68.84525390625001],[-104.86734375,68.84484375],[-104.85078125000001,68.84328125],[-104.84634765625,68.84291015625],[-104.841328125,68.842578125],[-104.83572265625,68.84228515625],[-104.82953125,68.84203125],[-104.80359375,68.84109375],[-104.79681640625,68.84087890625],[-104.78945312500001,68.840703125],[-104.78150390625001,68.84056640625002],[-104.77296875000002,68.84046875000001],[-104.73765624999999,68.84015625],[-104.72493164062499,68.840087890625],[-104.70441406249999,68.84003906250001],[-104.67610351562499,68.84000976562501],[-104.63999999999999,68.84],[-104.47999999999999,68.84],[-104.44389648437499,68.84000976562501],[-104.4155859375,68.84003906250001],[-104.39506835937499,68.840087890625],[-104.38234374999999,68.84015625],[-104.34703124999999,68.84046875000001],[-104.33849609375,68.84056640625],[-104.330546875,68.840703125],[-104.32318359375,68.84087890625],[-104.31640625,68.84109375],[-104.29046875,68.84203125],[-104.28427734374999,68.84228515625],[-104.278671875,68.842578125],[-104.27365234374999,68.84291015625],[-104.26921875,68.84328125],[-104.25265625,68.84484375],[-104.24880859375,68.84525390625001],[-104.24554687499999,68.845703125],[-104.24287109375,68.84619140625],[-104.24078125,68.84671875000001],[-104.23359374999998,68.84890625],[-104.23170898437498,68.849697265625],[-104.2296484375,68.8509765625],[-104.227412109375,68.85274414062499],[-104.225,68.85499999999999],[-104.215,68.86500000000001],[-104.212744140625,68.86724609375001],[-104.2109765625,68.868984375],[-104.20969726562501,68.87021484375],[-104.20890625,68.8709375],[-104.20671875000002,68.87281250000001],[-104.20619140625003,68.87324218750001],[-104.20570312500001,68.87359375],[-104.20525390625002,68.87386718750001],[-104.20484375000001,68.87406250000001],[-104.20328125,68.8746875],[-104.20291015625,68.87480468749999],[-104.202578125,68.87484375],[-104.20228515625001,68.87480468749999],[-104.20203125,68.8746875],[-104.20109375,68.87406250000001],[-104.20087890625,68.87386718750001],[-104.20070312499999,68.87359375],[-104.20056640625,68.87324218750001],[-104.20046875,68.87281250000001],[-104.20015625,68.8709375],[-104.200087890625,68.87021484374999],[-104.2000390625,68.868984375],[-104.200009765625,68.86724609375],[-104.2,68.86500000000001],[-104.2,68.85499999999999],[-104.199931640625,68.85274414062499],[-104.1997265625,68.8509765625],[-104.19938476562501,68.849697265625],[-104.19890625000001,68.84890625],[-104.19671875,68.84671875000001],[-104.19603515624999,68.84619140625],[-104.19507812500001,68.845703125],[-104.19384765625,68.84525390625001],[-104.19234375,68.84484375],[-104.18578125,68.84328125],[-104.18400390625,68.84291015625],[-104.181953125,68.842578125],[-104.17962890625,68.84228515625],[-104.17703125,68.84203125],[-104.16609375000002,68.84109375],[-104.16322265625001,68.84087890625],[-104.16007812500001,68.840703125],[-104.15666015625001,68.84056640625002],[-104.15296875000001,68.84046875000001],[-104.13765625000002,68.84015625],[-104.13211914062502,68.840087890625],[-104.12316406250002,68.84003906250001],[-104.11079101562501,68.84000976562501],[-104.09500000000001,68.84],[-104.02499999999999,68.84],[-104.00919921875,68.83999023437501],[-103.996796875,68.8399609375],[-103.98779296875,68.839912109375],[-103.9821875,68.83984375],[-103.9665625,68.83953125],[-103.96277343749999,68.83943359374999],[-103.95921874999999,68.839296875],[-103.9558984375,68.83912109375001],[-103.9528125,68.83890625000001],[-103.9409375,68.83796875],[-103.9380859375,68.83771484375],[-103.93546875000001,68.837421875],[-103.93308593750001,68.83708984375001],[-103.9309375,68.83671875],[-103.92281249999999,68.83515625],[-103.9208984375,68.83474609375],[-103.91921874999998,68.834296875],[-103.91777343749999,68.83380859375],[-103.9165625,68.83328125],[-103.9121875,68.83109375000001],[-103.91091796875,68.83030273437501],[-103.909296875,68.8290234375],[-103.90732421875,68.82725585937501],[-103.905,68.825],[-103.89500000000001,68.815],[-103.89265625,68.81274414062501],[-103.890625,68.8109765625],[-103.88890625,68.809697265625],[-103.8875,68.80890625],[-103.8825,68.80671874999999],[-103.88109374999999,68.80619140624998],[-103.879375,68.805703125],[-103.87734375,68.80525390624999],[-103.875,68.80484374999999],[-103.86499999999998,68.80328125],[-103.86234374999998,68.80291015625001],[-103.85937499999997,68.802578125],[-103.85609374999999,68.80228515625],[-103.85249999999998,68.80203125],[-103.83749999999998,68.80109374999999],[-103.83359374999998,68.80087890624999],[-103.82937499999998,68.800703125],[-103.82484374999999,68.80056640625],[-103.82,68.80046875],[-103.8,68.80015624999999],[-103.7928125,68.800087890625],[-103.78125,68.80003906249999],[-103.7653125,68.80000976562499],[-103.745,68.8],[-103.655,68.8],[-103.63468749999998,68.799990234375],[-103.61875,68.79996093749999],[-103.6071875,68.799912109375],[-103.6,68.79984375],[-103.58000000000001,68.79953125],[-103.57515625000002,68.79943359375],[-103.570625,68.799296875],[-103.56640625,68.79912109374999],[-103.5625,68.79890624999999],[-103.5475,68.79796875],[-103.54390625,68.79771484375],[-103.540625,68.79742187499998],[-103.53765625,68.79708984374999],[-103.535,68.79671874999998],[-103.525,68.79515624999999],[-103.52265625000001,68.79474609374999],[-103.52062500000002,68.79429687499999],[-103.51890625000001,68.79380859374999],[-103.51750000000001,68.79328124999998],[-103.51250000000002,68.79109374999999],[-103.51109375000001,68.79030273437499],[-103.509375,68.78902343749999],[-103.50734375000002,68.787255859375],[-103.50500000000001,68.785],[-103.49499999999999,68.775],[-103.4926953125,68.77274414062501],[-103.49078125,68.77097656250001],[-103.4892578125,68.76969726562501],[-103.488125,68.76890625000001],[-103.484375,68.76671875000002],[-103.48335937499999,68.76619140625002],[-103.48218750000001,68.76570312500002],[-103.480859375,68.76525390625001],[-103.479375,68.76484375000001],[-103.473125,68.76328125],[-103.471484375,68.76291015625002],[-103.46968749999999,68.762578125],[-103.46773437499999,68.76228515625002],[-103.46562499999999,68.76203125],[-103.45687500000003,68.76109375],[-103.45460937500003,68.76087890625],[-103.45218750000002,68.76070312499999],[-103.44960937500002,68.76056640625],[-103.44687500000002,68.76046875],[-103.43562500000002,68.76015625000001],[-103.4316015625,68.760087890625],[-103.42515625000001,68.7600390625],[-103.4162890625,68.760009765625],[-103.405,68.76],[-103.355,68.76],[-103.34367187500001,68.759951171875],[-103.33468750000002,68.75980468750001],[-103.32804687500001,68.75956054687501],[-103.32375,68.75921875],[-103.31125,68.75765625000001],[-103.30812499999999,68.75716796875],[-103.305,68.75648437500001],[-103.30187500000001,68.75560546875002],[-103.29875000000001,68.75453125000001],[-103.28625000000001,68.74984375],[-103.28312500000001,68.74857421875],[-103.28,68.74710937500001],[-103.27687500000002,68.74544921875],[-103.27375,68.74359375],[-103.26125000000002,68.73578125],[-103.25812500000002,68.73373046875001],[-103.25500000000001,68.73148437500001],[-103.25187500000001,68.72904296875],[-103.24875000000002,68.72640625],[-103.23625,68.71546875000001],[-103.23195312499999,68.71151367187501],[-103.2253125,68.70511718750001],[-103.216328125,68.696279296875],[-103.205,68.685],[-103.155,68.63499999999999],[-103.14314453125,68.623720703125],[-103.132578125,68.6148828125],[-103.12330078125,68.608486328125],[-103.1153125,68.60453125],[-103.0859375,68.59359375],[-103.0775390625,68.59095703125],[-103.06703125000001,68.58851562499999],[-103.0544140625,68.58626953125],[-103.0396875,68.58421874999999],[-102.9765625,68.57640625],[-102.95972656250001,68.57455078125001],[-102.94078124999999,68.57289062500001],[-102.91972656249999,68.57142578125001],[-102.89656249999999,68.57015625000001],[-102.79968749999999,68.56546875],[-102.77441406249999,68.56439453125],[-102.74703124999999,68.56351562500001],[-102.7175390625,68.56283203125],[-102.6859375,68.56234375],[-102.55531250000001,68.56078125],[-102.50830078125001,68.560439453125],[-102.432578125,68.5601953125],[-102.32814453125002,68.56004882812499],[-102.19500000000001,68.56],[-101.60499999999999,68.56],[-101.47189453124999,68.56000976562501],[-101.367578125,68.56003906250001],[-101.29205078124998,68.560087890625],[-101.24531249999998,68.56015625],[-101.11593749999999,68.56046875],[-101.0847265625,68.56056640625],[-101.05578124999998,68.560703125],[-101.02910156249999,68.56087890625],[-101.00468749999999,68.56109375],[-100.91156249999999,68.56203125],[-100.88941406249998,68.56228515625001],[-100.86953125,68.562578125],[-100.85191406249999,68.56291015625001],[-100.83656249999999,68.56328125],[-100.7796875,68.56484375],[-100.76660156249999,68.56525390624999],[-100.75578124999998,68.565703125],[-100.74722656249999,68.56619140625],[-100.74093749999999,68.56671874999999],[-100.7203125,68.56890625],[-100.71548828125,68.56969726562501],[-100.711328125,68.5709765625],[-100.70783203125,68.57274414062499],[-100.705,68.57499999999999],[-100.695,68.58500000000001],[-100.69271484375,68.587255859375],[-100.690859375,68.5890234375],[-100.68943359375,68.590302734375],[-100.68843749999999,68.59109375],[-100.6853125,68.59328124999999],[-100.68449218749998,68.59380859375],[-100.68359375,68.594296875],[-100.68261718749999,68.59474609374999],[-100.68156249999998,68.59515625],[-100.6771875,68.59671875],[-100.6760546875,68.59708984375],[-100.67484375,68.597421875],[-100.67355468749999,68.59771484375],[-100.67218749999999,68.59796874999999],[-100.6665625,68.59890625],[-100.6651171875,68.59912109375],[-100.66359374999999,68.599296875],[-100.66199218749999,68.59943359374998],[-100.66031249999999,68.59953124999998],[-100.6534375,68.59984374999999],[-100.65099609375,68.59991210937498],[-100.64710937499999,68.59996093749999],[-100.64177734375,68.599990234375],[-100.63499999999999,68.6],[-100.60499999999999,68.6],[-100.59822265624999,68.600009765625],[-100.592890625,68.6000390625],[-100.58900390625,68.60008789062499],[-100.5865625,68.60015625],[-100.5796875,68.60046875],[-100.57800781249999,68.60056640625001],[-100.57640625,68.600703125],[-100.5748828125,68.60087890624999],[-100.5734375,68.60109374999999],[-100.56781250000002,68.60203125],[-100.56644531250002,68.60228515624999],[-100.56515625000002,68.602578125],[-100.56394531250001,68.60291015624999],[-100.5628125,68.60328125],[-100.55843750000001,68.60484375],[-100.55738281250001,68.60525390625],[-100.55640625000001,68.60570312499999],[-100.55550781250001,68.60619140625],[-100.55468750000001,68.60671875],[-100.55156249999999,68.60890624999999],[-100.55056640625,68.609697265625],[-100.54914062499998,68.6109765625],[-100.54728515624998,68.612744140625],[-100.54499999999999,68.615],[-100.53500000000001,68.625],[-100.532705078125,68.627255859375],[-100.53082031250001,68.6290234375],[-100.529345703125,68.630302734375],[-100.52828125,68.63109374999999],[-100.52484375,68.63328125000001],[-100.52392578125,68.63380859375],[-100.522890625,68.634296875],[-100.52173828125,68.63474609375001],[-100.52046874999999,68.63515625000001],[-100.51515625,68.63671875],[-100.51376953125,68.63708984375],[-100.512265625,68.637421875],[-100.51064453125001,68.63771484375],[-100.50890625000001,68.63796875],[-100.50171875,68.63890625],[-100.49986328124999,68.63912109374999],[-100.497890625,68.639296875],[-100.49580078125,68.63943359375],[-100.49359375,68.63953125],[-100.48453125,68.63984375000001],[-100.481298828125,68.639912109375],[-100.4761328125,68.6399609375],[-100.46903320312501,68.639990234375],[-100.46,68.64],[-100.42,68.64],[-100.41094726562498,68.640029296875],[-100.40378906249998,68.64011718750001],[-100.398525390625,68.640263671875],[-100.39515624999999,68.64046875],[-100.38546874999997,68.64140625],[-100.38306640624997,68.64169921875],[-100.38070312499998,68.64210937499999],[-100.37837890624998,68.64263671875],[-100.37609374999998,68.64328125],[-100.36703125,68.64609375],[-100.36478515624998,68.64685546875],[-100.362578125,68.647734375],[-100.36041015625,68.64873046875],[-100.35828124999999,68.64984375],[-100.34984375,68.65453124999999],[-100.34775390625,68.65576171875],[-100.345703125,68.657109375],[-100.34369140625,68.65857421875],[-100.34171875,68.66015625],[-100.33390625,68.66671875],[-100.331259765625,68.669091796875],[-100.3272265625,68.6729296875],[-100.321806640625,68.678232421875],[-100.315,68.685],[-100.285,68.715],[-100.278212890625,68.721767578125],[-100.2728515625,68.7270703125],[-100.268916015625,68.73090820312501],[-100.26640625,68.73328125],[-100.25921874999999,68.73984375],[-100.25744140624998,68.74142578125002],[-100.255703125,68.742890625],[-100.25400390624999,68.74423828125],[-100.25234375,68.74546875],[-100.24578125000001,68.75015625],[-100.24416015625,68.75126953125],[-100.242578125,68.752265625],[-100.24103515625,68.75314453125],[-100.23953125,68.75390625],[-100.23359375,68.75671875],[-100.23212890624998,68.75736328125001],[-100.230703125,68.757890625],[-100.22931640624999,68.75830078125],[-100.22796875,68.75859375],[-100.22265625,68.75953125000001],[-100.220869140625,68.75973632812502],[-100.2181640625,68.75988281250001],[-100.214541015625,68.759970703125],[-100.21,68.76],[-100.19,68.76],[-100.185439453125,68.76004882812501],[-100.1817578125,68.7601953125],[-100.178955078125,68.760439453125],[-100.17703125,68.76078125000001],[-100.17109375,68.76234375],[-100.16955078124998,68.76283203125],[-100.16789062500001,68.763515625],[-100.16611328125,68.76439453124999],[-100.16421875,68.76546875],[-100.15640625,68.77015625000001],[-100.15439453124999,68.77142578125002],[-100.152265625,68.772890625],[-100.15001953125,68.77455078125001],[-100.14765625,68.77640625000001],[-100.13796875,68.78421875000001],[-100.13548828124999,68.78626953125001],[-100.13289062500002,68.788515625],[-100.13017578125002,68.79095703125],[-100.12734375000001,68.79359375000001],[-100.11578125,68.80453125],[-100.111689453125,68.808486328125],[-100.10519531249999,68.8148828125],[-100.09629882812499,68.823720703125],[-100.085,68.83500000000001],[-100.035,68.885],[-100.023720703125,68.89637695312501],[-100.01488281249999,68.90550781250002],[-100.00848632812499,68.91239257812501],[-100.00453124999999,68.91703125000001],[-99.99359375,68.93109375],[-99.99095703125,68.93470703124999],[-99.98851562499999,68.93851562500001],[-99.98626953125,68.94251953125],[-99.98421875,68.94671875],[-99.97640625,68.96390625000001],[-99.97455078124999,68.96830078125001],[-99.97289062499999,68.972890625],[-99.97142578124999,68.97767578125001],[-99.97015624999999,68.98265625],[-99.96546874999999,69.00296875000001],[-99.96439453124998,69.00814453125],[-99.963515625,69.013515625],[-99.96283203124999,69.01908203125001],[-99.96234374999999,69.02484375],[-99.96078125,69.04828125],[-99.96043945312499,69.056533203125],[-99.96019531249999,69.0695703125],[-99.960048828125,69.087392578125],[-99.96,69.11],[-99.96,69.21],[-99.960009765625,69.232568359375],[-99.9600390625,69.25027343749998],[-99.960087890625,69.263115234375],[-99.96015625,69.27109374999999],[-99.96046875,69.29328124999999],[-99.96056640625001,69.29865234374999],[-99.96070312500001,69.30367187499999],[-99.96087890625,69.30833984375],[-99.96109375,69.31265625],[-99.96203125000001,69.32921875],[-99.96228515625,69.33318359375],[-99.96257812500001,69.336796875],[-99.96291015625002,69.34005859375],[-99.96328125000001,69.34296875000001],[-99.96484375,69.35390625],[-99.96525390625,69.35646484375],[-99.965703125,69.358671875],[-99.96619140625,69.36052734375],[-99.96671875000001,69.36203125],[-99.96890624999999,69.36734375],[-99.96969726562499,69.36881835937501],[-99.9709765625,69.37058593750001],[-99.972744140625,69.372646484375],[-99.975,69.375],[-99.98499999999999,69.385],[-99.9870703125,69.38744140625],[-99.98828125,69.38976562500001],[-99.98863281249999,69.39197265625],[-99.988125,69.3940625],[-99.984375,69.4021875],[-99.983046875,69.4045703125],[-99.9809375,69.40765625],[-99.97804687499999,69.4114453125],[-99.974375,69.4159375],[-99.958125,69.4353125],[-99.953671875,69.4405078125],[-99.9484375,69.44640625],[-99.94242187500001,69.4530078125],[-99.935625,69.4603125],[-99.906875,69.4909375],[-99.899296875,69.4989453125],[-99.89093749999999,69.50765625],[-99.881796875,69.5170703125],[-99.871875,69.5271875],[-99.830625,69.5690625],[-99.8156640625,69.58416015625],[-99.79140625,69.608515625],[-99.75785156250001,69.64212890625001],[-99.715,69.685],[-99.52499999999999,69.875],[-99.482109375,69.917861328125],[-99.4484375,69.9514453125],[-99.423984375,69.975751953125],[-99.40875,69.99078125],[-99.36625,70.03234375],[-99.3559375,70.04236328125],[-99.34625,70.051640625],[-99.3371875,70.06017578125],[-99.32874999999999,70.06796875],[-99.29624999999999,70.09765625],[-99.28843749999999,70.10470703125],[-99.28124999999997,70.111015625],[-99.27468749999998,70.11658203124999],[-99.26874999999998,70.12140624999999],[-99.24624999999997,70.13921875],[-99.24093749999997,70.14330078125],[-99.23624999999998,70.146640625],[-99.23218749999998,70.14923828124999],[-99.22874999999998,70.15109375],[-99.21625,70.15703124999999],[-99.212578125,70.158330078125],[-99.2078125,70.15925781249999],[-99.20195312499999,70.159814453125],[-99.195,70.16],[-99.165,70.16],[-99.15820312500001,70.160029296875],[-99.15281250000001,70.16011718749999],[-99.14882812500001,70.16026367187499],[-99.14625000000001,70.16046874999999],[-99.13875000000002,70.16140625],[-99.136875,70.16169921875],[-99.13500000000002,70.162109375],[-99.133125,70.16263671874998],[-99.13125000000001,70.16328124999998],[-99.12375,70.16609374999999],[-99.121875,70.16685546874999],[-99.12,70.16773437499998],[-99.118125,70.16873046874998],[-99.11625000000001,70.16984374999998],[-99.10875,70.17453125],[-99.10687499999999,70.17576171875],[-99.105,70.177109375],[-99.10312499999999,70.17857421874999],[-99.10125,70.18015625],[-99.09375,70.18671875],[-99.091171875,70.18909179687499],[-99.0871875,70.1929296875],[-99.081796875,70.198232421875],[-99.07499999999999,70.205],[-99.04500000000002,70.235],[-99.03807617187502,70.241767578125],[-99.0323046875,70.2470703125],[-99.027685546875,70.250908203125],[-99.02421875,70.25328125],[-99.01265624999999,70.25984375],[-99.00951171874999,70.26142578125],[-99.005859375,70.26289062500001],[-99.00169921874999,70.26423828125],[-98.99703124999999,70.26546875],[-98.97734375,70.27015625000001],[-98.97216796875,70.27126953125001],[-98.966484375,70.27226562500002],[-98.96029296875001,70.27314453125001],[-98.95359375000001,70.27390625000001],[-98.92578125,70.27671875000001],[-98.91857421875001,70.27736328125],[-98.910859375,70.277890625],[-98.90263671875002,70.27830078125001],[-98.89390625000001,70.27859375],[-98.85796875,70.27953125],[-98.845107421875,70.279736328125],[-98.8244921875,70.2798828125],[-98.796123046875,70.279970703125],[-98.75999999999999,70.28],[-98.6,70.28],[-98.563759765625,70.280146484375],[-98.5350390625,70.2805859375],[-98.51383789062501,70.281318359375],[-98.50015625,70.28234375],[-98.46046874999999,70.28703125000001],[-98.45056640624999,70.28849609375001],[-98.440703125,70.290546875],[-98.43087890625,70.29318359375],[-98.42109375,70.29640625],[-98.38203125,70.31046875],[-98.37228515625,70.31427734375],[-98.362578125,70.31867187499999],[-98.35291015624999,70.32365234375],[-98.34328124999999,70.32921875],[-98.30484375,70.35265625000001],[-98.29525390625,70.35880859375001],[-98.285703125,70.365546875],[-98.27619140625,70.37287109375],[-98.26671875,70.38078125000001],[-98.22890625,70.41359375],[-98.21594726562499,70.42545898437501],[-98.1959765625,70.4446484375],[-98.168994140625,70.471162109375],[-98.135,70.505],[-97.985,70.655],[-97.9511328125,70.688837890625],[-97.92453125,70.71535156249999],[-97.90519531250001,70.73454101562498],[-97.893125,70.74640624999999],[-97.85937500000001,70.77921875],[-97.85117187500002,70.78712890625],[-97.84343750000001,70.79445312499999],[-97.83617187500002,70.80119140625],[-97.82937500000001,70.80734375],[-97.803125,70.83078125],[-97.796796875,70.83634765625],[-97.7909375,70.841328125],[-97.785546875,70.84572265625],[-97.780625,70.84953125],[-97.761875,70.86359374999999],[-97.757421875,70.86681640624998],[-97.7534375,70.86945312499999],[-97.74992187500001,70.87150390624998],[-97.746875,70.87296874999998],[-97.735625,70.87765625],[-97.7322265625,70.87868164062499],[-97.72765625,70.87941406249999],[-97.7219140625,70.879853515625],[-97.715,70.88],[-97.685,70.88],[-97.678125,70.88010742187498],[-97.67249999999999,70.8804296875],[-97.66812499999999,70.88096679687499],[-97.66499999999999,70.88171874999999],[-97.655,70.88515625],[-97.65234375,70.88623046875],[-97.64937499999999,70.887734375],[-97.64609375,70.88966796874999],[-97.6425,70.89203125],[-97.6275,70.90234375],[-97.62359375,70.90513671875],[-97.619375,70.908359375],[-97.61484375,70.91201171875],[-97.61,70.91609375],[-97.59,70.93328125],[-97.58484375,70.93779296875],[-97.579375,70.942734375],[-97.57359375,70.94810546875],[-97.5675,70.95390625],[-97.5425,70.97796874999999],[-97.53359375,70.98666992187499],[-97.51937500000001,71.00074218749998],[-97.49984375000001,71.02018554687498],[-97.47500000000001,71.04499999999999],[-97.36500000000001,71.155],[-97.34001953125,71.179814453125],[-97.32007812500001,71.1992578125],[-97.30517578125,71.213330078125],[-97.2953125,71.22203125],[-97.26593749999999,71.24609374999999],[-97.2584765625,71.25189453125],[-97.25078125,71.25726562499999],[-97.2428515625,71.26220703125],[-97.23468749999999,71.26671875],[-97.2015625,71.28390624999999],[-97.1931640625,71.28798828125],[-97.18453125,71.29164062499999],[-97.1756640625,71.29486328124999],[-97.1665625,71.29765624999999],[-97.1296875,71.30796874999999],[-97.12035156250002,71.31033203124998],[-97.11078125,71.31226562499998],[-97.1009765625,71.31376953124999],[-97.0909375,71.31484375],[-97.0503125,71.31828124999998],[-97.03611328125,71.31903320312499],[-97.013828125,71.31957031249999],[-96.98345703125001,71.31989257812499],[-96.94500000000001,71.32],[-96.775,71.32],[-96.7365234375,71.32012695312498],[-96.70609375,71.3205078125],[-96.6837109375,71.32114257812499],[-96.669375,71.32203125],[-96.628125,71.32609374999998],[-96.61789062499999,71.32736328124999],[-96.6078125,71.32914062499998],[-96.59789062499999,71.33142578124999],[-96.58812499999999,71.33421874999999],[-96.54937500000001,71.34640624999999],[-96.53976562500002,71.34970703124998],[-96.53031250000001,71.35351562499999],[-96.52101562500002,71.35783203124998],[-96.511875,71.36265624999999],[-96.47562500000001,71.38296875],[-96.46664062500001,71.38830078125],[-96.4578125,71.394140625],[-96.449140625,71.40048828125],[-96.440625,71.40734375],[-96.406875,71.43578124999999],[-96.3954296875,71.44606445312499],[-96.37796875,71.46269531249999],[-96.3544921875,71.48567382812499],[-96.325,71.51499999999999],[-96.195,71.64500000000001],[-96.16565429687499,71.67432617187501],[-96.1426171875,71.69730468750001],[-96.12588867187499,71.713935546875],[-96.11546874999999,71.72421875],[-96.08640625000001,71.75265625],[-96.07935546875001,71.75951171874999],[-96.07273437500001,71.76585937499999],[-96.06654296875001,71.77169921875],[-96.06078125000002,71.77703125],[-96.03859374999999,71.79734375000001],[-96.03326171875,71.80216796875001],[-96.028359375,71.806484375],[-96.02388671874999,71.81029296874999],[-96.01984374999999,71.81359375],[-96.00453125000001,71.82578125],[-96.00091796875,71.82857421874999],[-95.997734375,71.830859375],[-95.99498046875001,71.83263671875],[-95.99265625000001,71.83390625],[-95.98421875,71.83796875],[-95.981748046875,71.83885742187499],[-95.97855468750001,71.83949218750001],[-95.974638671875,71.839873046875],[-95.97,71.84],[-95.95,71.84],[-95.94546875,71.84001953125001],[-95.941875,71.840078125],[-95.93921875000001,71.84017578125],[-95.9375,71.84031250000001],[-95.9325,71.8409375],[-95.93125,71.84113281249999],[-95.93,71.84140625],[-95.92875000000001,71.84175781249999],[-95.92750000000001,71.8421875],[-95.9225,71.8440625],[-95.92125,71.8445703125],[-95.91999999999999,71.84515625],[-95.91874999999999,71.8458203125],[-95.91749999999999,71.8465625],[-95.9125,71.84968749999999],[-95.91125000000001,71.85050781249998],[-95.91,71.85140625],[-95.90875,71.8523828125],[-95.9075,71.8534375],[-95.9025,71.8578125],[-95.90078125000001,71.85939453124999],[-95.898125,71.861953125],[-95.89453125000001,71.86548828125001],[-95.89000000000001,71.87],[-95.87,71.89],[-95.865458984375,71.89451171875001],[-95.8618359375,71.898046875],[-95.859130859375,71.90060546875],[-95.85734375,71.9021875],[-95.85203125,71.9065625],[-95.85068359374999,71.90761718750001],[-95.849296875,71.90859375],[-95.84787109375,71.9094921875],[-95.84640625,71.9103125],[-95.84046875000001,71.9134375],[-95.83896484375002,71.9141796875],[-95.83742187500002,71.91484375],[-95.83583984375002,71.9154296875],[-95.83421875000002,71.9159375],[-95.82765624999999,71.9178125],[-95.82599609374999,71.9182421875],[-95.82429687499999,71.91859374999999],[-95.82255859374999,71.91886718749998],[-95.82078125,71.9190625],[-95.81359375,71.9196875],[-95.811083984375,71.91982421875],[-95.8071484375,71.919921875],[-95.801787109375,71.91998046875],[-95.795,71.92],[-95.765,71.92],[-95.758232421875,71.920205078125],[-95.7529296875,71.9208203125],[-95.749091796875,71.921845703125],[-95.74671875,71.92328125],[-95.74015625,71.92984374999999],[-95.73857421875,71.93189453125],[-95.73710937499999,71.93476562499998],[-95.73576171875001,71.93845703124998],[-95.73453125,71.94296874999999],[-95.72984375,71.96265625],[-95.72873046875,71.96798828124999],[-95.727734375,71.974140625],[-95.72685546875,71.98111328125],[-95.72609375,71.98890625],[-95.72328124999999,72.02171874999999],[-95.72263671875,72.03033203125],[-95.722109375,72.039765625],[-95.72169921874999,72.05001953125],[-95.72140625,72.06109375],[-95.72046875,72.10703124999999],[-95.720263671875,72.12364257812499],[-95.7201171875,72.1505078125],[-95.720029296875,72.187626953125],[-95.72,72.235],[-95.72,72.44500000000001],[-95.71999023437499,72.49238281250001],[-95.71996093749999,72.52953125],[-95.719912109375,72.5564453125],[-95.71984375,72.573125],[-95.71953124999999,72.61937500000002],[-95.71943359375,72.63054687500001],[-95.71929687499998,72.6409375],[-95.71912109374999,72.650546875],[-95.71890624999999,72.65937500000001],[-95.71796875,72.69312500000001],[-95.71771484374999,72.701171875],[-95.71742187499999,72.7084375],[-95.71708984374999,72.71492187500002],[-95.71671874999998,72.72062500000001],[-95.71515624999998,72.74187500000002],[-95.71474609374997,72.74679687500003],[-95.71429687499999,72.75093750000002],[-95.71380859374997,72.75429687500002],[-95.71328124999998,72.75687500000001],[-95.71109375,72.76562500000001],[-95.710302734375,72.76785156250001],[-95.7090234375,72.77015625000001],[-95.70725585937501,72.7725390625],[-95.705,72.775],[-95.695,72.785],[-95.692744140625,72.78728515625],[-95.6909765625,72.78914062499999],[-95.689697265625,72.79056640625001],[-95.68890625,72.7915625],[-95.68671875,72.79468749999998],[-95.68619140624999,72.79550781249999],[-95.685703125,72.79640624999999],[-95.68525390625,72.79738281249999],[-95.68484375,72.79843749999999],[-95.68328125,72.80281249999999],[-95.68291015624999,72.80394531249998],[-95.68257812499999,72.80515624999998],[-95.68228515625,72.80644531249999],[-95.68203125,72.80781249999998],[-95.68109375,72.81343749999999],[-95.68087890625,72.8148828125],[-95.680703125,72.81640625],[-95.68056640625,72.8180078125],[-95.68046875,72.8196875],[-95.68015624999998,72.8265625],[-95.68008789062499,72.82900390625001],[-95.6800390625,72.832890625],[-95.68000976562499,72.83822265625],[-95.67999999999999,72.845],[-95.67999999999999,72.875],[-95.68000976562499,72.88177734375],[-95.68003906249999,72.887109375],[-95.68008789062497,72.89099609375],[-95.68015624999998,72.8934375],[-95.68046875,72.9003125],[-95.68056640625,72.9019921875],[-95.680703125,72.90359375],[-95.68087890625,72.90511718750001],[-95.68109375,72.9065625],[-95.68203125,72.9121875],[-95.68228515624999,72.9135546875],[-95.68257812499999,72.91484375],[-95.68291015624999,72.91605468750001],[-95.68328125,72.91718750000001],[-95.68484375,72.92156250000001],[-95.68525390625,72.92261718750001],[-95.68570312499999,72.92359375000001],[-95.68619140625,72.92449218750002],[-95.68671875,72.92531250000002],[-95.68890625,72.9284375],[-95.68969726562499,72.92943359374999],[-95.6909765625,72.93085937500001],[-95.692744140625,72.93271484375],[-95.695,72.935],[-95.705,72.94500000000001],[-95.707255859375,72.94729492187501],[-95.70902343750001,72.9491796875],[-95.710302734375,72.95065429687502],[-95.71109375,72.95171875000001],[-95.71328125,72.95515625],[-95.71380859375,72.95607421875],[-95.714296875,72.957109375],[-95.71474609375001,72.95826171875001],[-95.71515625,72.95953125],[-95.71671875000001,72.96484375],[-95.71708984375,72.96623046875],[-95.717421875,72.96773437499999],[-95.71771484375,72.96935546875],[-95.71796875000001,72.97109375],[-95.71890625,72.97828125000001],[-95.71912109375,72.98013671875],[-95.719296875,72.98210937500001],[-95.71943359375,72.98419921875],[-95.71953124999999,72.98640625],[-95.71984375,72.99546875],[-95.71991210937499,72.998701171875],[-95.71996093749999,73.00386718749999],[-95.71999023437499,73.01096679687501],[-95.72,73.02000000000001],[-95.72,73.06],[-95.71999023437499,73.069033203125],[-95.71996093749999,73.0761328125],[-95.719912109375,73.08129882812501],[-95.71984375,73.08453125000001],[-95.71953124999999,73.09359375000001],[-95.71943359375,73.09580078125],[-95.71929687499998,73.09789062500002],[-95.71912109374999,73.09986328125001],[-95.71890624999999,73.10171875],[-95.71796875,73.10890625000002],[-95.71771484374999,73.11064453125002],[-95.71742187499999,73.11226562500002],[-95.71708984374999,73.11376953125001],[-95.71671874999998,73.11515625000001],[-95.71515624999998,73.12046875],[-95.71474609374997,73.12173828125],[-95.71429687499999,73.122890625],[-95.71380859374997,73.12392578125],[-95.71328124999998,73.12484375],[-95.71109375,73.12828125],[-95.710302734375,73.129345703125],[-95.7090234375,73.13082031249999],[-95.70725585937501,73.13270507812499],[-95.705,73.13499999999999],[-95.695,73.14500000000001],[-95.692734375,73.14725585937501],[-95.69093749999999,73.1490234375],[-95.689609375,73.150302734375],[-95.68875,73.15109375],[-95.68625,73.15328124999999],[-95.685625,73.15380859375],[-95.685,73.154296875],[-95.684375,73.15474609374999],[-95.68375,73.15515625],[-95.68124999999999,73.15671875],[-95.68062499999999,73.15708984375],[-95.67999999999998,73.157421875],[-95.679375,73.15771484375],[-95.67874999999998,73.15796875],[-95.67624999999998,73.15890625],[-95.67562499999998,73.15912109375],[-95.67499999999998,73.159296875],[-95.67437499999998,73.15943359374998],[-95.67374999999998,73.15953124999999],[-95.67124999999999,73.15984375],[-95.67039062499998,73.159912109375],[-95.6690625,73.15996093749999],[-95.667265625,73.15999023437499],[-95.66499999999999,73.16],[-95.655,73.16],[-95.65273437500001,73.16000976562499],[-95.65093750000001,73.1600390625],[-95.64960937500001,73.160087890625],[-95.64875,73.16015625],[-95.64625000000001,73.16046875],[-95.64562500000001,73.16056640625001],[-95.64500000000001,73.160703125],[-95.64437500000001,73.16087890624999],[-95.64375000000001,73.16109374999999],[-95.64125000000001,73.16203125],[-95.64062500000001,73.16228515625],[-95.64,73.162578125],[-95.639375,73.16291015624999],[-95.63875,73.16328125],[-95.63624999999999,73.16484375],[-95.63562499999999,73.16525390625],[-95.63499999999999,73.165703125],[-95.63437499999999,73.16619140625],[-95.63374999999999,73.16671875],[-95.63125,73.16890624999999],[-95.63039062499999,73.16969726562499],[-95.6290625,73.1709765625],[-95.627265625,73.17274414062499],[-95.625,73.175],[-95.61499999999998,73.185],[-95.61274414062498,73.187265625],[-95.61097656249997,73.1890625],[-95.60969726562499,73.19039062499999],[-95.60890624999998,73.19125],[-95.60671874999997,73.19375000000001],[-95.60619140624996,73.19437500000001],[-95.60570312499998,73.19500000000001],[-95.60525390624997,73.195625],[-95.60484374999999,73.19625],[-95.60328125,73.19875],[-95.60291015625,73.199375],[-95.602578125,73.2],[-95.60228515624999,73.20062500000002],[-95.60203125,73.20125000000002],[-95.60109374999999,73.20375000000001],[-95.60087890624999,73.20437500000001],[-95.600703125,73.20500000000001],[-95.60056640625001,73.20562500000001],[-95.60046875,73.20625000000001],[-95.60015624999998,73.20875000000001],[-95.60008789062498,73.209609375],[-95.6000390625,73.2109375],[-95.60000976562499,73.212734375],[-95.6,73.215],[-95.6,73.225],[-95.600009765625,73.227265625],[-95.60003906249999,73.2290625],[-95.60008789062499,73.23039062500001],[-95.60015624999998,73.23125],[-95.60046875,73.23375000000001],[-95.60056640625001,73.234375],[-95.600703125,73.23500000000001],[-95.60087890624999,73.23562500000001],[-95.60109374999999,73.23625000000001],[-95.60203125,73.23875000000001],[-95.60228515625,73.23937500000001],[-95.602578125,73.24000000000001],[-95.60291015625,73.24062500000001],[-95.60328125,73.24125000000001],[-95.60484374999999,73.24375],[-95.60525390624998,73.244375],[-95.60570312499999,73.245],[-95.60619140624999,73.245625],[-95.60671875,73.24625],[-95.60890624999998,73.24875],[-95.60969726562497,73.249609375],[-95.61097656249999,73.25093749999999],[-95.61274414062498,73.25273437499999],[-95.61499999999998,73.255],[-95.625,73.26500000000001],[-95.627255859375,73.26726562500001],[-95.6290234375,73.26906250000002],[-95.630302734375,73.270390625],[-95.63109374999999,73.27125000000001],[-95.63328125000001,73.27375],[-95.63380859375,73.27437500000002],[-95.63429687500002,73.275],[-95.63474609375001,73.275625],[-95.63515625000001,73.27625],[-95.63671875,73.27875],[-95.63708984374999,73.279375],[-95.637421875,73.28],[-95.63771484374999,73.280625],[-95.63796875,73.28125],[-95.63890625,73.28375],[-95.63912109374999,73.28437500000001],[-95.639296875,73.285],[-95.63943359375,73.285625],[-95.63953125,73.28625],[-95.63984375000001,73.28875],[-95.639912109375,73.289609375],[-95.6399609375,73.29093749999998],[-95.639990234375,73.29273437499998],[-95.64,73.29499999999999],[-95.64,73.305],[-95.640009765625,73.307265625],[-95.64003906250001,73.30906250000001],[-95.64008789062501,73.310390625],[-95.64015625,73.31125],[-95.64046875,73.31375],[-95.64056640625,73.314375],[-95.64070312499999,73.315],[-95.64087890625001,73.315625],[-95.64109375000001,73.31625],[-95.64203125,73.31875],[-95.64228515625,73.319375],[-95.642578125,73.32],[-95.64291015625,73.32062499999999],[-95.64328125,73.32124999999999],[-95.64484375,73.32375],[-95.64525390625,73.324375],[-95.645703125,73.325],[-95.64619140625,73.325625],[-95.64671874999999,73.32625],[-95.64890625000001,73.32875],[-95.64969726562501,73.329609375],[-95.6509765625,73.3309375],[-95.652744140625,73.332734375],[-95.655,73.33500000000001],[-95.66499999999999,73.345],[-95.66725585937499,73.34728515625],[-95.6690234375,73.34914062499999],[-95.67030273437499,73.35056640625],[-95.67109375,73.3515625],[-95.67328124999997,73.35468750000001],[-95.67380859374998,73.35550781250001],[-95.67429687499998,73.35640625],[-95.67474609374997,73.3573828125],[-95.67515624999999,73.35843750000001],[-95.67671874999999,73.36281249999999],[-95.67708984374998,73.36394531249998],[-95.677421875,73.36515624999998],[-95.67771484374998,73.36644531249999],[-95.67796874999999,73.36781249999999],[-95.67890625,73.3734375],[-95.67912109375,73.3748828125],[-95.679296875,73.37640625],[-95.67943359374999,73.3780078125],[-95.67953125,73.3796875],[-95.67984374999999,73.3865625],[-95.679912109375,73.38947265624999],[-95.6799609375,73.394765625],[-95.679990234375,73.40244140625],[-95.67999999999999,73.41250000000001],[-95.67999999999999,73.48],[-95.7025,73.50250000000001],[-95.705849609375,73.50585937500001],[-95.7083984375,73.50843750000001],[-95.710146484375,73.51023437500001],[-95.71109375,73.51125],[-95.71328125,73.51375],[-95.71380859375,73.514375],[-95.714296875,73.515],[-95.71474609375001,73.515625],[-95.71515625,73.51625000000001],[-95.71671875000001,73.51875000000001],[-95.71708984375,73.51937500000001],[-95.717421875,73.52000000000001],[-95.71771484375,73.52062500000001],[-95.71796875000001,73.52125000000001],[-95.71890625,73.52375],[-95.71912109375,73.52437500000002],[-95.719296875,73.525],[-95.71943359375,73.525625],[-95.71953124999999,73.52625],[-95.71984375,73.52875],[-95.71991210937499,73.529609375],[-95.71996093749999,73.5309375],[-95.71999023437499,73.53273437499999],[-95.72,73.535],[-95.72,73.54499999999999],[-95.720009765625,73.547265625],[-95.72003906249999,73.54906249999999],[-95.720087890625,73.55039062499999],[-95.72015624999999,73.55125],[-95.72046875000001,73.55375],[-95.72056640625,73.554375],[-95.720703125,73.55499999999999],[-95.72087890625,73.55562499999999],[-95.72109375,73.55624999999999],[-95.72203125,73.55875],[-95.72228515625,73.559375],[-95.722578125,73.56],[-95.72291015625001,73.560625],[-95.72328125,73.56125],[-95.72484374999999,73.56375],[-95.72525390624999,73.564375],[-95.725703125,73.565],[-95.72619140625,73.565625],[-95.72671875,73.56625],[-95.72890624999998,73.56875],[-95.72969726562498,73.569609375],[-95.73097656249999,73.57093749999999],[-95.73274414062499,73.572734375],[-95.73499999999999,73.57499999999999],[-95.745,73.58500000000001],[-95.747255859375,73.58728515625],[-95.7490234375,73.589140625],[-95.750302734375,73.59056640625],[-95.75109375,73.59156250000001],[-95.75328125,73.59468749999999],[-95.75380859375001,73.5955078125],[-95.754296875,73.59640625],[-95.75474609375,73.5973828125],[-95.75515625,73.59843749999999],[-95.75671874999999,73.6028125],[-95.75708984375,73.60394531249999],[-95.757421875,73.60515625],[-95.75771484375,73.6064453125],[-95.75796875,73.6078125],[-95.75890625000001,73.6134375],[-95.75912109375001,73.61488281250001],[-95.759296875,73.61640625],[-95.75943359375,73.6180078125],[-95.75953125000001,73.6196875],[-95.75984375000002,73.62656249999999],[-95.75991210937501,73.62900390624999],[-95.75996093750001,73.63289062499999],[-95.75999023437501,73.63822265625],[-95.76,73.645],[-95.76,73.675],[-95.760009765625,73.68177734375],[-95.76003906250001,73.687109375],[-95.76008789062502,73.69099609374999],[-95.76015625000001,73.6934375],[-95.76046875,73.7003125],[-95.76056640625,73.7019921875],[-95.76070312499999,73.70359375],[-95.76087890625001,73.7051171875],[-95.76109375000001,73.70656249999999],[-95.76203125,73.7121875],[-95.76228515625002,73.7135546875],[-95.762578125,73.71484375],[-95.76291015625,73.71605468749999],[-95.76328125,73.7171875],[-95.76484375000001,73.7215625],[-95.76525390625,73.7226171875],[-95.765703125,73.72359374999999],[-95.76619140624999,73.7244921875],[-95.76671875,73.7253125],[-95.76890625000001,73.7284375],[-95.76969726562501,73.72943359374999],[-95.77097656250001,73.73085937500001],[-95.77274414062501,73.73271484375],[-95.775,73.735],[-95.785,73.745],[-95.787255859375,73.747265625],[-95.7890234375,73.74906250000001],[-95.79030273437499,73.750390625],[-95.79109375,73.75125],[-95.79328124999998,73.75375],[-95.79380859374997,73.75437499999998],[-95.79429687499999,73.755],[-95.79474609374998,73.755625],[-95.79515624999999,73.75625],[-95.79671875,73.75875],[-95.79708984375,73.759375],[-95.797421875,73.76],[-95.79771484374999,73.760625],[-95.79796875,73.76125000000002],[-95.79890625,73.76375000000002],[-95.79912109375,73.76437500000003],[-95.79929687500001,73.76500000000001],[-95.79943359375,73.76562500000001],[-95.79953125,73.76625000000001],[-95.79984375,73.76875000000001],[-95.799912109375,73.76960937500002],[-95.7999609375,73.7709375],[-95.799990234375,73.772734375],[-95.8,73.775],[-95.8,73.785],[-95.80000976562499,73.78726562499999],[-95.80003906249999,73.7890625],[-95.80008789062498,73.79039062499999],[-95.80015624999999,73.79124999999999],[-95.80046875000001,73.79374999999999],[-95.80056640625001,73.794375],[-95.800703125,73.79499999999999],[-95.80087890625,73.79562499999999],[-95.80109375,73.79624999999999],[-95.80203125,73.79874999999998],[-95.80228515625001,73.79937499999998],[-95.802578125,73.8],[-95.80291015625,73.800625],[-95.80328125,73.80125],[-95.80484375,73.80375],[-95.80525390625002,73.804375],[-95.805703125,73.80499999999999],[-95.80619140625001,73.80562499999999],[-95.80671875,73.80624999999999],[-95.80890625,73.80875],[-95.809697265625,73.80960937500001],[-95.8109765625,73.8109375],[-95.812744140625,73.812734375],[-95.815,73.815],[-95.825,73.825],[-95.82725585937501,73.82726562500001],[-95.82902343750001,73.8290625],[-95.83030273437501,73.830390625],[-95.83109375000001,73.83125],[-95.83328124999998,73.83375],[-95.83380859374999,73.83437500000001],[-95.83429687499998,73.835],[-95.83474609374998,73.83562500000001],[-95.83515624999998,73.83625],[-95.83671875000002,73.83875],[-95.83708984375002,73.839375],[-95.837421875,73.84],[-95.83771484375002,73.840625],[-95.83796875000002,73.84125],[-95.83890625000001,73.84375],[-95.83912109375,73.844375],[-95.839296875,73.845],[-95.83943359374999,73.845625],[-95.83953125,73.84625],[-95.83984375,73.84875],[-95.83991210937499,73.849609375],[-95.8399609375,73.85093749999999],[-95.839990234375,73.852734375],[-95.84,73.85499999999999],[-95.84,73.86500000000001],[-95.840009765625,73.867265625],[-95.8400390625,73.86906250000001],[-95.840087890625,73.870390625],[-95.84015624999999,73.87125],[-95.84046874999999,73.87375000000002],[-95.84056640624999,73.87437500000001],[-95.840703125,73.87500000000001],[-95.84087890625,73.87562500000001],[-95.84109375,73.87625000000001],[-95.84203125,73.87875],[-95.84228515625,73.87937499999998],[-95.842578125,73.88],[-95.84291015625001,73.880625],[-95.84328125,73.88125],[-95.84484375,73.88374999999999],[-95.84525390625001,73.88437499999999],[-95.845703125,73.88499999999999],[-95.84619140625,73.88562499999999],[-95.84671875000001,73.88624999999999],[-95.84890624999998,73.88875],[-95.849697265625,73.88960937499999],[-95.8509765625,73.8909375],[-95.85274414062499,73.892734375],[-95.85499999999999,73.89500000000001],[-95.86500000000001,73.905],[-95.867255859375,73.90726562500001],[-95.8690234375,73.9090625],[-95.870302734375,73.91039062499999],[-95.87109375,73.91125],[-95.87328125000002,73.91375],[-95.87380859375001,73.91437499999999],[-95.87429687500003,73.915],[-95.87474609375002,73.915625],[-95.87515625000002,73.91625],[-95.87671875000001,73.91875],[-95.87708984375001,73.91937500000002],[-95.877421875,73.92],[-95.87771484375,73.920625],[-95.87796875,73.92125],[-95.87890625,73.92375000000001],[-95.87912109374999,73.92437500000001],[-95.879296875,73.92500000000001],[-95.87943359375001,73.92562500000001],[-95.87953125,73.92625000000001],[-95.87984374999999,73.92875000000001],[-95.879912109375,73.92960937500001],[-95.87996093749999,73.9309375],[-95.87999023437499,73.932734375],[-95.88,73.935],[-95.88,73.94500000000001],[-95.88000976562499,73.94726562500001],[-95.8800390625,73.94906250000001],[-95.88008789062499,73.95039062500001],[-95.88015625,73.95125000000002],[-95.88046874999999,73.95375000000001],[-95.88056640625,73.95437500000001],[-95.880703125,73.95500000000001],[-95.88087890624999,73.95562500000001],[-95.88109374999999,73.95625000000001],[-95.88203125,73.95875000000001],[-95.88228515624999,73.95937500000001],[-95.882578125,73.96000000000001],[-95.88291015624999,73.96062500000001],[-95.88328125,73.96125],[-95.88484375,73.96375],[-95.88525390625,73.964375],[-95.885703125,73.965],[-95.88619140624999,73.965625],[-95.88671875,73.96625],[-95.88890625,73.96875],[-95.889697265625,73.96960937499999],[-95.89097656250001,73.97093749999999],[-95.89274414062501,73.97273437499999],[-95.89500000000001,73.975],[-95.905,73.98500000000001],[-95.907255859375,73.98726562500002],[-95.90902343750001,73.98906250000002],[-95.910302734375,73.990390625],[-95.91109375,73.99125000000001],[-95.91328125000001,73.99375],[-95.91380859375002,73.994375],[-95.914296875,73.995],[-95.91474609375001,73.995625],[-95.91515625000001,73.99625],[-95.91671875,73.99875],[-95.91708984375,73.999375],[-95.917421875,74.0],[-95.91771484374999,74.000625],[-95.91796875,74.00125],[-95.91890625,74.00375],[-95.91912109375001,74.00437499999998],[-95.91929687500001,74.005],[-95.91943359375,74.005625],[-95.91953125,74.00625],[-95.91984375,74.00874999999999],[-95.919912109375,74.009609375],[-95.91996093750001,74.01093749999998],[-95.919990234375,74.01273437499998],[-95.92,74.01499999999999],[-95.92,74.025],[-95.920009765625,74.027265625],[-95.9200390625,74.02906250000001],[-95.92008789062498,74.030390625],[-95.92015624999999,74.03125],[-95.92046875000001,74.03375],[-95.92056640625002,74.03437500000001],[-95.920703125,74.035],[-95.92087890625001,74.035625],[-95.92109375000001,74.03625],[-95.92203125,74.03875],[-95.92228515625,74.03937499999999],[-95.922578125,74.03999999999999],[-95.92291015625,74.04062499999999],[-95.92328125,74.04124999999999],[-95.92484375000001,74.04374999999999],[-95.92525390625,74.044375],[-95.925703125,74.04499999999999],[-95.92619140625001,74.04562499999999],[-95.92671875,74.04624999999999],[-95.92890624999998,74.04874999999998],[-95.92969726562498,74.04960937499999],[-95.93097656249999,74.05093749999999],[-95.93274414062498,74.05273437499999],[-95.93499999999999,74.05499999999999],[-95.94500000000001,74.065],[-95.947255859375,74.06727539062501],[-95.94902343750002,74.0691015625],[-95.95030273437501,74.07047851562498],[-95.95109375000001,74.07140625],[-95.95328124999999,74.07421874999999],[-95.95380859375,74.07494140624998],[-95.95429687499998,74.07570312499999],[-95.95474609374999,74.07650390624998],[-95.95515624999999,74.07734374999998],[-95.95671875,74.08078125],[-95.95708984375,74.08166015625],[-95.957421875,74.082578125],[-95.95771484375,74.08353515625001],[-95.95796874999999,74.08453125],[-95.95890624999998,74.08859374999999],[-95.95912109374999,74.08962890624998],[-95.95929687499999,74.09070312499998],[-95.95943359374998,74.09181640624999],[-95.95953124999998,74.09296874999998],[-95.95984375,74.09765625],[-95.95991210937501,74.09930664062499],[-95.95996093749999,74.1019140625],[-95.959990234375,74.105478515625],[-95.96,74.11],[-95.96,74.13],[-95.960009765625,74.134521484375],[-95.9600390625,74.1380859375],[-95.960087890625,74.140693359375],[-95.96015625,74.14234375000001],[-95.96046875,74.14703125],[-95.96056640625001,74.14818359375],[-95.96070312500001,74.149296875],[-95.96087890625,74.15037109375001],[-95.96109375,74.15140625000001],[-95.96203125000001,74.15546875],[-95.96228515625,74.15646484375],[-95.96257812500001,74.15742187500001],[-95.96291015625002,74.15833984375001],[-95.96328125000001,74.15921875000001],[-95.96484375,74.16265625],[-95.96525390625,74.16349609375],[-95.965703125,74.164296875],[-95.96619140625,74.16505859375],[-95.96671875000001,74.16578125000001],[-95.96890624999999,74.16859375],[-95.96969726562499,74.169521484375],[-95.9709765625,74.1708984375],[-95.972744140625,74.172724609375],[-95.975,74.175],[-95.98499999999999,74.185],[-95.98610351562499,74.18725585937499],[-95.9844140625,74.1890234375],[-95.97993164062498,74.190302734375],[-95.97265624999999,74.19109375],[-95.93796875,74.19328125000001],[-95.92697265624999,74.19380859375002],[-95.911328125,74.194296875],[-95.89103515624998,74.19474609375001],[-95.86609374999999,74.19515625000001],[-95.75703125,74.19671875],[-95.72744140625,74.19708984374999],[-95.693203125,74.197421875],[-95.65431640624999,74.19771484375],[-95.61078125,74.19796875],[-95.42734374999999,74.19890625000001],[-95.37916015625,74.19912109375001],[-95.32632812499999,74.199296875],[-95.26884765624999,74.19943359375],[-95.20671875,74.19953125],[-94.94890625,74.19984375000001],[-94.85563476562498,74.199912109375],[-94.70472656249999,74.19996093750001],[-94.496181640625,74.19999023437501],[-94.22999999999999,74.2],[-93.05,74.2],[-92.78376953125,74.2000390625],[-92.575078125,74.20015625],[-92.42392578125,74.2003515625],[-92.3303125,74.200625],[-92.07093750000001,74.201875],[-92.00832031250002,74.20226562500001],[-91.95015625000002,74.2028125],[-91.8964453125,74.203515625],[-91.8471875,74.204375],[-91.6590625,74.20812500000001],[-91.6142578125,74.209140625],[-91.57390625,74.2103125],[-91.5380078125,74.211640625],[-91.5065625,74.213125],[-91.38968750000001,74.21937500000001],[-91.36269531250001,74.22101562500002],[-91.34015625000002,74.2228125],[-91.32207031250002,74.224765625],[-91.30843750000001,74.226875],[-91.26281250000001,74.23562500000001],[-91.25158203125001,74.2387890625],[-91.24070312500001,74.24390625000001],[-91.23017578125001,74.2509765625],[-91.22,74.26],[-91.18,74.3],[-91.17095703125001,74.30902343749999],[-91.16382812500001,74.31609375],[-91.15861328125001,74.32121093749998],[-91.15531250000001,74.32437499999999],[-91.14593749999997,74.333125],[-91.14363281249997,74.335234375],[-91.14140624999999,74.3371875],[-91.13925781249998,74.338984375],[-91.13718749999998,74.34062499999999],[-91.1290625,74.346875],[-91.1270703125,74.348359375],[-91.12515625,74.3496875],[-91.1233203125,74.350859375],[-91.1215625,74.35187499999999],[-91.1146875,74.355625],[-91.1130078125,74.356484375],[-91.11140625000002,74.35718750000001],[-91.1098828125,74.357734375],[-91.10843750000001,74.358125],[-91.10281249999998,74.359375],[-91.10095703124999,74.35964843749998],[-91.09820312499998,74.35984375],[-91.09455078124999,74.3599609375],[-91.08999999999999,74.36],[-91.07,74.36],[-91.06547851562499,74.36000976562501],[-91.0619140625,74.3600390625],[-91.05930664062501,74.360087890625],[-91.05765625000001,74.36015624999999],[-91.05296875,74.36046875],[-91.05181640625001,74.36056640625],[-91.050703125,74.360703125],[-91.04962890625,74.36087890625001],[-91.04859375000001,74.36109375],[-91.04453124999998,74.36203125],[-91.04353515624997,74.36228515625],[-91.04257812499998,74.362578125],[-91.04166015624997,74.36291015625],[-91.04078124999998,74.36328125],[-91.03734374999999,74.36484374999999],[-91.03650390625,74.36525390624999],[-91.035703125,74.36570312499998],[-91.03494140625,74.36619140625],[-91.03421875000001,74.36671874999999],[-91.03140625,74.36890625000001],[-91.03047851562502,74.369697265625],[-91.02910156249999,74.3709765625],[-91.02727539062501,74.372744140625],[-91.025,74.375],[-91.01499999999999,74.385],[-91.01138671874997,74.387255859375],[-91.005546875,74.38902343750001],[-90.99748046874998,74.39030273437501],[-90.98718749999999,74.39109375000001],[-90.94156249999999,74.39328125],[-90.92746093749999,74.39380859375001],[-90.90796874999998,74.39429687500001],[-90.8830859375,74.39474609375],[-90.8528125,74.39515625000001],[-90.7209375,74.39671875],[-90.6852734375,74.39708984375001],[-90.64421875,74.397421875],[-90.59777343750001,74.39771484375001],[-90.54593750000001,74.39796875],[-90.3278125,74.39890625000001],[-90.27058593749999,74.39912109375001],[-90.20796874999999,74.399296875],[-90.1399609375,74.39943359374999],[-90.0665625,74.39953125],[-89.7621875,74.39984375],[-89.65216796874999,74.39991210937501],[-89.474296875,74.3999609375],[-89.22857421875,74.399990234375],[-88.91499999999999,74.4],[-87.525,74.4],[-87.21142578125,74.399990234375],[-86.965703125,74.3999609375],[-86.78783203124999,74.39991210937501],[-86.6778125,74.39984375],[-86.37343750000001,74.39953125],[-86.30003906250002,74.39943359374999],[-86.23203125,74.399296875],[-86.16941406250001,74.39912109375001],[-86.1121875,74.39890625000001],[-85.8940625,74.39796875],[-85.84222656250002,74.39771484375001],[-85.79578125,74.397421875],[-85.75472656250001,74.39708984375],[-85.7190625,74.39671875],[-85.5871875,74.39515625],[-85.5569140625,74.39474609375],[-85.53203124999999,74.39429687500001],[-85.5125390625,74.39380859375],[-85.4984375,74.39328125],[-85.4528125,74.39109375000001],[-85.44251953124999,74.390302734375],[-85.43445312499998,74.3890234375],[-85.42861328124998,74.387255859375],[-85.42499999999998,74.385],[-85.415,74.375],[-85.412724609375,74.372744140625],[-85.41089843750001,74.3709765625],[-85.409521484375,74.369697265625],[-85.40859375,74.36890625000001],[-85.40578124999999,74.36671874999999],[-85.40505859375,74.36619140625],[-85.40429687499999,74.365703125],[-85.40349609375,74.36525390624999],[-85.40265624999999,74.36484374999999],[-85.39921874999999,74.36328125],[-85.39833984375,74.36291015625],[-85.39742187499999,74.362578125],[-85.39646484375,74.36228515625],[-85.39546874999999,74.36203125],[-85.39140625,74.36109375],[-85.39037109375,74.36087890625001],[-85.389296875,74.360703125],[-85.38818359375001,74.36056640625],[-85.38703125,74.36046875],[-85.38234374999999,74.36015624999999],[-85.38069335937499,74.360087890625],[-85.3780859375,74.3600390625],[-85.374521484375,74.360009765625],[-85.36999999999999,74.36],[-85.35,74.36],[-85.345478515625,74.359990234375],[-85.3419140625,74.35996093749999],[-85.339306640625,74.35991210937499],[-85.33765625,74.35984375],[-85.33296874999999,74.35953125],[-85.33181640625,74.35943359375],[-85.330703125,74.359296875],[-85.32962890625,74.35912109374999],[-85.32859375,74.35890624999999],[-85.32453124999999,74.35796875],[-85.32353515624999,74.35771484375],[-85.32257812499999,74.357421875],[-85.32166015624999,74.35708984375],[-85.32078125,74.35671875],[-85.31734374999999,74.35515625],[-85.31650390624999,74.35474609375],[-85.315703125,74.354296875],[-85.31494140625,74.35380859375],[-85.31421875,74.35328125000001],[-85.31140625,74.35109374999999],[-85.31047851562501,74.35030273437499],[-85.3091015625,74.3490234375],[-85.30727539062501,74.347255859375],[-85.305,74.345],[-85.29499999999999,74.33500000000001],[-85.29272460937499,74.33274414062501],[-85.29089843749999,74.3309765625],[-85.289521484375,74.32969726562501],[-85.28859374999999,74.32890625],[-85.28578124999999,74.32671874999998],[-85.28505859375,74.32619140624998],[-85.284296875,74.32570312499999],[-85.28349609374999,74.32525390624998],[-85.28265625,74.32484374999999],[-85.27921875,74.32328125],[-85.27833984375,74.32291015624999],[-85.277421875,74.32257812499999],[-85.27646484375,74.32228515624999],[-85.27546875,74.32203125],[-85.27140625,74.32109374999999],[-85.27037109375,74.32087890624999],[-85.269296875,74.320703125],[-85.26818359375,74.32056640625],[-85.26703125,74.32046874999999],[-85.26234375000001,74.32015625],[-85.26069335937501,74.32008789062499],[-85.2580859375,74.3200390625],[-85.254521484375,74.32000976562499],[-85.25,74.32],[-85.23,74.32],[-85.22547851562501,74.31999023437498],[-85.2219140625,74.31996093749999],[-85.219306640625,74.319912109375],[-85.21765625,74.31984374999999],[-85.21296875000002,74.31953124999998],[-85.21181640625002,74.31943359374998],[-85.21070312500001,74.31929687499998],[-85.20962890625,74.31912109374997],[-85.20859375,74.31890624999998],[-85.20453125,74.31796874999999],[-85.20353515625001,74.31771484375],[-85.202578125,74.317421875],[-85.20166015625,74.31708984374998],[-85.20078125,74.31671874999999],[-85.19734375,74.31515625],[-85.19650390625,74.31474609375],[-85.19570312500001,74.314296875],[-85.19494140625,74.31380859375],[-85.19421875,74.31328125],[-85.19140625,74.31109375],[-85.19047851562499,74.31030273437501],[-85.1891015625,74.3090234375],[-85.18727539062499,74.307255859375],[-85.185,74.305],[-85.175,74.29499999999999],[-85.17271484374999,74.29274414062499],[-85.17085937499999,74.29097656249999],[-85.16943359375,74.289697265625],[-85.1684375,74.28890625],[-85.1653125,74.28671875],[-85.1644921875,74.28619140625],[-85.16359374999999,74.285703125],[-85.16261718749999,74.28525390624999],[-85.1615625,74.28484375],[-85.15718749999999,74.28328125],[-85.1560546875,74.28291015625],[-85.15484375,74.282578125],[-85.15355468749999,74.28228515625],[-85.1521875,74.28203125],[-85.14656249999999,74.28109375],[-85.14511718749999,74.28087890625],[-85.14359375,74.280703125],[-85.1419921875,74.28056640625],[-85.1403125,74.28046875000001],[-85.1334375,74.28015625],[-85.13099609375,74.280087890625],[-85.127109375,74.28003906250001],[-85.12177734375,74.280009765625],[-85.115,74.28],[-85.085,74.28],[-85.07822265624999,74.279990234375],[-85.07289062499999,74.2799609375],[-85.06900390625,74.279912109375],[-85.06656249999999,74.27984375],[-85.0596875,74.27953124999999],[-85.0580078125,74.27943359375],[-85.05640625,74.279296875],[-85.0548828125,74.27912109375],[-85.0534375,74.27890625],[-85.04781249999999,74.27796875],[-85.0464453125,74.27771484375],[-85.04515624999999,74.277421875],[-85.0439453125,74.27708984374999],[-85.0428125,74.27671875],[-85.03843749999999,74.27515625000001],[-85.0373828125,74.27474609375001],[-85.03640625,74.274296875],[-85.03550781249999,74.27380859375],[-85.03468749999999,74.27328125],[-85.0315625,74.27109375],[-85.03056640625002,74.27030273437501],[-85.029140625,74.26902343750001],[-85.02728515625,74.26725585937501],[-85.025,74.26500000000001],[-85.01499999999999,74.255],[-85.01163085937497,74.252744140625],[-85.0065234375,74.2509765625],[-84.99967773437498,74.249697265625],[-84.99109374999999,74.24890625],[-84.95328124999999,74.24671875],[-84.94162109374999,74.24619140624999],[-84.92554687499998,74.245703125],[-84.90505859375,74.24525390625],[-84.88015625,74.24484375],[-84.77171874999999,74.24328125000001],[-84.74240234375,74.24291015625],[-84.708671875,74.24257812500001],[-84.67052734375001,74.24228515625],[-84.62796875000001,74.24203125000001],[-84.44890625,74.24109375],[-84.40193359374999,74.24087890625],[-84.35054687499999,74.24070312500001],[-84.29474609375,74.24056640625],[-84.23453125,74.24046875],[-83.98484375,74.24015625000001],[-83.89459960937499,74.24008789062502],[-83.7487109375,74.24003906250002],[-83.547177734375,74.24000976562502],[-83.28999999999999,74.24000000000001],[-82.15,74.24000000000001],[-81.892822265625,74.23999023437501],[-81.6912890625,74.2399609375],[-81.54540039062499,74.23991210937501],[-81.45515625,74.23984375],[-81.20546875000001,74.23953125000001],[-81.14525390625002,74.23943359375002],[-81.089453125,74.23929687500001],[-81.03806640625001,74.23912109375001],[-80.99109375,74.23890625000001],[-80.81203125,74.23796875000001],[-80.76947265625,74.23771484375001],[-80.731328125,74.23742187500001],[-80.69759765625,74.23708984375001],[-80.66828124999999,74.23671875000001],[-80.55984375,74.23515625],[-80.53494140625,74.23474609375],[-80.51445312499999,74.234296875],[-80.49837890625,74.23380859375001],[-80.48671875,74.23328125],[-80.44890625,74.23109375],[-80.44032226562499,74.23030273437499],[-80.43347656249999,74.22902343749999],[-80.42836914062498,74.22725585937499],[-80.42499999999998,74.225],[-80.41499999999999,74.215],[-80.41272460937499,74.212744140625],[-80.4108984375,74.21097656250001],[-80.409521484375,74.20969726562501],[-80.40859375,74.20890625000001],[-80.40578124999999,74.20671875000002],[-80.40505859375,74.20619140625003],[-80.40429687499999,74.20570312500001],[-80.40349609375,74.20525390625002],[-80.40265624999999,74.20484375000001],[-80.39921874999999,74.20328125],[-80.39833984375,74.20291015625],[-80.39742187499999,74.202578125],[-80.39646484375,74.20228515625001],[-80.39546874999999,74.20203125],[-80.39140625,74.20109375],[-80.39037109375,74.20087890625],[-80.389296875,74.20070312499999],[-80.38818359375,74.20056640625],[-80.38703125,74.20046875],[-80.38234374999999,74.20015625],[-80.38069335937499,74.200087890625],[-80.37808593749999,74.2000390625],[-80.374521484375,74.200009765625],[-80.36999999999999,74.2],[-80.35,74.2],[-80.345478515625,74.19999023437501],[-80.3419140625,74.19996093750001],[-80.339306640625,74.19991210937502],[-80.33765625,74.19984375000001],[-80.33296874999999,74.19953125],[-80.33181640625,74.19943359375],[-80.330703125,74.199296875],[-80.32962890625,74.19912109375001],[-80.32859375,74.19890625000001],[-80.32453124999999,74.19796875],[-80.32353515624999,74.19771484374999],[-80.32257812499999,74.197421875],[-80.32166015624999,74.19708984375],[-80.32078125,74.19671875],[-80.31734374999999,74.19515625000001],[-80.31650390624999,74.19474609375],[-80.315703125,74.19429687500002],[-80.31494140625,74.19380859375002],[-80.31421875,74.19328125000001],[-80.31140625,74.19109375],[-80.31047851562501,74.190302734375],[-80.3091015625,74.1890234375],[-80.30727539062501,74.187255859375],[-80.305,74.185],[-80.29499999999999,74.175],[-80.29272460937499,74.17274414062499],[-80.29089843749999,74.17097656249999],[-80.289521484375,74.16969726562499],[-80.28859374999999,74.16890624999999],[-80.28578124999999,74.16671875],[-80.28505859375,74.16619140625001],[-80.284296875,74.16570312500001],[-80.28349609374999,74.16525390625],[-80.28265625,74.16484375],[-80.27921875,74.16328125],[-80.27833984375,74.16291015624999],[-80.277421875,74.162578125],[-80.27646484375,74.16228515625],[-80.27546875,74.16203125],[-80.27140625,74.16109374999999],[-80.27037109375,74.16087890625],[-80.269296875,74.160703125],[-80.26818359375,74.16056640625001],[-80.26703125,74.16046875],[-80.26234375000001,74.16015625],[-80.26069335937501,74.16008789062501],[-80.2580859375,74.1600390625],[-80.254521484375,74.160009765625],[-80.25,74.16],[-80.23,74.16],[-80.22547851562501,74.15999023437499],[-80.2219140625,74.15996093749999],[-80.219306640625,74.159912109375],[-80.21765625,74.15984375],[-80.21296875000002,74.15953124999999],[-80.21181640625002,74.15943359375],[-80.21070312500001,74.159296875],[-80.20962890625,74.15912109375],[-80.20859375,74.15890625],[-80.20453125,74.15796875],[-80.20353515625001,74.15771484375],[-80.202578125,74.157421875],[-80.20166015625,74.15708984374999],[-80.20078125,74.15671875],[-80.19734375,74.15515625],[-80.19650390625,74.15474609374999],[-80.19570312500001,74.154296875],[-80.19494140625,74.15380859375],[-80.19421875,74.15328124999999],[-80.19140625,74.15109375],[-80.19047851562499,74.150302734375],[-80.1891015625,74.1490234375],[-80.18727539062499,74.14725585937501],[-80.185,74.14500000000001],[-80.175,74.13499999999999],[-80.17271484374999,74.132744140625],[-80.17085937499999,74.1309765625],[-80.16943359375,74.129697265625],[-80.1684375,74.12890625],[-80.1653125,74.12671874999998],[-80.1644921875,74.12619140624999],[-80.16359374999999,74.12570312499999],[-80.16261718749999,74.12525390624998],[-80.1615625,74.12484375],[-80.15718749999999,74.12328124999999],[-80.1560546875,74.12291015624999],[-80.15484375,74.122578125],[-80.15355468749999,74.12228515625],[-80.1521875,74.12203125],[-80.14656249999999,74.12109375],[-80.14511718749999,74.12087890625001],[-80.14359375,74.120703125],[-80.1419921875,74.12056640624999],[-80.1403125,74.12046875],[-80.1334375,74.12015625000001],[-80.13099609375,74.120087890625],[-80.127109375,74.12003906250001],[-80.12177734375,74.12000976562501],[-80.115,74.12],[-80.085,74.12],[-80.07822265624999,74.11999023437501],[-80.07289062499999,74.1199609375],[-80.06900390625,74.11991210937501],[-80.06656249999999,74.11984375],[-80.0596875,74.11953125000001],[-80.0580078125,74.11943359375],[-80.05640625,74.119296875],[-80.0548828125,74.11912109375001],[-80.0534375,74.11890625000001],[-80.04781249999999,74.11796875],[-80.0464453125,74.11771484375001],[-80.04515624999999,74.117421875],[-80.0439453125,74.11708984375001],[-80.0428125,74.11671875],[-80.03843749999999,74.11515625],[-80.0373828125,74.11474609375],[-80.03640625,74.114296875],[-80.03550781249999,74.11380859375001],[-80.03468749999999,74.11328125],[-80.0315625,74.11109375],[-80.03056640625002,74.110302734375],[-80.029140625,74.10902343749999],[-80.02728515625,74.10725585937499],[-80.025,74.10499999999999],[-80.01499999999999,74.095],[-80.01264648437498,74.092744140625],[-80.0105859375,74.0909765625],[-80.008818359375,74.089697265625],[-80.00734374999999,74.08890625000001],[-80.00203125,74.08671874999999],[-80.00052734375,74.08619140624998],[-79.998671875,74.085703125],[-79.99646484375,74.08525390624999],[-79.99390625000001,74.08484374999999],[-79.98296875,74.08328125],[-79.98005859375,74.08291015625],[-79.97679687499999,74.082578125],[-79.97318359375,74.08228515625001],[-79.96921875,74.08203125],[-79.95265625,74.08109375],[-79.94833984375,74.08087890624999],[-79.943671875,74.08070312499999],[-79.93865234375001,74.08056640625],[-79.93328125000001,74.08046875],[-79.91109375,74.08015625],[-79.903115234375,74.080087890625],[-79.89027343750001,74.08003906249999],[-79.87256835937501,74.080009765625],[-79.85,74.08],[-79.75,74.08],[-79.72739257812499,74.079951171875],[-79.70957031249999,74.0798046875],[-79.696533203125,74.079560546875],[-79.68828124999999,74.07921875],[-79.66484374999999,74.07765625],[-79.65908203125,74.07716796875],[-79.65351562499998,74.076484375],[-79.64814453124998,74.07560546875001],[-79.64296875,74.07453125],[-79.62265624999999,74.06984374999999],[-79.61767578124999,74.06857421875],[-79.612890625,74.067109375],[-79.60830078125,74.06544921874999],[-79.60390625,74.06359375],[-79.58671875,74.05578125],[-79.58251953125001,74.05373046874999],[-79.578515625,74.051484375],[-79.57470703125,74.04904296875],[-79.57109375,74.04640624999999],[-79.55703125,74.03546875],[-79.552392578125,74.03151367187502],[-79.54550781249999,74.0251171875],[-79.536376953125,74.016279296875],[-79.52499999999999,74.005],[-79.475,73.95499999999998],[-79.46291015624999,73.94372070312498],[-79.45164062499998,73.93488281249999],[-79.44119140624998,73.92848632812499],[-79.43156249999998,73.92453124999999],[-79.39468749999999,73.91359374999999],[-79.38394531249999,73.91095703124998],[-79.37015625,73.90851562499998],[-79.35332031249999,73.90626953124999],[-79.33343749999999,73.90421874999998],[-79.24781249999998,73.89640625],[-79.22488281249998,73.89455078125],[-79.19890624999998,73.892890625],[-79.16988281249999,73.89142578125],[-79.13781249999998,73.89015625],[-79.00343749999999,73.88546874999999],[-78.9683203125,73.88439453125],[-78.93015624999998,73.883515625],[-78.8889453125,73.88283203124999],[-78.84468749999999,73.88234374999999],[-78.66156249999999,73.88078125],[-78.59556640624999,73.880439453125],[-78.489140625,73.88019531249999],[-78.34228515625,73.880048828125],[-78.155,73.88],[-77.32499999999999,73.88],[-77.13775390625,73.87999023437499],[-76.99101562499999,73.87996093749999],[-76.88478515624999,73.879912109375],[-76.8190625,73.87984374999999],[-76.63718750000001,73.87953124999999],[-76.5933203125,73.87943359374998],[-76.55265625000001,73.87929687499998],[-76.5151953125,73.87912109374999],[-76.48093750000001,73.87890624999999],[-76.3503125,73.87796875],[-76.3192578125,73.87771484375],[-76.29140625,73.877421875],[-76.2667578125,73.87708984375],[-76.2453125,73.87671875],[-76.1659375,73.87515625],[-76.14769531249999,73.87474609375],[-76.13265625,73.874296875],[-76.1208203125,73.87380859375],[-76.1121875,73.87328125],[-76.08406249999999,73.87109375],[-76.07759765624999,73.870302734375],[-76.072265625,73.8690234375],[-76.06806640625,73.867255859375],[-76.065,73.86500000000001],[-76.05499999999999,73.85499999999999],[-76.05272460937499,73.85274414062499],[-76.0508984375,73.8509765625],[-76.04952148437499,73.849697265625],[-76.04859375,73.84890625],[-76.04578124999999,73.84671875000001],[-76.04505859374999,73.84619140625],[-76.04429687499999,73.845703125],[-76.04349609374998,73.84525390625001],[-76.04265625,73.84484375],[-76.03921874999999,73.84328125],[-76.03833984375,73.84291015625],[-76.03742187499999,73.842578125],[-76.03646484375,73.84228515625],[-76.03546874999999,73.84203125],[-76.03140624999999,73.84109375],[-76.03037109374999,73.84087890625],[-76.02929687499999,73.840703125],[-76.02818359374999,73.84056640625002],[-76.02703125,73.84046875000001],[-76.02234375,73.84015625],[-76.020693359375,73.840087890625],[-76.01808593749999,73.84003906250001],[-76.014521484375,73.84000976562501],[-76.00999999999999,73.84],[-75.99,73.84],[-75.985478515625,73.83999023437501],[-75.9819140625,73.8399609375],[-75.979306640625,73.839912109375],[-75.97765625,73.83984375],[-75.97296875,73.83953125],[-75.97181640625001,73.83943359374999],[-75.970703125,73.839296875],[-75.96962890625,73.83912109375001],[-75.96859375,73.83890625000001],[-75.96453125,73.83796875],[-75.96353515624999,73.83771484375],[-75.962578125,73.837421875],[-75.96166015624999,73.83708984375001],[-75.96078125,73.83671875],[-75.95734374999999,73.83515625],[-75.95650390624999,73.83474609375],[-75.955703125,73.834296875],[-75.95494140624999,73.83380859375],[-75.95421875,73.83328125],[-75.95140625,73.83109375000001],[-75.950478515625,73.83030273437501],[-75.9491015625,73.8290234375],[-75.94727539062501,73.82725585937501],[-75.94500000000001,73.825],[-75.93499999999999,73.815],[-75.93271484374999,73.81274414062501],[-75.93085937499998,73.8109765625],[-75.92943359374999,73.809697265625],[-75.92843749999999,73.80890625],[-75.9253125,73.80671874999999],[-75.92449218750001,73.80619140624998],[-75.92359375,73.805703125],[-75.9226171875,73.80525390624999],[-75.9215625,73.80484374999999],[-75.9171875,73.80328125],[-75.9160546875,73.80291015625001],[-75.91484374999999,73.802578125],[-75.91355468749998,73.80228515625],[-75.91218749999999,73.80203125],[-75.9065625,73.80109374999999],[-75.9051171875,73.80087890624999],[-75.90359375,73.800703125],[-75.9019921875,73.80056640625],[-75.9003125,73.80046875],[-75.8934375,73.80015624999999],[-75.89099609375,73.800087890625],[-75.887109375,73.80003906249999],[-75.88177734375,73.80000976562499],[-75.875,73.8],[-75.845,73.8],[-75.83822265625,73.799990234375],[-75.832890625,73.79996093749999],[-75.82900390625,73.79991210937499],[-75.8265625,73.79984375],[-75.8196875,73.79953125],[-75.8180078125,73.79943359375],[-75.81640625,73.799296875],[-75.8148828125,73.79912109374999],[-75.81343749999999,73.79890624999999],[-75.80781250000001,73.79796875],[-75.80644531250002,73.79771484375],[-75.80515625000001,73.79742187499998],[-75.8039453125,73.79708984374999],[-75.8028125,73.79671874999998],[-75.79843749999999,73.79515624999999],[-75.79738281249999,73.79474609374999],[-75.79640624999999,73.79429687499999],[-75.79550781249998,73.79380859374999],[-75.79468749999998,73.79328124999998],[-75.7915625,73.79109374999999],[-75.79056640625001,73.79030273437499],[-75.78914062499999,73.78902343749999],[-75.78728515625,73.787255859375],[-75.785,73.785],[-75.775,73.775],[-75.772724609375,73.77274414062501],[-75.77089843750001,73.77097656250001],[-75.76952148437502,73.76969726562501],[-75.76859375000001,73.76890625000001],[-75.76578125,73.76671875000002],[-75.76505859375001,73.76619140625002],[-75.76429687500001,73.76570312500002],[-75.76349609375,73.76525390625001],[-75.76265625,73.76484375000001],[-75.75921875000002,73.76328125],[-75.75833984375002,73.76291015625002],[-75.757421875,73.762578125],[-75.75646484375001,73.76228515625002],[-75.75546875,73.76203125],[-75.75140625000002,73.76109375],[-75.75037109375002,73.76087890625],[-75.74929687500001,73.76070312499999],[-75.74818359375001,73.76056640625],[-75.74703125000002,73.76046875],[-75.74234375,73.76015625000001],[-75.740693359375,73.760087890625],[-75.7380859375,73.7600390625],[-75.73452148437501,73.760009765625],[-75.73,73.76],[-75.71,73.76],[-75.70547851562499,73.75999023437501],[-75.70191406249998,73.75996093750001],[-75.699306640625,73.75991210937502],[-75.69765625,73.75984375000002],[-75.69296874999999,73.75953125000001],[-75.69181640624998,73.75943359375002],[-75.690703125,73.759296875],[-75.68962890625,73.75912109375001],[-75.68859375,73.75890625000001],[-75.68453124999999,73.75796875],[-75.68353515625,73.75771484375],[-75.68257812499999,73.757421875],[-75.68166015624999,73.75708984375001],[-75.68078125,73.75671875],[-75.67734374999999,73.75515625000001],[-75.67650390624999,73.75474609375001],[-75.67570312499998,73.75429687500002],[-75.67494140625,73.75380859375001],[-75.67421875,73.75328125000001],[-75.67140624999999,73.75109375],[-75.67047851562499,73.750302734375],[-75.66910156249999,73.7490234375],[-75.66727539062498,73.747255859375],[-75.66499999999999,73.745],[-75.655,73.735],[-75.652724609375,73.73274414062499],[-75.6508984375,73.73097656249999],[-75.64952148437501,73.72969726562499],[-75.64859375,73.72890625],[-75.64578125,73.72671875],[-75.64505859375001,73.72619140625001],[-75.644296875,73.72570312500001],[-75.64349609375,73.72525390625],[-75.64265625,73.72484375],[-75.63921875,73.72328125],[-75.63833984375,73.72291015625001],[-75.637421875,73.722578125],[-75.63646484375,73.72228515625],[-75.63546875,73.72203125],[-75.63140625000001,73.72109375],[-75.63037109375001,73.72087890625001],[-75.62929687500001,73.720703125],[-75.62818359375001,73.72056640625001],[-75.62703125000002,73.72046875000001],[-75.62234375,73.72015625],[-75.620693359375,73.720087890625],[-75.6180859375,73.7200390625],[-75.614521484375,73.72000976562501],[-75.61,73.72],[-75.59,73.72],[-75.585478515625,73.71999023437499],[-75.5819140625,73.71996093749999],[-75.579306640625,73.719912109375],[-75.57765625,73.71984375],[-75.57296874999999,73.71953124999999],[-75.57181640625,73.71943359375],[-75.570703125,73.719296875],[-75.56962890624999,73.71912109375],[-75.56859374999999,73.71890625],[-75.56453125,73.71796875],[-75.56353515625,73.71771484374999],[-75.562578125,73.717421875],[-75.56166015624999,73.71708984375],[-75.56078124999999,73.71671875],[-75.55734375,73.71515625],[-75.55650390625,73.71474609375],[-75.555703125,73.714296875],[-75.55494140625,73.71380859375],[-75.55421874999999,73.71328125],[-75.55140624999999,73.71109375],[-75.550478515625,73.710302734375],[-75.5491015625,73.70902343750001],[-75.54727539062499,73.70725585937501],[-75.54499999999999,73.70500000000001],[-75.535,73.695],[-75.532724609375,73.692744140625],[-75.5308984375,73.6909765625],[-75.52952148437501,73.689697265625],[-75.52859375,73.68890625],[-75.52578125,73.68671875],[-75.52505859374999,73.68619140624999],[-75.52429687499999,73.685703125],[-75.52349609375,73.68525390625],[-75.52265625,73.68484375],[-75.51921875,73.68328125000001],[-75.51833984375,73.68291015625],[-75.517421875,73.682578125],[-75.51646484374999,73.68228515625],[-75.51546875,73.68203125000001],[-75.51140625000001,73.68109375],[-75.51037109375001,73.68087890625],[-75.509296875,73.68070312500001],[-75.50818359375,73.68056640625],[-75.50703125000001,73.68046875],[-75.50234375,73.68015625000001],[-75.500693359375,73.68008789062502],[-75.4980859375,73.68003906250001],[-75.494521484375,73.68000976562502],[-75.49,73.68],[-75.47,73.68],[-75.465478515625,73.67999023437501],[-75.4619140625,73.6799609375],[-75.459306640625,73.67991210937501],[-75.45765625,73.67984375],[-75.45296875,73.67953125000003],[-75.45181640625,73.67943359375002],[-75.450703125,73.67929687500002],[-75.44962890625,73.67912109375001],[-75.44859375,73.67890625000001],[-75.44453125,73.67796875000002],[-75.44353515625,73.67771484375001],[-75.442578125,73.67742187500001],[-75.44166015624998,73.67708984375],[-75.44078124999999,73.67671875],[-75.43734375,73.67515625],[-75.43650390624998,73.67474609375],[-75.43570312499999,73.674296875],[-75.43494140624999,73.67380859375],[-75.43421874999999,73.67328125],[-75.43140624999998,73.67109375],[-75.43047851562498,73.67030273437499],[-75.4291015625,73.66902343749999],[-75.42727539062498,73.66725585937499],[-75.42499999999998,73.66499999999999],[-75.41499999999999,73.655],[-75.41272460937499,73.652744140625],[-75.4108984375,73.6509765625],[-75.409521484375,73.64969726562501],[-75.40859375,73.64890625000001],[-75.40578124999999,73.64671875000002],[-75.40505859375,73.64619140625003],[-75.40429687499999,73.64570312500001],[-75.40349609375,73.64525390625002],[-75.40265624999999,73.64484375],[-75.39921874999999,73.64328125],[-75.39833984375,73.64291015625],[-75.39742187499999,73.642578125],[-75.39646484375,73.64228515625],[-75.39546874999999,73.64203125],[-75.39140625,73.64109375],[-75.39037109375,73.64087890625],[-75.389296875,73.64070312499999],[-75.38818359375,73.64056640625],[-75.38703125,73.64046875],[-75.38234374999999,73.64015625],[-75.38069335937499,73.64008789062501],[-75.37808593749999,73.6400390625],[-75.374521484375,73.640009765625],[-75.36999999999999,73.64],[-75.35,73.64],[-75.345478515625,73.63999023437499],[-75.3419140625,73.6399609375],[-75.339306640625,73.639912109375],[-75.33765625,73.63984375000001],[-75.33296874999999,73.63953125],[-75.33181640625,73.63943359375],[-75.330703125,73.639296875],[-75.32962890625,73.63912109374999],[-75.32859375,73.63890625],[-75.32453124999999,73.63796875],[-75.32353515624999,73.63771484375],[-75.32257812499999,73.637421875],[-75.32166015624999,73.63708984375],[-75.32078125,73.63671875],[-75.31734374999999,73.63515625000001],[-75.31650390624999,73.63474609375001],[-75.315703125,73.63429687500002],[-75.31494140625,73.63380859375],[-75.31421875,73.63328125000001],[-75.31140625,73.63109374999999],[-75.31047851562501,73.630302734375],[-75.3091015625,73.6290234375],[-75.30727539062501,73.627255859375],[-75.305,73.625],[-75.29499999999999,73.615],[-75.29272460937499,73.612744140625],[-75.29089843749999,73.61097656249999],[-75.289521484375,73.60969726562499],[-75.28859374999999,73.60890624999999],[-75.28578124999999,73.60671875],[-75.28505859375,73.60619140624999],[-75.284296875,73.60570312499999],[-75.28349609374999,73.60525390625],[-75.28265625,73.60484374999999],[-75.27921875,73.60328125],[-75.27833984375,73.60291015624999],[-75.277421875,73.602578125],[-75.27646484375,73.60228515624999],[-75.27546875,73.60203125],[-75.27140625,73.60109374999999],[-75.27037109375,73.60087890624999],[-75.269296875,73.600703125],[-75.26818359375,73.60056640625001],[-75.26703125,73.60046875],[-75.26234375000001,73.60015625],[-75.26069335937501,73.60008789062499],[-75.2580859375,73.6000390625],[-75.254521484375,73.600009765625],[-75.25,73.6],[-75.23,73.6],[-75.22547851562501,73.599990234375],[-75.2219140625,73.59996093749999],[-75.219306640625,73.599912109375],[-75.21765625,73.59984374999999],[-75.21296875000002,73.59953124999998],[-75.21181640625002,73.59943359374999],[-75.21070312500001,73.599296875],[-75.20962890625,73.59912109375],[-75.20859375,73.59890625],[-75.20453125,73.59796874999999],[-75.20353515625001,73.59771484375],[-75.202578125,73.597421875],[-75.20166015625,73.59708984375],[-75.20078125,73.59671875],[-75.19734375,73.59515625],[-75.19650390625,73.59474609374999],[-75.19570312500001,73.594296875],[-75.19494140625,73.59380859375],[-75.19421875,73.59328124999999],[-75.19140625,73.59109375],[-75.19047851562499,73.590302734375],[-75.1891015625,73.5890234375],[-75.18727539062499,73.587255859375],[-75.185,73.58500000000001],[-75.175,73.57499999999999],[-75.17271484374999,73.57274414062499],[-75.17085937499999,73.5709765625],[-75.16943359375,73.569697265625],[-75.1684375,73.56890625],[-75.1653125,73.56671874999998],[-75.1644921875,73.56619140624997],[-75.16359374999999,73.56570312499998],[-75.16261718749999,73.56525390624999],[-75.1615625,73.56484375],[-75.15718749999999,73.56328124999999],[-75.1560546875,73.56291015625],[-75.15484375,73.562578125],[-75.15355468749999,73.56228515625],[-75.1521875,73.56203125],[-75.14656249999999,73.56109375],[-75.14511718749999,73.56087890625],[-75.14359375,73.560703125],[-75.1419921875,73.56056640625],[-75.1403125,73.56046875],[-75.1334375,73.56015625],[-75.13099609375,73.560087890625],[-75.127109375,73.56003906250001],[-75.12177734375,73.560009765625],[-75.115,73.56],[-75.085,73.56],[-75.07822265624999,73.55999023437501],[-75.07289062499999,73.5599609375],[-75.06900390625,73.559912109375],[-75.06656249999999,73.55984375],[-75.0596875,73.55953125],[-75.0580078125,73.55943359375],[-75.05640625,73.559296875],[-75.0548828125,73.55912109375001],[-75.0534375,73.55890625],[-75.04781249999999,73.55796875],[-75.0464453125,73.55771484375],[-75.04515624999999,73.557421875],[-75.0439453125,73.55708984374999],[-75.0428125,73.55671875],[-75.03843749999999,73.55515625],[-75.0373828125,73.55474609375],[-75.03640625,73.55429687499999],[-75.03550781249999,73.55380859375],[-75.03468749999999,73.55328125],[-75.0315625,73.55109374999999],[-75.03056640625002,73.550302734375],[-75.029140625,73.54902343749998],[-75.02728515625,73.54725585937499],[-75.025,73.54499999999999],[-75.01499999999999,73.535],[-75.01272460937498,73.532744140625],[-75.01089843749999,73.5309765625],[-75.009521484375,73.529697265625],[-75.00859374999999,73.52890625],[-75.00578125,73.52671874999999],[-75.00505859375001,73.52619140624998],[-75.004296875,73.52570312499999],[-75.00349609375,73.52525390624999],[-75.00265625,73.52484374999999],[-74.99921875,73.52328125],[-74.99833984375,73.52291015624999],[-74.997421875,73.522578125],[-74.99646484375,73.52228515625],[-74.99546875,73.52203125],[-74.99140625,73.52109374999999],[-74.99037109375,73.52087890624999],[-74.98929687500001,73.52070312499998],[-74.98818359375,73.52056640625],[-74.98703125,73.52046874999999],[-74.98234375,73.52015625],[-74.980693359375,73.520087890625],[-74.9780859375,73.52003906249999],[-74.974521484375,73.52000976562499],[-74.97,73.52],[-74.95,73.52],[-74.945478515625,73.519990234375],[-74.94191406249999,73.5199609375],[-74.939306640625,73.51991210937501],[-74.93765625,73.51984375],[-74.93296875,73.51953125],[-74.93181640625,73.51943359375001],[-74.93070312500001,73.519296875],[-74.92962890625,73.51912109375],[-74.92859375,73.51890625],[-74.92453125,73.51796875],[-74.92353515624998,73.51771484375001],[-74.922578125,73.517421875],[-74.92166015625,73.51708984375],[-74.92078125,73.51671875],[-74.91734375,73.51515625],[-74.91650390625,73.51474609375],[-74.915703125,73.51429687500001],[-74.91494140625001,73.51380859375],[-74.91421875,73.51328125],[-74.91140625,73.51109375000001],[-74.910478515625,73.51030273437502],[-74.9091015625,73.5090234375],[-74.90727539062499,73.50725585937501],[-74.905,73.50500000000001],[-74.89500000000001,73.49499999999999],[-74.892724609375,73.49274414062499],[-74.8908984375,73.49097656249998],[-74.889521484375,73.48969726562498],[-74.88859375,73.48890624999999],[-74.88578125,73.48671875],[-74.88505859375,73.48619140625],[-74.88429687499999,73.485703125],[-74.88349609375,73.48525390625],[-74.88265625,73.48484375],[-74.87921874999999,73.48328125],[-74.87833984374998,73.48291015625],[-74.877421875,73.482578125],[-74.87646484375,73.48228515625],[-74.87546875,73.48203125],[-74.87140624999999,73.48109375],[-74.87037109375,73.48087890625],[-74.869296875,73.480703125],[-74.86818359374999,73.48056640625],[-74.86703125,73.48046875],[-74.86234375,73.48015625],[-74.86069335937499,73.48008789062499],[-74.8580859375,73.4800390625],[-74.854521484375,73.480009765625],[-74.85,73.48],[-74.83,73.48],[-74.82546875,73.47998046875],[-74.82187499999999,73.479921875],[-74.81921875,73.47982421875],[-74.8175,73.4796875],[-74.81249999999999,73.47906250000001],[-74.81124999999997,73.47886718750001],[-74.80999999999999,73.47859375000002],[-74.80874999999999,73.4782421875],[-74.80749999999999,73.4778125],[-74.8025,73.4759375],[-74.80125,73.4754296875],[-74.79999999999998,73.47484374999999],[-74.79874999999998,73.4741796875],[-74.79749999999999,73.47343749999999],[-74.79249999999999,73.4703125],[-74.79124999999999,73.4694921875],[-74.78999999999999,73.46859375],[-74.78875,73.4676171875],[-74.7875,73.46656250000001],[-74.7825,73.4621875],[-74.78078125,73.46060546875],[-74.778125,73.45804687500001],[-74.77453125,73.45451171875001],[-74.77,73.45],[-74.75,73.43],[-74.7453125,73.42548828125001],[-74.74125,73.421953125],[-74.73781249999999,73.41939453124999],[-74.73499999999999,73.4178125],[-74.725,73.41343750000001],[-74.7221875,73.41238281250001],[-74.71875,73.41140625000001],[-74.7146875,73.41050781250001],[-74.71000000000001,73.40968750000002],[-74.69,73.4065625],[-74.6846875,73.40582031250001],[-74.67875000000001,73.40515625],[-74.6721875,73.4045703125],[-74.665,73.40406250000001],[-74.63499999999999,73.4021875],[-74.62718749999999,73.4017578125],[-74.61874999999999,73.40140625000001],[-74.60968749999999,73.40113281250001],[-74.6,73.4009375],[-74.55999999999999,73.40031250000001],[-74.54562499999999,73.40017578125001],[-74.5225,73.40007812500001],[-74.490625,73.40001953125],[-74.44999999999999,73.4],[-74.27000000000001,73.4],[-74.22917968750002,73.39978515625],[-74.19671875,73.399140625],[-74.17261718750001,73.39806640625],[-74.15687500000001,73.3965625],[-74.110625,73.38968750000001],[-74.09898437500001,73.3875390625],[-74.0871875,73.38453125000001],[-74.07523437500001,73.38066406249999],[-74.06312500000001,73.37593749999999],[-74.014375,73.3553125],[-74.002109375,73.3497265625],[-73.9896875,73.34328124999999],[-73.977109375,73.3359765625],[-73.964375,73.3278125],[-73.91312500000001,73.29343750000001],[-73.90023437500001,73.2844140625],[-73.88718750000001,73.27453125000001],[-73.873984375,73.2637890625],[-73.860625,73.2521875],[-73.806875,73.2040625],[-73.7882421875,73.18666015625],[-73.75921875,73.158515625],[-73.7198046875,73.11962890625],[-73.67,73.07000000000001],[-73.45,72.85000000000001],[-73.399375,72.80037109375002],[-73.3575,72.76148437500001],[-73.324375,72.73333984375],[-73.30000000000001,72.71593750000001],[-73.22,72.66781250000001],[-73.1984375,72.65621093750002],[-73.17375000000001,72.64546875000002],[-73.1459375,72.63558593750001],[-73.11500000000001,72.6265625],[-72.985,72.59218750000001],[-72.9509375,72.58402343750001],[-72.91375,72.57671875],[-72.8734375,72.5702734375],[-72.83,72.5646875],[-72.65,72.5440625],[-72.6034375,72.5393359375],[-72.55375000000001,72.53546874999999],[-72.50093749999999,72.53246093749999],[-72.445,72.5303125],[-72.215,72.5234375],[-72.1328125,72.52193359374999],[-72.00125,72.520859375],[-71.8203125,72.52021484375],[-71.59,72.52],[-70.57,72.52],[-70.33966796874999,72.51976562499999],[-70.158671875,72.5190625],[-70.02701171875,72.517890625],[-69.9446875,72.51625],[-69.7140625,72.50874999999999],[-69.6579296875,72.50640625],[-69.60484375,72.503125],[-69.5548046875,72.49890625],[-69.5078125,72.49375],[-69.3259375,72.47125],[-69.2819921875,72.46515625],[-69.24109374999999,72.458125],[-69.2032421875,72.45015624999999],[-69.1684375,72.44125],[-69.0353125,72.40375],[-69.0035546875,72.39390624999999],[-68.97484375,72.38312499999999],[-68.9491796875,72.37140624999999],[-68.9265625,72.35874999999999],[-68.8421875,72.30625],[-68.81623046874999,72.287265625],[-68.780546875,72.2565625],[-68.73513671875,72.214140625],[-68.67999999999999,72.16],[-68.44,71.91999999999999],[-68.385849609375,71.865859375],[-68.34339843749999,71.8234375],[-68.312646484375,71.79273437499998],[-68.29359374999999,71.77374999999999],[-68.24078125,71.72125],[-68.22802734375,71.70859375],[-68.21617187499999,71.69687499999999],[-68.20521484374999,71.68609375],[-68.19515625,71.67625],[-68.15671874999998,71.63875],[-68.14755859374998,71.62984375],[-68.13929687499999,71.621875],[-68.13193359374998,71.61484375],[-68.12546874999998,71.60875],[-68.10140625,71.58625],[-68.09583984375,71.58109375000001],[-68.09117187499999,71.576875],[-68.08740234375,71.57359375],[-68.08453125,71.57125],[-68.07484374999999,71.56375],[-68.072412109375,71.562109375],[-68.06996093749999,71.5609375],[-68.067490234375,71.560234375],[-68.065,71.56],[-68.05499999999999,71.56],[-68.05245117187499,71.55970703125],[-68.0498046875,71.558828125],[-68.047060546875,71.55736328125],[-68.04421875,71.5553125],[-68.03265624999999,71.54593750000001],[-68.02919921875,71.54300781250002],[-68.024609375,71.53890625000001],[-68.01888671875,71.5336328125],[-68.01203124999999,71.52718750000001],[-67.98234375,71.4990625],[-67.97435546875,71.49144531249999],[-67.965234375,71.48265625],[-67.95498046875,71.4726953125],[-67.94359374999999,71.4615625],[-67.89578125,71.4146875],[-67.88326171874999,71.40238281250001],[-67.869609375,71.38890624999999],[-67.85482421875,71.37425781249999],[-67.83890625,71.3584375],[-67.77296874999999,71.29281250000001],[-67.749169921875,71.26908203125001],[-67.71074218749999,71.230703125],[-67.657685546875,71.17767578125002],[-67.58999999999999,71.11000000000001],[-67.29,70.81],[-67.22231445312501,70.74232421875],[-67.1692578125,70.689296875],[-67.130830078125,70.65091796875],[-67.10703125,70.62718749999999],[-67.04109374999999,70.56156249999998],[-67.02517578124998,70.54574218749998],[-67.01039062499999,70.53109374999998],[-66.99673828124999,70.51761718749998],[-66.98421875,70.50531249999999],[-66.93640624999999,70.4584375],[-66.92501953124999,70.44730468750001],[-66.914765625,70.43734375],[-66.90564453124999,70.42855468750001],[-66.89765625,70.42093750000001],[-66.86796875,70.39281249999999],[-66.86111328125,70.3863671875],[-66.855390625,70.38109374999999],[-66.85080078125,70.3769921875],[-66.84734375000001,70.3740625],[-66.83578125,70.3646875],[-66.832939453125,70.36263671874998],[-66.8301953125,70.361171875],[-66.827548828125,70.36029296875],[-66.825,70.36],[-66.815,70.36],[-66.81244140625,70.359697265625],[-66.809765625,70.3587890625],[-66.80697265625,70.35727539062499],[-66.8040625,70.35515625],[-66.7921875,70.34546875000001],[-66.7886328125,70.34244140625],[-66.78390625,70.338203125],[-66.7780078125,70.33275390625002],[-66.7709375,70.32609375000001],[-66.74031249999999,70.29703125],[-66.73207031249999,70.28916015625],[-66.72265625,70.280078125],[-66.7120703125,70.26978515625],[-66.7003125,70.25828125],[-66.6509375,70.20984374999999],[-66.63800781249999,70.19712890624999],[-66.62390625,70.18320312499999],[-66.60863281249999,70.16806640624999],[-66.5921875,70.15171874999999],[-66.52406249999999,70.08390624999998],[-66.49947265624999,70.05938476562498],[-66.45976562499999,70.0197265625],[-66.40494140625,69.964931640625],[-66.335,69.895],[-66.025,69.58500000000001],[-65.9547265625,69.51506835937502],[-65.89890625000001,69.4602734375],[-65.8575390625,69.420615234375],[-65.830625,69.39609375],[-65.75187500000001,69.32828125],[-65.73210937500001,69.31193359375],[-65.7121875,69.296796875],[-65.692109375,69.28287109375],[-65.671875,69.27015625],[-65.59062500000002,69.22171875000001],[-65.57023437500001,69.21021484375002],[-65.5496875,69.199921875],[-65.52898437500002,69.19083984375001],[-65.508125,69.18296875000001],[-65.42437500000001,69.15390625],[-65.40335937500001,69.14724609375],[-65.38218750000001,69.14179687500001],[-65.36085937500002,69.13755859375001],[-65.33937500000002,69.13453125000001],[-65.25312500000001,69.12484375],[-65.22332031250001,69.12272460937498],[-65.17703125,69.1212109375],[-65.1142578125,69.120302734375],[-65.035,69.12],[-64.685,69.12],[-64.60603515624999,69.11999023437501],[-64.544140625,69.1199609375],[-64.49931640624999,69.11991210937501],[-64.47156249999999,69.11984375],[-64.3946875,69.11953125000001],[-64.3761328125,69.11943359375],[-64.35890625,69.119296875],[-64.34300781250002,69.11912109375001],[-64.3284375,69.11890625000001],[-64.2728125,69.11796875],[-64.2595703125,69.11771484375001],[-64.24765625,69.117421875],[-64.23707031250001,69.11708984375001],[-64.2278125,69.11671875],[-64.1934375,69.11515625],[-64.18550781249999,69.11474609375],[-64.17890625,69.114296875],[-64.1736328125,69.11380859375],[-64.16968750000001,69.11328125],[-64.1565625,69.11109375],[-64.15337890625001,69.110302734375],[-64.150390625,69.10902343749999],[-64.14759765625001,69.10725585937499],[-64.14500000000001,69.10499999999999],[-64.13499999999999,69.095],[-64.13272460937499,69.092744140625],[-64.1308984375,69.0909765625],[-64.12952148437499,69.089697265625],[-64.12859375,69.08890625000001],[-64.12578125,69.08671874999999],[-64.12505859375001,69.08619140624998],[-64.124296875,69.085703125],[-64.12349609375,69.08525390624999],[-64.12265625,69.08484374999999],[-64.11921875,69.08328125],[-64.11833984375001,69.08291015625],[-64.117421875,69.082578125],[-64.11646484375001,69.08228515625001],[-64.11546875,69.08203125],[-64.11140625,69.08109375],[-64.11037109375,69.08087890624999],[-64.10929687500001,69.08070312499999],[-64.10818359375,69.08056640625],[-64.10703125,69.08046875],[-64.10234374999999,69.08015625],[-64.10069335937499,69.080087890625],[-64.0980859375,69.08003906249999],[-64.09452148437501,69.08000976562501],[-64.09,69.08],[-64.07,69.08],[-64.06547851562499,69.079990234375],[-64.0619140625,69.0799609375],[-64.05930664062501,69.079912109375],[-64.05765625000001,69.07984375000001],[-64.05296874999999,69.07953125],[-64.05181640625,69.07943359375],[-64.050703125,69.079296875],[-64.04962890624999,69.07912109375],[-64.04859375,69.07890625],[-64.04453124999999,69.07796875],[-64.04353515624999,69.07771484375],[-64.04257812499999,69.077421875],[-64.04166015624999,69.07708984375],[-64.04078125,69.07671875],[-64.03734374999999,69.07515624999999],[-64.03650390624999,69.07474609375],[-64.035703125,69.07429687499999],[-64.03494140625,69.07380859374999],[-64.03421875000001,69.07328125],[-64.03140625,69.07109374999999],[-64.030478515625,69.07030273437499],[-64.0291015625,69.0690234375],[-64.027275390625,69.067255859375],[-64.025,69.065],[-64.01499999999999,69.05499999999999],[-64.01272460937498,69.052744140625],[-64.01089843749999,69.05097656249998],[-64.009521484375,69.04969726562499],[-64.00859374999999,69.04890624999999],[-64.00578125,69.04671875],[-64.00505859375001,69.04619140624999],[-64.004296875,69.04570312499999],[-64.00349609375,69.04525390624998],[-64.00265625,69.04484374999998],[-63.99921875,69.04328124999999],[-63.998339843749996,69.04291015624999],[-63.997421875,69.04257812499999],[-63.996464843750005,69.04228515624999],[-63.99546875,69.04203125],[-63.991406250000004,69.04109374999999],[-63.99037109375,69.04087890624999],[-63.989296875,69.040703125],[-63.98818359375,69.04056640625],[-63.98703125,69.04046875],[-63.98234375,69.04015625],[-63.980693359375,69.04008789062499],[-63.978085937500005,69.0400390625],[-63.974521484375,69.04000976562499],[-63.97,69.03999999999999],[-63.95,69.03999999999999],[-63.945478515625005,69.039990234375],[-63.9419140625,69.03996093749998],[-63.93930664062499,69.039912109375],[-63.937656249999996,69.03984374999999],[-63.93296875,69.03953124999998],[-63.93181640625,69.03943359374999],[-63.930703125,69.03929687499999],[-63.92962890625,69.03912109375],[-63.928593750000005,69.03890625],[-63.924531249999994,69.03796874999999],[-63.92353515625,69.03771484375],[-63.922578125,69.03742187499999],[-63.92166015624999,69.03708984375],[-63.92078124999999,69.03671874999999],[-63.91734375,69.03515625],[-63.91650390625,69.03474609375],[-63.915703125,69.034296875],[-63.914941406249994,69.03380859375],[-63.914218749999996,69.03328124999999],[-63.91140625,69.03109375],[-63.910478515625,69.030302734375],[-63.9091015625,69.0290234375],[-63.907275390624996,69.027255859375],[-63.905,69.025],[-63.895,69.01499999999999],[-63.89272460937501,69.01274414062499],[-63.890898437500006,69.01097656249999],[-63.889521484375,69.009697265625],[-63.888593750000005,69.00890625],[-63.885781249999994,69.00671874999999],[-63.885058593749996,69.00619140625],[-63.884296875,69.005703125],[-63.88349609375,69.00525390624999],[-63.88265625,69.00484374999999],[-63.87921875,69.00328125],[-63.87833984375,69.00291015625001],[-63.877421874999996,69.002578125],[-63.87646484375,69.00228515625],[-63.875468749999996,69.00203125],[-63.87140625,69.00109375],[-63.87037109375,69.00087890625],[-63.869296874999996,69.000703125],[-63.86818359375,69.00056640624999],[-63.86703125,69.00046875],[-63.862343749999994,69.00015625],[-63.860693359375,69.000087890625],[-63.8580859375,69.00003906250001],[-63.854521484375,69.00000976562501],[-63.849999999999994,69.0],[-63.83,69.0],[-63.825478515625,68.999990234375],[-63.82191406249999,68.99996093749999],[-63.81930664062499,68.999912109375],[-63.81765624999999,68.99984375],[-63.81296874999999,68.99953125],[-63.81181640624999,68.99943359375001],[-63.81070312499999,68.999296875],[-63.80962890624998,68.99912109375],[-63.808593749999986,68.99890625],[-63.80453124999999,68.99796875],[-63.80353515624999,68.99771484374999],[-63.802578125,68.997421875],[-63.80166015624999,68.99708984375],[-63.800781249999986,68.99671875],[-63.797343749999996,68.99515625000001],[-63.796503906249995,68.99474609375002],[-63.795703124999996,68.994296875],[-63.79494140624999,68.99380859375],[-63.79421874999999,68.99328125000001],[-63.791406249999994,68.99109375],[-63.79047851562499,68.990302734375],[-63.789101562499994,68.98902343750001],[-63.78727539062499,68.98725585937501],[-63.785,68.98500000000001],[-63.775,68.975],[-63.772724609375004,68.972744140625],[-63.7708984375,68.9709765625],[-63.769521484375,68.969697265625],[-63.76859375,68.96890625],[-63.76578124999999,68.96671875000001],[-63.76505859374999,68.96619140625],[-63.76429687499999,68.965703125],[-63.76349609374999,68.96525390625001],[-63.76265624999999,68.96484375],[-63.759218749999995,68.96328125000001],[-63.758339843749994,68.96291015625002],[-63.75742187499999,68.96257812500001],[-63.756464843749995,68.96228515625],[-63.75546874999999,68.96203125000001],[-63.751406249999995,68.96109375],[-63.75037109374999,68.96087890625],[-63.74929687499999,68.96070312500001],[-63.74818359374999,68.96056640625002],[-63.74703124999999,68.96046875000002],[-63.74234374999999,68.96015625000001],[-63.740693359374994,68.960087890625],[-63.738085937499996,68.96003906250002],[-63.734521484374994,68.96000976562502],[-63.72999999999999,68.96000000000001],[-63.709999999999994,68.96000000000001],[-63.705478515624996,68.959990234375],[-63.70191406249999,68.9599609375],[-63.69930664062498,68.95991210937501],[-63.69765624999999,68.95984375],[-63.69296874999999,68.95953125],[-63.69181640624999,68.95943359374999],[-63.69070312499999,68.959296875],[-63.68962890624999,68.95912109375001],[-63.688593749999995,68.95890625000001],[-63.684531249999985,68.95796875],[-63.68353515624999,68.95771484375],[-63.68257812499999,68.95742187500001],[-63.68166015624998,68.95708984375001],[-63.68078124999998,68.95671875000001],[-63.67734374999999,68.95515625],[-63.67650390624999,68.95474609374999],[-63.67570312499999,68.95429687500001],[-63.674941406249985,68.95380859375001],[-63.67421874999999,68.95328125],[-63.67140624999999,68.95109375000001],[-63.67047851562499,68.950302734375],[-63.66910156249999,68.9490234375],[-63.66727539062499,68.94725585937502],[-63.66499999999999,68.94500000000001],[-63.655,68.935],[-63.65273437500001,68.93274414062499],[-63.650937500000005,68.9309765625],[-63.64960937500001,68.92969726562501],[-63.64875000000001,68.92890625000001],[-63.64625,68.92671875],[-63.645624999999995,68.92619140625001],[-63.644999999999996,68.92570312500001],[-63.644375,68.92525390625],[-63.64375,68.92484375000001],[-63.64125000000001,68.92328125],[-63.640625,68.92291015624998],[-63.64,68.922578125],[-63.639375,68.92228515625],[-63.63875,68.92203125],[-63.636250000000004,68.92109375],[-63.635625000000005,68.92087890625],[-63.635000000000005,68.920703125],[-63.634375000000006,68.92056640625],[-63.633750000000006,68.92046875],[-63.63125000000001,68.92015624999999],[-63.630390625000004,68.920087890625],[-63.6290625,68.9200390625],[-63.62726562500001,68.920009765625],[-63.625,68.92],[-63.614999999999995,68.92],[-63.612734374999995,68.91999023437499],[-63.61093749999999,68.9199609375],[-63.609609375,68.919912109375],[-63.60874999999999,68.91984375],[-63.60625,68.91953125],[-63.605625,68.91943359375],[-63.605,68.919296875],[-63.604375000000005,68.91912109375],[-63.60375,68.91890624999999],[-63.60125,68.91796875],[-63.600625,68.91771484374999],[-63.6,68.91742187499999],[-63.59937500000001,68.91708984374999],[-63.59875,68.91671874999999],[-63.59625,68.91515625],[-63.595625,68.91474609375],[-63.595,68.91429687499999],[-63.594375,68.91380859374999],[-63.59375,68.91328124999998],[-63.591249999999995,68.91109374999999],[-63.590390625,68.910302734375],[-63.5890625,68.9090234375],[-63.587265625,68.907255859375],[-63.584999999999994,68.905],[-63.575,68.89500000000001],[-63.572724609375,68.892744140625],[-63.570898437500006,68.8909765625],[-63.569521484375,68.889697265625],[-63.568593750000005,68.88890625],[-63.56578125,68.88671875],[-63.56505859375,68.88619140625],[-63.564296875000004,68.885703125],[-63.563496093750004,68.88525390625],[-63.56265625,68.88484375],[-63.55921875,68.88328125],[-63.558339843750005,68.88291015624999],[-63.557421875,68.882578125],[-63.55646484375001,68.88228515624999],[-63.55546875,68.88203125],[-63.55140625,68.88109374999999],[-63.55037109375,68.88087890624999],[-63.549296875,68.880703125],[-63.548183593750004,68.88056640624998],[-63.54703125,68.88046874999999],[-63.54234375,68.88015625],[-63.540693359375,68.88008789062499],[-63.53808593750001,68.8800390625],[-63.534521484375,68.880009765625],[-63.53,68.88],[-63.510000000000005,68.88],[-63.505478515625,68.87999023437499],[-63.5019140625,68.87996093749999],[-63.499306640625,68.879912109375],[-63.49765625,68.87984374999999],[-63.49296875,68.87953124999999],[-63.49181640625001,68.87943359374998],[-63.490703125,68.87929687499998],[-63.489628906250005,68.87912109374999],[-63.48859375000001,68.87890624999999],[-63.484531249999996,68.87796875],[-63.48353515624999,68.87771484375],[-63.482578125,68.877421875],[-63.48166015625,68.87708984375],[-63.48078125,68.87671875],[-63.47734375,68.87515625],[-63.47650390625,68.87474609375],[-63.475703125,68.874296875],[-63.47494140625,68.87380859375],[-63.47421875,68.87328125],[-63.47140625,68.87109375],[-63.470478515625,68.870302734375],[-63.4691015625,68.8690234375],[-63.467275390625005,68.867255859375],[-63.465,68.86500000000001],[-63.455000000000005,68.85499999999999],[-63.452724609375004,68.85274414062499],[-63.45089843750001,68.8509765625],[-63.44952148437501,68.849697265625],[-63.44859375000001,68.84890625],[-63.445781249999996,68.84671875000001],[-63.44505859375,68.84619140625],[-63.444296875,68.845703125],[-63.44349609375,68.84525390625001],[-63.44265625,68.84484375],[-63.43921875,68.84328125],[-63.43833984375,68.84291015625],[-63.437421875,68.842578125],[-63.43646484375,68.84228515625],[-63.43546875,68.84203125],[-63.431406249999995,68.84109375],[-63.43037109375,68.84087890625],[-63.429296875,68.840703125],[-63.42818359375,68.84056640625002],[-63.42703125,68.84046875000001],[-63.422343749999996,68.84015625],[-63.420693359374994,68.840087890625],[-63.4180859375,68.84003906250001],[-63.414521484374994,68.84000976562501],[-63.41,68.84],[-63.39,68.84],[-63.385478515624996,68.83999023437501],[-63.381914062499995,68.8399609375],[-63.379306640624996,68.839912109375],[-63.377656249999994,68.83984375],[-63.37296875,68.83953125],[-63.371816406250005,68.83943359374999],[-63.370703125,68.839296875],[-63.36962890625,68.83912109375001],[-63.36859375,68.83890625000001],[-63.36453124999999,68.83796875],[-63.36353515624999,68.83771484375],[-63.362578125,68.837421875],[-63.36166015625,68.83708984375001],[-63.360781249999995,68.83671875],[-63.35734375,68.83515625],[-63.35650390625,68.83474609375],[-63.355703125,68.834296875],[-63.35494140624999,68.83380859375],[-63.354218749999994,68.83328125],[-63.35140625,68.83109375000001],[-63.350478515625,68.83030273437501],[-63.349101562499996,68.8290234375],[-63.347275390625,68.82725585937501],[-63.345,68.825],[-63.335,68.815],[-63.332724609375,68.81274414062501],[-63.330898437500004,68.8109765625],[-63.32952148437501,68.809697265625],[-63.32859375,68.80890625],[-63.32578124999999,68.80671874999999],[-63.32505859374999,68.80619140624998],[-63.324296874999995,68.805703125],[-63.323496093749995,68.80525390624999],[-63.322656249999994,68.80484374999999],[-63.31921875,68.80328125],[-63.318339843749996,68.80291015625001],[-63.317421874999994,68.802578125],[-63.31646484375,68.80228515625],[-63.315468749999994,68.80203125],[-63.31140624999999,68.80109374999999],[-63.31037109374999,68.80087890624999],[-63.309296874999994,68.800703125],[-63.308183593749995,68.80056640625],[-63.307031249999994,68.80046875],[-63.30234374999999,68.80015624999999],[-63.30069335937499,68.800087890625],[-63.2980859375,68.80003906249999],[-63.29452148437499,68.80000976562499],[-63.28999999999999,68.8],[-63.269999999999996,68.8],[-63.26547851562499,68.799990234375],[-63.26191406249999,68.79996093749999],[-63.25930664062499,68.799912109375],[-63.25765624999999,68.79984375],[-63.252968749999994,68.79953125],[-63.25181640625,68.79943359375],[-63.250703124999994,68.799296875],[-63.249628906249995,68.79912109374999],[-63.24859375,68.79890624999999],[-63.24453124999999,68.79796875],[-63.24353515624998,68.79771484375],[-63.242578124999994,68.79742187499998],[-63.24166015624999,68.79708984374999],[-63.24078124999999,68.79671874999998],[-63.237343749999994,68.79515624999999],[-63.23650390624999,68.79474609374999],[-63.23570312499999,68.79429687499999],[-63.23494140624999,68.79380859374999],[-63.23421874999999,68.79328124999998],[-63.23140624999999,68.79109374999999],[-63.23047851562499,68.79030273437499],[-63.22910156249999,68.78902343749999],[-63.227275390624996,68.787255859375],[-63.224999999999994,68.785],[-63.215,68.775],[-63.21272460937501,68.77274414062501],[-63.210898437500006,68.77097656250001],[-63.209521484375,68.76969726562501],[-63.208593750000006,68.76890625000001],[-63.20578125000001,68.76671875000002],[-63.20505859375001,68.76619140625002],[-63.20429687500001,68.76570312500002],[-63.203496093750005,68.76525390625001],[-63.202656250000004,68.76484375000001],[-63.199218750000014,68.76328125],[-63.19833984375001,68.76291015625002],[-63.19742187500001,68.762578125],[-63.19646484375001,68.76228515625002],[-63.19546875000001,68.76203125],[-63.191406250000014,68.76109375],[-63.19037109375002,68.76087890625],[-63.18929687500001,68.76070312499999],[-63.18818359375001,68.76056640625],[-63.18703125000001,68.76046875],[-63.18234375000001,68.76015625000001],[-63.180693359375006,68.760087890625],[-63.1780859375,68.7600390625],[-63.174521484375006,68.760009765625],[-63.17,68.76],[-63.150000000000006,68.76],[-63.145478515625,68.75999023437501],[-63.14191406250001,68.75996093750001],[-63.139306640625,68.75991210937502],[-63.137656250000006,68.75984375000002],[-63.13296875,68.75953125000001],[-63.13181640625,68.75943359375002],[-63.130703125,68.759296875],[-63.12962890625,68.75912109375001],[-63.12859375,68.75890625000001],[-63.124531250000004,68.75796875],[-63.12353515625001,68.75771484375],[-63.122578125000004,68.757421875],[-63.12166015625,68.75708984375001],[-63.12078125,68.75671875],[-63.11734375,68.75515625000001],[-63.11650390625,68.75474609375001],[-63.11570312500001,68.75429687500002],[-63.114941406250004,68.75380859375001],[-63.114218750000006,68.75328125000001],[-63.111406249999995,68.75109375],[-63.110478515625,68.750302734375],[-63.109101562499994,68.7490234375],[-63.10727539062499,68.747255859375],[-63.105,68.745],[-63.095,68.735],[-63.092724609375,68.73274414062499],[-63.0908984375,68.73097656249999],[-63.089521484375,68.72969726562499],[-63.08859375,68.72890625],[-63.085781250000004,68.72671875],[-63.085058593750006,68.72619140625001],[-63.08429687500001,68.72570312500001],[-63.08349609375,68.72525390625],[-63.08265625,68.72484375],[-63.07921875000001,68.72328125],[-63.07833984375001,68.72291015625001],[-63.077421875000006,68.722578125],[-63.07646484375,68.72228515625],[-63.075468750000006,68.72203125],[-63.071406249999995,68.72109375],[-63.07037109375,68.72087890625001],[-63.069296875000006,68.720703125],[-63.06818359375,68.72056640625001],[-63.06703125,68.72046875000001],[-63.062343750000004,68.72015625],[-63.060693359375,68.720087890625],[-63.058085937499996,68.7200390625],[-63.054521484375,68.72000976562501],[-63.05,68.72],[-63.03,68.72],[-63.025478515625,68.71999023437499],[-63.0219140625,68.71996093749999],[-63.019306640625,68.719912109375],[-63.01765625,68.71984375],[-63.01296875,68.71953124999999],[-63.011816406250006,68.71943359375],[-63.01070312499999,68.719296875],[-63.00962890624999,68.71912109375],[-63.008593749999996,68.71890625],[-63.00453125,68.71796875],[-63.00353515625,68.71771484374999],[-63.002578125,68.717421875],[-63.00166015625,68.71708984375],[-63.000781249999996,68.71671875],[-62.99734375,68.71515625],[-62.99650390625,68.71474609375],[-62.995703125000006,68.714296875],[-62.99494140625,68.71380859375],[-62.99421875,68.71328125],[-62.99140624999999,68.71109375],[-62.99047851562499,68.710302734375],[-62.98910156249999,68.70902343750001],[-62.98727539062499,68.70725585937501],[-62.98499999999999,68.70500000000001],[-62.974999999999994,68.695],[-62.972724609375,68.692744140625],[-62.9708984375,68.6909765625],[-62.969521484374994,68.689697265625],[-62.96859375,68.68890625],[-62.96578125,68.68671875],[-62.96505859375,68.68619140624999],[-62.964296875,68.685703125],[-62.963496093749995,68.68525390625],[-62.962656249999995,68.68484375],[-62.959218750000005,68.68328125000001],[-62.958339843750004,68.68291015625],[-62.957421875,68.682578125],[-62.95646484375,68.68228515625],[-62.95546875,68.68203125000001],[-62.951406250000005,68.68109375],[-62.95037109375001,68.68087890625],[-62.949296875,68.68070312500001],[-62.94818359375,68.68056640625001],[-62.94703125,68.68046875],[-62.94234375,68.68015625000001],[-62.940693359375,68.68008789062502],[-62.93808593749999,68.68003906250001],[-62.934521484375,68.68000976562502],[-62.92999999999999,68.68],[-62.91,68.68],[-62.90547851562499,68.67999023437501],[-62.9019140625,68.6799609375],[-62.89930664062499,68.67991210937501],[-62.89765625,68.67984375],[-62.892968749999994,68.67953125000003],[-62.891816406249994,68.67943359375002],[-62.89070312499999,68.67929687500002],[-62.88962890624999,68.67912109375001],[-62.88859374999999,68.67890625000001],[-62.884531249999995,68.67796875000002],[-62.88353515625,68.67771484375001],[-62.882578124999995,68.67742187500001],[-62.88166015624999,68.67708984375],[-62.88078124999999,68.67671875],[-62.877343749999994,68.67515625],[-62.876503906249994,68.67474609375],[-62.875703125,68.674296875],[-62.874941406249995,68.67380859375],[-62.87421875,68.67328125],[-62.87140624999999,68.67109375],[-62.870478515624995,68.67030273437499],[-62.86910156249999,68.66902343749999],[-62.867275390625,68.66725585937499],[-62.864999999999995,68.66499999999999],[-62.855000000000004,68.655],[-62.852734375000004,68.652744140625],[-62.8509375,68.6509765625],[-62.84960937500001,68.64969726562501],[-62.84875,68.64890625000001],[-62.846250000000005,68.64671875000002],[-62.845625000000005,68.64619140625003],[-62.845000000000006,68.64570312500001],[-62.844375000000014,68.64525390625002],[-62.84375000000001,68.64484375],[-62.84125,68.64328125],[-62.840624999999996,68.64291015625],[-62.84,68.642578125],[-62.839375000000004,68.64228515625],[-62.838750000000005,68.64203125],[-62.83625000000001,68.64109375],[-62.83562500000001,68.64087890625],[-62.83500000000001,68.64070312499999],[-62.83437500000001,68.64056640625],[-62.83375000000001,68.64046875],[-62.831250000000004,68.64015625],[-62.83039062500001,68.64008789062501],[-62.829062500000006,68.6400390625],[-62.82726562500001,68.640009765625],[-62.825,68.64],[-62.815,68.64],[-62.812734375,68.63999023437499],[-62.810937499999994,68.6399609375],[-62.809609374999994,68.639912109375],[-62.80874999999999,68.63984375000001],[-62.80624999999999,68.63953125],[-62.80562499999999,68.63943359375],[-62.80499999999999,68.639296875],[-62.80437499999999,68.63912109375],[-62.803749999999994,68.63890625],[-62.801249999999996,68.63796875],[-62.800625,68.63771484375],[-62.8,68.637421875],[-62.79937499999999,68.63708984375],[-62.79874999999999,68.63671875],[-62.796249999999986,68.63515625000001],[-62.79562499999999,68.63474609375001],[-62.79499999999999,68.63429687500002],[-62.79437499999999,68.63380859375],[-62.79374999999999,68.63328125000001],[-62.79124999999999,68.63109374999999],[-62.79039062499999,68.630302734375],[-62.78906249999999,68.6290234375],[-62.78726562499999,68.627255859375],[-62.785,68.625],[-62.775,68.615],[-62.772724609375004,68.612744140625],[-62.7708984375,68.61097656249999],[-62.769521484375,68.60969726562499],[-62.76859375,68.60890624999999],[-62.76578124999999,68.60671875],[-62.76505859374999,68.60619140624999],[-62.76429687499999,68.60570312499999],[-62.76349609374999,68.60525390625],[-62.76265624999999,68.60484374999999],[-62.759218749999995,68.60328125],[-62.758339843749994,68.60291015624999],[-62.75742187499999,68.602578125],[-62.756464843749995,68.60228515624999],[-62.75546874999999,68.60203125],[-62.751406249999995,68.60109374999999],[-62.75037109374999,68.60087890624999],[-62.74929687499999,68.600703125],[-62.74818359374999,68.60056640625001],[-62.74703124999999,68.60046875],[-62.74234374999999,68.60015625],[-62.740693359374994,68.60008789062499],[-62.738085937499996,68.6000390625],[-62.734521484374994,68.600009765625],[-62.72999999999999,68.6],[-62.709999999999994,68.6],[-62.705478515624996,68.599990234375],[-62.70191406249999,68.59996093749999],[-62.69930664062498,68.599912109375],[-62.69765624999999,68.59984374999999],[-62.69296874999999,68.59953124999998],[-62.69181640624999,68.59943359374999],[-62.69070312499999,68.599296875],[-62.68962890624999,68.59912109375],[-62.688593749999995,68.59890625],[-62.684531249999985,68.59796874999999],[-62.68353515624999,68.59771484375],[-62.68257812499999,68.597421875],[-62.68166015624998,68.59708984375],[-62.68078124999998,68.59671875],[-62.67734374999999,68.59515625],[-62.67650390624999,68.59474609374999],[-62.67570312499999,68.594296875],[-62.674941406249985,68.59380859375],[-62.67421874999999,68.59328124999999],[-62.67140624999999,68.59109375],[-62.67047851562499,68.590302734375],[-62.66910156249999,68.5890234375],[-62.66727539062499,68.587255859375],[-62.66499999999999,68.58500000000001],[-62.655,68.57499999999999],[-62.65272460937501,68.57274414062499],[-62.650898437500004,68.5709765625],[-62.64952148437501,68.569697265625],[-62.64859375,68.56890625],[-62.645781250000006,68.56671874999998],[-62.64505859375,68.56619140624997],[-62.64429687500001,68.56570312499998],[-62.64349609375,68.56525390624999],[-62.64265625,68.56484375],[-62.639218750000005,68.56328124999999],[-62.63833984375,68.56291015625],[-62.637421875,68.562578125],[-62.636464843750005,68.56228515625],[-62.63546875000001,68.56203125],[-62.63140625,68.56109375],[-62.63037109375,68.56087890625],[-62.62929687500001,68.560703125],[-62.628183593749995,68.56056640625],[-62.62703125,68.56046875],[-62.622343750000006,68.56015625],[-62.620693359375004,68.560087890625],[-62.6180859375,68.56003906250001],[-62.614521484375004,68.560009765625],[-62.61,68.56],[-62.59,68.56],[-62.585478515625006,68.55999023437501],[-62.581914062500005,68.5599609375],[-62.579306640625006,68.559912109375],[-62.577656250000004,68.55984375],[-62.57296875,68.55953125],[-62.571816406249994,68.55943359375],[-62.570703124999994,68.559296875],[-62.56962890625,68.55912109375001],[-62.56859375,68.55890625],[-62.56453125,68.55796875],[-62.56353515625,68.55771484375],[-62.562578125,68.557421875],[-62.56166015625,68.55708984374999],[-62.56078125,68.55671875],[-62.557343749999994,68.55515625],[-62.55650390625,68.55474609375],[-62.555703124999994,68.55429687499999],[-62.554941406249995,68.55380859375],[-62.55421874999999,68.55328125],[-62.55140624999999,68.55109374999999],[-62.55047851562499,68.550302734375],[-62.54910156249999,68.54902343749998],[-62.547275390624996,68.54725585937499],[-62.544999999999995,68.54499999999999],[-62.535,68.535],[-62.532724609374995,68.532744140625],[-62.5308984375,68.5309765625],[-62.529521484375,68.529697265625],[-62.52859375,68.52890625],[-62.52578125,68.52671874999999],[-62.525058593749996,68.52619140624998],[-62.524296875000005,68.52570312499999],[-62.52349609375,68.52525390624999],[-62.52265625,68.52484374999999],[-62.51921875,68.52328125],[-62.51833984375,68.52291015624999],[-62.517421875,68.522578125],[-62.51646484375,68.52228515625],[-62.515468750000004,68.52203125],[-62.51140624999999,68.52109374999999],[-62.51037109374999,68.52087890624999],[-62.509296875000004,68.52070312499998],[-62.50818359374999,68.52056640625],[-62.50703125,68.52046874999999],[-62.50234375,68.52015625],[-62.500693359375,68.520087890625],[-62.498085937499994,68.52003906249999],[-62.494521484375,68.52000976562499],[-62.489999999999995,68.52],[-62.47,68.52],[-62.465478515625,68.519990234375],[-62.4619140625,68.5199609375],[-62.459306640625,68.51991210937501],[-62.45765625,68.51984375],[-62.45296875,68.51953125],[-62.451816406249996,68.51943359375001],[-62.45070312499999,68.519296875],[-62.44962890625,68.51912109375],[-62.44859374999999,68.51890625],[-62.44453125,68.51796875],[-62.44353515624999,68.51771484375001],[-62.442578125,68.517421875],[-62.441660156249995,68.51708984375],[-62.44078124999999,68.51671875],[-62.43734374999999,68.51515625],[-62.43650390624999,68.51474609375],[-62.43570312499999,68.51429687500001],[-62.43494140624999,68.51380859375],[-62.434218749999985,68.51328125],[-62.43140624999999,68.51109375000001],[-62.43047851562498,68.51030273437502],[-62.42910156249999,68.5090234375],[-62.42727539062499,68.50725585937501],[-62.42499999999999,68.50500000000001],[-62.41499999999999,68.49499999999999],[-62.412724609375,68.49274414062499],[-62.410898437499995,68.49097656249998],[-62.409521484375,68.48969726562498],[-62.408593749999994,68.48890624999999],[-62.40578125,68.48671875],[-62.40505859374999,68.48619140625],[-62.404296875,68.485703125],[-62.40349609374999,68.48525390625],[-62.40265624999999,68.48484375],[-62.399218749999996,68.48328125],[-62.398339843749994,68.48291015625],[-62.39742187499999,68.482578125],[-62.396464843749996,68.48228515625],[-62.39546875,68.48203125],[-62.39140624999999,68.48109375],[-62.39037109374999,68.48087890625],[-62.389296875,68.480703125],[-62.388183593749986,68.48056640625],[-62.38703124999999,68.48046875],[-62.38234375,68.48015625],[-62.380693359374995,68.48008789062499],[-62.37808593749999,68.4800390625],[-62.374521484374995,68.480009765625],[-62.36999999999999,68.48],[-62.349999999999994,68.48],[-62.345478515625,68.47999023437501],[-62.341914062499995,68.4799609375],[-62.339306640625,68.479912109375],[-62.337656249999995,68.47984375],[-62.33296874999999,68.47953125000001],[-62.331816406249985,68.47943359375],[-62.330703124999985,68.479296875],[-62.329628906249994,68.47912109375],[-62.32859374999999,68.47890625],[-62.32453124999999,68.47796875],[-62.32353515624999,68.47771484375],[-62.32257812499999,68.477421875],[-62.32166015624999,68.47708984375001],[-62.320781249999996,68.47671875],[-62.31734374999999,68.47515625],[-62.31650390624999,68.47474609375001],[-62.315703125,68.47429687500001],[-62.31494140624999,68.47380859375001],[-62.314218749999995,68.47328125000001],[-62.31140624999999,68.47109375],[-62.310478515624986,68.470302734375],[-62.30910156249999,68.4690234375],[-62.307275390624994,68.467255859375],[-62.30499999999999,68.465],[-62.295,68.45500000000001],[-62.292724609375,68.452744140625],[-62.290898437500005,68.4509765625],[-62.289521484375,68.44969726562502],[-62.288593750000004,68.44890625000001],[-62.28578124999999,68.44671875],[-62.28505859374999,68.44619140625],[-62.284296874999995,68.44570312500001],[-62.283496093749996,68.44525390625],[-62.282656249999995,68.44484375],[-62.27921875,68.44328125],[-62.27833984375,68.44291015625],[-62.277421875,68.442578125],[-62.27646484375,68.44228515625],[-62.27546875,68.44203125],[-62.271406250000005,68.44109375],[-62.27037109375,68.44087890624999],[-62.269296875,68.440703125],[-62.268183593749995,68.44056640625],[-62.26703125,68.44046875],[-62.26234375000001,68.44015625],[-62.260693359375004,68.440087890625],[-62.258085937500006,68.4400390625],[-62.25452148437501,68.440009765625],[-62.25000000000001,68.44],[-62.230000000000004,68.44],[-62.22547851562501,68.43999023437499],[-62.221914062500005,68.43996093749999],[-62.21930664062501,68.439912109375],[-62.217656250000005,68.43984375],[-62.21296875000001,68.43953125],[-62.21181640625001,68.43943359375],[-62.21070312500001,68.439296875],[-62.20962890625,68.43912109375],[-62.208593750000006,68.43890625],[-62.20453125,68.43796875],[-62.20353515625,68.43771484374999],[-62.202578125,68.437421875],[-62.20166015625,68.43708984374999],[-62.200781250000006,68.43671875],[-62.19734375,68.43515625],[-62.19650390625,68.43474609375001],[-62.19570312500001,68.434296875],[-62.19494140625001,68.43380859375],[-62.194218750000005,68.43328125000001],[-62.19140625000001,68.43109375],[-62.190478515625,68.43030273437499],[-62.18910156250001,68.4290234375],[-62.187275390625004,68.42725585937501],[-62.185,68.42500000000001],[-62.175,68.41499999999999],[-62.172734375,68.412744140625],[-62.170937499999994,68.4109765625],[-62.16960937499999,68.409697265625],[-62.168749999999996,68.40890625],[-62.166250000000005,68.40671875000001],[-62.165625000000006,68.40619140625],[-62.165,68.405703125],[-62.164375,68.40525390625001],[-62.16375,68.40484375],[-62.16125,68.40328125],[-62.16062500000001,68.40291015625],[-62.160000000000004,68.402578125],[-62.159375000000004,68.40228515625],[-62.158750000000005,68.40203125000001],[-62.15625,68.40109375],[-62.155625,68.40087890625],[-62.155,68.400703125],[-62.154375,68.40056640625002],[-62.15375,68.40046875000002],[-62.15125,68.40015625000001],[-62.15039062499999,68.40008789062502],[-62.1490625,68.40003906250001],[-62.147265624999996,68.400009765625],[-62.144999999999996,68.4],[-62.135000000000005,68.4],[-62.132734375000005,68.399990234375],[-62.1309375,68.3999609375],[-62.129609375,68.39991210937501],[-62.128750000000004,68.39984375],[-62.126250000000006,68.39953125],[-62.125625,68.39943359374999],[-62.12500000000001,68.399296875],[-62.124375000000015,68.39912109375001],[-62.12375000000001,68.39890625000001],[-62.12125,68.39796875],[-62.120625000000004,68.39771484375001],[-62.120000000000005,68.397421875],[-62.119375000000005,68.39708984375001],[-62.118750000000006,68.39671875],[-62.11625,68.39515625],[-62.115624999999994,68.39474609375],[-62.114999999999995,68.39429687500001],[-62.114374999999995,68.39380859375],[-62.113749999999996,68.39328125],[-62.11125,68.39109375000001],[-62.110390625,68.390302734375],[-62.1090625,68.3890234375],[-62.107265625,68.387255859375],[-62.105,68.385],[-62.095,68.375],[-62.092724609375,68.372744140625],[-62.0908984375,68.3709765625],[-62.089521484375,68.369697265625],[-62.08859375,68.36890625000001],[-62.085781250000004,68.36671874999999],[-62.085058593750006,68.36619140625],[-62.08429687500001,68.365703125],[-62.08349609375,68.36525390624999],[-62.08265625,68.36484374999999],[-62.07921875000001,68.36328125],[-62.07833984375001,68.36291015625],[-62.077421875000006,68.362578125],[-62.07646484375,68.36228515625],[-62.075468750000006,68.36203125],[-62.071406249999995,68.36109375],[-62.07037109375,68.36087890625001],[-62.069296875000006,68.360703125],[-62.06818359375,68.36056640625],[-62.06703125,68.36046875],[-62.062343750000004,68.36015624999999],[-62.060693359375,68.360087890625],[-62.058085937499996,68.3600390625],[-62.054521484375,68.360009765625],[-62.05,68.36],[-62.03,68.36],[-62.025478515625,68.359990234375],[-62.0219140625,68.35996093749999],[-62.019306640625,68.35991210937499],[-62.01765625,68.35984375],[-62.01296875,68.35953125],[-62.011816406250006,68.35943359375],[-62.01070312499999,68.359296875],[-62.00962890624999,68.35912109374999],[-62.008593749999996,68.35890624999999],[-62.00453125,68.35796875],[-62.00353515625,68.35771484375],[-62.002578125,68.357421875],[-62.00166015625,68.35708984375],[-62.000781249999996,68.35671875],[-61.99734375,68.35515625],[-61.99650390625,68.35474609375],[-61.995703125000006,68.354296875],[-61.99494140625,68.35380859375],[-61.99421875,68.35328125000001],[-61.99140624999999,68.35109374999999],[-61.99047851562499,68.35030273437499],[-61.98910156249999,68.3490234375],[-61.98727539062499,68.347255859375],[-61.98499999999999,68.345],[-61.974999999999994,68.33500000000001],[-61.972724609375,68.33274414062501],[-61.9708984375,68.3309765625],[-61.969521484374994,68.32969726562501],[-61.96859375,68.32890625],[-61.96578125,68.32671874999998],[-61.96505859375,68.32619140624998],[-61.964296875,68.32570312499999],[-61.963496093749995,68.32525390624998],[-61.962656249999995,68.32484374999999],[-61.959218750000005,68.32328125],[-61.958339843750004,68.32291015624999],[-61.957421875,68.32257812499999],[-61.95646484375,68.32228515624999],[-61.95546875,68.32203125],[-61.951406250000005,68.32109374999999],[-61.95037109375001,68.32087890624999],[-61.949296875,68.320703125],[-61.94818359375,68.32056640625],[-61.94703125,68.32046874999999],[-61.94234375,68.32015625],[-61.940693359375,68.32008789062499],[-61.93808593749999,68.3200390625],[-61.934521484375,68.32000976562499],[-61.92999999999999,68.32],[-61.91,68.32],[-61.90547851562499,68.31999023437498],[-61.9019140625,68.31996093749999],[-61.89930664062499,68.319912109375],[-61.89765625,68.31984374999999],[-61.892968749999994,68.31953124999998],[-61.891816406249994,68.31943359374998],[-61.89070312499999,68.31929687499998],[-61.88962890624999,68.31912109374997],[-61.88859374999999,68.31890624999998],[-61.884531249999995,68.31796874999999],[-61.88353515625,68.31771484375],[-61.882578124999995,68.317421875],[-61.88166015624999,68.31708984374998],[-61.88078124999999,68.31671874999999],[-61.877343749999994,68.31515625],[-61.876503906249994,68.31474609375],[-61.875703125,68.314296875],[-61.874941406249995,68.31380859375],[-61.87421875,68.31328125],[-61.87140624999999,68.31109375],[-61.870478515624995,68.31030273437501],[-61.86910156249999,68.3090234375],[-61.867275390625,68.307255859375],[-61.864999999999995,68.305],[-61.855000000000004,68.29499999999999],[-61.852724609375,68.29274414062499],[-61.85089843750001,68.29097656249999],[-61.849521484375,68.289697265625],[-61.848593750000006,68.28890625],[-61.84578125,68.28671875],[-61.845058593750004,68.28619140625],[-61.844296875000005,68.285703125],[-61.843496093750005,68.28525390624999],[-61.842656250000005,68.28484375],[-61.83921875,68.28328125],[-61.83833984375,68.28291015625],[-61.837421875,68.282578125],[-61.836464843749994,68.28228515625],[-61.83546875,68.28203125],[-61.83140625,68.28109375],[-61.830371093749996,68.28087890625],[-61.829296875,68.280703125],[-61.82818359375,68.28056640625],[-61.82703125,68.28046875000001],[-61.82234375,68.28015625],[-61.820693359375,68.280087890625],[-61.8180859375,68.28003906250001],[-61.814521484375,68.280009765625],[-61.81,68.28],[-61.78999999999999,68.28],[-61.78547851562499,68.279990234375],[-61.78191406249999,68.2799609375],[-61.77930664062499,68.279912109375],[-61.77765624999999,68.27984375],[-61.77296875,68.27953124999999],[-61.77181640625,68.27943359375],[-61.770703125,68.279296875],[-61.76962890625,68.27912109375],[-61.768593749999994,68.27890625],[-61.76453125,68.27796875],[-61.76353515625,68.27771484375],[-61.76257812499999,68.277421875],[-61.76166015625,68.27708984375],[-61.760781249999994,68.27671875],[-61.75734374999999,68.27515625000001],[-61.75650390624999,68.27474609375001],[-61.755703125,68.274296875],[-61.75494140624999,68.27380859375],[-61.75421874999999,68.27328125],[-61.75140624999999,68.27109375],[-61.750478515624984,68.27030273437501],[-61.74910156249999,68.26902343750001],[-61.74727539062499,68.26725585937501],[-61.74499999999999,68.26500000000001],[-61.735,68.255],[-61.732724609375,68.252744140625],[-61.7308984375,68.2509765625],[-61.729521484375,68.249697265625],[-61.72859375,68.24890625],[-61.72578124999999,68.24671875],[-61.72505859374999,68.24619140625],[-61.72429687499999,68.245703125],[-61.723496093749986,68.24525390625],[-61.72265624999999,68.24484375],[-61.719218749999996,68.24328125000001],[-61.718339843749995,68.24291015625],[-61.717421875,68.24257812500001],[-61.71646484375,68.24228515625],[-61.71546875,68.24203125000001],[-61.71140625,68.24109375],[-61.710371093750005,68.24087890625],[-61.70929687500001,68.24070312500001],[-61.70818359375,68.24056640625],[-61.70703125,68.24046875],[-61.70234375000001,68.24015625000001],[-61.70069335937501,68.240087890625],[-61.698085937500004,68.24003906250002],[-61.694521484375,68.24000976562502],[-61.690000000000005,68.24000000000001],[-61.67,68.24000000000001],[-61.665478515625,68.23999023437501],[-61.6619140625,68.2399609375],[-61.659306640625005,68.23991210937501],[-61.65765625,68.23984375],[-61.65296875000001,68.23953125000001],[-61.651816406250006,68.23943359375002],[-61.65070312500001,68.23929687500001],[-61.64962890625001,68.23912109375001],[-61.64859375,68.23890625000001],[-61.64453125,68.23796875000001],[-61.64353515625,68.23771484375001],[-61.642578125,68.23742187500001],[-61.641660156250005,68.23708984375001],[-61.64078125,68.23671875000001],[-61.63734375,68.23515625],[-61.63650390625,68.23474609375],[-61.635703125000006,68.234296875],[-61.63494140625,68.23380859375],[-61.63421875,68.23328125],[-61.631406250000005,68.23109375],[-61.630478515625,68.230302734375],[-61.629101562500004,68.22902343749999],[-61.627275390625,68.22725585937499],[-61.625,68.225],[-61.614999999999995,68.215],[-61.61272460937499,68.212744140625],[-61.6108984375,68.21097656250001],[-61.609521484374994,68.20969726562501],[-61.60859375,68.20890625000001],[-61.60578124999999,68.20671875000002],[-61.605058593749995,68.20619140625001],[-61.604296874999996,68.20570312500001],[-61.603496093749996,68.20525390625002],[-61.602656249999995,68.20484375000001],[-61.59921875,68.20328125],[-61.59833984375,68.20291015625],[-61.597421874999995,68.202578125],[-61.59646484375,68.20228515625001],[-61.595468749999995,68.20203125],[-61.59140625,68.20109375],[-61.59037109375,68.20087890625],[-61.589296875,68.20070312499999],[-61.588183593749996,68.20056640625],[-61.587031249999995,68.20046875],[-61.58234375000001,68.20015625],[-61.58069335937501,68.200087890625],[-61.5780859375,68.2000390625],[-61.574521484375,68.20000976562501],[-61.57,68.2],[-61.55,68.2],[-61.54547851562499,68.19999023437501],[-61.5419140625,68.19996093750001],[-61.539306640625,68.199912109375],[-61.53765625,68.19984375000001],[-61.53296875,68.19953125],[-61.53181640625,68.19943359375],[-61.530703125,68.199296875],[-61.529628906250004,68.19912109375001],[-61.52859375,68.19890625000001],[-61.524531249999995,68.19796875],[-61.52353515625,68.19771484375],[-61.522578124999995,68.197421875],[-61.52166015625,68.19708984375],[-61.52078125,68.19671875],[-61.517343749999995,68.19515625000001],[-61.516503906249994,68.19474609375],[-61.515703125,68.19429687500002],[-61.51494140625,68.19380859375002],[-61.51421875,68.19328125000001],[-61.51140625000001,68.19109375],[-61.51047851562501,68.190302734375],[-61.50910156250001,68.1890234375],[-61.50727539062501,68.187255859375],[-61.50500000000001,68.185],[-61.49499999999999,68.175],[-61.49272460937499,68.172744140625],[-61.49089843749999,68.17097656249999],[-61.48952148437499,68.16969726562499],[-61.48859374999999,68.16890624999999],[-61.48578125,68.16671875],[-61.48505859375,68.16619140625001],[-61.484296875,68.16570312500001],[-61.483496093750006,68.16525390625],[-61.48265625,68.16484375],[-61.479218749999994,68.16328125],[-61.47833984375,68.16291015624999],[-61.47742187499999,68.162578125],[-61.476464843749994,68.16228515625],[-61.47546874999999,68.16203125],[-61.471406249999994,68.16109374999999],[-61.470371093749996,68.16087890624999],[-61.469296875,68.160703125],[-61.46818359374999,68.16056640625001],[-61.46703124999999,68.16046875],[-61.46234375,68.16015625],[-61.460693359375,68.16008789062501],[-61.4580859375,68.1600390625],[-61.45452148437501,68.16000976562499],[-61.45,68.16],[-61.42999999999999,68.16],[-61.42547851562499,68.15999023437499],[-61.421914062499994,68.15996093749999],[-61.419306640624995,68.159912109375],[-61.41765624999999,68.15984375],[-61.412968750000005,68.15953124999999],[-61.411816406250004,68.15943359375],[-61.410703125,68.159296875],[-61.40962890625,68.15912109375],[-61.408593749999994,68.15890625],[-61.40453124999999,68.15796875],[-61.403535156249994,68.15771484375],[-61.40257812499999,68.157421875],[-61.401660156249996,68.15708984375],[-61.400781249999994,68.15671875],[-61.39734374999999,68.15515625],[-61.39650390624999,68.15474609375],[-61.395703125,68.154296875],[-61.39494140624999,68.15380859375],[-61.39421874999999,68.15328124999999],[-61.39140625,68.15109375],[-61.390478515625006,68.150302734375],[-61.3891015625,68.1490234375],[-61.38727539062501,68.14725585937501],[-61.385000000000005,68.14500000000001],[-61.374999999999986,68.13499999999999],[-61.372734374999986,68.132744140625],[-61.37093749999998,68.1309765625],[-61.36960937499999,68.129697265625],[-61.36874999999999,68.12890625],[-61.366249999999994,68.12671875],[-61.365624999999994,68.12619140625],[-61.364999999999995,68.125703125],[-61.364374999999995,68.12525390625],[-61.36374999999999,68.12484375],[-61.36125,68.12328125],[-61.360625,68.12291015625],[-61.35999999999999,68.122578125],[-61.359375,68.12228515625],[-61.35874999999999,68.12203125],[-61.356249999999996,68.12109375],[-61.355624999999996,68.12087890625],[-61.355,68.120703125],[-61.354375000000005,68.12056640624999],[-61.35375,68.12046875],[-61.35124999999999,68.12015625000001],[-61.35039062499999,68.120087890625],[-61.349062499999995,68.12003906250001],[-61.347265625,68.12000976562501],[-61.345,68.12],[-61.335,68.12],[-61.332734375,68.11999023437501],[-61.330937500000005,68.1199609375],[-61.329609375000004,68.11991210937501],[-61.32875,68.11984375],[-61.32625,68.11953125000001],[-61.325625,68.11943359375002],[-61.324999999999996,68.119296875],[-61.324374999999996,68.11912109375001],[-61.32375,68.11890625000001],[-61.32124999999999,68.11796875],[-61.32062499999999,68.11771484375001],[-61.31999999999999,68.117421875],[-61.319374999999994,68.11708984375001],[-61.318749999999994,68.11671875],[-61.31625,68.11515625],[-61.315625,68.11474609375],[-61.315,68.114296875],[-61.314375,68.11380859375],[-61.31375,68.11328125],[-61.311249999999994,68.11109375],[-61.31039062499999,68.110302734375],[-61.309062499999996,68.10902343749999],[-61.307265624999985,68.10725585937499],[-61.30499999999999,68.10499999999999],[-61.295,68.095],[-61.292724609375,68.092744140625],[-61.290898437500005,68.0909765625],[-61.289521484375,68.089697265625],[-61.288593750000004,68.08890625000001],[-61.28578124999999,68.08671875000002],[-61.28505859374999,68.08619140625001],[-61.284296874999995,68.08570312500001],[-61.283496093749996,68.08525390625002],[-61.282656249999995,68.08484375],[-61.27921875,68.08328125],[-61.27833984375,68.08291015625],[-61.277421875,68.082578125],[-61.27646484375,68.08228515625001],[-61.27546875,68.08203125],[-61.271406250000005,68.08109375],[-61.27037109375,68.08087890624999],[-61.269296875,68.08070312499999],[-61.268183593749995,68.08056640625],[-61.26703125,68.08046875],[-61.26234375000001,68.08015625],[-61.260693359375004,68.080087890625],[-61.258085937500006,68.08003906249999],[-61.25452148437501,68.08000976562501],[-61.25000000000001,68.08],[-61.230000000000004,68.08],[-61.22547851562501,68.079990234375],[-61.221914062500005,68.0799609375],[-61.21930664062501,68.079912109375],[-61.217656250000005,68.07984375000001],[-61.21296875000001,68.07953125],[-61.21181640625001,68.07943359375],[-61.21070312500001,68.079296875],[-61.20962890625,68.07912109375],[-61.208593750000006,68.07890625],[-61.20453125,68.07796875],[-61.20353515625,68.07771484375],[-61.202578125,68.077421875],[-61.20166015625,68.07708984375],[-61.200781250000006,68.07671875],[-61.19734375,68.07515624999999],[-61.19650390625,68.07474609375],[-61.19570312500001,68.07429687499999],[-61.19494140625001,68.07380859374999],[-61.194218750000005,68.07328125],[-61.19140625000001,68.07109374999999],[-61.190478515625,68.07030273437499],[-61.18910156250001,68.0690234375],[-61.187275390625004,68.067255859375],[-61.185,68.065],[-61.175,68.05499999999999],[-61.17271484374999,68.052744140625],[-61.17085937499999,68.05097656249998],[-61.16943359375,68.04969726562499],[-61.168437499999996,68.04890624999999],[-61.1653125,68.04671875],[-61.1644921875,68.04619140624999],[-61.163593750000004,68.04570312499999],[-61.1626171875,68.04525390624998],[-61.1615625,68.04484374999998],[-61.1571875,68.04328124999999],[-61.156054687499996,68.04291015624999],[-61.15484375,68.04257812499999],[-61.1535546875,68.04228515624999],[-61.1521875,68.04203125],[-61.146562499999995,68.04109374999999],[-61.14511718749999,68.04087890624999],[-61.143593749999994,68.040703125],[-61.141992187499994,68.04056640625],[-61.14031249999999,68.04046875],[-61.1334375,68.04015625],[-61.13099609375,68.04008789062499],[-61.127109375,68.0400390625],[-61.12177734375,68.04000976562499],[-61.114999999999995,68.03999999999999],[-61.084999999999994,68.03999999999999],[-61.077060546874996,68.038828125],[-61.06824218749999,68.03531249999999],[-61.058544921875,68.029453125],[-61.047968749999995,68.02125],[-61.00390624999999,67.98374999999999],[-60.99060546874999,67.97203124999999],[-60.97273437499999,67.955625],[-60.95029296874999,67.93453124999999],[-60.92328124999999,67.90875],[-60.80609374999999,67.79624999999999],[-60.774511718749984,67.76578124999999],[-60.73835937499999,67.73062499999999],[-60.69763671874999,67.69078124999999],[-60.652343749999986,67.64625],[-60.462031249999995,67.45875],[-60.41216796875,67.40953124999999],[-60.35773437499999,67.35562499999999],[-60.298730468749994,67.29703124999999],[-60.23515624999999,67.23374999999999],[-59.971718749999994,66.97125],[-59.876591796875,66.876328125],[-59.7229296875,66.72281249999999],[-59.51073242187499,66.51070312499999],[-59.239999999999995,66.24],[-58.03999999999999,65.03999999999999],[-57.769140624999984,64.769296875],[-57.556562499999984,64.5571875],[-57.40226562499999,64.403671875],[-57.30624999999999,64.30875],[-57.03874999999999,64.04625],[-56.97390624999999,63.98296875],[-56.913124999999994,63.92437500000001],[-56.85640624999999,63.87046875],[-56.803749999999994,63.821250000000006],[-56.60124999999999,63.633750000000006],[-56.55265624999999,63.58921875],[-56.50812499999999,63.549375],[-56.46765624999999,63.51421875],[-56.43124999999999,63.48375],[-56.293749999999996,63.37125],[-56.26140624999999,63.34546875],[-56.233124999999994,63.324375],[-56.20890624999999,63.30796875],[-56.18874999999999,63.29625],[-56.116249999999994,63.25875],[-56.09539062499999,63.250546875],[-56.069062499999994,63.244687500000005],[-56.03726562499999,63.241171875],[-55.99999999999999,63.24],[-55.83999999999999,63.24],[-55.803896484374995,63.23999023437499],[-55.77558593749998,63.2399609375],[-55.75506835937499,63.239912109375],[-55.74234374999999,63.23984375],[-55.70703124999999,63.23953125],[-55.698496093749995,63.23943359375],[-55.69054687499999,63.239296874999994],[-55.683183593749995,63.23912109375],[-55.67640624999999,63.23890625],[-55.650468749999995,63.23796874999999],[-55.64427734375,63.23771484374999],[-55.638671875,63.237421874999995],[-55.63365234375,63.23708984375],[-55.62921874999999,63.236718749999994],[-55.612656249999986,63.23515625],[-55.608808593749984,63.234746093750005],[-55.60554687499999,63.234296875],[-55.60287109374999,63.23380859375],[-55.60078124999999,63.233281250000005],[-55.59359375,63.23109375],[-55.591708984374996,63.230302734375],[-55.58964843749999,63.2290234375],[-55.587412109374995,63.227255859375],[-55.584999999999994,63.225],[-55.575,63.215],[-55.572734375,63.21274414062501],[-55.5709375,63.21097656250001],[-55.569609375,63.20969726562501],[-55.56875,63.20890625000001],[-55.56625,63.206718750000014],[-55.565625,63.206191406250014],[-55.565,63.205703125000014],[-55.564375,63.20525390625001],[-55.56375,63.20484375000001],[-55.56125,63.20328125],[-55.560625,63.202910156250006],[-55.56,63.202578125],[-55.559375,63.20228515625001],[-55.55875,63.202031250000005],[-55.55625,63.20109375000001],[-55.555625,63.20087890625001],[-55.55499999999999,63.20070312500002],[-55.55437499999999,63.20056640625001],[-55.553749999999994,63.20046875000001],[-55.551249999999996,63.200156250000006],[-55.55039062499999,63.20008789062501],[-55.5490625,63.2000390625],[-55.547265624999994,63.20000976562501],[-55.544999999999995,63.2],[-55.535,63.2],[-55.53273437499999,63.19999023437501],[-55.5309375,63.19996093750001],[-55.52960937500001,63.199912109375006],[-55.52875,63.19984375000001],[-55.52625,63.19953125000001],[-55.525625,63.199433593750015],[-55.52499999999999,63.199296875],[-55.52437499999999,63.19912109375001],[-55.52374999999999,63.19890625000001],[-55.52125,63.19796875000001],[-55.520624999999995,63.19771484375001],[-55.519999999999996,63.197421875],[-55.519375,63.19708984375001],[-55.51875,63.19671875000001],[-55.51625,63.19515625000001],[-55.515625,63.194746093750005],[-55.515,63.19429687500001],[-55.514375,63.193808593750006],[-55.51375,63.193281250000005],[-55.511250000000004,63.19109375000001],[-55.51039062500001,63.19030273437501],[-55.5090625,63.189023437500005],[-55.50726562500001,63.187255859375],[-55.50500000000001,63.185],[-55.49499999999999,63.175],[-55.49272460937499,63.17274414062499],[-55.49089843749999,63.170976562499995],[-55.48952148437499,63.169697265625004],[-55.48859374999999,63.16890625],[-55.48578125,63.16671875],[-55.48505859375,63.16619140625],[-55.484296875,63.16570312499999],[-55.48349609375,63.165253906249994],[-55.48265625,63.164843749999996],[-55.479218749999994,63.163281250000004],[-55.47833984374999,63.16291015625001],[-55.47742187499999,63.162578124999996],[-55.476464843749994,63.16228515625001],[-55.47546874999999,63.16203125],[-55.471406249999994,63.16109375],[-55.47037109374999,63.16087890625],[-55.469296875,63.160703125],[-55.46818359374999,63.16056640625],[-55.46703124999999,63.16046875],[-55.46234375,63.16015625],[-55.460693359375,63.160087890625],[-55.4580859375,63.1600390625],[-55.454521484375,63.16000976562499],[-55.45,63.16],[-55.42999999999999,63.16],[-55.425478515624995,63.15999023437499],[-55.421914062499994,63.159960937499996],[-55.419306640624995,63.15991210937499],[-55.41765625,63.15984374999999],[-55.412968750000005,63.15953124999999],[-55.411816406250004,63.159433593749995],[-55.410703125000005,63.159296874999995],[-55.40962890625,63.159121093749995],[-55.408593749999994,63.158906249999994],[-55.40453125,63.157968749999995],[-55.403535156249994,63.15771484375],[-55.40257812499999,63.157421875],[-55.401660156249996,63.15708984375],[-55.400781249999994,63.156718749999996],[-55.39734374999999,63.15515625],[-55.39650390624999,63.15474609374999],[-55.395703125,63.154296875],[-55.39494140625,63.15380859375],[-55.39421874999999,63.15328125],[-55.39140625,63.15109375],[-55.390478515625006,63.150302734374996],[-55.3891015625,63.14902343749999],[-55.38727539062501,63.147255859374994],[-55.385000000000005,63.144999999999996],[-55.374999999999986,63.135000000000005],[-55.372724609374984,63.13274414062501],[-55.37089843749999,63.1309765625],[-55.369521484374985,63.12969726562501],[-55.36859374999999,63.12890625000001],[-55.36578125,63.12671875],[-55.36505859375,63.126191406249994],[-55.364296874999994,63.125703125],[-55.363496093749994,63.12525390625001],[-55.36265624999999,63.124843750000004],[-55.35921875,63.123281250000005],[-55.358339843749995,63.12291015625],[-55.357421875,63.122578125000004],[-55.35646484375,63.12228515625],[-55.35546875,63.122031250000006],[-55.35140624999999,63.12109375],[-55.35037109374999,63.12087890625],[-55.34929687499999,63.120703125000006],[-55.348183593749994,63.12056640625],[-55.34703124999999,63.12046875],[-55.34234375,63.12015625000001],[-55.340693359375,63.12008789062501],[-55.3380859375,63.120039062500005],[-55.334521484374996,63.12000976562501],[-55.33,63.120000000000005],[-55.309999999999995,63.120000000000005],[-55.305478515625,63.119990234375],[-55.301914062499996,63.119960937500004],[-55.29930664062499,63.119912109375],[-55.297656249999996,63.11984375],[-55.29296875,63.11953125000001],[-55.29181640625,63.11943359375001],[-55.290703125,63.119296875],[-55.28962890625,63.11912109375001],[-55.28859375,63.11890625000001],[-55.28453125,63.11796875],[-55.28353515625,63.11771484375001],[-55.28257812499999,63.117421875000005],[-55.28166015625,63.11708984375001],[-55.28078125,63.116718750000004],[-55.27734375,63.115156250000005],[-55.27650390625,63.11474609375],[-55.27570312499999,63.114296875],[-55.27494140625,63.11380859375],[-55.27421875,63.11328125],[-55.27140625,63.111093749999995],[-55.270478515624994,63.110302734375],[-55.2691015625,63.10902343749999],[-55.267275390625,63.107255859374995],[-55.265,63.105],[-55.254999999999995,63.095],[-55.25272460937499,63.092744140625],[-55.2508984375,63.0909765625],[-55.249521484374995,63.089697265625006],[-55.24859374999999,63.08890625000001],[-55.24578124999999,63.08671875000001],[-55.24505859374999,63.08619140625001],[-55.24429687499999,63.08570312500001],[-55.24349609375,63.08525390625],[-55.242656249999996,63.084843750000005],[-55.23921874999999,63.08328125],[-55.23833984374999,63.08291015625],[-55.237421874999995,63.082578125],[-55.23646484374999,63.08228515625],[-55.235468749999995,63.08203125],[-55.23140624999999,63.08109375000001],[-55.23037109374999,63.080878906250014],[-55.22929687499999,63.080703125000014],[-55.22818359374999,63.08056640625001],[-55.22703124999999,63.08046875000001],[-55.22234374999999,63.08015625],[-55.22069335937499,63.080087890625],[-55.21808593749999,63.08003906249999],[-55.21452148437499,63.08000976562501],[-55.209999999999994,63.08],[-55.18999999999999,63.08],[-55.18547851562499,63.079990234375],[-55.18191406249999,63.079960937500005],[-55.179306640624986,63.079912109375],[-55.17765624999999,63.07984375],[-55.172968749999995,63.07953125],[-55.171816406249995,63.079433593750004],[-55.170703124999996,63.079296875],[-55.16962890625,63.079121093750004],[-55.16859374999999,63.07890625],[-55.16453125,63.077968750000004],[-55.16353515625,63.07771484375001],[-55.162578124999996,63.077421875],[-55.16166015625,63.07708984375],[-55.16078125,63.076718750000005],[-55.15734375,63.075156250000006],[-55.15650390625,63.07474609375001],[-55.155703125,63.07429687500001],[-55.15494140625,63.07380859375],[-55.154218750000005,63.07328125],[-55.151406249999994,63.07109375],[-55.150478515625,63.070302734375005],[-55.14910156249999,63.0690234375],[-55.147275390625,63.067255859375],[-55.144999999999996,63.065],[-55.135000000000005,63.05499999999999],[-55.13272460937501,63.05274414062499],[-55.13089843750001,63.05097656249999],[-55.129521484375005,63.049697265625],[-55.12859375000001,63.048906249999995],[-55.12578125,63.04671875],[-55.125058593750005,63.046191406249996],[-55.124296875000006,63.04570312499999],[-55.123496093750006,63.04525390624999],[-55.122656250000006,63.04484374999999],[-55.11921875,63.04328125],[-55.11833984375,63.04291015625],[-55.117421875,63.042578125],[-55.116464843749995,63.04228515625],[-55.11546875,63.04203125],[-55.11140625,63.04109375],[-55.11037109375,63.04087890625],[-55.109296875000005,63.04070312500001],[-55.10818359375,63.04056640625],[-55.10703125,63.04046875],[-55.10234375,63.04015625],[-55.10069335937501,63.040087890625],[-55.0980859375,63.0400390625],[-55.09452148437501,63.040009765625],[-55.09,63.04],[-55.06999999999999,63.04],[-55.06511718749999,63.03962890625],[-55.06046875,63.038515625],[-55.056054687499994,63.03666015625001],[-55.051874999999995,63.034062500000005],[-55.035624999999996,63.022187499999994],[-55.03085937499999,63.0184765625],[-55.0246875,63.01328125],[-55.01710937499999,63.006601562499995],[-55.00812499999999,62.998437499999994],[-54.969375,62.9628125],[-54.958984375,62.95316406250001],[-54.9471875,62.94203125],[-54.933984374999994,62.9294140625],[-54.919374999999995,62.9153125],[-54.858124999999994,62.855937499999996],[-54.84210937499999,62.8403515625],[-54.824687499999996,62.82328125],[-54.805859375,62.804726562499994],[-54.785624999999996,62.7846875],[-54.701874999999994,62.701562499999994],[-54.671679687499996,62.671503906249995],[-54.62296875,62.622890625],[-54.5557421875,62.55572265625],[-54.47,62.47],[-54.089999999999996,62.089999999999996],[-54.00379882812499,62.00427734375],[-53.9351953125,61.93710937499999],[-53.884189453124996,61.88849609374999],[-53.85078125,61.858437499999994],[-53.75234375,61.775312500000005],[-53.72751953125,61.7552734375],[-53.702265624999995,61.73671875000001],[-53.67658203125001,61.7196484375],[-53.65046875,61.704062500000006],[-53.54515625,61.64468749999999],[-53.51861328125,61.630585937499994],[-53.491640625,61.617968749999996],[-53.46423828125,61.606835937499994],[-53.43640625,61.59718749999999],[-53.32421875,61.561562499999994],[-53.29595703125,61.55339843749999],[-53.267265625,61.54671875],[-53.23814453125,61.5415234375],[-53.20859375,61.5378125],[-53.08953125,61.5259375],[-53.048173828124995,61.52333984375],[-52.9836328125,61.521484375],[-52.895908203124996,61.52037109375],[-52.785,61.519999999999996],[-52.294999999999995,61.519999999999996],[-52.1841015625,61.519638671875],[-52.096406249999994,61.5185546875],[-52.03191406249999,61.516748046875],[-51.990624999999994,61.51421875],[-51.871875,61.50265625],[-51.842421875,61.499042968750004],[-51.8134375,61.493984375000004],[-51.784921874999995,61.48748046875],[-51.756875,61.47953125],[-51.645625,61.44484375],[-51.618046875000005,61.43544921875],[-51.5909375,61.424609375],[-51.564296875,61.41232421875],[-51.538125,61.39859375],[-51.434375,61.340781250000006],[-51.408671875,61.325605468750005],[-51.3834375,61.308984375],[-51.358671875,61.29091796875001],[-51.334375,61.271406250000005],[-51.238125,61.190468749999994],[-51.205507812499995,61.161201171875],[-51.15578125,61.1138671875],[-51.088945312499995,61.04846679687499],[-51.004999999999995,60.964999999999996],[-50.635000000000005,60.595],[-50.5515234375,60.511533203125005],[-50.48609375000001,60.4461328125],[-50.438710937500005,60.398798828124995],[-50.409375000000004,60.369531249999994],[-50.328125,60.28859375],[-50.308515625,60.269082031249994],[-50.2903125,60.251015624999994],[-50.273515625,60.23439453125],[-50.25812500000001,60.219218749999996],[-50.199374999999996,60.16140625],[-50.185390625,60.14767578125001],[-50.1728125,60.135390625],[-50.161640625,60.12455078125],[-50.151875,60.11515625],[-50.115624999999994,60.080468749999994],[-50.107265625,60.072519531249995],[-50.100312499999994,60.066015625],[-50.094765624999994,60.06095703125],[-50.090624999999996,60.057343749999994],[-50.076875,60.045781250000005],[-50.07355468750001,60.043251953125],[-50.07046875,60.041445312499995],[-50.067617187500005,60.040361328125],[-50.065,60.04],[-50.05499999999999,60.04],[-50.05273437499999,60.039990234375004],[-50.05093749999999,60.0399609375],[-50.04960937499999,60.03991210937501],[-50.04874999999999,60.03984375],[-50.04625,60.039531249999996],[-50.045625,60.03943359375],[-50.044999999999995,60.039296875],[-50.044374999999995,60.03912109375],[-50.043749999999996,60.03890625],[-50.04125,60.037968750000005],[-50.040625,60.03771484375],[-50.04,60.037421875],[-50.039375,60.03708984375],[-50.03875,60.036718750000006],[-50.036249999999995,60.03515624999999],[-50.035624999999996,60.03474609374999],[-50.035,60.034296874999995],[-50.034375,60.033808593749995],[-50.03375,60.033281249999995],[-50.03124999999999,60.03109375],[-50.03023437499999,60.030146484374995],[-50.028437499999995,60.0283984375],[-50.025859374999996,60.025849609375],[-50.022499999999994,60.0225],[-50.0,60.0]]}},{"type":"Feature","properties":{"id":"grays-road","name":"Grays Bay \u2194 Jericho road","category":"proposed","status":"Proposed / conceptual connection","summary":"The project proposes an approximately 230 km all-season road to Jericho Station. This straight line joins the published endpoints; it is not the surveyed road alignment.","cargo":"Land\u2013sea transfer of mineral and supply freight.","season":"Proposed all-season road; the associated marine operation remains ice dependent.","waypoints":["Grays Bay port","Jericho Station"],"constraints":["Environmental review, financing and construction.","Existing winter-road linkage does not equal a completed all-season route to southern Canada."],"sources":[{"title":"NIRB \u00b7 Grays Bay Road and Port active review","url":"https://www.nirb.ca/portal/pdash.php?appid=125987"},{"title":"Grays Bay proposal \u00b7 port and road endpoints, Table 1.1 (2024)","url":"https://new.reviewboard.ca/sites/default/files/project_document/240812-24xn038-project-proposal-ir1e.pdf"}],"geometry_method":"Hand-placed schematic waypoints; not AIS tracks, official corridor boundaries or a navigational chart."},"geometry":{"type":"LineString","coordinates":[[-110.8709183,67.8052253],[-111.4657294,66.0068275]]}}]}
