{
  "type": "FeatureCollection",
  "metadata": {
    "title": "Canadian Arctic trade and logistics corridors",
    "researched_on": "2026-10-03",
    "geometry_method": "Hand-placed schematic waypoints; broad corridor geography only. Not AIS tracks or official navigation guidance.",
    "time_relationship": "Route visibility is independent of the ice-map year and season. Showing a corridor does not certify access in the selected year.",
    "scope": "Canada and the Northwest Passage. Grays Bay market connectors are inferred concepts, not approved services."
  },
  "features": [
    {
      "type": "Feature",
      "properties": {
        "id": "nwp-victoria",
        "name": "Northwest Passage \u00b7 Victoria Strait",
        "category": "passage",
        "status": "Documented passage \u00b7 ice constrained",
        "summary": "Southern passage variant (3A) through the Canadian archipelago. Recorded NWP transits do not establish a regular container service on this specific line.",
        "cargo": "Bulk and general cargo have transited the NWP; this corridor is not a carrier timetable.",
        "season": "Access varies by vessel and year; no fixed opening date.",
        "waypoints": [
          "Bering Strait",
          "Beaufort Sea",
          "Amundsen Gulf",
          "Coronation Gulf",
          "Dease Strait",
          "Queen Maud Gulf",
          "Victoria Strait",
          "Peel Sound",
          "Barrow Strait",
          "Lancaster Sound",
          "Baffin Bay",
          "Atlantic"
        ],
        "constraints": [
          "Shallow coastal reaches and narrow channels.",
          "Ice can remain in choke points even when regional mean concentration falls.",
          "Individual vessel suitability requires separate assessment."
        ],
        "sources": [
          {
            "title": "DRDC Canadian Arctic shipping routes \u00b7 Table 2-2 (2013)",
            "url": "https://publications.gc.ca/collections/collection_2016/rddc-drdc/D68-3-065-2013-eng.pdf"
          },
          {
            "title": "Recorded NWP cargo transits \u00b7 through 2025",
            "url": "https://thenorthwestpassage.info/wp-content/uploads/2026/01/NWP-2025-Transits-Cargo.pdf"
          }
        ],
        "geometry_method": "Hand-placed schematic waypoints; not AIS tracks, official corridor boundaries or a navigational chart. Sea segments follow an approximate land mask for display only; no depth or ice routing is performed."
      },
      "geometry": {
        "type": "LineString",
        "coordinates": [
          [
            -168.52,
            66.0
          ],
          [
            -166.8,
            67.72
          ],
          [
            -166.8,
            68.4
          ],
          [
            -166.04,
            69.16
          ],
          [
            -165.96,
            69.16
          ],
          [
            -165.92,
            69.2
          ],
          [
            -165.84,
            69.2
          ],
          [
            -165.8,
            69.24000000000001
          ],
          [
            -165.72,
            69.24000000000001
          ],
          [
            -165.68,
            69.28
          ],
          [
            -165.64,
            69.28
          ],
          [
            -165.6,
            69.32
          ],
          [
            -165.52,
            69.32
          ],
          [
            -165.48,
            69.36
          ],
          [
            -165.4,
            69.36
          ],
          [
            -165.36,
            69.4
          ],
          [
            -165.28,
            69.4
          ],
          [
            -165.24,
            69.44
          ],
          [
            -165.2,
            69.44
          ],
          [
            -165.16,
            69.48
          ],
          [
            -165.04,
            69.48
          ],
          [
            -165.0,
            69.52
          ],
          [
            -164.96,
            69.52
          ],
          [
            -163.72,
            70.76
          ],
          [
            -159.96,
            70.76
          ],
          [
            -159.92,
            70.8
          ],
          [
            -159.84,
            70.8
          ],
          [
            -159.8,
            70.84
          ],
          [
            -159.72,
            70.84
          ],
          [
            -159.68,
            70.88
          ],
          [
            -159.64,
            70.88
          ],
          [
            -159.6,
            70.92
          ],
          [
            -159.52,
            70.92
          ],
          [
            -159.48,
            70.96000000000001
          ],
          [
            -159.4,
            70.96000000000001
          ],
          [
            -159.36,
            71.0
          ],
          [
            -159.28,
            71.0
          ],
          [
            -159.24,
            71.03999999999999
          ],
          [
            -159.16,
            71.03999999999999
          ],
          [
            -159.12,
            71.08
          ],
          [
            -159.04,
            71.08
          ],
          [
            -159.0,
            71.12
          ],
          [
            -158.92,
            71.12
          ],
          [
            -158.88,
            71.16
          ],
          [
            -158.8,
            71.16
          ],
          [
            -158.76,
            71.2
          ],
          [
            -158.68,
            71.2
          ],
          [
            -158.64,
            71.24000000000001
          ],
          [
            -158.6,
            71.24000000000001
          ],
          [
            -158.56,
            71.28
          ],
          [
            -158.48,
            71.28
          ],
          [
            -158.44,
            71.32
          ],
          [
            -158.36,
            71.32
          ],
          [
            -158.32,
            71.36
          ],
          [
            -158.24,
            71.36
          ],
          [
            -158.2,
            71.4
          ],
          [
            -158.12,
            71.4
          ],
          [
            -158.08,
            71.44
          ],
          [
            -158.0,
            71.44
          ],
          [
            -157.96,
            71.48
          ],
          [
            -157.88,
            71.48
          ],
          [
            -157.84,
            71.52
          ],
          [
            -157.76,
            71.52
          ],
          [
            -157.72,
            71.56
          ],
          [
            -157.64,
            71.56
          ],
          [
            -157.6,
            71.6
          ],
          [
            -157.52,
            71.6
          ],
          [
            -157.48,
            71.64
          ],
          [
            -157.44,
            71.64
          ],
          [
            -157.4,
            71.68
          ],
          [
            -157.32,
            71.68
          ],
          [
            -157.28,
            71.72
          ],
          [
            -157.2,
            71.72
          ],
          [
            -157.16,
            71.76
          ],
          [
            -157.04,
            71.76
          ],
          [
            -157.0,
            71.8
          ],
          [
            -155.64,
            71.8
          ],
          [
            -155.44,
            71.6
          ],
          [
            -145.2,
            71.6
          ],
          [
            -145.16,
            71.56
          ],
          [
            -145.04,
            71.56
          ],
          [
            -145.0,
            71.52
          ],
          [
            -138.32,
            71.52
          ],
          [
            -137.92000000000002,
            71.12
          ],
          [
            -135.04,
            71.12
          ],
          [
            -135.0,
            71.08
          ],
          [
            -134.96,
            71.08
          ],
          [
            -134.92000000000002,
            71.03999999999999
          ],
          [
            -134.12,
            71.03999999999999
          ],
          [
            -134.07999999999998,
            71.0
          ],
          [
            -133.24,
            71.0
          ],
          [
            -133.2,
            70.96000000000001
          ],
          [
            -131.4,
            70.96000000000001
          ],
          [
            -131.36,
            70.92
          ],
          [
            -129.07999999999998,
            70.92
          ],
          [
            -129.04,
            70.88
          ],
          [
            -128.96,
            70.88
          ],
          [
            -128.92000000000002,
            70.84
          ],
          [
            -128.84,
            70.84
          ],
          [
            -128.8,
            70.8
          ],
          [
            -128.72,
            70.8
          ],
          [
            -128.68,
            70.76
          ],
          [
            -128.64,
            70.76
          ],
          [
            -128.6,
            70.72
          ],
          [
            -128.51999999999998,
            70.72
          ],
          [
            -128.48,
            70.68
          ],
          [
            -128.16,
            70.68
          ],
          [
            -128.12,
            70.64
          ],
          [
            -128.07999999999998,
            70.64
          ],
          [
            -128.07999999999998,
            70.6
          ],
          [
            -128.07999999999998,
            70.56
          ],
          [
            -128.07999999999998,
            70.6
          ],
          [
            -124.4,
            70.6
          ],
          [
            -124.32,
            70.52
          ],
          [
            -124.24000000000001,
            70.52
          ],
          [
            -124.19999999999999,
            70.48
          ],
          [
            -124.12,
            70.48
          ],
          [
            -124.08,
            70.44
          ],
          [
            -124.0,
            70.44
          ],
          [
            -123.96000000000001,
            70.4
          ],
          [
            -123.88,
            70.4
          ],
          [
            -123.84,
            70.36
          ],
          [
            -123.75999999999999,
            70.36
          ],
          [
            -123.72,
            70.32
          ],
          [
            -123.64,
            70.32
          ],
          [
            -123.6,
            70.28
          ],
          [
            -123.52,
            70.28
          ],
          [
            -123.47999999999999,
            70.24000000000001
          ],
          [
            -123.44,
            70.24000000000001
          ],
          [
            -123.4,
            70.2
          ],
          [
            -123.32,
            70.2
          ],
          [
            -123.28,
            70.16
          ],
          [
            -123.19999999999999,
            70.16
          ],
          [
            -123.16,
            70.12
          ],
          [
            -123.03999999999999,
            70.12
          ],
          [
            -123.0,
            70.08
          ],
          [
            -121.92,
            70.08
          ],
          [
            -121.68,
            69.84
          ],
          [
            -119.75999999999999,
            69.84
          ],
          [
            -119.47999999999999,
            69.56
          ],
          [
            -119.4,
            69.56
          ],
          [
            -119.36,
            69.52
          ],
          [
            -119.32,
            69.52
          ],
          [
            -119.28,
            69.48
          ],
          [
            -119.19999999999999,
            69.48
          ],
          [
            -119.16,
            69.44
          ],
          [
            -119.03999999999999,
            69.44
          ],
          [
            -119.0,
            69.4
          ],
          [
            -116.88,
            69.4
          ],
          [
            -116.84,
            69.36
          ],
          [
            -116.75999999999999,
            69.36
          ],
          [
            -116.72,
            69.32
          ],
          [
            -116.64,
            69.32
          ],
          [
            -116.6,
            69.28
          ],
          [
            -116.52,
            69.28
          ],
          [
            -116.47999999999999,
            69.24000000000001
          ],
          [
            -116.4,
            69.24000000000001
          ],
          [
            -116.36,
            69.2
          ],
          [
            -116.28,
            69.2
          ],
          [
            -116.24000000000001,
            69.16
          ],
          [
            -116.19999999999999,
            69.16
          ],
          [
            -116.16,
            69.12
          ],
          [
            -116.03999999999999,
            69.12
          ],
          [
            -116.0,
            69.08
          ],
          [
            -114.6,
            69.08
          ],
          [
            -114.56,
            69.03999999999999
          ],
          [
            -114.52,
            69.03999999999999
          ],
          [
            -114.47999999999999,
            69.0
          ],
          [
            -114.4,
            69.0
          ],
          [
            -114.36,
            68.96000000000001
          ],
          [
            -114.28,
            68.96000000000001
          ],
          [
            -114.24000000000001,
            68.92
          ],
          [
            -114.16,
            68.92
          ],
          [
            -114.12,
            68.88
          ],
          [
            -114.03999999999999,
            68.88
          ],
          [
            -114.0,
            68.84
          ],
          [
            -113.96000000000001,
            68.84
          ],
          [
            -113.92,
            68.8
          ],
          [
            -113.84,
            68.8
          ],
          [
            -113.8,
            68.76
          ],
          [
            -113.72,
            68.76
          ],
          [
            -113.68,
            68.72
          ],
          [
            -113.6,
            68.72
          ],
          [
            -113.56,
            68.68
          ],
          [
            -113.52,
            68.68
          ],
          [
            -113.4,
            68.56
          ],
          [
            -113.28,
            68.56
          ],
          [
            -113.24000000000001,
            68.52
          ],
          [
            -113.19999999999999,
            68.52
          ],
          [
            -113.16,
            68.52
          ],
          [
            -113.12,
            68.52
          ],
          [
            -113.08,
            68.52
          ],
          [
            -113.12,
            68.52
          ],
          [
            -113.16,
            68.52
          ],
          [
            -113.19999999999999,
            68.52
          ],
          [
            -113.24000000000001,
            68.52
          ],
          [
            -113.32,
            68.52
          ],
          [
            -113.32,
            68.44
          ],
          [
            -110.56,
            68.44
          ],
          [
            -110.52,
            68.4
          ],
          [
            -108.64,
            68.4
          ],
          [
            -108.47999999999999,
            68.56
          ],
          [
            -108.44,
            68.56
          ],
          [
            -108.36,
            68.64
          ],
          [
            -108.0,
            68.64
          ],
          [
            -107.96000000000001,
            68.68
          ],
          [
            -107.75999999999999,
            68.68
          ],
          [
            -107.68,
            68.76
          ],
          [
            -107.12,
            68.76
          ],
          [
            -107.08,
            68.8
          ],
          [
            -106.96,
            68.8
          ],
          [
            -106.92,
            68.84
          ],
          [
            -106.64,
            68.84
          ],
          [
            -106.6,
            68.88
          ],
          [
            -106.48,
            68.88
          ],
          [
            -106.44,
            68.92
          ],
          [
            -106.36,
            68.92
          ],
          [
            -106.32,
            68.96000000000001
          ],
          [
            -105.72,
            68.96000000000001
          ],
          [
            -105.64,
            68.88
          ],
          [
            -104.92,
            68.88
          ],
          [
            -104.88,
            68.84
          ],
          [
            -104.24,
            68.84
          ],
          [
            -104.2,
            68.88
          ],
          [
            -104.2,
            68.84
          ],
          [
            -103.92,
            68.84
          ],
          [
            -103.88,
            68.8
          ],
          [
            -103.52,
            68.8
          ],
          [
            -103.48,
            68.76
          ],
          [
            -103.28,
            68.76
          ],
          [
            -103.08,
            68.56
          ],
          [
            -100.72,
            68.56
          ],
          [
            -100.67999999999999,
            68.6
          ],
          [
            -100.56,
            68.6
          ],
          [
            -100.52,
            68.64
          ],
          [
            -100.36,
            68.64
          ],
          [
            -100.24,
            68.76
          ],
          [
            -100.16,
            68.76
          ],
          [
            -99.96,
            68.96000000000001
          ],
          [
            -99.96,
            69.36
          ],
          [
            -100.0,
            69.4
          ],
          [
            -99.24,
            70.16
          ],
          [
            -99.12,
            70.16
          ],
          [
            -99.0,
            70.28
          ],
          [
            -98.36,
            70.28
          ],
          [
            -97.76,
            70.88
          ],
          [
            -97.64,
            70.88
          ],
          [
            -97.2,
            71.32
          ],
          [
            -96.52,
            71.32
          ],
          [
            -96.0,
            71.84
          ],
          [
            -95.92,
            71.84
          ],
          [
            -95.84,
            71.92
          ],
          [
            -95.72,
            71.92
          ],
          [
            -95.72,
            72.76
          ],
          [
            -95.67999999999999,
            72.8
          ],
          [
            -95.67999999999999,
            72.92
          ],
          [
            -95.72,
            72.96000000000001
          ],
          [
            -95.72,
            73.12
          ],
          [
            -95.67999999999999,
            73.16
          ],
          [
            -95.64,
            73.16
          ],
          [
            -95.6,
            73.2
          ],
          [
            -95.6,
            73.24000000000001
          ],
          [
            -95.64,
            73.28
          ],
          [
            -95.64,
            73.32
          ],
          [
            -95.67999999999999,
            73.36
          ],
          [
            -95.67999999999999,
            73.48
          ],
          [
            -95.72,
            73.52
          ],
          [
            -95.72,
            73.56
          ],
          [
            -95.76,
            73.6
          ],
          [
            -95.76,
            73.72
          ],
          [
            -95.8,
            73.76
          ],
          [
            -95.8,
            73.8
          ],
          [
            -95.84,
            73.84
          ],
          [
            -95.84,
            73.88
          ],
          [
            -95.88,
            73.92
          ],
          [
            -95.88,
            73.96000000000001
          ],
          [
            -95.92,
            74.0
          ],
          [
            -95.92,
            74.03999999999999
          ],
          [
            -95.96,
            74.08
          ],
          [
            -95.96,
            74.16
          ],
          [
            -96.0,
            74.2
          ],
          [
            -91.28,
            74.2
          ],
          [
            -91.12,
            74.36
          ],
          [
            -91.03999999999999,
            74.36
          ],
          [
            -91.0,
            74.4
          ],
          [
            -85.44,
            74.4
          ],
          [
            -85.39999999999999,
            74.36
          ],
          [
            -85.32,
            74.36
          ],
          [
            -85.28,
            74.32
          ],
          [
            -85.2,
            74.32
          ],
          [
            -85.16,
            74.28
          ],
          [
            -85.03999999999999,
            74.28
          ],
          [
            -85.0,
            74.24000000000001
          ],
          [
            -80.44,
            74.24000000000001
          ],
          [
            -80.39999999999999,
            74.2
          ],
          [
            -80.32,
            74.2
          ],
          [
            -80.28,
            74.16
          ],
          [
            -80.2,
            74.16
          ],
          [
            -80.16,
            74.12
          ],
          [
            -80.03999999999999,
            74.12
          ],
          [
            -80.0,
            74.08
          ],
          [
            -79.6,
            74.08
          ],
          [
            -79.39999999999999,
            73.88
          ],
          [
            -76.08,
            73.88
          ],
          [
            -76.03999999999999,
            73.84
          ],
          [
            -75.96,
            73.84
          ],
          [
            -75.92,
            73.8
          ],
          [
            -75.8,
            73.8
          ],
          [
            -75.76,
            73.76
          ],
          [
            -75.67999999999999,
            73.76
          ],
          [
            -75.64,
            73.72
          ],
          [
            -75.56,
            73.72
          ],
          [
            -75.52,
            73.68
          ],
          [
            -75.44,
            73.68
          ],
          [
            -75.39999999999999,
            73.64
          ],
          [
            -75.32,
            73.64
          ],
          [
            -75.28,
            73.6
          ],
          [
            -75.2,
            73.6
          ],
          [
            -75.16,
            73.56
          ],
          [
            -75.03999999999999,
            73.56
          ],
          [
            -75.0,
            73.52
          ],
          [
            -74.92,
            73.52
          ],
          [
            -74.88,
            73.48
          ],
          [
            -74.8,
            73.48
          ],
          [
            -74.72,
            73.4
          ],
          [
            -74.0,
            73.4
          ],
          [
            -73.12,
            72.52
          ],
          [
            -69.03999999999999,
            72.52
          ],
          [
            -68.08,
            71.56
          ],
          [
            -68.03999999999999,
            71.56
          ],
          [
            -66.84,
            70.36
          ],
          [
            -66.8,
            70.36
          ],
          [
            -65.56,
            69.12
          ],
          [
            -64.16,
            69.12
          ],
          [
            -64.12,
            69.08
          ],
          [
            -64.03999999999999,
            69.08
          ],
          [
            -64.0,
            69.03999999999999
          ],
          [
            -63.92,
            69.03999999999999
          ],
          [
            -63.879999999999995,
            69.0
          ],
          [
            -63.8,
            69.0
          ],
          [
            -63.75999999999999,
            68.96000000000001
          ],
          [
            -63.67999999999999,
            68.96000000000001
          ],
          [
            -63.64,
            68.92
          ],
          [
            -63.599999999999994,
            68.92
          ],
          [
            -63.56,
            68.88
          ],
          [
            -63.480000000000004,
            68.88
          ],
          [
            -63.44,
            68.84
          ],
          [
            -63.36,
            68.84
          ],
          [
            -63.31999999999999,
            68.8
          ],
          [
            -63.239999999999995,
            68.8
          ],
          [
            -63.2,
            68.76
          ],
          [
            -63.120000000000005,
            68.76
          ],
          [
            -63.08,
            68.72
          ],
          [
            -63.0,
            68.72
          ],
          [
            -62.959999999999994,
            68.68
          ],
          [
            -62.879999999999995,
            68.68
          ],
          [
            -62.84,
            68.64
          ],
          [
            -62.8,
            68.64
          ],
          [
            -62.75999999999999,
            68.6
          ],
          [
            -62.67999999999999,
            68.6
          ],
          [
            -62.64,
            68.56
          ],
          [
            -62.56,
            68.56
          ],
          [
            -62.519999999999996,
            68.52
          ],
          [
            -62.44,
            68.52
          ],
          [
            -62.39999999999999,
            68.48
          ],
          [
            -62.31999999999999,
            68.48
          ],
          [
            -62.28,
            68.44
          ],
          [
            -62.2,
            68.44
          ],
          [
            -62.16,
            68.4
          ],
          [
            -62.120000000000005,
            68.4
          ],
          [
            -62.08,
            68.36
          ],
          [
            -62.0,
            68.36
          ],
          [
            -61.959999999999994,
            68.32
          ],
          [
            -61.879999999999995,
            68.32
          ],
          [
            -61.84,
            68.28
          ],
          [
            -61.75999999999999,
            68.28
          ],
          [
            -61.72,
            68.24000000000001
          ],
          [
            -61.64,
            68.24000000000001
          ],
          [
            -61.599999999999994,
            68.2
          ],
          [
            -61.519999999999996,
            68.2
          ],
          [
            -61.480000000000004,
            68.16
          ],
          [
            -61.39999999999999,
            68.16
          ],
          [
            -61.36,
            68.12
          ],
          [
            -61.31999999999999,
            68.12
          ],
          [
            -61.28,
            68.08
          ],
          [
            -61.2,
            68.08
          ],
          [
            -61.16,
            68.03999999999999
          ],
          [
            -61.03999999999999,
            68.03999999999999
          ],
          [
            -56.239999999999995,
            63.24
          ],
          [
            -55.599999999999994,
            63.24
          ],
          [
            -55.56,
            63.2
          ],
          [
            -55.519999999999996,
            63.2
          ],
          [
            -55.480000000000004,
            63.16
          ],
          [
            -55.39999999999999,
            63.16
          ],
          [
            -55.36,
            63.120000000000005
          ],
          [
            -55.28,
            63.120000000000005
          ],
          [
            -55.239999999999995,
            63.08
          ],
          [
            -55.16,
            63.08
          ],
          [
            -55.120000000000005,
            63.04
          ],
          [
            -55.03999999999999,
            63.04
          ],
          [
            -53.519999999999996,
            61.519999999999996
          ],
          [
            -51.56,
            61.519999999999996
          ],
          [
            -50.08,
            60.04
          ],
          [
            -50.03999999999999,
            60.04
          ],
          [
            -50.0,
            60.0
          ]
        ]
      }
    },
    {
      "type": "Feature",
      "properties": {
        "id": "nwp-prince-wales",
        "name": "Northwest Passage \u00b7 Prince of Wales",
        "category": "passage",
        "status": "Documented passage \u00b7 ice constrained",
        "summary": "Northern passage variant (1) using Viscount Melville Sound and Prince of Wales Strait. A mapped corridor, not a year-round trade lane.",
        "cargo": "Atlantic\u2013Pacific transit corridor.",
        "season": "Ice conditions may prevent a complete transit in a given season.",
        "waypoints": [
          "Beaufort Sea",
          "Amundsen Gulf",
          "Prince of Wales Strait",
          "Viscount Melville Sound",
          "Barrow Strait",
          "Lancaster Sound",
          "Baffin Bay"
        ],
        "constraints": [
          "Multi-year ice can affect northern channels.",
          "Narrow strait and limited support infrastructure."
        ],
        "sources": [
          {
            "title": "DRDC Canadian Arctic shipping routes \u00b7 Table 2-2 (2013)",
            "url": "https://publications.gc.ca/collections/collection_2016/rddc-drdc/D68-3-065-2013-eng.pdf"
          },
          {
            "title": "Northwest Passage transit records \u00b7 through 2025",
            "url": "https://thenorthwestpassage.info/transit-statistics"
          }
        ],
        "geometry_method": "Hand-placed schematic waypoints; not AIS tracks, official corridor boundaries or a navigational chart. Sea segments follow an approximate land mask for display only; no depth or ice routing is performed."
      },
      "geometry": {
        "type": "LineString",
        "coordinates": [
          [
            -168.52,
            66.0
          ],
          [
            -166.8,
            67.72
          ],
          [
            -166.8,
            68.4
          ],
          [
            -166.04,
            69.16
          ],
          [
            -165.96,
            69.16
          ],
          [
            -165.92,
            69.2
          ],
          [
            -165.84,
            69.2
          ],
          [
            -165.8,
            69.24000000000001
          ],
          [
            -165.72,
            69.24000000000001
          ],
          [
            -165.68,
            69.28
          ],
          [
            -165.64,
            69.28
          ],
          [
            -165.6,
            69.32
          ],
          [
            -165.52,
            69.32
          ],
          [
            -165.48,
            69.36
          ],
          [
            -165.4,
            69.36
          ],
          [
            -165.36,
            69.4
          ],
          [
            -165.28,
            69.4
          ],
          [
            -165.24,
            69.44
          ],
          [
            -165.2,
            69.44
          ],
          [
            -165.16,
            69.48
          ],
          [
            -165.04,
            69.48
          ],
          [
            -165.0,
            69.52
          ],
          [
            -164.96,
            69.52
          ],
          [
            -163.72,
            70.76
          ],
          [
            -159.96,
            70.76
          ],
          [
            -159.92,
            70.8
          ],
          [
            -159.84,
            70.8
          ],
          [
            -159.8,
            70.84
          ],
          [
            -159.72,
            70.84
          ],
          [
            -159.68,
            70.88
          ],
          [
            -159.64,
            70.88
          ],
          [
            -159.6,
            70.92
          ],
          [
            -159.52,
            70.92
          ],
          [
            -159.48,
            70.96000000000001
          ],
          [
            -159.4,
            70.96000000000001
          ],
          [
            -159.36,
            71.0
          ],
          [
            -159.28,
            71.0
          ],
          [
            -159.24,
            71.03999999999999
          ],
          [
            -159.16,
            71.03999999999999
          ],
          [
            -159.12,
            71.08
          ],
          [
            -159.04,
            71.08
          ],
          [
            -159.0,
            71.12
          ],
          [
            -158.92,
            71.12
          ],
          [
            -158.88,
            71.16
          ],
          [
            -158.8,
            71.16
          ],
          [
            -158.76,
            71.2
          ],
          [
            -158.68,
            71.2
          ],
          [
            -158.64,
            71.24000000000001
          ],
          [
            -158.6,
            71.24000000000001
          ],
          [
            -158.56,
            71.28
          ],
          [
            -158.48,
            71.28
          ],
          [
            -158.44,
            71.32
          ],
          [
            -158.36,
            71.32
          ],
          [
            -158.32,
            71.36
          ],
          [
            -158.24,
            71.36
          ],
          [
            -158.2,
            71.4
          ],
          [
            -158.12,
            71.4
          ],
          [
            -158.08,
            71.44
          ],
          [
            -158.0,
            71.44
          ],
          [
            -157.96,
            71.48
          ],
          [
            -157.88,
            71.48
          ],
          [
            -157.84,
            71.52
          ],
          [
            -157.76,
            71.52
          ],
          [
            -157.72,
            71.56
          ],
          [
            -157.64,
            71.56
          ],
          [
            -157.6,
            71.6
          ],
          [
            -157.52,
            71.6
          ],
          [
            -157.48,
            71.64
          ],
          [
            -157.44,
            71.64
          ],
          [
            -157.4,
            71.68
          ],
          [
            -157.32,
            71.68
          ],
          [
            -157.28,
            71.72
          ],
          [
            -157.2,
            71.72
          ],
          [
            -157.16,
            71.76
          ],
          [
            -157.04,
            71.76
          ],
          [
            -157.0,
            71.8
          ],
          [
            -155.64,
            71.8
          ],
          [
            -155.44,
            71.6
          ],
          [
            -145.2,
            71.6
          ],
          [
            -145.16,
            71.56
          ],
          [
            -145.04,
            71.56
          ],
          [
            -145.0,
            71.52
          ],
          [
            -138.32,
            71.52
          ],
          [
            -137.92000000000002,
            71.12
          ],
          [
            -135.04,
            71.12
          ],
          [
            -135.0,
            71.08
          ],
          [
            -134.96,
            71.08
          ],
          [
            -134.92000000000002,
            71.03999999999999
          ],
          [
            -134.12,
            71.03999999999999
          ],
          [
            -134.07999999999998,
            71.0
          ],
          [
            -133.24,
            71.0
          ],
          [
            -133.2,
            70.96000000000001
          ],
          [
            -131.4,
            70.96000000000001
          ],
          [
            -131.36,
            70.92
          ],
          [
            -129.07999999999998,
            70.92
          ],
          [
            -129.04,
            70.88
          ],
          [
            -128.96,
            70.88
          ],
          [
            -128.92000000000002,
            70.84
          ],
          [
            -128.84,
            70.84
          ],
          [
            -128.8,
            70.8
          ],
          [
            -128.72,
            70.8
          ],
          [
            -128.68,
            70.76
          ],
          [
            -128.64,
            70.76
          ],
          [
            -128.6,
            70.72
          ],
          [
            -128.51999999999998,
            70.72
          ],
          [
            -128.48,
            70.68
          ],
          [
            -128.16,
            70.68
          ],
          [
            -128.12,
            70.64
          ],
          [
            -128.07999999999998,
            70.64
          ],
          [
            -128.07999999999998,
            70.6
          ],
          [
            -128.07999999999998,
            70.56
          ],
          [
            -128.07999999999998,
            70.6
          ],
          [
            -123.32,
            70.6
          ],
          [
            -123.28,
            70.56
          ],
          [
            -123.19999999999999,
            70.56
          ],
          [
            -123.16,
            70.52
          ],
          [
            -123.03999999999999,
            70.52
          ],
          [
            -123.0,
            70.48
          ],
          [
            -121.8,
            70.48
          ],
          [
            -121.56,
            70.72
          ],
          [
            -119.6,
            70.72
          ],
          [
            -119.12,
            71.2
          ],
          [
            -119.03999999999999,
            71.2
          ],
          [
            -119.0,
            71.24000000000001
          ],
          [
            -119.0,
            71.52
          ],
          [
            -119.12,
            71.64
          ],
          [
            -119.12,
            71.68
          ],
          [
            -119.16,
            71.72
          ],
          [
            -119.16,
            71.84
          ],
          [
            -119.12,
            71.88
          ],
          [
            -119.12,
            71.92
          ],
          [
            -119.08,
            71.96000000000001
          ],
          [
            -119.03999999999999,
            71.96000000000001
          ],
          [
            -119.0,
            72.0
          ],
          [
            -118.92,
            72.0
          ],
          [
            -118.88,
            72.03999999999999
          ],
          [
            -118.84,
            72.03999999999999
          ],
          [
            -118.72,
            72.16
          ],
          [
            -118.68,
            72.16
          ],
          [
            -118.64,
            72.2
          ],
          [
            -118.44,
            72.2
          ],
          [
            -118.4,
            72.24000000000001
          ],
          [
            -118.12,
            72.24000000000001
          ],
          [
            -118.16,
            72.28
          ],
          [
            -118.52,
            72.28
          ],
          [
            -118.6,
            72.36
          ],
          [
            -118.6,
            72.48
          ],
          [
            -118.52,
            72.56
          ],
          [
            -118.44,
            72.56
          ],
          [
            -118.4,
            72.6
          ],
          [
            -118.36,
            72.6
          ],
          [
            -118.32,
            72.64
          ],
          [
            -118.24000000000001,
            72.64
          ],
          [
            -118.19999999999999,
            72.68
          ],
          [
            -118.03999999999999,
            72.68
          ],
          [
            -118.0,
            72.72
          ],
          [
            -117.92,
            72.72
          ],
          [
            -117.88,
            72.76
          ],
          [
            -117.8,
            72.76
          ],
          [
            -117.75999999999999,
            72.8
          ],
          [
            -117.72,
            72.8
          ],
          [
            -117.68,
            72.84
          ],
          [
            -117.6,
            72.84
          ],
          [
            -117.56,
            72.88
          ],
          [
            -117.52,
            72.88
          ],
          [
            -117.47999999999999,
            72.92
          ],
          [
            -117.36,
            72.92
          ],
          [
            -117.36,
            72.96000000000001
          ],
          [
            -117.32,
            72.96000000000001
          ],
          [
            -117.28,
            73.0
          ],
          [
            -117.08,
            73.0
          ],
          [
            -117.0,
            73.08
          ],
          [
            -116.92,
            73.08
          ],
          [
            -116.88,
            73.12
          ],
          [
            -116.8,
            73.12
          ],
          [
            -116.75999999999999,
            73.16
          ],
          [
            -116.68,
            73.16
          ],
          [
            -116.64,
            73.2
          ],
          [
            -116.52,
            73.2
          ],
          [
            -116.47999999999999,
            73.24000000000001
          ],
          [
            -116.32,
            73.24000000000001
          ],
          [
            -116.28,
            73.28
          ],
          [
            -116.0,
            73.28
          ],
          [
            -115.96000000000001,
            73.32
          ],
          [
            -115.72,
            73.32
          ],
          [
            -115.68,
            73.36
          ],
          [
            -115.56,
            73.36
          ],
          [
            -115.52,
            73.4
          ],
          [
            -115.4,
            73.4
          ],
          [
            -115.36,
            73.44
          ],
          [
            -115.32,
            73.44
          ],
          [
            -115.08,
            73.68
          ],
          [
            -115.03999999999999,
            73.68
          ],
          [
            -115.0,
            73.72
          ],
          [
            -113.92,
            73.72
          ],
          [
            -113.6,
            74.03999999999999
          ],
          [
            -110.03999999999999,
            74.03999999999999
          ],
          [
            -110.0,
            74.08
          ],
          [
            -108.24000000000001,
            74.08
          ],
          [
            -108.08,
            74.24000000000001
          ],
          [
            -103.03999999999999,
            74.24000000000001
          ],
          [
            -103.0,
            74.28
          ],
          [
            -98.39999999999999,
            74.28
          ],
          [
            -98.36,
            74.24000000000001
          ],
          [
            -96.03999999999999,
            74.24000000000001
          ],
          [
            -96.0,
            74.2
          ],
          [
            -91.28,
            74.2
          ],
          [
            -91.12,
            74.36
          ],
          [
            -91.03999999999999,
            74.36
          ],
          [
            -91.0,
            74.4
          ],
          [
            -85.44,
            74.4
          ],
          [
            -85.39999999999999,
            74.36
          ],
          [
            -85.32,
            74.36
          ],
          [
            -85.28,
            74.32
          ],
          [
            -85.2,
            74.32
          ],
          [
            -85.16,
            74.28
          ],
          [
            -85.03999999999999,
            74.28
          ],
          [
            -85.0,
            74.24000000000001
          ],
          [
            -80.44,
            74.24000000000001
          ],
          [
            -80.39999999999999,
            74.2
          ],
          [
            -80.32,
            74.2
          ],
          [
            -80.28,
            74.16
          ],
          [
            -80.2,
            74.16
          ],
          [
            -80.16,
            74.12
          ],
          [
            -80.03999999999999,
            74.12
          ],
          [
            -80.0,
            74.08
          ],
          [
            -79.6,
            74.08
          ],
          [
            -79.39999999999999,
            73.88
          ],
          [
            -76.08,
            73.88
          ],
          [
            -76.03999999999999,
            73.84
          ],
          [
            -75.96,
            73.84
          ],
          [
            -75.92,
            73.8
          ],
          [
            -75.8,
            73.8
          ],
          [
            -75.76,
            73.76
          ],
          [
            -75.67999999999999,
            73.76
          ],
          [
            -75.64,
            73.72
          ],
          [
            -75.56,
            73.72
          ],
          [
            -75.52,
            73.68
          ],
          [
            -75.44,
            73.68
          ],
          [
            -75.39999999999999,
            73.64
          ],
          [
            -75.32,
            73.64
          ],
          [
            -75.28,
            73.6
          ],
          [
            -75.2,
            73.6
          ],
          [
            -75.16,
            73.56
          ],
          [
            -75.03999999999999,
            73.56
          ],
          [
            -75.0,
            73.52
          ],
          [
            -74.92,
            73.52
          ],
          [
            -74.88,
            73.48
          ],
          [
            -74.8,
            73.48
          ],
          [
            -74.72,
            73.4
          ],
          [
            -74.0,
            73.4
          ],
          [
            -73.12,
            72.52
          ],
          [
            -69.03999999999999,
            72.52
          ],
          [
            -68.08,
            71.56
          ],
          [
            -68.03999999999999,
            71.56
          ],
          [
            -66.84,
            70.36
          ],
          [
            -66.8,
            70.36
          ],
          [
            -65.56,
            69.12
          ],
          [
            -64.16,
            69.12
          ],
          [
            -64.12,
            69.08
          ],
          [
            -64.03999999999999,
            69.08
          ],
          [
            -64.0,
            69.03999999999999
          ],
          [
            -63.92,
            69.03999999999999
          ],
          [
            -63.879999999999995,
            69.0
          ],
          [
            -63.8,
            69.0
          ],
          [
            -63.75999999999999,
            68.96000000000001
          ],
          [
            -63.67999999999999,
            68.96000000000001
          ],
          [
            -63.64,
            68.92
          ],
          [
            -63.599999999999994,
            68.92
          ],
          [
            -63.56,
            68.88
          ],
          [
            -63.480000000000004,
            68.88
          ],
          [
            -63.44,
            68.84
          ],
          [
            -63.36,
            68.84
          ],
          [
            -63.31999999999999,
            68.8
          ],
          [
            -63.239999999999995,
            68.8
          ],
          [
            -63.2,
            68.76
          ],
          [
            -63.120000000000005,
            68.76
          ],
          [
            -63.08,
            68.72
          ],
          [
            -63.0,
            68.72
          ],
          [
            -62.959999999999994,
            68.68
          ],
          [
            -62.879999999999995,
            68.68
          ],
          [
            -62.84,
            68.64
          ],
          [
            -62.8,
            68.64
          ],
          [
            -62.75999999999999,
            68.6
          ],
          [
            -62.67999999999999,
            68.6
          ],
          [
            -62.64,
            68.56
          ],
          [
            -62.56,
            68.56
          ],
          [
            -62.519999999999996,
            68.52
          ],
          [
            -62.44,
            68.52
          ],
          [
            -62.39999999999999,
            68.48
          ],
          [
            -62.31999999999999,
            68.48
          ],
          [
            -62.28,
            68.44
          ],
          [
            -62.2,
            68.44
          ],
          [
            -62.16,
            68.4
          ],
          [
            -62.120000000000005,
            68.4
          ],
          [
            -62.08,
            68.36
          ],
          [
            -62.0,
            68.36
          ],
          [
            -61.959999999999994,
            68.32
          ],
          [
            -61.879999999999995,
            68.32
          ],
          [
            -61.84,
            68.28
          ],
          [
            -61.75999999999999,
            68.28
          ],
          [
            -61.72,
            68.24000000000001
          ],
          [
            -61.64,
            68.24000000000001
          ],
          [
            -61.599999999999994,
            68.2
          ],
          [
            -61.519999999999996,
            68.2
          ],
          [
            -61.480000000000004,
            68.16
          ],
          [
            -61.39999999999999,
            68.16
          ],
          [
            -61.36,
            68.12
          ],
          [
            -61.31999999999999,
            68.12
          ],
          [
            -61.28,
            68.08
          ],
          [
            -61.2,
            68.08
          ],
          [
            -61.16,
            68.03999999999999
          ],
          [
            -61.03999999999999,
            68.03999999999999
          ],
          [
            -56.239999999999995,
            63.24
          ],
          [
            -55.599999999999994,
            63.24
          ],
          [
            -55.56,
            63.2
          ],
          [
            -55.519999999999996,
            63.2
          ],
          [
            -55.480000000000004,
            63.16
          ],
          [
            -55.39999999999999,
            63.16
          ],
          [
            -55.36,
            63.120000000000005
          ],
          [
            -55.28,
            63.120000000000005
          ],
          [
            -55.239999999999995,
            63.08
          ],
          [
            -55.16,
            63.08
          ],
          [
            -55.120000000000005,
            63.04
          ],
          [
            -55.03999999999999,
            63.04
          ],
          [
            -53.519999999999996,
            61.519999999999996
          ],
          [
            -51.56,
            61.519999999999996
          ],
          [
            -50.08,
            60.04
          ],
          [
            -50.03999999999999,
            60.04
          ],
          [
            -50.0,
            60.0
          ]
        ]
      }
    },
    {
      "type": "Feature",
      "properties": {
        "id": "nwp-rae-simpson",
        "name": "Northwest Passage \u00b7 Rae / Simpson",
        "category": "passage",
        "status": "Documented passage \u00b7 ice constrained",
        "summary": "Southern variant (3B) east and south of King William Island, near Gjoa Haven.",
        "cargo": "Shallow-draft passage alternative.",
        "season": "Seasonal and strongly vessel dependent.",
        "waypoints": [
          "Queen Maud Gulf",
          "Simpson Strait",
          "Rae Strait",
          "James Ross Strait",
          "Larsen Sound",
          "Peel Sound",
          "Lancaster Sound"
        ],
        "constraints": [
          "Shoals, narrow channels and draft restrictions.",
          "Not interchangeable with deeper passage variants."
        ],
        "sources": [
          {
            "title": "DRDC Canadian Arctic shipping routes \u00b7 Table 2-2 (2013)",
            "url": "https://publications.gc.ca/collections/collection_2016/rddc-drdc/D68-3-065-2013-eng.pdf"
          },
          {
            "title": "Northwest Passage transit records \u00b7 through 2025",
            "url": "https://thenorthwestpassage.info/transit-statistics"
          }
        ],
        "geometry_method": "Hand-placed schematic waypoints; not AIS tracks, official corridor boundaries or a navigational chart. Sea segments follow an approximate land mask for display only; no depth or ice routing is performed."
      },
      "geometry": {
        "type": "LineString",
        "coordinates": [
          [
            -168.52,
            66.0
          ],
          [
            -166.8,
            67.72
          ],
          [
            -166.8,
            68.4
          ],
          [
            -166.04,
            69.16
          ],
          [
            -165.96,
            69.16
          ],
          [
            -165.92,
            69.2
          ],
          [
            -165.84,
            69.2
          ],
          [
            -165.8,
            69.24000000000001
          ],
          [
            -165.72,
            69.24000000000001
          ],
          [
            -165.68,
            69.28
          ],
          [
            -165.64,
            69.28
          ],
          [
            -165.6,
            69.32
          ],
          [
            -165.52,
            69.32
          ],
          [
            -165.48,
            69.36
          ],
          [
            -165.4,
            69.36
          ],
          [
            -165.36,
            69.4
          ],
          [
            -165.28,
            69.4
          ],
          [
            -165.24,
            69.44
          ],
          [
            -165.2,
            69.44
          ],
          [
            -165.16,
            69.48
          ],
          [
            -165.04,
            69.48
          ],
          [
            -165.0,
            69.52
          ],
          [
            -164.96,
            69.52
          ],
          [
            -163.72,
            70.76
          ],
          [
            -159.96,
            70.76
          ],
          [
            -159.92,
            70.8
          ],
          [
            -159.84,
            70.8
          ],
          [
            -159.8,
            70.84
          ],
          [
            -159.72,
            70.84
          ],
          [
            -159.68,
            70.88
          ],
          [
            -159.64,
            70.88
          ],
          [
            -159.6,
            70.92
          ],
          [
            -159.52,
            70.92
          ],
          [
            -159.48,
            70.96000000000001
          ],
          [
            -159.4,
            70.96000000000001
          ],
          [
            -159.36,
            71.0
          ],
          [
            -159.28,
            71.0
          ],
          [
            -159.24,
            71.03999999999999
          ],
          [
            -159.16,
            71.03999999999999
          ],
          [
            -159.12,
            71.08
          ],
          [
            -159.04,
            71.08
          ],
          [
            -159.0,
            71.12
          ],
          [
            -158.92,
            71.12
          ],
          [
            -158.88,
            71.16
          ],
          [
            -158.8,
            71.16
          ],
          [
            -158.76,
            71.2
          ],
          [
            -158.68,
            71.2
          ],
          [
            -158.64,
            71.24000000000001
          ],
          [
            -158.6,
            71.24000000000001
          ],
          [
            -158.56,
            71.28
          ],
          [
            -158.48,
            71.28
          ],
          [
            -158.44,
            71.32
          ],
          [
            -158.36,
            71.32
          ],
          [
            -158.32,
            71.36
          ],
          [
            -158.24,
            71.36
          ],
          [
            -158.2,
            71.4
          ],
          [
            -158.12,
            71.4
          ],
          [
            -158.08,
            71.44
          ],
          [
            -158.0,
            71.44
          ],
          [
            -157.96,
            71.48
          ],
          [
            -157.88,
            71.48
          ],
          [
            -157.84,
            71.52
          ],
          [
            -157.76,
            71.52
          ],
          [
            -157.72,
            71.56
          ],
          [
            -157.64,
            71.56
          ],
          [
            -157.6,
            71.6
          ],
          [
            -157.52,
            71.6
          ],
          [
            -157.48,
            71.64
          ],
          [
            -157.44,
            71.64
          ],
          [
            -157.4,
            71.68
          ],
          [
            -157.32,
            71.68
          ],
          [
            -157.28,
            71.72
          ],
          [
            -157.2,
            71.72
          ],
          [
            -157.16,
            71.76
          ],
          [
            -157.04,
            71.76
          ],
          [
            -157.0,
            71.8
          ],
          [
            -155.64,
            71.8
          ],
          [
            -155.44,
            71.6
          ],
          [
            -145.2,
            71.6
          ],
          [
            -145.16,
            71.56
          ],
          [
            -145.04,
            71.56
          ],
          [
            -145.0,
            71.52
          ],
          [
            -138.32,
            71.52
          ],
          [
            -137.92000000000002,
            71.12
          ],
          [
            -135.04,
            71.12
          ],
          [
            -135.0,
            71.08
          ],
          [
            -134.96,
            71.08
          ],
          [
            -134.92000000000002,
            71.03999999999999
          ],
          [
            -134.12,
            71.03999999999999
          ],
          [
            -134.07999999999998,
            71.0
          ],
          [
            -133.24,
            71.0
          ],
          [
            -133.2,
            70.96000000000001
          ],
          [
            -131.4,
            70.96000000000001
          ],
          [
            -131.36,
            70.92
          ],
          [
            -129.07999999999998,
            70.92
          ],
          [
            -129.04,
            70.88
          ],
          [
            -128.96,
            70.88
          ],
          [
            -128.92000000000002,
            70.84
          ],
          [
            -128.84,
            70.84
          ],
          [
            -128.8,
            70.8
          ],
          [
            -128.72,
            70.8
          ],
          [
            -128.68,
            70.76
          ],
          [
            -128.64,
            70.76
          ],
          [
            -128.6,
            70.72
          ],
          [
            -128.51999999999998,
            70.72
          ],
          [
            -128.48,
            70.68
          ],
          [
            -128.16,
            70.68
          ],
          [
            -128.12,
            70.64
          ],
          [
            -128.07999999999998,
            70.64
          ],
          [
            -128.07999999999998,
            70.6
          ],
          [
            -128.07999999999998,
            70.56
          ],
          [
            -128.07999999999998,
            70.6
          ],
          [
            -124.4,
            70.6
          ],
          [
            -124.32,
            70.52
          ],
          [
            -124.24000000000001,
            70.52
          ],
          [
            -124.19999999999999,
            70.48
          ],
          [
            -124.12,
            70.48
          ],
          [
            -124.08,
            70.44
          ],
          [
            -124.0,
            70.44
          ],
          [
            -123.96000000000001,
            70.4
          ],
          [
            -123.88,
            70.4
          ],
          [
            -123.84,
            70.36
          ],
          [
            -123.75999999999999,
            70.36
          ],
          [
            -123.72,
            70.32
          ],
          [
            -123.64,
            70.32
          ],
          [
            -123.6,
            70.28
          ],
          [
            -123.52,
            70.28
          ],
          [
            -123.47999999999999,
            70.24000000000001
          ],
          [
            -123.44,
            70.24000000000001
          ],
          [
            -123.4,
            70.2
          ],
          [
            -123.32,
            70.2
          ],
          [
            -123.28,
            70.16
          ],
          [
            -123.19999999999999,
            70.16
          ],
          [
            -123.16,
            70.12
          ],
          [
            -123.03999999999999,
            70.12
          ],
          [
            -123.0,
            70.08
          ],
          [
            -121.92,
            70.08
          ],
          [
            -121.68,
            69.84
          ],
          [
            -119.75999999999999,
            69.84
          ],
          [
            -119.47999999999999,
            69.56
          ],
          [
            -119.4,
            69.56
          ],
          [
            -119.36,
            69.52
          ],
          [
            -119.32,
            69.52
          ],
          [
            -119.28,
            69.48
          ],
          [
            -119.19999999999999,
            69.48
          ],
          [
            -119.16,
            69.44
          ],
          [
            -119.03999999999999,
            69.44
          ],
          [
            -119.0,
            69.4
          ],
          [
            -116.88,
            69.4
          ],
          [
            -116.84,
            69.36
          ],
          [
            -116.75999999999999,
            69.36
          ],
          [
            -116.72,
            69.32
          ],
          [
            -116.64,
            69.32
          ],
          [
            -116.6,
            69.28
          ],
          [
            -116.52,
            69.28
          ],
          [
            -116.47999999999999,
            69.24000000000001
          ],
          [
            -116.4,
            69.24000000000001
          ],
          [
            -116.36,
            69.2
          ],
          [
            -116.28,
            69.2
          ],
          [
            -116.24000000000001,
            69.16
          ],
          [
            -116.19999999999999,
            69.16
          ],
          [
            -116.16,
            69.12
          ],
          [
            -116.03999999999999,
            69.12
          ],
          [
            -116.0,
            69.08
          ],
          [
            -114.6,
            69.08
          ],
          [
            -114.56,
            69.03999999999999
          ],
          [
            -114.52,
            69.03999999999999
          ],
          [
            -114.47999999999999,
            69.0
          ],
          [
            -114.4,
            69.0
          ],
          [
            -114.36,
            68.96000000000001
          ],
          [
            -114.28,
            68.96000000000001
          ],
          [
            -114.24000000000001,
            68.92
          ],
          [
            -114.16,
            68.92
          ],
          [
            -114.12,
            68.88
          ],
          [
            -114.03999999999999,
            68.88
          ],
          [
            -114.0,
            68.84
          ],
          [
            -113.96000000000001,
            68.84
          ],
          [
            -113.92,
            68.8
          ],
          [
            -113.84,
            68.8
          ],
          [
            -113.8,
            68.76
          ],
          [
            -113.72,
            68.76
          ],
          [
            -113.68,
            68.72
          ],
          [
            -113.6,
            68.72
          ],
          [
            -113.56,
            68.68
          ],
          [
            -113.52,
            68.68
          ],
          [
            -113.4,
            68.56
          ],
          [
            -113.28,
            68.56
          ],
          [
            -113.24000000000001,
            68.52
          ],
          [
            -113.19999999999999,
            68.52
          ],
          [
            -113.16,
            68.52
          ],
          [
            -113.12,
            68.52
          ],
          [
            -113.08,
            68.52
          ],
          [
            -113.12,
            68.52
          ],
          [
            -113.16,
            68.52
          ],
          [
            -113.19999999999999,
            68.52
          ],
          [
            -113.24000000000001,
            68.52
          ],
          [
            -113.32,
            68.52
          ],
          [
            -113.32,
            68.44
          ],
          [
            -110.56,
            68.44
          ],
          [
            -110.52,
            68.4
          ],
          [
            -108.64,
            68.4
          ],
          [
            -108.47999999999999,
            68.56
          ],
          [
            -108.44,
            68.56
          ],
          [
            -108.36,
            68.64
          ],
          [
            -108.0,
            68.64
          ],
          [
            -107.96000000000001,
            68.68
          ],
          [
            -107.75999999999999,
            68.68
          ],
          [
            -107.68,
            68.76
          ],
          [
            -107.12,
            68.76
          ],
          [
            -107.08,
            68.8
          ],
          [
            -106.96,
            68.8
          ],
          [
            -106.92,
            68.84
          ],
          [
            -106.64,
            68.84
          ],
          [
            -106.6,
            68.88
          ],
          [
            -106.48,
            68.88
          ],
          [
            -106.44,
            68.92
          ],
          [
            -106.36,
            68.92
          ],
          [
            -106.32,
            68.96000000000001
          ],
          [
            -105.72,
            68.96000000000001
          ],
          [
            -105.64,
            68.88
          ],
          [
            -104.92,
            68.88
          ],
          [
            -104.88,
            68.84
          ],
          [
            -104.24,
            68.84
          ],
          [
            -104.2,
            68.88
          ],
          [
            -104.2,
            68.84
          ],
          [
            -103.92,
            68.84
          ],
          [
            -103.88,
            68.8
          ],
          [
            -103.52,
            68.8
          ],
          [
            -103.48,
            68.76
          ],
          [
            -103.28,
            68.76
          ],
          [
            -103.08,
            68.56
          ],
          [
            -100.72,
            68.56
          ],
          [
            -100.67999999999999,
            68.6
          ],
          [
            -100.56,
            68.6
          ],
          [
            -100.52,
            68.64
          ],
          [
            -100.48,
            68.64
          ],
          [
            -100.44,
            68.6
          ],
          [
            -100.39999999999999,
            68.6
          ],
          [
            -100.36,
            68.56
          ],
          [
            -100.24,
            68.56
          ],
          [
            -100.2,
            68.52
          ],
          [
            -99.88,
            68.52
          ],
          [
            -99.84,
            68.48
          ],
          [
            -99.08,
            68.48
          ],
          [
            -99.03999999999999,
            68.44
          ],
          [
            -98.12,
            68.44
          ],
          [
            -98.0,
            68.56
          ],
          [
            -97.6,
            68.56
          ],
          [
            -97.56,
            68.52
          ],
          [
            -97.28,
            68.52
          ],
          [
            -97.24,
            68.48
          ],
          [
            -97.2,
            68.48
          ],
          [
            -97.2,
            68.44
          ],
          [
            -96.2,
            68.44
          ],
          [
            -96.16,
            68.48
          ],
          [
            -96.12,
            68.48
          ],
          [
            -96.08,
            68.52
          ],
          [
            -95.96,
            68.52
          ],
          [
            -95.92,
            68.56
          ],
          [
            -95.72,
            68.56
          ],
          [
            -95.64,
            68.64
          ],
          [
            -95.16,
            68.64
          ],
          [
            -95.0,
            68.8
          ],
          [
            -94.96,
            68.8
          ],
          [
            -94.84,
            68.92
          ],
          [
            -94.67999999999999,
            68.92
          ],
          [
            -95.24,
            69.48
          ],
          [
            -95.32,
            69.48
          ],
          [
            -95.36,
            69.52
          ],
          [
            -95.36,
            69.56
          ],
          [
            -95.39999999999999,
            69.56
          ],
          [
            -95.44,
            69.6
          ],
          [
            -95.48,
            69.6
          ],
          [
            -95.56,
            69.68
          ],
          [
            -95.8,
            69.68
          ],
          [
            -95.88,
            69.76
          ],
          [
            -96.03999999999999,
            69.76
          ],
          [
            -96.12,
            69.84
          ],
          [
            -96.2,
            69.84
          ],
          [
            -96.24,
            69.88
          ],
          [
            -96.28,
            69.88
          ],
          [
            -96.32,
            69.92
          ],
          [
            -96.39999999999999,
            69.92
          ],
          [
            -96.44,
            69.96000000000001
          ],
          [
            -96.56,
            69.96000000000001
          ],
          [
            -97.2,
            70.6
          ],
          [
            -97.24,
            70.6
          ],
          [
            -97.52,
            70.88
          ],
          [
            -97.56,
            70.88
          ],
          [
            -97.6,
            70.92
          ],
          [
            -97.2,
            71.32
          ],
          [
            -96.52,
            71.32
          ],
          [
            -96.0,
            71.84
          ],
          [
            -95.92,
            71.84
          ],
          [
            -95.84,
            71.92
          ],
          [
            -95.72,
            71.92
          ],
          [
            -95.72,
            72.76
          ],
          [
            -95.67999999999999,
            72.8
          ],
          [
            -95.67999999999999,
            72.92
          ],
          [
            -95.72,
            72.96000000000001
          ],
          [
            -95.72,
            73.12
          ],
          [
            -95.67999999999999,
            73.16
          ],
          [
            -95.64,
            73.16
          ],
          [
            -95.6,
            73.2
          ],
          [
            -95.6,
            73.24000000000001
          ],
          [
            -95.64,
            73.28
          ],
          [
            -95.64,
            73.32
          ],
          [
            -95.67999999999999,
            73.36
          ],
          [
            -95.67999999999999,
            73.48
          ],
          [
            -95.72,
            73.52
          ],
          [
            -95.72,
            73.56
          ],
          [
            -95.76,
            73.6
          ],
          [
            -95.76,
            73.72
          ],
          [
            -95.8,
            73.76
          ],
          [
            -95.8,
            73.8
          ],
          [
            -95.84,
            73.84
          ],
          [
            -95.84,
            73.88
          ],
          [
            -95.88,
            73.92
          ],
          [
            -95.88,
            73.96000000000001
          ],
          [
            -95.92,
            74.0
          ],
          [
            -95.92,
            74.03999999999999
          ],
          [
            -95.96,
            74.08
          ],
          [
            -95.96,
            74.16
          ],
          [
            -96.0,
            74.2
          ],
          [
            -91.28,
            74.2
          ],
          [
            -91.12,
            74.36
          ],
          [
            -91.03999999999999,
            74.36
          ],
          [
            -91.0,
            74.4
          ],
          [
            -85.44,
            74.4
          ],
          [
            -85.39999999999999,
            74.36
          ],
          [
            -85.32,
            74.36
          ],
          [
            -85.28,
            74.32
          ],
          [
            -85.2,
            74.32
          ],
          [
            -85.16,
            74.28
          ],
          [
            -85.03999999999999,
            74.28
          ],
          [
            -85.0,
            74.24000000000001
          ],
          [
            -80.44,
            74.24000000000001
          ],
          [
            -80.39999999999999,
            74.2
          ],
          [
            -80.32,
            74.2
          ],
          [
            -80.28,
            74.16
          ],
          [
            -80.2,
            74.16
          ],
          [
            -80.16,
            74.12
          ],
          [
            -80.03999999999999,
            74.12
          ],
          [
            -80.0,
            74.08
          ],
          [
            -79.6,
            74.08
          ],
          [
            -79.39999999999999,
            73.88
          ],
          [
            -76.08,
            73.88
          ],
          [
            -76.03999999999999,
            73.84
          ],
          [
            -75.96,
            73.84
          ],
          [
            -75.92,
            73.8
          ],
          [
            -75.8,
            73.8
          ],
          [
            -75.76,
            73.76
          ],
          [
            -75.67999999999999,
            73.76
          ],
          [
            -75.64,
            73.72
          ],
          [
            -75.56,
            73.72
          ],
          [
            -75.52,
            73.68
          ],
          [
            -75.44,
            73.68
          ],
          [
            -75.39999999999999,
            73.64
          ],
          [
            -75.32,
            73.64
          ],
          [
            -75.28,
            73.6
          ],
          [
            -75.2,
            73.6
          ],
          [
            -75.16,
            73.56
          ],
          [
            -75.03999999999999,
            73.56
          ],
          [
            -75.0,
            73.52
          ],
          [
            -74.92,
            73.52
          ],
          [
            -74.88,
            73.48
          ],
          [
            -74.8,
            73.48
          ],
          [
            -74.72,
            73.4
          ],
          [
            -74.0,
            73.4
          ],
          [
            -73.12,
            72.52
          ],
          [
            -69.03999999999999,
            72.52
          ],
          [
            -68.08,
            71.56
          ],
          [
            -68.03999999999999,
            71.56
          ],
          [
            -66.84,
            70.36
          ],
          [
            -66.8,
            70.36
          ],
          [
            -65.56,
            69.12
          ],
          [
            -64.16,
            69.12
          ],
          [
            -64.12,
            69.08
          ],
          [
            -64.03999999999999,
            69.08
          ],
          [
            -64.0,
            69.03999999999999
          ],
          [
            -63.92,
            69.03999999999999
          ],
          [
            -63.879999999999995,
            69.0
          ],
          [
            -63.8,
            69.0
          ],
          [
            -63.75999999999999,
            68.96000000000001
          ],
          [
            -63.67999999999999,
            68.96000000000001
          ],
          [
            -63.64,
            68.92
          ],
          [
            -63.599999999999994,
            68.92
          ],
          [
            -63.56,
            68.88
          ],
          [
            -63.480000000000004,
            68.88
          ],
          [
            -63.44,
            68.84
          ],
          [
            -63.36,
            68.84
          ],
          [
            -63.31999999999999,
            68.8
          ],
          [
            -63.239999999999995,
            68.8
          ],
          [
            -63.2,
            68.76
          ],
          [
            -63.120000000000005,
            68.76
          ],
          [
            -63.08,
            68.72
          ],
          [
            -63.0,
            68.72
          ],
          [
            -62.959999999999994,
            68.68
          ],
          [
            -62.879999999999995,
            68.68
          ],
          [
            -62.84,
            68.64
          ],
          [
            -62.8,
            68.64
          ],
          [
            -62.75999999999999,
            68.6
          ],
          [
            -62.67999999999999,
            68.6
          ],
          [
            -62.64,
            68.56
          ],
          [
            -62.56,
            68.56
          ],
          [
            -62.519999999999996,
            68.52
          ],
          [
            -62.44,
            68.52
          ],
          [
            -62.39999999999999,
            68.48
          ],
          [
            -62.31999999999999,
            68.48
          ],
          [
            -62.28,
            68.44
          ],
          [
            -62.2,
            68.44
          ],
          [
            -62.16,
            68.4
          ],
          [
            -62.120000000000005,
            68.4
          ],
          [
            -62.08,
            68.36
          ],
          [
            -62.0,
            68.36
          ],
          [
            -61.959999999999994,
            68.32
          ],
          [
            -61.879999999999995,
            68.32
          ],
          [
            -61.84,
            68.28
          ],
          [
            -61.75999999999999,
            68.28
          ],
          [
            -61.72,
            68.24000000000001
          ],
          [
            -61.64,
            68.24000000000001
          ],
          [
            -61.599999999999994,
            68.2
          ],
          [
            -61.519999999999996,
            68.2
          ],
          [
            -61.480000000000004,
            68.16
          ],
          [
            -61.39999999999999,
            68.16
          ],
          [
            -61.36,
            68.12
          ],
          [
            -61.31999999999999,
            68.12
          ],
          [
            -61.28,
            68.08
          ],
          [
            -61.2,
            68.08
          ],
          [
            -61.16,
            68.03999999999999
          ],
          [
            -61.03999999999999,
            68.03999999999999
          ],
          [
            -56.239999999999995,
            63.24
          ],
          [
            -55.599999999999994,
            63.24
          ],
          [
            -55.56,
            63.2
          ],
          [
            -55.519999999999996,
            63.2
          ],
          [
            -55.480000000000004,
            63.16
          ],
          [
            -55.39999999999999,
            63.16
          ],
          [
            -55.36,
            63.120000000000005
          ],
          [
            -55.28,
            63.120000000000005
          ],
          [
            -55.239999999999995,
            63.08
          ],
          [
            -55.16,
            63.08
          ],
          [
            -55.120000000000005,
            63.04
          ],
          [
            -55.03999999999999,
            63.04
          ],
          [
            -53.519999999999996,
            61.519999999999996
          ],
          [
            -51.56,
            61.519999999999996
          ],
          [
            -50.08,
            60.04
          ],
          [
            -50.03999999999999,
            60.04
          ],
          [
            -50.0,
            60.0
          ]
        ]
      }
    },
    {
      "type": "Feature",
      "properties": {
        "id": "eastern-sealift",
        "name": "Qu\u00e9bec \u2192 Baffin / Kitikmeot sealift",
        "category": "used",
        "status": "Used logistics corridor \u00b7 seasonal",
        "summary": "NEAS lists Pond Inlet, Resolute Bay, Cambridge Bay, Gjoa Haven and other Arctic communities as service areas. This line illustrates the sea connection, not a published voyage itinerary.",
        "cargo": "Community supplies, equipment and project freight.",
        "season": "Seasonal sealift; sailing calls and order vary by operator and year.",
        "waypoints": [
          "Qu\u00e9bec loading ports (off-map)",
          "Gulf of St Lawrence",
          "Labrador Sea",
          "Baffin Bay",
          "Pond Inlet / Lancaster Sound",
          "Southern NWP",
          "Cambridge Bay"
        ],
        "constraints": [
          "Local unloading facilities and vessel draft.",
          "Ice-dependent sailing schedules; not every voyage follows every stop shown."
        ],
        "sources": [
          {
            "title": "NEAS Arctic resupply service areas",
            "url": "https://neas.ca/sealift-reservation-options/"
          }
        ],
        "geometry_method": "Hand-placed schematic waypoints; not AIS tracks, official corridor boundaries or a navigational chart. Sea segments follow an approximate land mask for display only; no depth or ice routing is performed."
      },
      "geometry": {
        "type": "LineString",
        "coordinates": [
          [
            -62.519999999999996,
            50.0
          ],
          [
            -60.879999999999995,
            50.0
          ],
          [
            -60.67999999999999,
            50.2
          ],
          [
            -59.64,
            50.2
          ],
          [
            -59.599999999999994,
            50.24
          ],
          [
            -58.72,
            50.24
          ],
          [
            -58.08,
            50.88
          ],
          [
            -58.03999999999999,
            50.88
          ],
          [
            -58.0,
            50.92
          ],
          [
            -57.92,
            50.92
          ],
          [
            -57.879999999999995,
            50.96
          ],
          [
            -57.84,
            50.96
          ],
          [
            -57.8,
            51.0
          ],
          [
            -57.72,
            51.0
          ],
          [
            -57.67999999999999,
            51.04
          ],
          [
            -57.64,
            51.04
          ],
          [
            -57.599999999999994,
            51.08
          ],
          [
            -57.56,
            51.08
          ],
          [
            -57.519999999999996,
            51.12
          ],
          [
            -57.44,
            51.12
          ],
          [
            -57.39999999999999,
            51.16
          ],
          [
            -57.36,
            51.16
          ],
          [
            -57.31999999999999,
            51.2
          ],
          [
            -57.239999999999995,
            51.2
          ],
          [
            -57.2,
            51.24
          ],
          [
            -57.16,
            51.24
          ],
          [
            -57.120000000000005,
            51.28
          ],
          [
            -57.08,
            51.28
          ],
          [
            -57.03999999999999,
            51.32
          ],
          [
            -56.959999999999994,
            51.32
          ],
          [
            -56.92,
            51.36
          ],
          [
            -56.879999999999995,
            51.36
          ],
          [
            -56.84,
            51.4
          ],
          [
            -56.75999999999999,
            51.4
          ],
          [
            -56.72,
            51.44
          ],
          [
            -56.67999999999999,
            51.44
          ],
          [
            -56.64,
            51.48
          ],
          [
            -56.56,
            51.48
          ],
          [
            -56.480000000000004,
            51.56
          ],
          [
            -56.28,
            51.56
          ],
          [
            -55.959999999999994,
            51.88
          ],
          [
            -55.92,
            51.88
          ],
          [
            -55.8,
            52.0
          ],
          [
            -55.75999999999999,
            52.0
          ],
          [
            -55.67999999999999,
            52.08
          ],
          [
            -55.67999999999999,
            52.16
          ],
          [
            -55.64,
            52.2
          ],
          [
            -55.64,
            55.68
          ],
          [
            -55.599999999999994,
            55.72
          ],
          [
            -55.599999999999994,
            55.76
          ],
          [
            -55.56,
            55.8
          ],
          [
            -55.56,
            55.84
          ],
          [
            -55.519999999999996,
            55.88
          ],
          [
            -55.519999999999996,
            55.96
          ],
          [
            -55.480000000000004,
            56.0
          ],
          [
            -55.480000000000004,
            56.04
          ],
          [
            -55.44,
            56.08
          ],
          [
            -55.44,
            56.120000000000005
          ],
          [
            -55.39999999999999,
            56.16
          ],
          [
            -55.39999999999999,
            56.2
          ],
          [
            -55.36,
            56.24
          ],
          [
            -55.36,
            56.28
          ],
          [
            -55.31999999999999,
            56.32
          ],
          [
            -55.31999999999999,
            56.36
          ],
          [
            -55.28,
            56.4
          ],
          [
            -55.28,
            56.44
          ],
          [
            -55.239999999999995,
            56.480000000000004
          ],
          [
            -55.239999999999995,
            56.519999999999996
          ],
          [
            -55.2,
            56.56
          ],
          [
            -55.2,
            56.6
          ],
          [
            -55.16,
            56.64
          ],
          [
            -55.16,
            56.68
          ],
          [
            -55.120000000000005,
            56.72
          ],
          [
            -55.120000000000005,
            56.76
          ],
          [
            -55.08,
            56.8
          ],
          [
            -55.08,
            56.84
          ],
          [
            -55.03999999999999,
            56.88
          ],
          [
            -55.03999999999999,
            56.96
          ],
          [
            -55.0,
            57.0
          ],
          [
            -55.0,
            58.44
          ],
          [
            -56.0,
            59.44
          ],
          [
            -56.0,
            60.96
          ],
          [
            -56.03999999999999,
            61.0
          ],
          [
            -56.03999999999999,
            62.0
          ],
          [
            -56.959999999999994,
            62.92
          ],
          [
            -56.959999999999994,
            62.96
          ],
          [
            -58.56,
            64.56
          ],
          [
            -58.56,
            65.4
          ],
          [
            -60.92,
            67.76
          ],
          [
            -60.92,
            67.84
          ],
          [
            -60.959999999999994,
            67.88
          ],
          [
            -60.959999999999994,
            67.96000000000001
          ],
          [
            -61.03999999999999,
            68.03999999999999
          ],
          [
            -61.16,
            68.03999999999999
          ],
          [
            -61.2,
            68.08
          ],
          [
            -61.28,
            68.08
          ],
          [
            -61.31999999999999,
            68.12
          ],
          [
            -61.36,
            68.12
          ],
          [
            -61.39999999999999,
            68.16
          ],
          [
            -61.480000000000004,
            68.16
          ],
          [
            -61.519999999999996,
            68.2
          ],
          [
            -61.599999999999994,
            68.2
          ],
          [
            -61.64,
            68.24000000000001
          ],
          [
            -61.72,
            68.24000000000001
          ],
          [
            -61.75999999999999,
            68.28
          ],
          [
            -61.84,
            68.28
          ],
          [
            -61.879999999999995,
            68.32
          ],
          [
            -61.959999999999994,
            68.32
          ],
          [
            -62.0,
            68.36
          ],
          [
            -62.08,
            68.36
          ],
          [
            -62.120000000000005,
            68.4
          ],
          [
            -62.16,
            68.4
          ],
          [
            -62.2,
            68.44
          ],
          [
            -62.28,
            68.44
          ],
          [
            -62.31999999999999,
            68.48
          ],
          [
            -62.39999999999999,
            68.48
          ],
          [
            -62.44,
            68.52
          ],
          [
            -62.519999999999996,
            68.52
          ],
          [
            -62.56,
            68.56
          ],
          [
            -62.64,
            68.56
          ],
          [
            -62.67999999999999,
            68.6
          ],
          [
            -62.75999999999999,
            68.6
          ],
          [
            -62.8,
            68.64
          ],
          [
            -62.84,
            68.64
          ],
          [
            -62.879999999999995,
            68.68
          ],
          [
            -62.959999999999994,
            68.68
          ],
          [
            -63.0,
            68.72
          ],
          [
            -63.08,
            68.72
          ],
          [
            -63.120000000000005,
            68.76
          ],
          [
            -63.2,
            68.76
          ],
          [
            -63.239999999999995,
            68.8
          ],
          [
            -63.31999999999999,
            68.8
          ],
          [
            -63.36,
            68.84
          ],
          [
            -63.44,
            68.84
          ],
          [
            -63.480000000000004,
            68.88
          ],
          [
            -63.56,
            68.88
          ],
          [
            -63.599999999999994,
            68.92
          ],
          [
            -63.64,
            68.92
          ],
          [
            -63.67999999999999,
            68.96000000000001
          ],
          [
            -63.75999999999999,
            68.96000000000001
          ],
          [
            -63.8,
            69.0
          ],
          [
            -63.879999999999995,
            69.0
          ],
          [
            -63.92,
            69.03999999999999
          ],
          [
            -64.0,
            69.03999999999999
          ],
          [
            -64.03999999999999,
            69.08
          ],
          [
            -64.12,
            69.08
          ],
          [
            -64.16,
            69.12
          ],
          [
            -65.56,
            69.12
          ],
          [
            -66.8,
            70.36
          ],
          [
            -66.84,
            70.36
          ],
          [
            -68.03999999999999,
            71.56
          ],
          [
            -68.08,
            71.56
          ],
          [
            -69.03999999999999,
            72.52
          ],
          [
            -73.12,
            72.52
          ],
          [
            -74.0,
            73.4
          ],
          [
            -74.72,
            73.4
          ],
          [
            -74.8,
            73.48
          ],
          [
            -74.88,
            73.48
          ],
          [
            -74.92,
            73.52
          ],
          [
            -75.0,
            73.52
          ],
          [
            -75.03999999999999,
            73.56
          ],
          [
            -75.16,
            73.56
          ],
          [
            -75.2,
            73.6
          ],
          [
            -75.28,
            73.6
          ],
          [
            -75.32,
            73.64
          ],
          [
            -75.39999999999999,
            73.64
          ],
          [
            -75.44,
            73.68
          ],
          [
            -75.52,
            73.68
          ],
          [
            -75.56,
            73.72
          ],
          [
            -75.64,
            73.72
          ],
          [
            -75.67999999999999,
            73.76
          ],
          [
            -75.76,
            73.76
          ],
          [
            -75.8,
            73.8
          ],
          [
            -75.92,
            73.8
          ],
          [
            -75.96,
            73.84
          ],
          [
            -76.03999999999999,
            73.84
          ],
          [
            -76.08,
            73.88
          ],
          [
            -79.39999999999999,
            73.88
          ],
          [
            -79.6,
            74.08
          ],
          [
            -80.0,
            74.08
          ],
          [
            -80.03999999999999,
            74.12
          ],
          [
            -80.16,
            74.12
          ],
          [
            -80.2,
            74.16
          ],
          [
            -80.28,
            74.16
          ],
          [
            -80.32,
            74.2
          ],
          [
            -80.39999999999999,
            74.2
          ],
          [
            -80.44,
            74.24000000000001
          ],
          [
            -85.0,
            74.24000000000001
          ],
          [
            -85.03999999999999,
            74.28
          ],
          [
            -85.16,
            74.28
          ],
          [
            -85.2,
            74.32
          ],
          [
            -85.28,
            74.32
          ],
          [
            -85.32,
            74.36
          ],
          [
            -85.39999999999999,
            74.36
          ],
          [
            -85.44,
            74.4
          ],
          [
            -91.0,
            74.4
          ],
          [
            -91.03999999999999,
            74.36
          ],
          [
            -91.12,
            74.36
          ],
          [
            -91.28,
            74.2
          ],
          [
            -96.0,
            74.2
          ],
          [
            -95.96,
            74.16
          ],
          [
            -95.96,
            74.08
          ],
          [
            -95.92,
            74.03999999999999
          ],
          [
            -95.92,
            74.0
          ],
          [
            -95.88,
            73.96000000000001
          ],
          [
            -95.88,
            73.92
          ],
          [
            -95.84,
            73.88
          ],
          [
            -95.84,
            73.84
          ],
          [
            -95.8,
            73.8
          ],
          [
            -95.8,
            73.76
          ],
          [
            -95.76,
            73.72
          ],
          [
            -95.76,
            73.6
          ],
          [
            -95.72,
            73.56
          ],
          [
            -95.72,
            73.52
          ],
          [
            -95.67999999999999,
            73.48
          ],
          [
            -95.67999999999999,
            73.36
          ],
          [
            -95.64,
            73.32
          ],
          [
            -95.64,
            73.28
          ],
          [
            -95.6,
            73.24000000000001
          ],
          [
            -95.6,
            73.2
          ],
          [
            -95.64,
            73.16
          ],
          [
            -95.67999999999999,
            73.16
          ],
          [
            -95.72,
            73.12
          ],
          [
            -95.72,
            72.96000000000001
          ],
          [
            -95.67999999999999,
            72.92
          ],
          [
            -95.67999999999999,
            72.8
          ],
          [
            -95.72,
            72.76
          ],
          [
            -95.72,
            71.92
          ],
          [
            -95.84,
            71.92
          ],
          [
            -95.92,
            71.84
          ],
          [
            -96.0,
            71.84
          ],
          [
            -96.52,
            71.32
          ],
          [
            -97.2,
            71.32
          ],
          [
            -97.64,
            70.88
          ],
          [
            -97.76,
            70.88
          ],
          [
            -98.36,
            70.28
          ],
          [
            -99.0,
            70.28
          ],
          [
            -99.12,
            70.16
          ],
          [
            -99.24,
            70.16
          ],
          [
            -100.0,
            69.4
          ],
          [
            -99.96,
            69.36
          ],
          [
            -99.96,
            68.96000000000001
          ],
          [
            -100.16,
            68.76
          ],
          [
            -100.24,
            68.76
          ],
          [
            -100.36,
            68.64
          ],
          [
            -101.24,
            68.64
          ],
          [
            -101.32,
            68.56
          ],
          [
            -103.28,
            68.56
          ],
          [
            -103.48,
            68.76
          ],
          [
            -104.24,
            68.76
          ],
          [
            -104.32,
            68.84
          ],
          [
            -105.03999999999999,
            68.84
          ],
          [
            -105.08,
            68.88
          ],
          [
            -105.2,
            68.88
          ],
          [
            -105.24,
            68.92
          ],
          [
            -105.28,
            68.92
          ],
          [
            -105.28,
            69.0
          ],
          [
            -105.24,
            69.0
          ],
          [
            -105.2,
            69.03999999999999
          ],
          [
            -105.08,
            69.03999999999999
          ],
          [
            -105.03999999999999,
            69.08
          ]
        ]
      }
    },
    {
      "type": "Feature",
      "properties": {
        "id": "western-resupply",
        "name": "Tuktoyaktuk \u2192 western Arctic resupply",
        "category": "used",
        "status": "Used logistics corridor \u00b7 seasonal",
        "summary": "MTS supplies Western Arctic communities with deck cargo and petroleum. The coastal sketch connects Tuktoyaktuk, Paulatuk and Kugluktuk; it omits individual delivery calls.",
        "cargo": "Deck cargo and bulk fuel.",
        "season": "Annual scheduled service; consult the current sailing schedule.",
        "waypoints": [
          "Tuktoyaktuk",
          "Amundsen Gulf",
          "Paulatuk",
          "Dolphin and Union Strait",
          "Kugluktuk"
        ],
        "constraints": [
          "Weather, ice and unloading access.",
          "Do not infer a current MTS Cambridge Bay service from this line."
        ],
        "sources": [
          {
            "title": "GNWT Marine Transportation Services",
            "url": "https://www.inf.gov.nt.ca/en/MTS"
          },
          {
            "title": "MTS 2026 sailing schedule",
            "url": "https://www.inf.gov.nt.ca/en/MTS/schedule-and-cargo-dates"
          }
        ],
        "geometry_method": "Hand-placed schematic waypoints; not AIS tracks, official corridor boundaries or a navigational chart. Sea segments follow an approximate land mask for display only; no depth or ice routing is performed."
      },
      "geometry": {
        "type": "LineString",
        "coordinates": [
          [
            -133.07999999999998,
            69.44
          ],
          [
            -133.07999999999998,
            69.52
          ],
          [
            -133.0,
            69.6
          ],
          [
            -133.0,
            69.64
          ],
          [
            -132.96,
            69.68
          ],
          [
            -132.68,
            69.68
          ],
          [
            -132.6,
            69.76
          ],
          [
            -132.48,
            69.76
          ],
          [
            -132.44,
            69.8
          ],
          [
            -132.12,
            69.8
          ],
          [
            -132.07999999999998,
            69.84
          ],
          [
            -132.0,
            69.84
          ],
          [
            -131.96,
            69.88
          ],
          [
            -131.88,
            69.88
          ],
          [
            -131.84,
            69.92
          ],
          [
            -131.76,
            69.92
          ],
          [
            -131.72,
            69.96000000000001
          ],
          [
            -131.64,
            69.96000000000001
          ],
          [
            -131.6,
            70.0
          ],
          [
            -131.51999999999998,
            70.0
          ],
          [
            -131.48,
            70.03999999999999
          ],
          [
            -131.4,
            70.03999999999999
          ],
          [
            -131.36,
            70.08
          ],
          [
            -131.32,
            70.08
          ],
          [
            -131.28,
            70.12
          ],
          [
            -131.2,
            70.12
          ],
          [
            -131.16,
            70.16
          ],
          [
            -131.04,
            70.16
          ],
          [
            -131.0,
            70.2
          ],
          [
            -130.64,
            70.2
          ],
          [
            -130.6,
            70.24000000000001
          ],
          [
            -129.8,
            70.24000000000001
          ],
          [
            -129.76,
            70.28
          ],
          [
            -128.44,
            70.28
          ],
          [
            -128.16,
            70.56
          ],
          [
            -128.07999999999998,
            70.56
          ],
          [
            -128.07999999999998,
            70.6
          ],
          [
            -127.52,
            70.6
          ],
          [
            -127.47999999999999,
            70.56
          ],
          [
            -127.44,
            70.56
          ],
          [
            -127.4,
            70.52
          ],
          [
            -127.32,
            70.52
          ],
          [
            -127.28,
            70.48
          ],
          [
            -127.19999999999999,
            70.48
          ],
          [
            -127.16,
            70.44
          ],
          [
            -127.03999999999999,
            70.44
          ],
          [
            -127.0,
            70.4
          ],
          [
            -124.88,
            70.4
          ],
          [
            -124.84,
            70.36
          ],
          [
            -124.75999999999999,
            70.36
          ],
          [
            -124.72,
            70.32
          ],
          [
            -124.64,
            70.32
          ],
          [
            -124.6,
            70.28
          ],
          [
            -124.52,
            70.28
          ],
          [
            -124.47999999999999,
            70.24000000000001
          ],
          [
            -124.4,
            70.24000000000001
          ],
          [
            -124.36,
            70.2
          ],
          [
            -124.32,
            70.2
          ],
          [
            -124.28,
            70.16
          ],
          [
            -124.19999999999999,
            70.16
          ],
          [
            -124.16,
            70.12
          ],
          [
            -124.03999999999999,
            70.12
          ],
          [
            -124.0,
            70.08
          ],
          [
            -124.0,
            69.56
          ],
          [
            -124.03999999999999,
            69.52
          ],
          [
            -124.03999999999999,
            69.44
          ],
          [
            -124.08,
            69.4
          ],
          [
            -124.03999999999999,
            69.4
          ],
          [
            -124.0,
            69.44
          ],
          [
            -123.75999999999999,
            69.44
          ],
          [
            -123.72,
            69.48
          ],
          [
            -123.68,
            69.48
          ],
          [
            -123.64,
            69.52
          ],
          [
            -123.56,
            69.52
          ],
          [
            -123.52,
            69.56
          ],
          [
            -123.44,
            69.56
          ],
          [
            -123.16,
            69.84
          ],
          [
            -122.64,
            69.84
          ],
          [
            -122.6,
            69.88
          ],
          [
            -122.52,
            69.88
          ],
          [
            -122.47999999999999,
            69.92
          ],
          [
            -122.4,
            69.92
          ],
          [
            -122.36,
            69.96000000000001
          ],
          [
            -122.32,
            69.96000000000001
          ],
          [
            -122.28,
            70.0
          ],
          [
            -122.19999999999999,
            70.0
          ],
          [
            -122.16,
            70.03999999999999
          ],
          [
            -122.03999999999999,
            70.03999999999999
          ],
          [
            -122.0,
            70.08
          ],
          [
            -121.28,
            70.08
          ],
          [
            -120.92,
            69.72
          ],
          [
            -119.88,
            69.72
          ],
          [
            -119.84,
            69.68
          ],
          [
            -119.75999999999999,
            69.68
          ],
          [
            -119.72,
            69.64
          ],
          [
            -119.64,
            69.64
          ],
          [
            -119.6,
            69.6
          ],
          [
            -119.52,
            69.6
          ],
          [
            -119.47999999999999,
            69.56
          ],
          [
            -119.36,
            69.56
          ],
          [
            -119.28,
            69.48
          ],
          [
            -119.19999999999999,
            69.48
          ],
          [
            -119.16,
            69.44
          ],
          [
            -119.03999999999999,
            69.44
          ],
          [
            -119.0,
            69.4
          ],
          [
            -116.88,
            69.4
          ],
          [
            -116.84,
            69.36
          ],
          [
            -116.75999999999999,
            69.36
          ],
          [
            -116.72,
            69.32
          ],
          [
            -116.64,
            69.32
          ],
          [
            -116.6,
            69.28
          ],
          [
            -116.52,
            69.28
          ],
          [
            -116.47999999999999,
            69.24000000000001
          ],
          [
            -116.4,
            69.24000000000001
          ],
          [
            -116.36,
            69.2
          ],
          [
            -116.28,
            69.2
          ],
          [
            -116.24000000000001,
            69.16
          ],
          [
            -116.19999999999999,
            69.16
          ],
          [
            -116.16,
            69.12
          ],
          [
            -116.03999999999999,
            69.12
          ],
          [
            -116.0,
            69.08
          ],
          [
            -114.6,
            69.08
          ],
          [
            -114.56,
            69.03999999999999
          ],
          [
            -114.52,
            69.03999999999999
          ],
          [
            -114.47999999999999,
            69.0
          ],
          [
            -114.4,
            69.0
          ],
          [
            -114.36,
            68.96000000000001
          ],
          [
            -114.28,
            68.96000000000001
          ],
          [
            -114.24000000000001,
            68.92
          ],
          [
            -114.16,
            68.92
          ],
          [
            -114.12,
            68.88
          ],
          [
            -114.03999999999999,
            68.88
          ],
          [
            -114.0,
            68.84
          ],
          [
            -113.96000000000001,
            68.84
          ],
          [
            -113.92,
            68.8
          ],
          [
            -113.84,
            68.8
          ],
          [
            -113.8,
            68.76
          ],
          [
            -113.72,
            68.76
          ],
          [
            -113.68,
            68.72
          ],
          [
            -113.6,
            68.72
          ],
          [
            -113.56,
            68.68
          ],
          [
            -113.52,
            68.68
          ],
          [
            -113.4,
            68.56
          ],
          [
            -113.28,
            68.56
          ],
          [
            -113.24000000000001,
            68.52
          ],
          [
            -113.19999999999999,
            68.52
          ],
          [
            -113.16,
            68.52
          ],
          [
            -113.12,
            68.52
          ],
          [
            -113.08,
            68.52
          ],
          [
            -113.12,
            68.52
          ],
          [
            -113.16,
            68.52
          ],
          [
            -113.19999999999999,
            68.52
          ],
          [
            -113.24000000000001,
            68.52
          ],
          [
            -113.32,
            68.52
          ],
          [
            -113.44,
            68.4
          ],
          [
            -113.64,
            68.4
          ],
          [
            -113.68,
            68.36
          ],
          [
            -113.72,
            68.36
          ],
          [
            -113.75999999999999,
            68.32
          ],
          [
            -113.8,
            68.32
          ],
          [
            -113.84,
            68.28
          ],
          [
            -113.88,
            68.28
          ],
          [
            -113.92,
            68.24000000000001
          ],
          [
            -113.96000000000001,
            68.24000000000001
          ],
          [
            -114.0,
            68.2
          ],
          [
            -114.19999999999999,
            68.2
          ],
          [
            -114.28,
            68.12
          ],
          [
            -114.32,
            68.12
          ],
          [
            -114.36,
            68.08
          ],
          [
            -114.44,
            68.08
          ],
          [
            -114.47999999999999,
            68.03999999999999
          ],
          [
            -114.56,
            68.03999999999999
          ],
          [
            -114.6,
            68.0
          ],
          [
            -114.68,
            68.0
          ],
          [
            -114.72,
            67.96000000000001
          ],
          [
            -114.8,
            67.96000000000001
          ],
          [
            -114.84,
            67.92
          ],
          [
            -114.88,
            67.92
          ],
          [
            -114.92,
            67.88
          ],
          [
            -115.03999999999999,
            67.88
          ],
          [
            -115.08,
            67.84
          ]
        ]
      }
    },
    {
      "type": "Feature",
      "properties": {
        "id": "churchill-atlantic",
        "name": "Churchill \u2192 Atlantic / Europe",
        "category": "used",
        "status": "Used logistics corridor \u00b7 seasonal",
        "summary": "Churchill announced a Europe-bound grain loading in August 2026. The port links Canadian inland freight with international markets; the European endpoint here is only a gateway.",
        "cargo": "Grain and other bulk exports; northern resupply.",
        "season": "Current corridor is shown as seasonal, without assuming year-round operation.",
        "waypoints": [
          "Hudson Bay Railway (off-map)",
          "Churchill",
          "Hudson Bay",
          "Hudson Strait",
          "Labrador Sea",
          "North Atlantic"
        ],
        "constraints": [
          "Rail and port handling capacity.",
          "Ice and voyage schedules; this is not a Northwest Passage crossing."
        ],
        "sources": [
          {
            "title": "Port of Churchill \u00b7 Europe-bound grain shipment, August 2026",
            "url": "https://www.arcticgateway.com/agg-news/newsroom/first-grain-export-since-2020-loaded-at-port-of-churchill-bound-for-europe"
          }
        ],
        "geometry_method": "Hand-placed schematic waypoints; not AIS tracks, official corridor boundaries or a navigational chart. Sea segments follow an approximate land mask for display only; no depth or ice routing is performed."
      },
      "geometry": {
        "type": "LineString",
        "coordinates": [
          [
            -94.2,
            58.76
          ],
          [
            -94.2,
            58.8
          ],
          [
            -93.6,
            59.4
          ],
          [
            -91.28,
            59.4
          ],
          [
            -91.24,
            59.44
          ],
          [
            -91.16,
            59.44
          ],
          [
            -91.12,
            59.480000000000004
          ],
          [
            -91.03999999999999,
            59.480000000000004
          ],
          [
            -91.0,
            59.519999999999996
          ],
          [
            -89.08,
            59.519999999999996
          ],
          [
            -88.76,
            59.84
          ],
          [
            -86.24,
            59.84
          ],
          [
            -85.12,
            60.96
          ],
          [
            -85.03999999999999,
            60.96
          ],
          [
            -85.0,
            61.0
          ],
          [
            -82.67999999999999,
            61.0
          ],
          [
            -82.52,
            61.16
          ],
          [
            -79.84,
            61.16
          ],
          [
            -78.84,
            62.16
          ],
          [
            -78.8,
            62.16
          ],
          [
            -78.64,
            62.32
          ],
          [
            -78.6,
            62.32
          ],
          [
            -78.56,
            62.36
          ],
          [
            -78.52,
            62.36
          ],
          [
            -78.48,
            62.4
          ],
          [
            -78.44,
            62.4
          ],
          [
            -78.39999999999999,
            62.44
          ],
          [
            -78.36,
            62.44
          ],
          [
            -78.32,
            62.480000000000004
          ],
          [
            -78.12,
            62.480000000000004
          ],
          [
            -78.0,
            62.6
          ],
          [
            -77.88,
            62.6
          ],
          [
            -77.84,
            62.64
          ],
          [
            -76.39999999999999,
            62.64
          ],
          [
            -76.36,
            62.68
          ],
          [
            -76.28,
            62.68
          ],
          [
            -76.24,
            62.72
          ],
          [
            -76.16,
            62.72
          ],
          [
            -76.12,
            62.76
          ],
          [
            -76.03999999999999,
            62.76
          ],
          [
            -76.0,
            62.8
          ],
          [
            -73.92,
            62.8
          ],
          [
            -73.64,
            62.519999999999996
          ],
          [
            -72.8,
            62.519999999999996
          ],
          [
            -72.75999999999999,
            62.480000000000004
          ],
          [
            -72.67999999999999,
            62.480000000000004
          ],
          [
            -72.64,
            62.44
          ],
          [
            -72.6,
            62.44
          ],
          [
            -72.56,
            62.4
          ],
          [
            -72.48,
            62.4
          ],
          [
            -72.44,
            62.36
          ],
          [
            -72.39999999999999,
            62.36
          ],
          [
            -72.36,
            62.32
          ],
          [
            -72.28,
            62.32
          ],
          [
            -72.24,
            62.28
          ],
          [
            -72.16,
            62.28
          ],
          [
            -72.12,
            62.24
          ],
          [
            -72.03999999999999,
            62.24
          ],
          [
            -72.0,
            62.2
          ],
          [
            -71.0,
            62.2
          ],
          [
            -70.84,
            62.04
          ],
          [
            -67.32,
            62.04
          ],
          [
            -67.28,
            62.0
          ],
          [
            -66.88,
            62.0
          ],
          [
            -66.64,
            61.76
          ],
          [
            -66.6,
            61.76
          ],
          [
            -66.56,
            61.72
          ],
          [
            -66.48,
            61.72
          ],
          [
            -66.44,
            61.68
          ],
          [
            -66.39999999999999,
            61.68
          ],
          [
            -66.36,
            61.64
          ],
          [
            -66.28,
            61.64
          ],
          [
            -66.24,
            61.6
          ],
          [
            -66.16,
            61.6
          ],
          [
            -66.12,
            61.56
          ],
          [
            -66.03999999999999,
            61.56
          ],
          [
            -66.0,
            61.519999999999996
          ],
          [
            -65.32,
            61.519999999999996
          ],
          [
            -65.28,
            61.480000000000004
          ],
          [
            -65.24,
            61.480000000000004
          ],
          [
            -65.2,
            61.44
          ],
          [
            -65.16,
            61.44
          ],
          [
            -65.12,
            61.4
          ],
          [
            -65.08,
            61.4
          ],
          [
            -65.0,
            61.32
          ],
          [
            -62.31999999999999,
            61.32
          ],
          [
            -62.28,
            61.28
          ],
          [
            -62.2,
            61.28
          ],
          [
            -62.16,
            61.24
          ],
          [
            -62.08,
            61.24
          ],
          [
            -62.03999999999999,
            61.2
          ],
          [
            -62.0,
            61.2
          ],
          [
            -61.959999999999994,
            61.16
          ],
          [
            -61.879999999999995,
            61.16
          ],
          [
            -61.84,
            61.120000000000005
          ],
          [
            -61.8,
            61.120000000000005
          ],
          [
            -61.75999999999999,
            61.08
          ],
          [
            -61.67999999999999,
            61.08
          ],
          [
            -61.64,
            61.04
          ],
          [
            -61.599999999999994,
            61.04
          ],
          [
            -61.56,
            61.0
          ],
          [
            -61.480000000000004,
            61.0
          ],
          [
            -61.44,
            60.96
          ],
          [
            -61.36,
            60.96
          ],
          [
            -61.31999999999999,
            60.92
          ],
          [
            -61.28,
            60.92
          ],
          [
            -61.239999999999995,
            60.88
          ],
          [
            -61.16,
            60.88
          ],
          [
            -61.120000000000005,
            60.84
          ],
          [
            -61.03999999999999,
            60.84
          ],
          [
            -61.0,
            60.8
          ],
          [
            -58.480000000000004,
            60.8
          ],
          [
            -58.08,
            60.4
          ],
          [
            -58.03999999999999,
            60.4
          ],
          [
            -58.0,
            60.36
          ],
          [
            -57.959999999999994,
            60.36
          ],
          [
            -57.92,
            60.32
          ],
          [
            -57.879999999999995,
            60.32
          ],
          [
            -57.28,
            59.72
          ],
          [
            -56.31999999999999,
            59.72
          ],
          [
            -56.28,
            59.68
          ],
          [
            -56.239999999999995,
            59.68
          ],
          [
            -56.2,
            59.64
          ],
          [
            -56.120000000000005,
            59.64
          ],
          [
            -56.08,
            59.6
          ],
          [
            -56.0,
            59.6
          ],
          [
            -55.959999999999994,
            59.56
          ],
          [
            -55.92,
            59.56
          ],
          [
            -55.879999999999995,
            59.519999999999996
          ],
          [
            -55.8,
            59.519999999999996
          ],
          [
            -55.75999999999999,
            59.480000000000004
          ],
          [
            -55.72,
            59.480000000000004
          ],
          [
            -55.67999999999999,
            59.44
          ],
          [
            -55.599999999999994,
            59.44
          ],
          [
            -55.56,
            59.4
          ],
          [
            -55.519999999999996,
            59.4
          ],
          [
            -55.480000000000004,
            59.36
          ],
          [
            -55.39999999999999,
            59.36
          ],
          [
            -55.36,
            59.32
          ],
          [
            -55.31999999999999,
            59.32
          ],
          [
            -55.28,
            59.28
          ],
          [
            -55.2,
            59.28
          ],
          [
            -55.16,
            59.24
          ],
          [
            -55.120000000000005,
            59.24
          ],
          [
            -55.08,
            59.2
          ],
          [
            -55.0,
            59.2
          ],
          [
            -54.959999999999994,
            59.16
          ],
          [
            -54.92,
            59.16
          ],
          [
            -54.879999999999995,
            59.120000000000005
          ],
          [
            -54.8,
            59.120000000000005
          ],
          [
            -54.75999999999999,
            59.08
          ],
          [
            -54.72,
            59.08
          ],
          [
            -54.67999999999999,
            59.04
          ],
          [
            -54.599999999999994,
            59.04
          ],
          [
            -54.56,
            59.0
          ],
          [
            -54.519999999999996,
            59.0
          ],
          [
            -54.480000000000004,
            58.96
          ],
          [
            -53.120000000000005,
            58.96
          ],
          [
            -52.239999999999995,
            58.08
          ],
          [
            -52.16,
            58.08
          ],
          [
            -52.120000000000005,
            58.04
          ],
          [
            -52.03999999999999,
            58.04
          ],
          [
            -52.0,
            58.0
          ],
          [
            -47.72,
            58.0
          ],
          [
            -47.56,
            57.84
          ],
          [
            -42.879999999999995,
            57.84
          ],
          [
            -40.079999999999984,
            55.04
          ],
          [
            -40.03999999999999,
            55.04
          ],
          [
            -40.0,
            55.0
          ],
          [
            -35.16,
            55.0
          ],
          [
            -33.19999999999999,
            53.04
          ],
          [
            -25.039999999999992,
            53.04
          ],
          [
            -25.0,
            53.0
          ]
        ]
      }
    },
    {
      "type": "Feature",
      "properties": {
        "id": "grays-west",
        "name": "Grays Bay \u2192 Pacific connection",
        "category": "proposed",
        "status": "Proposed / conceptual connection",
        "summary": "Potential feeder from the proposed port to the western NWP and Bering Strait. This is our logistics concept, not an announced Asia shipping service.",
        "cargo": "Potential mineral exports and inbound project / community supplies.",
        "season": "No opening year assigned; depends on the port project and voyage conditions.",
        "waypoints": [
          "Grays Bay",
          "Coronation Gulf",
          "Dolphin and Union Strait",
          "Amundsen Gulf",
          "Beaufort Sea",
          "Bering Strait",
          "Pacific / East Asia (off-map)"
        ],
        "constraints": [
          "Port approval, construction and cargo commitments.",
          "Shallow coastal passages may constrain bulk-vessel draft.",
          "Distance alone does not establish commercial viability."
        ],
        "sources": [
          {
            "title": "NIRB \u00b7 Grays Bay Road and Port active review",
            "url": "https://www.nirb.ca/portal/pdash.php?appid=125987"
          },
          {
            "title": "Grays Bay proposal \u00b7 port and road endpoints, Table 1.1 (2024)",
            "url": "https://new.reviewboard.ca/sites/default/files/project_document/240812-24xn038-project-proposal-ir1e.pdf"
          }
        ],
        "geometry_method": "Hand-placed schematic waypoints; not AIS tracks, official corridor boundaries or a navigational chart. Sea segments follow an approximate land mask for display only; no depth or ice routing is performed."
      },
      "geometry": {
        "type": "LineString",
        "coordinates": [
          [
            -110.88,
            67.84
          ],
          [
            -110.84,
            67.88
          ],
          [
            -110.84,
            68.12
          ],
          [
            -110.6,
            68.36
          ],
          [
            -110.56,
            68.36
          ],
          [
            -110.52,
            68.4
          ],
          [
            -110.56,
            68.44
          ],
          [
            -113.32,
            68.44
          ],
          [
            -113.32,
            68.52
          ],
          [
            -113.28,
            68.52
          ],
          [
            -113.24000000000001,
            68.52
          ],
          [
            -113.19999999999999,
            68.52
          ],
          [
            -113.16,
            68.52
          ],
          [
            -113.12,
            68.52
          ],
          [
            -113.08,
            68.52
          ],
          [
            -113.12,
            68.52
          ],
          [
            -113.16,
            68.52
          ],
          [
            -113.19999999999999,
            68.52
          ],
          [
            -113.24000000000001,
            68.52
          ],
          [
            -113.28,
            68.56
          ],
          [
            -113.4,
            68.56
          ],
          [
            -113.52,
            68.68
          ],
          [
            -113.56,
            68.68
          ],
          [
            -113.6,
            68.72
          ],
          [
            -113.68,
            68.72
          ],
          [
            -113.72,
            68.76
          ],
          [
            -113.8,
            68.76
          ],
          [
            -113.84,
            68.8
          ],
          [
            -113.92,
            68.8
          ],
          [
            -113.96000000000001,
            68.84
          ],
          [
            -114.0,
            68.84
          ],
          [
            -114.03999999999999,
            68.88
          ],
          [
            -114.12,
            68.88
          ],
          [
            -114.16,
            68.92
          ],
          [
            -114.24000000000001,
            68.92
          ],
          [
            -114.28,
            68.96000000000001
          ],
          [
            -114.36,
            68.96000000000001
          ],
          [
            -114.4,
            69.0
          ],
          [
            -114.47999999999999,
            69.0
          ],
          [
            -114.52,
            69.03999999999999
          ],
          [
            -114.56,
            69.03999999999999
          ],
          [
            -114.6,
            69.08
          ],
          [
            -116.0,
            69.08
          ],
          [
            -116.03999999999999,
            69.12
          ],
          [
            -116.16,
            69.12
          ],
          [
            -116.19999999999999,
            69.16
          ],
          [
            -116.24000000000001,
            69.16
          ],
          [
            -116.28,
            69.2
          ],
          [
            -116.36,
            69.2
          ],
          [
            -116.4,
            69.24000000000001
          ],
          [
            -116.47999999999999,
            69.24000000000001
          ],
          [
            -116.52,
            69.28
          ],
          [
            -116.6,
            69.28
          ],
          [
            -116.64,
            69.32
          ],
          [
            -116.72,
            69.32
          ],
          [
            -116.75999999999999,
            69.36
          ],
          [
            -116.84,
            69.36
          ],
          [
            -116.88,
            69.4
          ],
          [
            -119.0,
            69.4
          ],
          [
            -119.03999999999999,
            69.44
          ],
          [
            -119.16,
            69.44
          ],
          [
            -119.19999999999999,
            69.48
          ],
          [
            -119.28,
            69.48
          ],
          [
            -119.32,
            69.52
          ],
          [
            -119.36,
            69.52
          ],
          [
            -119.4,
            69.56
          ],
          [
            -119.47999999999999,
            69.56
          ],
          [
            -119.75999999999999,
            69.84
          ],
          [
            -121.68,
            69.84
          ],
          [
            -121.92,
            70.08
          ],
          [
            -123.0,
            70.08
          ],
          [
            -123.03999999999999,
            70.12
          ],
          [
            -123.16,
            70.12
          ],
          [
            -123.19999999999999,
            70.16
          ],
          [
            -123.28,
            70.16
          ],
          [
            -123.32,
            70.2
          ],
          [
            -123.4,
            70.2
          ],
          [
            -123.44,
            70.24000000000001
          ],
          [
            -123.47999999999999,
            70.24000000000001
          ],
          [
            -123.52,
            70.28
          ],
          [
            -123.6,
            70.28
          ],
          [
            -123.64,
            70.32
          ],
          [
            -123.72,
            70.32
          ],
          [
            -123.75999999999999,
            70.36
          ],
          [
            -123.84,
            70.36
          ],
          [
            -123.88,
            70.4
          ],
          [
            -123.96000000000001,
            70.4
          ],
          [
            -124.0,
            70.44
          ],
          [
            -124.08,
            70.44
          ],
          [
            -124.12,
            70.48
          ],
          [
            -124.19999999999999,
            70.48
          ],
          [
            -124.24000000000001,
            70.52
          ],
          [
            -124.32,
            70.52
          ],
          [
            -124.4,
            70.6
          ],
          [
            -128.07999999999998,
            70.6
          ],
          [
            -128.07999999999998,
            70.56
          ],
          [
            -128.07999999999998,
            70.6
          ],
          [
            -128.07999999999998,
            70.64
          ],
          [
            -128.12,
            70.64
          ],
          [
            -128.16,
            70.68
          ],
          [
            -128.48,
            70.68
          ],
          [
            -128.51999999999998,
            70.72
          ],
          [
            -128.6,
            70.72
          ],
          [
            -128.64,
            70.76
          ],
          [
            -128.68,
            70.76
          ],
          [
            -128.72,
            70.8
          ],
          [
            -128.8,
            70.8
          ],
          [
            -128.84,
            70.84
          ],
          [
            -128.92000000000002,
            70.84
          ],
          [
            -128.96,
            70.88
          ],
          [
            -129.04,
            70.88
          ],
          [
            -129.07999999999998,
            70.92
          ],
          [
            -131.36,
            70.92
          ],
          [
            -131.4,
            70.96000000000001
          ],
          [
            -133.2,
            70.96000000000001
          ],
          [
            -133.24,
            71.0
          ],
          [
            -134.07999999999998,
            71.0
          ],
          [
            -134.12,
            71.03999999999999
          ],
          [
            -134.92000000000002,
            71.03999999999999
          ],
          [
            -134.96,
            71.08
          ],
          [
            -135.0,
            71.08
          ],
          [
            -135.04,
            71.12
          ],
          [
            -137.92000000000002,
            71.12
          ],
          [
            -138.32,
            71.52
          ],
          [
            -145.0,
            71.52
          ],
          [
            -145.04,
            71.56
          ],
          [
            -145.16,
            71.56
          ],
          [
            -145.2,
            71.6
          ],
          [
            -155.44,
            71.6
          ],
          [
            -155.64,
            71.8
          ],
          [
            -157.0,
            71.8
          ],
          [
            -157.04,
            71.76
          ],
          [
            -157.16,
            71.76
          ],
          [
            -157.2,
            71.72
          ],
          [
            -157.28,
            71.72
          ],
          [
            -157.32,
            71.68
          ],
          [
            -157.4,
            71.68
          ],
          [
            -157.44,
            71.64
          ],
          [
            -157.48,
            71.64
          ],
          [
            -157.52,
            71.6
          ],
          [
            -157.6,
            71.6
          ],
          [
            -157.64,
            71.56
          ],
          [
            -157.72,
            71.56
          ],
          [
            -157.76,
            71.52
          ],
          [
            -157.84,
            71.52
          ],
          [
            -157.88,
            71.48
          ],
          [
            -157.96,
            71.48
          ],
          [
            -158.0,
            71.44
          ],
          [
            -158.08,
            71.44
          ],
          [
            -158.12,
            71.4
          ],
          [
            -158.2,
            71.4
          ],
          [
            -158.24,
            71.36
          ],
          [
            -158.32,
            71.36
          ],
          [
            -158.36,
            71.32
          ],
          [
            -158.44,
            71.32
          ],
          [
            -158.48,
            71.28
          ],
          [
            -158.56,
            71.28
          ],
          [
            -158.6,
            71.24000000000001
          ],
          [
            -158.64,
            71.24000000000001
          ],
          [
            -158.68,
            71.2
          ],
          [
            -158.76,
            71.2
          ],
          [
            -158.8,
            71.16
          ],
          [
            -158.88,
            71.16
          ],
          [
            -158.92,
            71.12
          ],
          [
            -159.0,
            71.12
          ],
          [
            -159.04,
            71.08
          ],
          [
            -159.12,
            71.08
          ],
          [
            -159.16,
            71.03999999999999
          ],
          [
            -159.24,
            71.03999999999999
          ],
          [
            -159.28,
            71.0
          ],
          [
            -159.36,
            71.0
          ],
          [
            -159.4,
            70.96000000000001
          ],
          [
            -159.48,
            70.96000000000001
          ],
          [
            -159.52,
            70.92
          ],
          [
            -159.6,
            70.92
          ],
          [
            -159.64,
            70.88
          ],
          [
            -159.68,
            70.88
          ],
          [
            -159.72,
            70.84
          ],
          [
            -159.8,
            70.84
          ],
          [
            -159.84,
            70.8
          ],
          [
            -159.92,
            70.8
          ],
          [
            -159.96,
            70.76
          ],
          [
            -163.72,
            70.76
          ],
          [
            -164.96,
            69.52
          ],
          [
            -165.0,
            69.52
          ],
          [
            -165.04,
            69.48
          ],
          [
            -165.16,
            69.48
          ],
          [
            -165.2,
            69.44
          ],
          [
            -165.24,
            69.44
          ],
          [
            -165.28,
            69.4
          ],
          [
            -165.36,
            69.4
          ],
          [
            -165.4,
            69.36
          ],
          [
            -165.48,
            69.36
          ],
          [
            -165.52,
            69.32
          ],
          [
            -165.6,
            69.32
          ],
          [
            -165.64,
            69.28
          ],
          [
            -165.68,
            69.28
          ],
          [
            -165.72,
            69.24000000000001
          ],
          [
            -165.8,
            69.24000000000001
          ],
          [
            -165.84,
            69.2
          ],
          [
            -165.92,
            69.2
          ],
          [
            -165.96,
            69.16
          ],
          [
            -166.04,
            69.16
          ],
          [
            -166.8,
            68.4
          ],
          [
            -166.8,
            67.72
          ],
          [
            -168.52,
            66.0
          ]
        ]
      }
    },
    {
      "type": "Feature",
      "properties": {
        "id": "grays-east",
        "name": "Grays Bay \u2192 Atlantic connection",
        "category": "proposed",
        "status": "Proposed / conceptual connection",
        "summary": "Potential feeder east through the southern NWP. This is an inferred connection to markets, not a committed carrier route.",
        "cargo": "Potential mineral exports and inbound supplies.",
        "season": "No fixed season or start date demonstrated.",
        "waypoints": [
          "Grays Bay",
          "Coronation Gulf",
          "Dease Strait",
          "Queen Maud Gulf",
          "Victoria Strait",
          "Peel Sound",
          "Lancaster Sound",
          "Atlantic"
        ],
        "constraints": [
          "Project delivery and suitable ships.",
          "The southern NWP contains draft restrictions and ice choke points."
        ],
        "sources": [
          {
            "title": "NIRB \u00b7 Grays Bay Road and Port active review",
            "url": "https://www.nirb.ca/portal/pdash.php?appid=125987"
          },
          {
            "title": "Grays Bay proposal \u00b7 port and road endpoints, Table 1.1 (2024)",
            "url": "https://new.reviewboard.ca/sites/default/files/project_document/240812-24xn038-project-proposal-ir1e.pdf"
          }
        ],
        "geometry_method": "Hand-placed schematic waypoints; not AIS tracks, official corridor boundaries or a navigational chart. Sea segments follow an approximate land mask for display only; no depth or ice routing is performed."
      },
      "geometry": {
        "type": "LineString",
        "coordinates": [
          [
            -110.88,
            67.84
          ],
          [
            -110.84,
            67.88
          ],
          [
            -110.84,
            68.12
          ],
          [
            -110.6,
            68.36
          ],
          [
            -110.56,
            68.36
          ],
          [
            -110.52,
            68.4
          ],
          [
            -108.64,
            68.4
          ],
          [
            -108.47999999999999,
            68.56
          ],
          [
            -108.44,
            68.56
          ],
          [
            -108.36,
            68.64
          ],
          [
            -108.0,
            68.64
          ],
          [
            -107.96000000000001,
            68.68
          ],
          [
            -107.75999999999999,
            68.68
          ],
          [
            -107.68,
            68.76
          ],
          [
            -107.12,
            68.76
          ],
          [
            -107.08,
            68.8
          ],
          [
            -106.96,
            68.8
          ],
          [
            -106.92,
            68.84
          ],
          [
            -106.64,
            68.84
          ],
          [
            -106.6,
            68.88
          ],
          [
            -106.48,
            68.88
          ],
          [
            -106.44,
            68.92
          ],
          [
            -106.36,
            68.92
          ],
          [
            -106.32,
            68.96000000000001
          ],
          [
            -105.72,
            68.96000000000001
          ],
          [
            -105.64,
            68.88
          ],
          [
            -104.92,
            68.88
          ],
          [
            -104.88,
            68.84
          ],
          [
            -104.24,
            68.84
          ],
          [
            -104.2,
            68.88
          ],
          [
            -104.2,
            68.84
          ],
          [
            -103.92,
            68.84
          ],
          [
            -103.88,
            68.8
          ],
          [
            -103.52,
            68.8
          ],
          [
            -103.48,
            68.76
          ],
          [
            -103.28,
            68.76
          ],
          [
            -103.08,
            68.56
          ],
          [
            -100.72,
            68.56
          ],
          [
            -100.67999999999999,
            68.6
          ],
          [
            -100.56,
            68.6
          ],
          [
            -100.52,
            68.64
          ],
          [
            -100.36,
            68.64
          ],
          [
            -100.24,
            68.76
          ],
          [
            -100.16,
            68.76
          ],
          [
            -99.96,
            68.96000000000001
          ],
          [
            -99.96,
            69.36
          ],
          [
            -100.0,
            69.4
          ],
          [
            -99.24,
            70.16
          ],
          [
            -99.12,
            70.16
          ],
          [
            -99.0,
            70.28
          ],
          [
            -98.36,
            70.28
          ],
          [
            -97.76,
            70.88
          ],
          [
            -97.64,
            70.88
          ],
          [
            -97.2,
            71.32
          ],
          [
            -96.52,
            71.32
          ],
          [
            -96.0,
            71.84
          ],
          [
            -95.92,
            71.84
          ],
          [
            -95.84,
            71.92
          ],
          [
            -95.72,
            71.92
          ],
          [
            -95.72,
            72.76
          ],
          [
            -95.67999999999999,
            72.8
          ],
          [
            -95.67999999999999,
            72.92
          ],
          [
            -95.72,
            72.96000000000001
          ],
          [
            -95.72,
            73.12
          ],
          [
            -95.67999999999999,
            73.16
          ],
          [
            -95.64,
            73.16
          ],
          [
            -95.6,
            73.2
          ],
          [
            -95.6,
            73.24000000000001
          ],
          [
            -95.64,
            73.28
          ],
          [
            -95.64,
            73.32
          ],
          [
            -95.67999999999999,
            73.36
          ],
          [
            -95.67999999999999,
            73.48
          ],
          [
            -95.72,
            73.52
          ],
          [
            -95.72,
            73.56
          ],
          [
            -95.76,
            73.6
          ],
          [
            -95.76,
            73.72
          ],
          [
            -95.8,
            73.76
          ],
          [
            -95.8,
            73.8
          ],
          [
            -95.84,
            73.84
          ],
          [
            -95.84,
            73.88
          ],
          [
            -95.88,
            73.92
          ],
          [
            -95.88,
            73.96000000000001
          ],
          [
            -95.92,
            74.0
          ],
          [
            -95.92,
            74.03999999999999
          ],
          [
            -95.96,
            74.08
          ],
          [
            -95.96,
            74.16
          ],
          [
            -96.0,
            74.2
          ],
          [
            -91.28,
            74.2
          ],
          [
            -91.12,
            74.36
          ],
          [
            -91.03999999999999,
            74.36
          ],
          [
            -91.0,
            74.4
          ],
          [
            -85.44,
            74.4
          ],
          [
            -85.39999999999999,
            74.36
          ],
          [
            -85.32,
            74.36
          ],
          [
            -85.28,
            74.32
          ],
          [
            -85.2,
            74.32
          ],
          [
            -85.16,
            74.28
          ],
          [
            -85.03999999999999,
            74.28
          ],
          [
            -85.0,
            74.24000000000001
          ],
          [
            -80.44,
            74.24000000000001
          ],
          [
            -80.39999999999999,
            74.2
          ],
          [
            -80.32,
            74.2
          ],
          [
            -80.28,
            74.16
          ],
          [
            -80.2,
            74.16
          ],
          [
            -80.16,
            74.12
          ],
          [
            -80.03999999999999,
            74.12
          ],
          [
            -80.0,
            74.08
          ],
          [
            -79.6,
            74.08
          ],
          [
            -79.39999999999999,
            73.88
          ],
          [
            -76.08,
            73.88
          ],
          [
            -76.03999999999999,
            73.84
          ],
          [
            -75.96,
            73.84
          ],
          [
            -75.92,
            73.8
          ],
          [
            -75.8,
            73.8
          ],
          [
            -75.76,
            73.76
          ],
          [
            -75.67999999999999,
            73.76
          ],
          [
            -75.64,
            73.72
          ],
          [
            -75.56,
            73.72
          ],
          [
            -75.52,
            73.68
          ],
          [
            -75.44,
            73.68
          ],
          [
            -75.39999999999999,
            73.64
          ],
          [
            -75.32,
            73.64
          ],
          [
            -75.28,
            73.6
          ],
          [
            -75.2,
            73.6
          ],
          [
            -75.16,
            73.56
          ],
          [
            -75.03999999999999,
            73.56
          ],
          [
            -75.0,
            73.52
          ],
          [
            -74.92,
            73.52
          ],
          [
            -74.88,
            73.48
          ],
          [
            -74.8,
            73.48
          ],
          [
            -74.72,
            73.4
          ],
          [
            -74.0,
            73.4
          ],
          [
            -73.12,
            72.52
          ],
          [
            -69.03999999999999,
            72.52
          ],
          [
            -68.08,
            71.56
          ],
          [
            -68.03999999999999,
            71.56
          ],
          [
            -66.84,
            70.36
          ],
          [
            -66.8,
            70.36
          ],
          [
            -65.56,
            69.12
          ],
          [
            -64.16,
            69.12
          ],
          [
            -64.12,
            69.08
          ],
          [
            -64.03999999999999,
            69.08
          ],
          [
            -64.0,
            69.03999999999999
          ],
          [
            -63.92,
            69.03999999999999
          ],
          [
            -63.879999999999995,
            69.0
          ],
          [
            -63.8,
            69.0
          ],
          [
            -63.75999999999999,
            68.96000000000001
          ],
          [
            -63.67999999999999,
            68.96000000000001
          ],
          [
            -63.64,
            68.92
          ],
          [
            -63.599999999999994,
            68.92
          ],
          [
            -63.56,
            68.88
          ],
          [
            -63.480000000000004,
            68.88
          ],
          [
            -63.44,
            68.84
          ],
          [
            -63.36,
            68.84
          ],
          [
            -63.31999999999999,
            68.8
          ],
          [
            -63.239999999999995,
            68.8
          ],
          [
            -63.2,
            68.76
          ],
          [
            -63.120000000000005,
            68.76
          ],
          [
            -63.08,
            68.72
          ],
          [
            -63.0,
            68.72
          ],
          [
            -62.959999999999994,
            68.68
          ],
          [
            -62.879999999999995,
            68.68
          ],
          [
            -62.84,
            68.64
          ],
          [
            -62.8,
            68.64
          ],
          [
            -62.75999999999999,
            68.6
          ],
          [
            -62.67999999999999,
            68.6
          ],
          [
            -62.64,
            68.56
          ],
          [
            -62.56,
            68.56
          ],
          [
            -62.519999999999996,
            68.52
          ],
          [
            -62.44,
            68.52
          ],
          [
            -62.39999999999999,
            68.48
          ],
          [
            -62.31999999999999,
            68.48
          ],
          [
            -62.28,
            68.44
          ],
          [
            -62.2,
            68.44
          ],
          [
            -62.16,
            68.4
          ],
          [
            -62.120000000000005,
            68.4
          ],
          [
            -62.08,
            68.36
          ],
          [
            -62.0,
            68.36
          ],
          [
            -61.959999999999994,
            68.32
          ],
          [
            -61.879999999999995,
            68.32
          ],
          [
            -61.84,
            68.28
          ],
          [
            -61.75999999999999,
            68.28
          ],
          [
            -61.72,
            68.24000000000001
          ],
          [
            -61.64,
            68.24000000000001
          ],
          [
            -61.599999999999994,
            68.2
          ],
          [
            -61.519999999999996,
            68.2
          ],
          [
            -61.480000000000004,
            68.16
          ],
          [
            -61.39999999999999,
            68.16
          ],
          [
            -61.36,
            68.12
          ],
          [
            -61.31999999999999,
            68.12
          ],
          [
            -61.28,
            68.08
          ],
          [
            -61.2,
            68.08
          ],
          [
            -61.16,
            68.03999999999999
          ],
          [
            -61.03999999999999,
            68.03999999999999
          ],
          [
            -56.239999999999995,
            63.24
          ],
          [
            -55.599999999999994,
            63.24
          ],
          [
            -55.56,
            63.2
          ],
          [
            -55.519999999999996,
            63.2
          ],
          [
            -55.480000000000004,
            63.16
          ],
          [
            -55.39999999999999,
            63.16
          ],
          [
            -55.36,
            63.120000000000005
          ],
          [
            -55.28,
            63.120000000000005
          ],
          [
            -55.239999999999995,
            63.08
          ],
          [
            -55.16,
            63.08
          ],
          [
            -55.120000000000005,
            63.04
          ],
          [
            -55.03999999999999,
            63.04
          ],
          [
            -53.519999999999996,
            61.519999999999996
          ],
          [
            -51.56,
            61.519999999999996
          ],
          [
            -50.08,
            60.04
          ],
          [
            -50.03999999999999,
            60.04
          ],
          [
            -50.0,
            60.0
          ]
        ]
      }
    },
    {
      "type": "Feature",
      "properties": {
        "id": "grays-road",
        "name": "Grays Bay \u2194 Jericho road",
        "category": "proposed",
        "status": "Proposed / conceptual connection",
        "summary": "The project proposes an approximately 230 km all-season road to Jericho Station. This straight line joins the published endpoints; it is not the surveyed road alignment.",
        "cargo": "Land\u2013sea transfer of mineral and supply freight.",
        "season": "Proposed all-season road; the associated marine operation remains ice dependent.",
        "waypoints": [
          "Grays Bay port",
          "Jericho Station"
        ],
        "constraints": [
          "Environmental review, financing and construction.",
          "Existing winter-road linkage does not equal a completed all-season route to southern Canada."
        ],
        "sources": [
          {
            "title": "NIRB \u00b7 Grays Bay Road and Port active review",
            "url": "https://www.nirb.ca/portal/pdash.php?appid=125987"
          },
          {
            "title": "Grays Bay proposal \u00b7 port and road endpoints, Table 1.1 (2024)",
            "url": "https://new.reviewboard.ca/sites/default/files/project_document/240812-24xn038-project-proposal-ir1e.pdf"
          }
        ],
        "geometry_method": "Hand-placed schematic waypoints; not AIS tracks, official corridor boundaries or a navigational chart."
      },
      "geometry": {
        "type": "LineString",
        "coordinates": [
          [
            -110.8709183,
            67.8052253
          ],
          [
            -111.4657294,
            66.0068275
          ]
        ]
      }
    }
  ]
}
